Orthogroup	CGC2.softMasked.braker.longest.protein	N2.WBonly.WS283.PConly.prot	c_briggsae.PRJNA10731.WS280.protein_coding.longest.prot	c_briggsae.QX1410_20250929.csq.longest.protein
OG0019519			Transcript_CBG23967.1	
OG0019520		Transcript_C44B12.8.1		
OG0019521		Transcript_F35C12.2b.1		
OG0019522	g8561.t1			
OG0019523		Transcript_C53A5.4.1		
OG0019524		Transcript_Y53F4B.17.1		
OG0019525		Transcript_ZK697.12.1		
OG0019526				transcript_QX1410.31035.1
OG0019527		Transcript_F44G3.9.1		
OG0019528		Transcript_F15A4.9.1		
OG0019529				transcript_QX1410.8984.1
OG0019530			Transcript_CBG19857.1	
OG0019531		Transcript_JC8.3c.1		
OG0019532		Transcript_F13E9.15.1		
OG0019533	g12683.t1			
OG0019534		Transcript_T28F3.1b.1		
OG0019535		Transcript_F08F3.2b.1		
OG0019536				transcript_QX1410.964.1
OG0019537				transcript_QX1410.10065.1
OG0019538	g2521.t1			
OG0019539				transcript_QX1410.24817.2
OG0019540		Transcript_Y50D4B.1d.1		
OG0019541		Transcript_F18E3.6.1		
OG0019542		Transcript_F57C12.5b.2		
OG0019543		Transcript_F28F5.4.1		
OG0019544				transcript_QX1410.23213.1
OG0019545		Transcript_Y71G12A.5.1		
OG0019546		Transcript_C03B1.1.1		
OG0019547				transcript_QX1410.22699.1
OG0019548		Transcript_K08B12.5d.1		
OG0019549		Transcript_T16G1.4.1		
OG0019550		Transcript_F33G12.6b.1		
OG0019551		Transcript_W09G12.6.1		
OG0019552				transcript_QX1410.41799.1
OG0019553		Transcript_ZK1248.17.1		
OG0019554		Transcript_T24D5.4.1		
OG0019555				transcript_QX1410.16621.1
OG0019556		Transcript_F35C5.3.1		
OG0019557	g5883.t1			
OG0019558				transcript_QX1410.18785.1
OG0019559		Transcript_ZK829.5.1		
OG0019560		Transcript_PDB1.1c.1		
OG0019561				transcript_QX1410.7818.1
OG0019562		Transcript_Y43F4A.4.1		
OG0019563		Transcript_Y57G11C.38b.1		
OG0019564				transcript_QX1410.12667.1
OG0019565		Transcript_F01D4.6d.1		
OG0019566		Transcript_Y38E10A.16.1		
OG0019567	g7615.t1			
OG0019568				transcript_QX1410.30263.1
OG0019569		Transcript_T04C9.2.1		
OG0019570		Transcript_T24C2.3.1		
OG0019571				transcript_QX1410.36210.1
OG0019572		Transcript_Y41D4B.19c.1		
OG0019573	g18860.t1			
OG0019574		Transcript_R08C7.1.1		
OG0019575		Transcript_K10F12.7.1		
OG0019576		Transcript_F44C8.8a.1		
OG0019577				transcript_QX1410.37722.1
OG0019578		Transcript_F23B12.4c.1		
OG0019579				transcript_QX1410.26673.1
OG0019580		Transcript_Y41G9A.17.1		
OG0019581		Transcript_Y62E10A.3.1		
OG0019582			Transcript_CBG08849.1	
OG0019583	g6704.t1			
OG0019584		Transcript_B0334.20.1		
OG0019585	g13180.t1			
OG0019586	g8473.t1			
OG0019587		Transcript_ZC455.9.1		
OG0019588			Transcript_CBG27756.1	
OG0019589	g16484.t1			
OG0019590	g12432.t1			
OG0019591			Transcript_CBG10530.1	
OG0019592	g8177.t1			
OG0019593				transcript_QX1410.33083.1
OG0019594		Transcript_H32C10.1c.1		
OG0019595	g8594.t1			
OG0019596			Transcript_CBG10336.1	
OG0019597				transcript_QX1410.41291.1
OG0019598		Transcript_F37C4.1.1		
OG0019599		Transcript_F37F2.3.1		
OG0019600				transcript_QX1410.40351.1
OG0019601	g10131.t1			
OG0019602			Transcript_CBG30781.1	
OG0019603	g19805.t1			
OG0019604		Transcript_Y7A5A.7.1		
OG0019605		Transcript_F56H6.2.1		
OG0019606		Transcript_Y71F9AL.6.1		
OG0019607		Transcript_C49C3.15.1		
OG0019608			Transcript_CBG29994.1	
OG0019609			Transcript_CBG29804.1	
OG0019610		Transcript_Y17G7A.1.1		
OG0019611	g14184.t1			
OG0019612		Transcript_F41E7.5.1		
OG0019613		Transcript_C06A6.7.1		
OG0019614		Transcript_F54H12.2.1		
OG0019615		Transcript_C49D10.8.1		
OG0019616			Transcript_CBG30730.1	
OG0019617				transcript_QX1410.37443.1
OG0019618			Transcript_CBG30610.1	
OG0019619	g5548.t1			
OG0019620			Transcript_CBG30473.1	
OG0019621	g18612.t1			
OG0019622				transcript_QX1410.16483.1
OG0019623				transcript_QX1410.29908.1
OG0019624				transcript_QX1410.10506.1
OG0019625			Transcript_CBG26290.1	
OG0019626		Transcript_F52E1.13b.1		
OG0019627		Transcript_ZK697.8.1		
OG0019628		Transcript_T19B10.12.1		
OG0019629	g13532.t1			
OG0019630		Transcript_F52G3.7.1		
OG0019631			Transcript_CBG25422.1	
OG0019632		Transcript_K12B6.1.1		
OG0019633		Transcript_F41E6.10.1		
OG0019634			Transcript_CBG25860.1	
OG0019635		Transcript_Y66H1A.2b.1		
OG0019636		Transcript_F47D2.3.1		
OG0019637		Transcript_C09G9.7b.1		
OG0019638		Transcript_F54D5.23.1		
OG0019639	g6970.t1			
OG0019640				transcript_QX1410.29910.1
OG0019641		Transcript_Y57A10B.3.1		
OG0019642				transcript_QX1410.33383.1
OG0019643				transcript_QX1410.39630.1
OG0019644				transcript_QX1410.27827.1
OG0019645		Transcript_C17A2.7.1		
OG0019646				transcript_QX1410.25411.1
OG0019647				transcript_QX1410.31697.1
OG0019648		Transcript_K03A1.4b.1		
OG0019649	g3928.t1			
OG0019650	g20169.t1			
OG0019651			Transcript_CBG12272.1	
OG0019652		Transcript_Y49E10.3.1		
OG0019653				transcript_QX1410.37917.1
OG0019654		Transcript_Y42A5A.2c.1		
OG0019655			Transcript_CBG24062.1	
OG0019656				transcript_QX1410.37103.1
OG0019657		Transcript_F08A8.6.1		
OG0019658			Transcript_CBG30547.1	
OG0019659		Transcript_Y75D11A.6.1		
OG0019660		Transcript_T11F1.5.1		
OG0019661				transcript_QX1410.40924.1
OG0019662		Transcript_C14E2.4.1		
OG0019663			Transcript_CBG31120.1	
OG0019664			Transcript_CBG28062.1	
OG0019665		Transcript_Y46G5A.47.1		
OG0019666		Transcript_F54D5.4.1		
OG0019667		Transcript_C11H1.4b.1		
OG0019668			Transcript_CBG11792.1	
OG0019669		Transcript_F59A1.12.1		
OG0019670		Transcript_T06A10.107.1		
OG0019671		Transcript_T10B9.5.1		
OG0019672				transcript_QX1410.17408.1
OG0019673			Transcript_CBG30800.1	
OG0019674				transcript_QX1410.19198.1
OG0019675				transcript_QX1410.26797.1
OG0019676		Transcript_F20D6.15.1		
OG0019677		Transcript_W09C5.4.1		
OG0019678		Transcript_F20D1.4.1		
OG0019679			Transcript_CBG13996.1	
OG0019680		Transcript_T23G11.11.1		
OG0019681	g14232.t1			
OG0019682		Transcript_Y38H6C.25.1		
OG0019683		Transcript_W03F8.6d.1		
OG0019684			Transcript_CBG30078.1	
OG0019685		Transcript_T21H3.2a.1		
OG0019686		Transcript_F57F5.4a.1		
OG0019687				transcript_QX1410.26309.1
OG0019688		Transcript_W04H10.5.1		
OG0019689				transcript_QX1410.23831.1
OG0019690		Transcript_K06H7.2.1		
OG0019691		Transcript_Y66A7A.8.1		
OG0019692		Transcript_C30G7.5.1		
OG0019693		Transcript_F09C6.11b.1		
OG0019694		Transcript_Y39G8B.13.1		
OG0019695		Transcript_T19C3.6.1		
OG0019696		Transcript_K03D3.11.1		
OG0019697		Transcript_Y53F4B.22b.1		
OG0019698		Transcript_C31C9.9.1		
OG0019699	g18967.t1			
OG0019700	g3829.t1			
OG0019701		Transcript_R193.1.1		
OG0019702		Transcript_F23H12.7b.1		
OG0019703		Transcript_Y102A5C.4.1		
OG0019704		Transcript_Y110A7A.9b.2		
OG0019705		Transcript_C33D3.3.1		
OG0019706		Transcript_B0024.14f.1		
OG0019707		Transcript_B0564.4.1		
OG0019708				transcript_QX1410.43523.1
OG0019709		Transcript_Y92H12BL.6.1		
OG0019710		Transcript_T17H7.4m.1		
OG0019711		Transcript_W05G11.5.1		
OG0019712		Transcript_C36C5.5.1		
OG0019713		Transcript_Y37F4.4.1		
OG0019714			Transcript_CBG30396.1	
OG0019715		Transcript_H14E04.2d.1		
OG0019716				transcript_QX1410.30677.1
OG0019717		Transcript_T05E7.5.1		
OG0019718		Transcript_C14A6.3.1		
OG0019719				transcript_QX1410.28515.1
OG0019720		Transcript_C33C12.1.1		
OG0019721				transcript_QX1410.41752.1
OG0019722		Transcript_F54C1.8.1		
OG0019723		Transcript_F58E1.6b.1		
OG0019724		Transcript_Y22D7AL.1.1		
OG0019725				transcript_QX1410.40807.1
OG0019726		Transcript_K04A8.18.1		
OG0019727		Transcript_F20D1.22.1		
OG0019728			Transcript_CBG19472.1	
OG0019729		Transcript_T26E4.3.1		
OG0019730			Transcript_CBG28121.1	
OG0019731	g13333.t1			
OG0019732				transcript_QX1410.1487.1
OG0019733			Transcript_CBG26486.1	
OG0019734		Transcript_C02A12.4.1		
OG0019735		Transcript_R09F10.9.1		
OG0019736		Transcript_T01A4.1b.1		
OG0019737				transcript_QX1410.22577.1
OG0019738				transcript_QX1410.33287.1
OG0019739		Transcript_F46F5.14.1		
OG0019740		Transcript_C06B3.5.1		
OG0019741	g17820.t1			
OG0019742				transcript_QX1410.13174.1
OG0019743				transcript_QX1410.38646.1
OG0019744		Transcript_C16C2.3b.1		
OG0019745				transcript_QX1410.24901.1
OG0019746	g8550.t1			
OG0019747	g18078.t1			
OG0019748		Transcript_Y32B12B.7.1		
OG0019749		Transcript_T28A11.22.1		
OG0019750		Transcript_F35A5.8b.1		
OG0019751			Transcript_CBG14552.1	
OG0019752			Transcript_CBG06526.1	
OG0019753		Transcript_T06G6.4.1		
OG0019754		Transcript_F11D11.4.1		
OG0019755				transcript_QX1410.43871.1
OG0019756			Transcript_CBG29858.1	
OG0019757	g14652.t1			
OG0019758		Transcript_ZC204.14.1		
OG0019759			Transcript_CBG29889.1	
OG0019760	g17274.t1			
OG0019761		Transcript_C17H1.2.1		
OG0019762		Transcript_F23H12.3b.1		
OG0019763		Transcript_D1005.10.1		
OG0019764		Transcript_C28H8.5a.1		
OG0019765				transcript_QX1410.40615.1
OG0019766		Transcript_F43A11.1.1		
OG0019767		Transcript_Y49F6B.8.1		
OG0019768			Transcript_CBG25409.1	
OG0019769		Transcript_F42F12.11.1		
OG0019770		Transcript_T13F2.4.1		
OG0019771		Transcript_C37E2.3.1		
OG0019772				transcript_QX1410.26011.1
OG0019773		Transcript_F08G2.5.1		
OG0019774		Transcript_K10C2.7.1		
OG0019775		Transcript_T23G4.127.1		
OG0019776		Transcript_C03G6.21.1		
OG0019777			Transcript_CBG30346.1	
OG0019778				transcript_QX1410.34733.1
OG0019779		Transcript_C45H4.21.1		
OG0019780		Transcript_T04A8.4b.1		
OG0019781		Transcript_H25P06.5.1		
OG0019782		Transcript_F54E4.1d.1		
OG0019783		Transcript_C25E10.8.1		
OG0019784			Transcript_CBG30494.1	
OG0019785		Transcript_Y41D4B.17.1		
OG0019786				transcript_QX1410.40693.1
OG0019787				transcript_QX1410.34266.1
OG0019788		Transcript_ZC8.4h.1		
OG0019789		Transcript_ZC116.1.1		
OG0019790			Transcript_CBG30212.1	
OG0019791				transcript_QX1410.40532.1
OG0019792		Transcript_F13G3.5b.1		
OG0019793		Transcript_F53H4.6.1		
OG0019794		Transcript_C09G12.8a.1		
OG0019795	g18036.t1			
OG0019796		Transcript_R09D1.5.1		
OG0019797		Transcript_M01D7.2a.1		
OG0019798		Transcript_C26H9A.4.1		
OG0019799			Transcript_CBG14809c.1	
OG0019800	g15044.t1			
OG0019801		Transcript_F07B7.12.1		
OG0019802		Transcript_F35H8.12.1		
OG0019803			Transcript_CBG13597.1	
OG0019804		Transcript_ZK643.1a.1		
OG0019805				transcript_QX1410.37870.1
OG0019806		Transcript_F33E2.7.1		
OG0019807	g6386.t1			
OG0019808		Transcript_C35D10.2.1		
OG0019809				transcript_QX1410.29693.1
OG0019810				transcript_QX1410.38004.1
OG0019811		Transcript_R06C7.5b.1		
OG0019812				transcript_QX1410.37316.1
OG0019813				transcript_QX1410.23620.1
OG0019814			Transcript_CBG26120.1	
OG0019815		Transcript_ZK381.3.1		
OG0019816		Transcript_C26G2.2b.1		
OG0019817				transcript_QX1410.19616.1
OG0019818		Transcript_B0024.14d.1		
OG0019819	g21063.t1			
OG0019820	g19903.t1			
OG0019821		Transcript_W07E6.1b.1		
OG0019822				transcript_QX1410.31146.1
OG0019823				transcript_QX1410.19717.1
OG0019824		Transcript_C34D4.3.1		
OG0019825		Transcript_K09C4.4.1		
OG0019826		Transcript_T05C12.6a.1		
OG0019827				transcript_QX1410.17155.3
OG0019828		Transcript_F54E4.1e.1		
OG0019829				transcript_QX1410.33329.1
OG0019830				transcript_QX1410.31929.1
OG0019831			Transcript_CBG25336.1	
OG0019832		Transcript_T01D3.4a.1		
OG0019833				transcript_QX1410.19434.1
OG0019834		Transcript_C54C6.11.1		
OG0019835		Transcript_4R79.1b.1		
OG0019836		Transcript_F49C5.5.1		
OG0019837				transcript_QX1410.37916.1
OG0019838		Transcript_Y17G9B.1.1		
OG0019839				transcript_QX1410.36341.1
OG0019840		Transcript_R13D7.6.1		
OG0019841		Transcript_C30A5.7a.1		
OG0019842		Transcript_Y66D12A.1.1		
OG0019843				transcript_QX1410.29555.1
OG0019844		Transcript_M04D8.2.1		
OG0019845		Transcript_C23F12.3.1		
OG0019846		Transcript_Y39A3A.3.1		
OG0019847			Transcript_CBG31083.1	
OG0019848		Transcript_F19G12.8.1		
OG0019849			Transcript_CBG00238.1	
OG0019850		Transcript_W09C2.7.1		
OG0019851		Transcript_R07C3.13a.1		
OG0019852		Transcript_C33A12.3b.1		
OG0019853		Transcript_Y73C8C.2.1		
OG0019854		Transcript_B0513.3b.1		
OG0019855	g2407.t1			
OG0019856			Transcript_CBG30389.1	
OG0019857				transcript_QX1410.23331.1
OG0019858		Transcript_W06D11.3.1		
OG0019859		Transcript_T26C11.1a.1		
OG0019860	g6045.t1			
OG0019861			Transcript_CBG25033.1	
OG0019862		Transcript_Y38H6C.8.1		
OG0019863	g6012.t1			
OG0019864				transcript_QX1410.39128.1
OG0019865		Transcript_K08E5.6.1		
OG0019866		Transcript_T01B10.4b.1		
OG0019867		Transcript_C02E7.8.1		
OG0019868		Transcript_Y43F8C.10b.1		
OG0019869		Transcript_W04G5.16.1		
OG0019870		Transcript_F27E11.1b.1		
OG0019871			Transcript_CBG11449.1	
OG0019872				transcript_QX1410.29800.1
OG0019873		Transcript_F20D6.9.1		
OG0019874	g3038.t1			
OG0019875		Transcript_F22B3.7.1		
OG0019876			Transcript_CBG13449.1	
OG0019877		Transcript_ZK616.6b.1		
OG0019878		Transcript_C41G6.6.1		
OG0019879		Transcript_F56D6.11.1		
OG0019880		Transcript_F23H12.4b.1		
OG0019881		Transcript_F23H12.9a.1		
OG0019882		Transcript_W02D7.5.1		
OG0019883	g9012.t1			
OG0019884		Transcript_Y51B9A.14.1		
OG0019885			Transcript_CBG31198.1	
OG0019886		Transcript_C33G8.2.1		
OG0019887		Transcript_F38H12.3c.1		
OG0019888			Transcript_CBG30548.1	
OG0019889		Transcript_F40G9.7.1		
OG0019890		Transcript_C53A5.8.1		
OG0019891		Transcript_F53B7.5a.1		
OG0019892		Transcript_F41G4.7.1		
OG0019893		Transcript_Y54G2A.25b.1		
OG0019894		Transcript_T05G5.10c.1		
OG0019895		Transcript_T03D3.2.1		
OG0019896		Transcript_Y24D9A.8b.1		
OG0019897		Transcript_F55A12.9c.1		
OG0019898				transcript_QX1410.41272.1
OG0019899			Transcript_CBG20907.1	
OG0019900			Transcript_CBG29834.1	
OG0019901	g11381.t1			
OG0019902				transcript_QX1410.35528.1
OG0019903		Transcript_W09H1.2.1		
OG0019904		Transcript_F42C5.8b.1		
OG0019905		Transcript_F47E1.4.1		
OG0019906	g6270.t1			
OG0019907		Transcript_D1086.21.1		
OG0019908		Transcript_F59E12.3.1		
OG0019909			Transcript_CBG29824.1	
OG0019910		Transcript_C02F5.5.1		
OG0019911		Transcript_M199.4.1		
OG0019912		Transcript_H12C20.7.1		
OG0019913				transcript_QX1410.41981.1
OG0019914		Transcript_Y54G11A.8b.1		
OG0019915		Transcript_F23D12.11.1		
OG0019916		Transcript_C33D9.2.1		
OG0019917				transcript_QX1410.32342.1
OG0019918			Transcript_CBG25984.1	
OG0019919	g17967.t1			
OG0019920		Transcript_K07A1.13.1		
OG0019921		Transcript_C33H5.1.1		
OG0019922		Transcript_K05F1.1.1		
OG0019923		Transcript_D1086.9.1		
OG0019924		Transcript_C33B4.3b.1		
OG0019925		Transcript_F19H6.4.1		
OG0019926		Transcript_F09G2.6.1		
OG0019927		Transcript_T28D9.11.1		
OG0019928			Transcript_CBG29957.1	
OG0019929			Transcript_CBG13791.1	
OG0019930		Transcript_B0348.4o.1		
OG0019931			Transcript_CBG16430.1	
OG0019932		Transcript_T01H8.1b.1		
OG0019933		Transcript_F28C10.1.1		
OG0019934				transcript_QX1410.36423.1
OG0019935		Transcript_T03E6.7b.1		
OG0019936		Transcript_K10C9.6.1		
OG0019937				transcript_QX1410.25262.1
OG0019938				transcript_QX1410.40045.1
OG0019939		Transcript_C04C3.14.1		
OG0019940		Transcript_C31H5.6b.1		
OG0019941	g13416.t1			
OG0019942				transcript_QX1410.40280.1
OG0019943		Transcript_F44C8.11.1		
OG0019944				transcript_QX1410.33265.1
OG0019945		Transcript_C08D8.2a.1		
OG0019946	g2677.t1			
OG0019947				transcript_QX1410.32872.2
OG0019948			Transcript_CBG30410.1	
OG0019949		Transcript_C38H2.1b.1		
OG0019950			Transcript_CBG30075.1	
OG0019951				transcript_QX1410.25866.1
OG0019952		Transcript_C08B6.3b.1		
OG0019953		Transcript_F59A1.18.1		
OG0019954		Transcript_Y39A1B.1.1		
OG0019955		Transcript_R160.13.1		
OG0019956		Transcript_T22H9.3.1		
OG0019957				transcript_QX1410.12591.1
OG0019958		Transcript_T15B7.13.1		
OG0019959		Transcript_C49C8.5.1		
OG0019960		Transcript_K08B12.5e.1		
OG0019961	g18275.t1			
OG0019962			Transcript_CBG30059.1	
OG0019963				transcript_QX1410.38474.1
OG0019964				transcript_QX1410.18833.1
OG0019965		Transcript_F22A3.1a.1		
OG0019966		Transcript_C29F9.9.1		
OG0019967		Transcript_F07A5.7b.1		
OG0019968		Transcript_R05D7.5a.1		
OG0019969		Transcript_EEED8.7a.1		
OG0019970				transcript_QX1410.37018.1
OG0019971		Transcript_F02D10.2.1		
OG0019972			Transcript_CBG06650.1	
OG0019973		Transcript_C24D10.49.1		
OG0019974				transcript_QX1410.31348.1
OG0019975	g8503.t1			
OG0019976		Transcript_C15A11.6.1		
OG0019977		Transcript_T12A7.4b.1		
OG0019978		Transcript_F41G3.19.1		
OG0019979		Transcript_Y69A2AR.26.1		
OG0019980		Transcript_T21E12.4b.1		
OG0019981				transcript_QX1410.23188.1
OG0019982				transcript_QX1410.40972.1
OG0019983			Transcript_CBG30079.1	
OG0019984	g4495.t1			
OG0019985		Transcript_F27D9.12.1		
OG0019986		Transcript_Y39B6A.23.1		
OG0019987			Transcript_CBG30540.1	
OG0019988		Transcript_E01A2.8.1		
OG0019989		Transcript_R09H3.2.1		
OG0019990		Transcript_T21E8.4.1		
OG0019991		Transcript_F56C3.4.1		
OG0019992		Transcript_F42F12.2.1		
OG0019993			Transcript_CBG25160.1	
OG0019994		Transcript_F43C9.2c.1		
OG0019995				transcript_QX1410.23006.1
OG0019996				transcript_QX1410.37760.1
OG0019997		Transcript_Y7A5A.9.1		
OG0019998		Transcript_Y54E2A.12b.1		
OG0019999		Transcript_F02C9.3.1		
OG0020000			Transcript_CBG20610.1	
OG0020001			Transcript_CBG30397.1	
OG0020002		Transcript_Y73C8C.5.1		
OG0020003		Transcript_F59C6.16.1		
OG0020004				transcript_QX1410.23476.1
OG0020005		Transcript_Y105C5A.1285.1		
OG0020006				transcript_QX1410.28392.1
OG0020007		Transcript_C14F11.5a.1		
OG0020008	g11030.t1			
OG0020009		Transcript_F15G9.4c.1		
OG0020010		Transcript_C08F11.10.1		
OG0020011		Transcript_F43C11.10.1		
OG0020012				transcript_QX1410.33318.1
OG0020013				transcript_QX1410.35477.2
OG0020014				transcript_QX1410.38283.1
OG0020015				transcript_QX1410.37308.1
OG0020016		Transcript_C17C3.11.1		
OG0020017				transcript_QX1410.24604.1
OG0020018		Transcript_C55A6.12b.1		
OG0020019		Transcript_C45B11.2.1		
OG0020020		Transcript_F14F9.6.1		
OG0020021				transcript_QX1410.4177.1
OG0020022		Transcript_Y9C9A.4.1		
OG0020023		Transcript_C17G1.14.1		
OG0020024		Transcript_F54D7.3b.1		
OG0020025		Transcript_F34H10.1.1		
OG0020026				transcript_QX1410.31325.1
OG0020027				transcript_QX1410.26717.1
OG0020028		Transcript_M163.11.1		
OG0020029		Transcript_B0024.14a.1		
OG0020030		Transcript_F57B7.1b.1		
OG0020031		Transcript_Y71A12C.1.1		
OG0020032		Transcript_W02F12.3.1		
OG0020033				transcript_QX1410.38770.1
OG0020034		Transcript_C01A2.9.1		
OG0020035		Transcript_R03H4.1.1		
OG0020036			Transcript_CBG19372.1	
OG0020037				transcript_QX1410.39901.1
OG0020038		Transcript_ZK177.12.1		
OG0020039		Transcript_F26D2.14.1		
OG0020040		Transcript_C04G6.6.1		
OG0020041		Transcript_C24F3.4c.1		
OG0020042		Transcript_F44C8.7.1		
OG0020043			Transcript_CBG30430.1	
OG0020044		Transcript_F48B9.1.1		
OG0020045		Transcript_F42A6.2.1		
OG0020046			Transcript_CBG25673.1	
OG0020047		Transcript_F13A7.8.1		
OG0020048		Transcript_K02E7.4.1		
OG0020049		Transcript_F56D2.5.1		
OG0020050				transcript_QX1410.25994.1
OG0020051				transcript_QX1410.36444.1
OG0020052				transcript_QX1410.27802.1
OG0020053				transcript_QX1410.42282.1
OG0020054	g10329.t1			
OG0020055				transcript_QX1410.42049.1
OG0020056	g17703.t1			
OG0020057		Transcript_H19N07.3b.1		
OG0020058		Transcript_ZK829.8.1		
OG0020059	g13719.t1			
OG0020060		Transcript_C50D2.1b.1		
OG0020061		Transcript_R04B5.11.1		
OG0020062				transcript_QX1410.26725.3
OG0020063		Transcript_R06C7.2.1		
OG0020064	g4024.t1			
OG0020065		Transcript_C46H11.4b.1		
OG0020066		Transcript_LLC1.3b.1		
OG0020067		Transcript_ZK697.14.1		
OG0020068		Transcript_Y71A12B.5.1		
OG0020069		Transcript_M199.135.1		
OG0020070		Transcript_T24E12.12.1		
OG0020071		Transcript_T21F2.1b.1		
OG0020072	g4199.t1			
OG0020073			Transcript_CBG26209.1	
OG0020074		Transcript_Y67D8C.10e.1		
OG0020075		Transcript_F59H6.14.1		
OG0020076		Transcript_T24D8.6.1		
OG0020077		Transcript_F53G12.3.1		
OG0020078				transcript_QX1410.33568.1
OG0020079		Transcript_Y53C12A.11.1		
OG0020080				transcript_QX1410.37003.1
OG0020081		Transcript_T09F3.7.1		
OG0020082				transcript_QX1410.26815.1
OG0020083		Transcript_K09D9.3.1		
OG0020084	g8851.t1			
OG0020085	g13524.t1			
OG0020086				transcript_QX1410.18600.1
OG0020087		Transcript_C45H4.15.1		
OG0020088				transcript_QX1410.39912.1
OG0020089				transcript_QX1410.10636.1
OG0020090				transcript_QX1410.38286.1
OG0020091				transcript_QX1410.44208.1
OG0020092		Transcript_F26H11.4.1		
OG0020093	g10877.t1			
OG0020094		Transcript_T02G6.4.1		
OG0020095		Transcript_K01A2.5b.1		
OG0020096			Transcript_CBG13761.1	
OG0020097		Transcript_K02E2.2.1		
OG0020098		Transcript_C44C1.5b.1		
OG0020099				transcript_QX1410.33009.2
OG0020100		Transcript_K08F8.15.1		
OG0020101				transcript_QX1410.23273.1
OG0020102		Transcript_C08B6.18.1		
OG0020103		Transcript_Y41C4A.22.1		
OG0020104		Transcript_F36F2.3b.1		
OG0020105			Transcript_CBG19622.1	
OG0020106		Transcript_F09F7.7b.1		
OG0020107			Transcript_CBG24955.1	
OG0020108		Transcript_R12C12.6b.1		
OG0020109	g15866.t1			
OG0020110		Transcript_C18H7.1b.1		
OG0020111		Transcript_M7.10.1		
OG0020112		Transcript_F58B6.3a.1		
OG0020113			Transcript_CBG00799.1	
OG0020114		Transcript_K08C7.3e.1		
OG0020115		Transcript_W01H2.2.1		
OG0020116			Transcript_CBG24586.1	
OG0020117				transcript_QX1410.23413.1
OG0020118		Transcript_R04A9.3.1		
OG0020119		Transcript_T27C4.3.1		
OG0020120		Transcript_K05F1.14.1		
OG0020121		Transcript_T06G6.7.1		
OG0020122				transcript_QX1410.31602.1
OG0020123		Transcript_Y66H1B.2c.1		
OG0020124	g16309.t1			
OG0020125			Transcript_CBG30345.1	
OG0020126		Transcript_C07G3.4.1		
OG0020127				transcript_QX1410.23239.1
OG0020128		Transcript_R13H7.1.1		
OG0020129		Transcript_R04A9.6.1		
OG0020130			Transcript_CBG29940.1	
OG0020131	g17072.t1			
OG0020132			Transcript_CBG10320.1	
OG0020133		Transcript_K09H9.7.1		
OG0020134		Transcript_C04B4.1.1		
OG0020135		Transcript_K09F6.13.1		
OG0020136				transcript_QX1410.38267.1
OG0020137		Transcript_C17F4.5.1		
OG0020138		Transcript_F07C4.7.1		
OG0020139		Transcript_T26E4.4.1		
OG0020140				transcript_QX1410.31360.1
OG0020141		Transcript_F20D6.3.1		
OG0020142				transcript_QX1410.9240.1
OG0020143		Transcript_F38B7.10.1		
OG0020144	g10959.t1			
OG0020145		Transcript_Y57E12B.4.1		
OG0020146		Transcript_T08B1.1c.1		
OG0020147				transcript_QX1410.34268.1
OG0020148		Transcript_F07C6.3.1		
OG0020149		Transcript_T10D4.19.1		
OG0020150		Transcript_T04A8.13.1		
OG0020151			Transcript_CBG31072.1	
OG0020152	g6156.t1			
OG0020153		Transcript_Y45F10B.6.1		
OG0020154				transcript_QX1410.24677.1
OG0020155		Transcript_F41B4.4b.1		
OG0020156		Transcript_Y60A3A.7.1		
OG0020157			Transcript_CBG26988b.1	
OG0020158				transcript_QX1410.38171.1
OG0020159				transcript_QX1410.38502.1
OG0020160				transcript_QX1410.30419.1
OG0020161				transcript_QX1410.43863.1
OG0020162		Transcript_C50B6.4.1		
OG0020163				transcript_QX1410.655.1
OG0020164	g2305.t1			
OG0020165		Transcript_Y46B2A.1.1		
OG0020166		Transcript_F45D11.9.1		
OG0020167				transcript_QX1410.36994.1
OG0020168		Transcript_ZK1240.11.1		
OG0020169				transcript_QX1410.7511.1
OG0020170		Transcript_C55A6.5.1		
OG0020171				transcript_QX1410.26759.1
OG0020172			Transcript_CBG24505.1	
OG0020173				transcript_QX1410.34165.1
OG0020174		Transcript_C12D8.18.1		
OG0020175				transcript_QX1410.40455.1
OG0020176	g17712.t1			
OG0020177		Transcript_Y41D4A.4d.1		
OG0020178	g14533.t2			
OG0020179			Transcript_CBG25709.1	
OG0020180	g19262.t1			
OG0020181		Transcript_Y64G10A.7c.1		
OG0020182				transcript_QX1410.22413.1
OG0020183		Transcript_F12E12.6.1		
OG0020184		Transcript_F55A3.6.1		
OG0020185	g1419.t1			
OG0020186		Transcript_ZC376.1.1		
OG0020187		Transcript_ZK54.2a.1		
OG0020188		Transcript_C38D4.5c.1		
OG0020189				transcript_QX1410.25659.2
OG0020190		Transcript_R102.8.1		
OG0020191		Transcript_C44B12.3.1		
OG0020192				transcript_QX1410.38310.1
OG0020193		Transcript_W02D9.6.1		
OG0020194		Transcript_F54A3.4.1		
OG0020195		Transcript_F18E3.10.1		
OG0020196	g397.t1			
OG0020197		Transcript_C41D11.10.1		
OG0020198		Transcript_W04A8.2.1		
OG0020199		Transcript_C34E10.12b.1		
OG0020200			Transcript_CBG27230.1	
OG0020201		Transcript_W06G6.10.1		
OG0020202				transcript_QX1410.33132.1
OG0020203		Transcript_Y113G7A.22.1		
OG0020204				transcript_QX1410.23383.1
OG0020205		Transcript_C14E2.5.1		
OG0020206		Transcript_Y38H6C.4.1		
OG0020207				transcript_QX1410.43728.1
OG0020208		Transcript_C03A7.4.1		
OG0020209		Transcript_Y59E1A.4.1		
OG0020210		Transcript_Y60A3A.2.1		
OG0020211		Transcript_Y71F9B.2b.1		
OG0020212		Transcript_F37B4.15.1		
OG0020213				transcript_QX1410.31564.1
OG0020214				transcript_QX1410.39441.1
OG0020215		Transcript_T10B10.9.1		
OG0020216		Transcript_K07C6.4.1		
OG0020217		Transcript_W08A12.1d.1		
OG0020218		Transcript_T24B8.1b.1		
OG0020219			Transcript_CBG30329.1	
OG0020220			Transcript_CBG30699.1	
OG0020221				transcript_QX1410.33391.1
OG0020222				transcript_QX1410.30533.1
OG0020223				transcript_QX1410.26888.1
OG0020224			Transcript_CBG31125.1	
OG0020225		Transcript_W07G4.1.1		
OG0020226		Transcript_T01A4.1a.1		
OG0020227	g19668.t1			
OG0020228		Transcript_M02D8.2.1		
OG0020229			Transcript_CBG24739.1	
OG0020230		Transcript_T28F3.4b.1		
OG0020231				transcript_QX1410.11883.1
OG0020232		Transcript_ZK39.4.1		
OG0020233		Transcript_ZK822.10.1		
OG0020234				transcript_QX1410.34600.1
OG0020235		Transcript_W03F8.5b.1		
OG0020236		Transcript_C32D5.1.1		
OG0020237		Transcript_Y49E10.16b.1		
OG0020238		Transcript_C03B1.10.1		
OG0020239			Transcript_CBG15127.1	
OG0020240				transcript_QX1410.34244.1
OG0020241		Transcript_F01D4.8.1		
OG0020242		Transcript_F42A9.11.1		
OG0020243			Transcript_CBG06687.1	
OG0020244		Transcript_ZC168.3b.1		
OG0020245		Transcript_T20D3.6b.1		
OG0020246			Transcript_CBG27687.1	
OG0020247			Transcript_CBG30675.1	
OG0020248	g10022.t1			
OG0020249	g16461.t1			
OG0020250	g8962.t1			
OG0020251			Transcript_CBG30528.1	
OG0020252		Transcript_C02C6.14.1		
OG0020253		Transcript_C54G4.1b.1		
OG0020254		Transcript_T26E4.18.1		
OG0020255		Transcript_T13H5.1h.1		
OG0020256		Transcript_F08G12.3.1		
OG0020257	g4950.t1			
OG0020258		Transcript_K12H4.6.1		
OG0020259		Transcript_F32B5.8b.1		
OG0020260				transcript_QX1410.29662.1
OG0020261		Transcript_C33C12.3b.1		
OG0020262				transcript_QX1410.40708.1
OG0020263		Transcript_C47C12.6g.1		
OG0020264		Transcript_Y105E8A.10a.1		
OG0020265		Transcript_T10E10.7.1		
OG0020266				transcript_QX1410.33125.1
OG0020267		Transcript_F37B1.7.1		
OG0020268				transcript_QX1410.40679.1
OG0020269			Transcript_CBG27203.1	
OG0020270		Transcript_F56C3.8.1		
OG0020271		Transcript_F15D3.9.1		
OG0020272		Transcript_R13H4.2c.1		
OG0020273	g14978.t1			
OG0020274	g14409.t1			
OG0020275			Transcript_CBG25797.1	
OG0020276				transcript_QX1410.16101.2
OG0020277			Transcript_CBG30561.1	
OG0020278			Transcript_CBG31106.1	
OG0020279			Transcript_CBG27999.1	
OG0020280		Transcript_T12G3.11.1		
OG0020281				transcript_QX1410.24363.1
OG0020282		Transcript_F25D1.8.1		
OG0020283		Transcript_Y51A2A.16.1		
OG0020284				transcript_QX1410.38261.1
OG0020285		Transcript_C35B1.4.1		
OG0020286				transcript_QX1410.29879.1
OG0020287			Transcript_CBG30746.1	
OG0020288		Transcript_H03G16.6.1		
OG0020289		Transcript_C29E4.10.1		
OG0020290		Transcript_E02H4.5.1		
OG0020291	g5534.t1			
OG0020292			Transcript_CBG30555.1	
OG0020293			Transcript_CBG30014.1	
OG0020294		Transcript_T01C4.2a.1		
OG0020295		Transcript_Y54F10AM.15.1		
OG0020296				transcript_QX1410.2647.1
OG0020297				transcript_QX1410.37005.1
OG0020298	g5244.t1			
OG0020299		Transcript_K03E6.1a.1		
OG0020300		Transcript_F48G7.10.1		
OG0020301		Transcript_T10B9.10.1		
OG0020302		Transcript_T16G12.10.1		
OG0020303	g20583.t1			
OG0020304			Transcript_CBG30009.1	
OG0020305		Transcript_W09D6.3.1		
OG0020306		Transcript_F57C12.5e.1		
OG0020307				transcript_QX1410.43847.1
OG0020308		Transcript_F11A10.3b.1		
OG0020309		Transcript_T26E3.3b.1		
OG0020310		Transcript_ZC404.2.1		
OG0020311				transcript_QX1410.29661.1
OG0020312				transcript_QX1410.40800.1
OG0020313		Transcript_Y116A8C.463.1		
OG0020314		Transcript_W06E11.5b.1		
OG0020315		Transcript_C09E10.3.1		
OG0020316		Transcript_F45F2.2.1		
OG0020317		Transcript_C01G10.17.1		
OG0020318	g3380.t1			
OG0020319		Transcript_W03F8.3b.1		
OG0020320		Transcript_T08G3.13.1		
OG0020321		Transcript_T21B4.3.1		
OG0020322		Transcript_C04G6.11.1		
OG0020323	g15379.t1			
OG0020324	g12845.t1			
OG0020325				transcript_QX1410.42781.1
OG0020326				transcript_QX1410.27113.1
OG0020327		Transcript_AC7.2d.1		
OG0020328			Transcript_CBG20450.1	
OG0020329		Transcript_C26E1.1.1		
OG0020330				transcript_QX1410.26785.1
OG0020331		Transcript_B0273.115.1		
OG0020332		Transcript_Y46G5A.38.1		
OG0020333		Transcript_K10D6.2c.4		
OG0020334		Transcript_W02D9.8.1		
OG0020335		Transcript_F23D12.4.1		
OG0020336				transcript_QX1410.43202.1
OG0020337		Transcript_B0034.2.1		
OG0020338		Transcript_F36F12.7.1		
OG0020339		Transcript_F08C6.1b.1		
OG0020340			Transcript_CBG30753.1	
OG0020341				transcript_QX1410.36391.1
OG0020342			Transcript_CBG25313.1	
OG0020343				transcript_QX1410.35708.1
OG0020344				transcript_QX1410.24321.1
OG0020345		Transcript_F32D1.5b.1		
OG0020346				transcript_QX1410.26155.1
OG0020347		Transcript_F14F9.3.1		
OG0020348		Transcript_F55E10.4.1		
OG0020349	g17369.t1			
OG0020350		Transcript_C28H8.11c.1		
OG0020351		Transcript_F47B8.1.1		
OG0020352			Transcript_CBG30562.1	
OG0020353		Transcript_W03G1.2.1		
OG0020354		Transcript_F36D1.10.1		
OG0020355			Transcript_CBG29799.1	
OG0020356	g8469.t2			
OG0020357		Transcript_F02C12.3.1		
OG0020358				transcript_QX1410.18901.1
OG0020359				transcript_QX1410.28946.1
OG0020360		Transcript_Y62H9A.16.1		
OG0020361		Transcript_B0302.2.1		
OG0020362		Transcript_C14E2.1.1		
OG0020363	g5942.t1			
OG0020364		Transcript_R06B10.7.1		
OG0020365	g3954.t1			
OG0020366		Transcript_W04E12.3.1		
OG0020367			Transcript_CBG27003.1	
OG0020368				transcript_QX1410.40808.1
OG0020369		Transcript_T07A5.5.1		
OG0020370		Transcript_C28F5.2b.1		
OG0020371			Transcript_CBG30881.1	
OG0020372		Transcript_T22E5.1a.1		
OG0020373		Transcript_K02E2.3.1		
OG0020374		Transcript_F40H3.1a.1		
OG0020375		Transcript_C03D6.9.1		
OG0020376				transcript_QX1410.43041.1
OG0020377		Transcript_T20B12.5.1		
OG0020378	g10419.t1			
OG0020379				transcript_QX1410.41814.1
OG0020380	g10037.t1			
OG0020381			Transcript_CBG25280.1	
OG0020382		Transcript_F26G1.3.1		
OG0020383				transcript_QX1410.22511.1
OG0020384		Transcript_F21H12.3.1		
OG0020385				transcript_QX1410.26056.1
OG0020386				transcript_QX1410.41203.1
OG0020387		Transcript_Y22F5A.11.1		
OG0020388		Transcript_Y38C1AA.1a.1		
OG0020389		Transcript_F41G4.2b.1		
OG0020390		Transcript_F21E9.4.1		
OG0020391		Transcript_W07E6.2b.1		
OG0020392		Transcript_Y82E9BR.10.1		
OG0020393	g9245.t1			
OG0020394		Transcript_F28A10.13.1		
OG0020395	g3005.t1			
OG0020396		Transcript_Y50E8A.2.1		
OG0020397	g6771.t1			
OG0020398				transcript_QX1410.40345.2
OG0020399	g15617.t1			
OG0020400		Transcript_T06C12.9.1		
OG0020401		Transcript_C10C6.13.1		
OG0020402		Transcript_Y49F6B.19.1		
OG0020403		Transcript_C24B5.2a.1		
OG0020404		Transcript_Y6E2A.9b.1		
OG0020405		Transcript_F27B3.8.1		
OG0020406		Transcript_B0041.12.1		
OG0020407		Transcript_C06B8.4.1		
OG0020408		Transcript_F55A12.18.1		
OG0020409		Transcript_T10H9.5c.1		
OG0020410		Transcript_Y54G2A.7.1		
OG0020411		Transcript_F10C1.1.1		
OG0020412		Transcript_F07B10.3.1		
OG0020413		Transcript_B0348.2a.1		
OG0020414			Transcript_CBG26643.1	
OG0020415		Transcript_C05B5.16.1		
OG0020416				transcript_QX1410.43254.3
OG0020417		Transcript_W05H5.7.1		
OG0020418			Transcript_CBG31416.1	
OG0020419		Transcript_F57F10.1a.1		
OG0020420	g16640.t1			
OG0020421		Transcript_Y38C1BA.4.1		
OG0020422		Transcript_F36D1.23.1		
OG0020423	g14011.t1			
OG0020424				transcript_QX1410.26624.1
OG0020425		Transcript_Y43F8C.14.1		
OG0020426		Transcript_K07C6.2.1		
OG0020427				transcript_QX1410.31774.2
OG0020428		Transcript_F36D1.7.1		
OG0020429				transcript_QX1410.31010.1
OG0020430	g13175.t1			
OG0020431		Transcript_C03G6.3a.1		
OG0020432				transcript_QX1410.26628.1
OG0020433		Transcript_K10D3.8.1		
OG0020434		Transcript_C40C9.5d.1		
OG0020435	g640.t1			
OG0020436		Transcript_C02F4.5.1		
OG0020437		Transcript_F36H9.1.1		
OG0020438				transcript_QX1410.26486.1
OG0020439		Transcript_F21H7.3.1		
OG0020440				transcript_QX1410.12580.1
OG0020441		Transcript_C13F10.8.1		
OG0020442		Transcript_Y43C5A.4.1		
OG0020443		Transcript_R10E9.2.1		
OG0020444			Transcript_CBG30725.1	
OG0020445		Transcript_F40G12.11.1		
OG0020446		Transcript_F43G6.6.1		
OG0020447				transcript_QX1410.10028.1
OG0020448		Transcript_F46F5.7c.1		
OG0020449				transcript_QX1410.8250.1
OG0020450		Transcript_Y17G7B.22.1		
OG0020451				transcript_QX1410.26256.1
OG0020452	g19403.t1			
OG0020453		Transcript_T17A3.12.1		
OG0020454		Transcript_B0524.3.1		
OG0020455		Transcript_Y105E8B.11.1		
OG0020456		Transcript_C05C8.8.1		
OG0020457			Transcript_CBG21156.1	
OG0020458		Transcript_H12I13.6.1		
OG0020459			Transcript_CBG10637.1	
OG0020460		Transcript_C29F9.2.1		
OG0020461				transcript_QX1410.23327.3
OG0020462	g5744.t1			
OG0020463	g20678.t1			
OG0020464	g17556.t1			
OG0020465				transcript_QX1410.36107.1
OG0020466	g14235.t1			
OG0020467		Transcript_F56F4.4.1		
OG0020468	g12980.t1			
OG0020469				transcript_QX1410.40573.1
OG0020470		Transcript_T10B5.3b.1		
OG0020471				transcript_QX1410.29041.1
OG0020472		Transcript_R12B2.6.1		
OG0020473		Transcript_F26D2.13.1		
OG0020474		Transcript_C31A11.13.1		
OG0020475		Transcript_B0348.2b.1		
OG0020476		Transcript_F55D1.1.1		
OG0020477			Transcript_CBG30200.1	
OG0020478			Transcript_CBG28127.1	
OG0020479		Transcript_R06A4.4b.1		
OG0020480		Transcript_Y41E3.7b.1		
OG0020481		Transcript_H43I07.3b.1		
OG0020482	g8905.t1			
OG0020483		Transcript_T21E8.2.1		
OG0020484				transcript_QX1410.40930.1
OG0020485	g19313.t1			
OG0020486		Transcript_H12D21.4.1		
OG0020487			Transcript_CBG07098.1	
OG0020488		Transcript_C15C8.3b.1		
OG0020489		Transcript_C49D10.2.1		
OG0020490		Transcript_F22B8.6b.1		
OG0020491				transcript_QX1410.34329.1
OG0020492				transcript_QX1410.38181.1
OG0020493			Transcript_CBG26179.1	
OG0020494	g14568.t1			
OG0020495	g8595.t1			
OG0020496				transcript_QX1410.40642.1
OG0020497		Transcript_W04G5.2a.1		
OG0020498				transcript_QX1410.17859.1
OG0020499		Transcript_F07C4.10.1		
OG0020500				transcript_QX1410.34361.1
OG0020501		Transcript_D1044.2a.1		
OG0020502			Transcript_CBG25606.1	
OG0020503		Transcript_Y81B9A.3.1		
OG0020504		Transcript_F14D7.14.1		
OG0020505		Transcript_C26C6.10.1		
OG0020506	g5345.t1			
OG0020507		Transcript_T05C3.6b.1		
OG0020508		Transcript_C25A8.5.1		
OG0020509		Transcript_T07D4.2a.1		
OG0020510		Transcript_C26H9A.1a.1		
OG0020511		Transcript_R07E5.5.1		
OG0020512		Transcript_C54F6.13b.1		
OG0020513			Transcript_CBG10746.1	
OG0020514		Transcript_C04B4.5.1		
OG0020515		Transcript_C50F7.2.1		
OG0020516		Transcript_C17E4.4.1		
OG0020517				transcript_QX1410.39366.1
OG0020518			Transcript_CBG00459.1	
OG0020519		Transcript_Y73F8A.32a.1		
OG0020520				transcript_QX1410.11461.1
OG0020521				transcript_QX1410.37881.1
OG0020522				transcript_QX1410.31085.1
OG0020523				transcript_QX1410.28171.1
OG0020524		Transcript_W01A11.3b.1		
OG0020525		Transcript_F27B3.2d.1		
OG0020526		Transcript_R90.5c.1		
OG0020527		Transcript_F19F10.14.1		
OG0020528			Transcript_CBG30681.1	
OG0020529	g7838.t1			
OG0020530		Transcript_Y39B6A.2b.1		
OG0020531		Transcript_ZC334.1.1		
OG0020532		Transcript_C27A7.1c.1		
OG0020533				transcript_QX1410.31913.1
OG0020534				transcript_QX1410.42928.1
OG0020535		Transcript_B0250.8.1		
OG0020536			Transcript_CBG30648.1	
OG0020537		Transcript_Y41D4B.19a.1		
OG0020538		Transcript_C37A2.3.1		
OG0020539			Transcript_CBG30510.1	
OG0020540	g17272.t1			
OG0020541				transcript_QX1410.43301.1
OG0020542		Transcript_Y62E10A.12b.1		
OG0020543		Transcript_F15B9.7c.1		
OG0020544		Transcript_F53B1.9.1		
OG0020545	g18398.t1			
OG0020546	g19199.t1			
OG0020547				transcript_QX1410.23247.1
OG0020548		Transcript_F47G4.14.1		
OG0020549				transcript_QX1410.25637.1
OG0020550		Transcript_R17.3c.1		
OG0020551		Transcript_Y71G12B.25b.1		
OG0020552		Transcript_C44F1.2.1		
OG0020553		Transcript_F55C5.7b.1		
OG0020554		Transcript_B0303.11a.1		
OG0020555		Transcript_Y66H1B.2b.1		
OG0020556	g15205.t1			
OG0020557		Transcript_T02E1.5c.1		
OG0020558	g14403.t1			
OG0020559	g679.t1			
OG0020560				transcript_QX1410.44008.1
OG0020561		Transcript_F30A10.12.1		
OG0020562				transcript_QX1410.43090.1
OG0020563		Transcript_R05A10.8.1		
OG0020564		Transcript_K08D8.2.1		
OG0020565				transcript_QX1410.6435.1
OG0020566	g1748.t1			
OG0020567		Transcript_Y106G6D.1.1		
OG0020568			Transcript_CBG29876.1	
OG0020569		Transcript_C02G6.2.1		
OG0020570	g268.t1			
OG0020571		Transcript_Y57G7A.2.1		
OG0020572				transcript_QX1410.37725.1
OG0020573		Transcript_T04C9.1c.1		
OG0020574		Transcript_ZK285.2.1		
OG0020575		Transcript_T23F2.13.1		
OG0020576			Transcript_CBG26675.1	
OG0020577		Transcript_Y6B3A.1b.1		
OG0020578				transcript_QX1410.25309.1
OG0020579		Transcript_F54E4.1c.1		
OG0020580		Transcript_ZC204.3.1		
OG0020581				transcript_QX1410.24261.1
OG0020582		Transcript_Y7A5A.2.1		
OG0020583		Transcript_ZK105.4.1		
OG0020584				transcript_QX1410.40717.1
OG0020585		Transcript_F53F8.3.1		
OG0020586			Transcript_CBG11839.1	
OG0020587				transcript_QX1410.40440.1
OG0020588		Transcript_Y49F6B.12.1		
OG0020589		Transcript_F36H9.10.1		
OG0020590		Transcript_Y39E4B.2.1		
OG0020591		Transcript_C07C7.3.1		
OG0020592		Transcript_B0513.2b.1		
OG0020593		Transcript_C30E1.4.1		
OG0020594	g16106.t1			
OG0020595		Transcript_Y18H1A.18.1		
OG0020596				transcript_QX1410.38209.1
OG0020597	g5931.t1			
OG0020598		Transcript_ZK180.8a.1		
OG0020599				transcript_QX1410.22318.1
OG0020600		Transcript_C17F4.7.1		
OG0020601			Transcript_CBG18444.1	
OG0020602		Transcript_F23B2.10.1		
OG0020603			Transcript_CBG02704.1	
OG0020604		Transcript_ZC8.4a.1		
OG0020605		Transcript_K06A9.1e.1		
OG0020606		Transcript_C50C3.12.1		
OG0020607		Transcript_Y43F8C.1.1		
OG0020608		Transcript_C03C10.2.1		
OG0020609		Transcript_Y67A10A.8b.1		
OG0020610		Transcript_C45H4.13.1		
OG0020611		Transcript_Y48G8AL.13b.1		
OG0020612		Transcript_ZK256.1b.1		
OG0020613		Transcript_T22D1.17b.1		
OG0020614			Transcript_CBG29795.1	
OG0020615		Transcript_M04D8.4.1		
OG0020616		Transcript_Y54F10AM.11.1		
OG0020617			Transcript_CBG29803.1	
OG0020618		Transcript_T02G6.3.1		
OG0020619		Transcript_H11E01.2.1		
OG0020620		Transcript_R160.12.1		
OG0020621				transcript_QX1410.32099.1
OG0020622		Transcript_W03F9.1b.1		
OG0020623		Transcript_Y39A3A.5.1		
OG0020624			Transcript_CBG12619.1	
OG0020625				transcript_QX1410.30824.1
OG0020626		Transcript_Y57G11C.1.1		
OG0020627		Transcript_T06C12.12.1		
OG0020628		Transcript_C36C9.6.1		
OG0020629	g13703.t1			
OG0020630		Transcript_C25D7.15b.1		
OG0020631	g8735.t1			
OG0020632	g13139.t1			
OG0020633			Transcript_CBG11246.1	
OG0020634		Transcript_ZK643.1d.1		
OG0020635		Transcript_F32H2.6.1		
OG0020636			Transcript_CBG30336.1	
OG0020637		Transcript_Y59A8B.24.1		
OG0020638		Transcript_F01G10.5.1		
OG0020639		Transcript_Y116F11B.13.1		
OG0020640		Transcript_C54E10.7.1		
OG0020641			Transcript_CBG25410.1	
OG0020642			Transcript_CBG25976.1	
OG0020643		Transcript_Y71G12A.2a.1		
OG0020644				transcript_QX1410.27580.1
OG0020645		Transcript_C44C10.12.1		
OG0020646	g9174.t1			
OG0020647				transcript_QX1410.42152.1
OG0020648	g4103.t1			
OG0020649				transcript_QX1410.33593.1
OG0020650				transcript_QX1410.30472.1
OG0020651	g13345.t1			
OG0020652				transcript_QX1410.26778.1
OG0020653		Transcript_ZK669.5a.1		
OG0020654				transcript_QX1410.33340.1
OG0020655				transcript_QX1410.24234.1
OG0020656				transcript_QX1410.34762.1
OG0020657				transcript_QX1410.37901.1
OG0020658				transcript_QX1410.32414.1
OG0020659		Transcript_Y47G7B.1.1		
OG0020660		Transcript_F17E9.11.1		
OG0020661		Transcript_F08B12.11.1		
OG0020662		Transcript_C24F3.4b.1		
OG0020663		Transcript_ZK783.7.1		
OG0020664		Transcript_H43I07.4.1		
OG0020665		Transcript_Y38C1BA.1.1		
OG0020666				transcript_QX1410.42160.2
OG0020667		Transcript_F48F5.6d.1		
OG0020668		Transcript_Y53G8AR.8b.1		
OG0020669			Transcript_CBG23651.1	
OG0020670				transcript_QX1410.36995.2
OG0020671		Transcript_Y38E10A.4.1		
OG0020672			Transcript_CBG25231.1	
OG0020673	g15507.t1			
OG0020674		Transcript_Y119C1B.11.1		
OG0020675		Transcript_MTCE.11.1		
OG0020676	g19847.t1			
OG0020677				transcript_QX1410.24050.1
OG0020678	g6007.t1			
OG0020679	g12504.t1			
OG0020680		Transcript_C07G3.5.1		
OG0020681			Transcript_CBG27302.1	
OG0020682		Transcript_T25B9.3b.1		
OG0020683				transcript_QX1410.36991.1
OG0020684				transcript_QX1410.22619.1
OG0020685		Transcript_Y7A5A.6.1		
OG0020686		Transcript_Y46G5A.15.1		
OG0020687				transcript_QX1410.28198.1
OG0020688	g16214.t1			
OG0020689	g15045.t1			
OG0020690		Transcript_R13H9.2.1		
OG0020691				transcript_QX1410.32853.1
OG0020692			Transcript_CBG17913.1	
OG0020693				transcript_QX1410.29870.1
OG0020694				transcript_QX1410.41642.1
OG0020695		Transcript_ZC239.5.1		
OG0020696				transcript_QX1410.38197.1
OG0020697		Transcript_F44A6.4.1		
OG0020698		Transcript_Y69A2AR.50.1		
OG0020699		Transcript_F54D10.5.1		
OG0020700		Transcript_F22H10.11.1		
OG0020701	g14722.t1			
OG0020702		Transcript_K06B4.1.1		
OG0020703		Transcript_C06B8.1.1		
OG0020704			Transcript_CBG04557.1	
OG0020705		Transcript_F56B3.8b.1		
OG0020706	g4265.t1			
OG0020707		Transcript_C23H4.2.1		
OG0020708		Transcript_C50E10.11.1		
OG0020709		Transcript_F15E6.3.1		
OG0020710		Transcript_C39D10.3b.1		
OG0020711				transcript_QX1410.24760.1
OG0020712		Transcript_F15E6.6.1		
OG0020713		Transcript_H06I04.7.1		
OG0020714		Transcript_M199.134.1		
OG0020715		Transcript_Y50E8A.22.1		
OG0020716		Transcript_T27E9.6.1		
OG0020717				transcript_QX1410.3423.1
OG0020718		Transcript_C55A6.6.1		
OG0020719				transcript_QX1410.40864.1
OG0020720		Transcript_D1046.16.1		
OG0020721			Transcript_CBG20502.1	
OG0020722		Transcript_T02D1.3.1		
OG0020723			Transcript_CBG27293.1	
OG0020724				transcript_QX1410.25623.1
OG0020725		Transcript_F48C1.3.1		
OG0020726		Transcript_K10B3.1a.1		
OG0020727		Transcript_C01B7.4b.1		
OG0020728			Transcript_CBG30081.1	
OG0020729		Transcript_K01D12.20.1		
OG0020730		Transcript_Y54E10A.17a.1		
OG0020731			Transcript_CBG02286.1	
OG0020732	g9576.t1			
OG0020733		Transcript_Y40B10A.11.1		
OG0020734		Transcript_F08B4.2c.1		
OG0020735				transcript_QX1410.16984.1
OG0020736		Transcript_T19H5.3.1		
OG0020737		Transcript_C49G7.5.1		
OG0020738	g19928.t1			
OG0020739		Transcript_K10H10.10b.1		
OG0020740		Transcript_F33D11.17.1		
OG0020741			Transcript_CBG30546.1	
OG0020742		Transcript_C49G7.2.1		
OG0020743		Transcript_H03G16.1.1		
OG0020744	g13134.t1			
OG0020745	g4925.t1			
OG0020746		Transcript_C25D7.9.1		
OG0020747		Transcript_F52E10.5.1		
OG0020748		Transcript_T24A6.3.1		
OG0020749		Transcript_Y53H1A.4a.1		
OG0020750				transcript_QX1410.32366.1
OG0020751		Transcript_F07C4.11.1		
OG0020752		Transcript_ZK892.4.1		
OG0020753			Transcript_CBG25785.1	
OG0020754				transcript_QX1410.32129.1
OG0020755				transcript_QX1410.40905.1
OG0020756		Transcript_C50F7.6b.1		
OG0020757		Transcript_Y53F4B.12a.1		
OG0020758			Transcript_CBG30384.1	
OG0020759		Transcript_F11G11.15.1		
OG0020760				transcript_QX1410.36822.2
OG0020761		Transcript_Y9C9A.5.1		
OG0020762			Transcript_CBG30366.1	
OG0020763		Transcript_T12C9.3d.1		
OG0020764			Transcript_CBG29900.1	
OG0020765				transcript_QX1410.27310.1
OG0020766			Transcript_CBG30724.1	
OG0020767		Transcript_Y57G11A.1b.1		
OG0020768	g10384.t2			
OG0020769		Transcript_Y39A1A.10.1		
OG0020770	g6206.t1			
OG0020771		Transcript_M03F4.7b.1		
OG0020772		Transcript_F47B8.8.1		
OG0020773		Transcript_T28A11.15.1		
OG0020774		Transcript_ZK930.4.1		
OG0020775		Transcript_F26B1.5.1		
OG0020776		Transcript_C28F5.1.1		
OG0020777		Transcript_Y47D9A.7.1		
OG0020778		Transcript_K07A1.16b.1		
OG0020779		Transcript_T23D5.8.1		
OG0020780		Transcript_M162.15.1		
OG0020781		Transcript_R03G8.1.1		
OG0020782		Transcript_C09F9.3f.1		
OG0020783		Transcript_Y119C1B.12.1		
OG0020784		Transcript_T09D3.2.1		
OG0020785		Transcript_Y50D4A.6a.1		
OG0020786		Transcript_T08A9.8.1		
OG0020787		Transcript_F28G4.2.1		
OG0020788		Transcript_K01A6.8.1		
OG0020789		Transcript_Y105E8A.28.1		
OG0020790		Transcript_W03F9.9.1		
OG0020791		Transcript_F35H8.7.1		
OG0020792		Transcript_F22B7.5b.1		
OG0020793		Transcript_K08B4.1d.1		
OG0020794		Transcript_C25A6.1.1		
OG0020795			Transcript_CBG27582.1	
OG0020796				transcript_QX1410.9151.1
OG0020797		Transcript_C54C8.4.1		
OG0020798		Transcript_Y66H1B.2m.1		
OG0020799	g4703.t1			
OG0020800		Transcript_B0348.4e.1		
OG0020801	g13418.t1			
OG0020802				transcript_QX1410.28414.1
OG0020803		Transcript_F11E6.8b.1		
OG0020804		Transcript_C28G1.4.1		
OG0020805		Transcript_F28A10.5.1		
OG0020806				transcript_QX1410.3314.1
OG0020807		Transcript_C17F4.6b.1		
OG0020808		Transcript_R160.3.1		
OG0020809				transcript_QX1410.35213.1
OG0020810	g6933.t1			
OG0020811		Transcript_C09D1.1o.1		
OG0020812	g6886.t1			
OG0020813				transcript_QX1410.33161.1
OG0020814		Transcript_F17B5.9.1		
OG0020815				transcript_QX1410.32811.1
OG0020816			Transcript_CBG03644.1	
OG0020817		Transcript_K07A1.17.1		
OG0020818		Transcript_F12E12.11.1		
OG0020819				transcript_QX1410.37573.1
OG0020820			Transcript_CBG20012.1	
OG0020821			Transcript_CBG26671.1	
OG0020822		Transcript_R11A5.6.1		
OG0020823		Transcript_T26H8.2.1		
OG0020824				transcript_QX1410.39449.1
OG0020825		Transcript_F46B3.23.1		
OG0020826		Transcript_C08E8.11.1		
OG0020827		Transcript_W03G1.7b.1		
OG0020828		Transcript_Y19D2B.1.1		
OG0020829				transcript_QX1410.28618.1
OG0020830				transcript_QX1410.39535.1
OG0020831			Transcript_CBG25426.1	
OG0020832		Transcript_K07C5.13b.1		
OG0020833		Transcript_F36F12.1b.1		
OG0020834		Transcript_F59C6.18.1		
OG0020835		Transcript_C06B3.10.1		
OG0020836		Transcript_C01F4.2b.1		
OG0020837		Transcript_Y25C1A.6.1		
OG0020838		Transcript_H04D03.7.1		
OG0020839		Transcript_B0547.2.1		
OG0020840				transcript_QX1410.31601.1
OG0020841				transcript_QX1410.28102.1
OG0020842				transcript_QX1410.8282.1
OG0020843		Transcript_B0205.5.1		
OG0020844				transcript_QX1410.23649.1
OG0020845		Transcript_ZK337.4.1		
OG0020846			Transcript_CBG27396.1	
OG0020847		Transcript_F30A10.4.1		
OG0020848	g10287.t1			
OG0020849		Transcript_F55C5.17.1		
OG0020850				transcript_QX1410.13093.1
OG0020851		Transcript_T05C7.7.1		
OG0020852		Transcript_Y73B6BL.288.1		
OG0020853		Transcript_C56C10.7c.1		
OG0020854		Transcript_Y116A8C.35b.1		
OG0020855	g18145.t1			
OG0020856		Transcript_F58D5.8.1		
OG0020857		Transcript_W08E3.3b.1		
OG0020858		Transcript_F07B10.1b.1		
OG0020859		Transcript_K07C6.6.1		
OG0020860		Transcript_F41E6.5a.1		
OG0020861		Transcript_C16C4.18.1		
OG0020862			Transcript_CBG30697.1	
OG0020863		Transcript_F54F7.6.1		
OG0020864		Transcript_T03F7.7a.1		
OG0020865		Transcript_Y70C5C.1.1		
OG0020866		Transcript_R06F6.8b.1		
OG0020867				transcript_QX1410.22805.1
OG0020868		Transcript_B0348.4n.1		
OG0020869				transcript_QX1410.36990.1
OG0020870			Transcript_CBG30065.1	
OG0020871			Transcript_CBG00275.1	
OG0020872		Transcript_K03B4.6.1		
OG0020873				transcript_QX1410.42799.1
OG0020874		Transcript_T06A1.7a.1		
OG0020875				transcript_QX1410.24305.1
OG0020876		Transcript_F20B6.10b.1		
OG0020877		Transcript_T22B2.3.1		
OG0020878				transcript_QX1410.40456.1
OG0020879	g980.t1			
OG0020880			Transcript_CBG27538.1	
OG0020881		Transcript_T01H8.1d.1		
OG0020882	g13558.t1			
OG0020883				transcript_QX1410.32665.1
OG0020884	g13698.t1			
OG0020885		Transcript_R07C3.4.1		
OG0020886		Transcript_C08F8.2c.1		
OG0020887		Transcript_F59B8.2c.1		
OG0020888		Transcript_W03H1.2.1		
OG0020889		Transcript_F45C12.3.1		
OG0020890		Transcript_F34D6.2.1		
OG0020891			Transcript_CBG15912.1	
OG0020892		Transcript_T26C12.3b.1		
OG0020893				transcript_QX1410.19127.1
OG0020894	g5781.t1			
OG0020895				transcript_QX1410.34830.1
OG0020896				transcript_QX1410.18900.1
OG0020897				transcript_QX1410.24748.1
OG0020898		Transcript_K07C6.5.1		
OG0020899	g18708.t1			
OG0020900		Transcript_Y32B12B.8.1		
OG0020901	g2478.t1			
OG0020902		Transcript_F09E10.1.1		
OG0020903				transcript_QX1410.37329.1
OG0020904		Transcript_Y95B8A.10b.1		
OG0020905		Transcript_Y37A1B.4.1		
OG0020906				transcript_QX1410.24455.1
OG0020907				transcript_QX1410.38092.1
OG0020908	g14263.t1			
OG0020909		Transcript_Y69A2AR.30c.1		
OG0020910		Transcript_C54D10.2.1		
OG0020911		Transcript_T24D1.7.1		
OG0020912			Transcript_CBG01516.1	
OG0020913		Transcript_T21G5.2.1		
OG0020914		Transcript_F45C12.1.1		
OG0020915	g12051.t1			
OG0020916			Transcript_CBG16717.1	
OG0020917	g12773.t1			
OG0020918		Transcript_Y48A6C.8.1		
OG0020919				transcript_QX1410.40200.1
OG0020920		Transcript_Y53H1A.7.1		
OG0020921			Transcript_CBG11828.1	
OG0020922		Transcript_Y54G9A.10.1		
OG0020923			Transcript_CBG29758.1	
OG0020924		Transcript_C29F9.13.1		
OG0020925		Transcript_Y46H3D.7a.1		
OG0020926		Transcript_Y116A8C.27b.1		
OG0020927				transcript_QX1410.36811.3
OG0020928	g5751.t1			
OG0020929		Transcript_Y40G12A.2.1		
OG0020930			Transcript_CBG05425.1	
OG0020931		Transcript_D1025.3.1		
OG0020932				transcript_QX1410.30488.1
OG0020933				transcript_QX1410.17054.1
OG0020934		Transcript_F15B9.11.1		
OG0020935		Transcript_F58H7.5.1		
OG0020936		Transcript_Y59C2A.3.1		
OG0020937		Transcript_B0462.5.1		
OG0020938				transcript_QX1410.33909.1
OG0020939				transcript_QX1410.24857.1
OG0020940				transcript_QX1410.34598.1
OG0020941				transcript_QX1410.17342.1
OG0020942				transcript_QX1410.25088.1
OG0020943		Transcript_B0511.4.1		
OG0020944		Transcript_R10D12.6.1		
OG0020945		Transcript_Y71A12B.1c.1		
OG0020946		Transcript_ZC123.4b.1		
OG0020947			Transcript_CBG03918.1	
OG0020948				transcript_QX1410.28183.1
OG0020949				transcript_QX1410.41986.1
OG0020950		Transcript_T04A11.3.1		
OG0020951		Transcript_Y45F10D.10b.1		
OG0020952		Transcript_F33H12.5.1		
OG0020953		Transcript_T02E1.5b.1		
OG0020954		Transcript_Y106G6A.5b.1		
OG0020955				transcript_QX1410.41868.1
OG0020956		Transcript_K08H10.10b.1		
OG0020957			Transcript_CBG29978.1	
OG0020958		Transcript_F57B9.3.1		
OG0020959		Transcript_K06A4.6.1		
OG0020960		Transcript_C02B8.6.1		
OG0020961		Transcript_T28A8.2.1		
OG0020962		Transcript_C33D3.5.1		
OG0020963				transcript_QX1410.37568.2
OG0020964		Transcript_T07C4.7b.1		
OG0020965		Transcript_ZK377.15.1		
OG0020966				transcript_QX1410.43083.1
OG0020967		Transcript_R10E12.1a.1		
OG0020968				transcript_QX1410.5431.1
OG0020969		Transcript_Y54F10BM.23.1		
OG0020970		Transcript_F49D11.7.1		
OG0020971		Transcript_F14F8.14.1		
OG0020972		Transcript_B0261.5.1		
OG0020973		Transcript_Y46G5A.26b.1		
OG0020974				transcript_QX1410.7190.1
OG0020975				transcript_QX1410.18335.1
OG0020976			Transcript_CBG11877.1	
OG0020977	g19360.t1			
OG0020978		Transcript_F02D10.7.1		
OG0020979		Transcript_F44A2.7.1		
OG0020980				transcript_QX1410.33269.1
OG0020981		Transcript_F55F1.2.1		
OG0020982		Transcript_Y37E3.11g.1		
OG0020983			Transcript_CBG30063.1	
OG0020984	g2352.t1			
OG0020985		Transcript_T12G3.2g.1		
OG0020986				transcript_QX1410.24376.1
OG0020987		Transcript_F07H5.13.1		
OG0020988				transcript_QX1410.34290.1
OG0020989		Transcript_ZC8.4g.1		
OG0020990		Transcript_F42E11.2b.1		
OG0020991				transcript_QX1410.37713.1
OG0020992	g10431.t1			
OG0020993				transcript_QX1410.26914.1
OG0020994				transcript_QX1410.34370.1
OG0020995		Transcript_F59B2.13b.1		
OG0020996			Transcript_CBG29778.1	
OG0020997		Transcript_C10G11.5b.1		
OG0020998		Transcript_K05D4.4.1		
OG0020999			Transcript_CBG16993.1	
OG0021000		Transcript_F56C3.7.1		
OG0021001	g19836.t1			
OG0021002		Transcript_R03D7.15.1		
OG0021003		Transcript_T03F7.4.1		
OG0021004	g1926.t1			
OG0021005		Transcript_Y38H6C.12.1		
OG0021006				transcript_QX1410.40147.1
OG0021007		Transcript_Y66C5A.2.1		
OG0021008		Transcript_B0563.18.1		
OG0021009		Transcript_F41B5.10.1		
OG0021010			Transcript_CBG29848.1	
OG0021011				transcript_QX1410.44289.1
OG0021012	g5673.t1			
OG0021013		Transcript_C24B9.11.1		
OG0021014		Transcript_Y77E11A.11b.1		
OG0021015				transcript_QX1410.7221.1
OG0021016				transcript_QX1410.23249.1
OG0021017	g13410.t1			
OG0021018		Transcript_E02H9.7.1		
OG0021019		Transcript_T03D3.4.1		
OG0021020		Transcript_C04F5.5.1		
OG0021021		Transcript_F40E12.1.1		
OG0021022				transcript_QX1410.33598.1
OG0021023	g19480.t1			
OG0021024				transcript_QX1410.35986.1
OG0021025		Transcript_C26B2.7b.1		
OG0021026	g17699.t1			
OG0021027		Transcript_C10C6.1g.1		
OG0021028		Transcript_F44B9.1b.1		
OG0021029		Transcript_M28.9.1		
OG0021030		Transcript_T04D1.3b.1		
OG0021031		Transcript_F37C4.6b.1		
OG0021032		Transcript_C04E7.5.1		
OG0021033				transcript_QX1410.34342.1
OG0021034	g17729.t1			
OG0021035	g8722.t1			
OG0021036		Transcript_T19C4.5b.1		
OG0021037		Transcript_B0035.21.1		
OG0021038		Transcript_F13G3.15.1		
OG0021039	g14680.t1			
OG0021040		Transcript_M79.1a.1		
OG0021041			Transcript_CBG30666.1	
OG0021042				transcript_QX1410.36418.1
OG0021043		Transcript_C50H2.3b.1		
OG0021044			Transcript_CBG30391.1	
OG0021045		Transcript_K05C4.10.1		
OG0021046				transcript_QX1410.7006.1
OG0021047		Transcript_Y59A8B.23c.1		
OG0021048		Transcript_T23B3.8.1		
OG0021049				transcript_QX1410.38346.1
OG0021050				transcript_QX1410.39337.1
OG0021051		Transcript_Y110A7A.9b.1		
OG0021052		Transcript_Y67H2A.2b.1		
OG0021053		Transcript_C29F3.6.1		
OG0021054				transcript_QX1410.8775.1
OG0021055			Transcript_CBG29805.1	
OG0021056		Transcript_C27A7.8b.1		
OG0021057		Transcript_Y37E11AM.3c.1		
OG0021058		Transcript_C17E4.2.1		
OG0021059		Transcript_F19B2.8.1		
OG0021060		Transcript_T05E12.1.1		
OG0021061			Transcript_CBG20466.1	
OG0021062	g3769.t1			
OG0021063		Transcript_Y39F10A.3.1		
OG0021064		Transcript_F47D12.1d.1		
OG0021065		Transcript_T19H12.7.1		
OG0021066		Transcript_R03C1.3b.1		
OG0021067				transcript_QX1410.26757.1
OG0021068		Transcript_C17A2.2.1		
OG0021069		Transcript_Y39G10AR.21b.1		
OG0021070		Transcript_T01C3.3.1		
OG0021071				transcript_QX1410.39739.1
OG0021072	g10107.t1			
OG0021073				transcript_QX1410.30554.1
OG0021074		Transcript_C35B1.9.1		
OG0021075		Transcript_C01B9.4.1		
OG0021076			Transcript_CBG30729.1	
OG0021077		Transcript_Y47D3A.31.1		
OG0021078		Transcript_W04B5.9.1		
OG0021079		Transcript_F09E5.13.1		
OG0021080		Transcript_Y1B5A.1.1		
OG0021081		Transcript_Y40A1A.3.1		
OG0021082		Transcript_T01B4.1.1		
OG0021083				transcript_QX1410.39490.1
OG0021084		Transcript_Y37E11AL.2b.1		
OG0021085		Transcript_C05C10.1.1		
OG0021086		Transcript_C34C12.12.1		
OG0021087	g6269.t1			
OG0021088		Transcript_Y58G8A.4a.1		
OG0021089		Transcript_C33D3.4.1		
OG0021090	g2143.t1			
OG0021091		Transcript_Y10G11A.1b.1		
OG0021092		Transcript_K02D7.3a.1		
OG0021093		Transcript_W03D8.14.1		
OG0021094		Transcript_F47G9.2.1		
OG0021095		Transcript_B0273.4b.1		
OG0021096			Transcript_CBG25291.1	
OG0021097		Transcript_T06E4.21.1		
OG0021098	g14202.t1			
OG0021099				transcript_QX1410.41370.1
OG0021100			Transcript_CBG27022.1	
OG0021101	g21066.t1			
OG0021102				transcript_QX1410.9925.1
OG0021103		Transcript_C16C8.26.1		
OG0021104		Transcript_C32F10.1b.1		
OG0021105			Transcript_CBG13482.1	
OG0021106		Transcript_R08A2.9.1		
OG0021107		Transcript_Y39G8B.4.1		
OG0021108		Transcript_Y37H2A.14.1		
OG0021109		Transcript_F44E7.8b.1		
OG0021110		Transcript_C13A2.5.1		
OG0021111		Transcript_F54F7.3.1		
OG0021112		Transcript_F28H6.3.1		
OG0021113		Transcript_E02C12.9.1		
OG0021114				transcript_QX1410.40028.1
OG0021115		Transcript_Y73F8A.10.1		
OG0021116		Transcript_F21C10.1.1		
OG0021117		Transcript_T28C6.10.1		
OG0021118	g20900.t1			
OG0021119				transcript_QX1410.40743.1
OG0021120			Transcript_CBG30178.1	
OG0021121	g1281.t1			
OG0021122			Transcript_CBG30541.1	
OG0021123				transcript_QX1410.36077.1
OG0021124			Transcript_CBG31206.1	
OG0021125			Transcript_CBG30394.1	
OG0021126		Transcript_F08F3.7.1		
OG0021127			Transcript_CBG21293.1	
OG0021128			Transcript_CBG30796.1	
OG0021129				transcript_QX1410.41870.1
OG0021130		Transcript_R04D3.12.1		
OG0021131		Transcript_Y23H5A.8a.1		
OG0021132				transcript_QX1410.41877.1
OG0021133	g10530.t1			
OG0021134				transcript_QX1410.33490.1
OG0021135		Transcript_C46H11.4a.1		
OG0021136		Transcript_C08H9.13.1		
OG0021137		Transcript_C01F6.9c.1		
OG0021138			Transcript_CBG27306.1	
OG0021139		Transcript_Y32G9A.5.1		
OG0021140		Transcript_T25E12.6.1		
OG0021141		Transcript_F14F9.2.1		
OG0021142	g5765.t1			
OG0021143		Transcript_F14D12.4p.1		
OG0021144		Transcript_T14B4.20.1		
OG0021145		Transcript_F53E4.2.1		
OG0021146		Transcript_Y69A2AR.30b.1		
OG0021147		Transcript_T16A1.7.1		
OG0021148		Transcript_Y66D12A.30.1		
OG0021149		Transcript_ZC15.10.1		
OG0021150		Transcript_ZC416.4.1		
OG0021151			Transcript_CBG29759.1	
OG0021152		Transcript_C36E8.6.1		
OG0021153		Transcript_C01G10.4.1		
OG0021154		Transcript_F55G7.5.1		
OG0021155				transcript_QX1410.23058.1
OG0021156			Transcript_CBG16734.1	
OG0021157				transcript_QX1410.24406.1
OG0021158			Transcript_CBG23565.1	
OG0021159			Transcript_CBG22095.1	
OG0021160			Transcript_CBG27590.1	
OG0021161		Transcript_F33H2.8b.1		
OG0021162			Transcript_CBG25869.1	
OG0021163		Transcript_T21C9.5b.1		
OG0021164				transcript_QX1410.37883.1
OG0021165				transcript_QX1410.13090.1
OG0021166			Transcript_CBG21425.1	
OG0021167				transcript_QX1410.44095.1
OG0021168		Transcript_ZC302.2a.1		
OG0021169		Transcript_C07G1.7.1		
OG0021170		Transcript_F58G11.1b.1		
OG0021171				transcript_QX1410.40944.1
OG0021172		Transcript_T01C3.10b.1		
OG0021173			Transcript_CBG30709.1	
OG0021174		Transcript_W06G6.2.1		
OG0021175				transcript_QX1410.31585.3
OG0021176				transcript_QX1410.27131.1
OG0021177				transcript_QX1410.4466.1
OG0021178				transcript_QX1410.24753.1
OG0021179		Transcript_F08F1.1a.1		
OG0021180			Transcript_CBG24889.1	
OG0021181	g8191.t1			
OG0021182				transcript_QX1410.26846.1
OG0021183		Transcript_C50H11.8.1		
OG0021184		Transcript_Y62F5A.10.1		
OG0021185		Transcript_M02B1.1c.1		
OG0021186		Transcript_T06A10.106.1		
OG0021187		Transcript_F18E2.5a.1		
OG0021188			Transcript_CBG15643.1	
OG0021189		Transcript_Y45F10B.11.1		
OG0021190		Transcript_ZC504.3.1		
OG0021191		Transcript_C17E7.11.1		
OG0021192		Transcript_K02H11.6.1		
OG0021193		Transcript_F01D4.6c.1		
OG0021194		Transcript_M142.8b.1		
OG0021195		Transcript_T06F4.2a.1		
OG0021196				transcript_QX1410.28301.2
OG0021197			Transcript_CBG30705.1	
OG0021198				transcript_QX1410.3918.1
OG0021199			Transcript_CBG30341.1	
OG0021200			Transcript_CBG31258.1	
OG0021201		Transcript_Y41D4B.15.1		
OG0021202		Transcript_C36A4.6.1		
OG0021203		Transcript_C49H3.10c.1		
OG0021204		Transcript_E03A3.4.1		
OG0021205				transcript_QX1410.33160.1
OG0021206		Transcript_R10F2.4.1		
OG0021207		Transcript_C32C4.7.1		
OG0021208		Transcript_C10C6.7c.1		
OG0021209		Transcript_R04D3.4.1		
OG0021210		Transcript_T05B4.3.1		
OG0021211		Transcript_T02B5.1.1		
OG0021212		Transcript_F56H9.2b.1		
OG0021213	g17686.t1			
OG0021214		Transcript_F37B1.6.1		
OG0021215		Transcript_R02F2.10.1		
OG0021216				transcript_QX1410.30288.1
OG0021217				transcript_QX1410.38012.1
OG0021218		Transcript_M01G12.6.1		
OG0021219		Transcript_C09G9.6.1		
OG0021220		Transcript_T01G5.2.1		
OG0021221	g13994.t1			
OG0021222				transcript_QX1410.33097.1
OG0021223		Transcript_Y38A10A.6.1		
OG0021224		Transcript_Y57G11C.52.1		
OG0021225		Transcript_EGAP2.2.1		
OG0021226		Transcript_Y74C10AR.3c.1		
OG0021227				transcript_QX1410.39827.1
OG0021228			Transcript_CBG30026.1	
OG0021229		Transcript_Y17D7C.6a.1		
OG0021230			Transcript_CBG17471.1	
OG0021231		Transcript_ZK1225.1.1		
OG0021232		Transcript_K09H11.15.1		
OG0021233	g3446.t1			
OG0021234		Transcript_T22B7.22.1		
OG0021235			Transcript_CBG13426.1	
OG0021236		Transcript_F17E5.1b.1		
OG0021237				transcript_QX1410.33454.1
OG0021238	g6208.t1			
OG0021239				transcript_QX1410.41908.1
OG0021240			Transcript_CBG30188.1	
OG0021241		Transcript_W04D12.1.1		
OG0021242			Transcript_CBG30074.1	
OG0021243		Transcript_Y62E10A.4b.1		
OG0021244		Transcript_C34B4.5.1		
OG0021245		Transcript_C34D10.5.1		
OG0021246		Transcript_F56D12.1c.1		
OG0021247				transcript_QX1410.33087.1
OG0021248		Transcript_DC2.5a.1		
OG0021249				transcript_QX1410.43235.1
OG0021250		Transcript_F14H3.11.1		
OG0021251		Transcript_F32A7.8.1		
OG0021252		Transcript_R13D7.7.1		
OG0021253		Transcript_F36D1.2.1		
OG0021254	g19774.t1			
OG0021255		Transcript_D2005.7.1		
OG0021256		Transcript_F52H3.4.1		
OG0021257			Transcript_CBG26523.1	
OG0021258		Transcript_T11G6.1b.1		
OG0021259		Transcript_ZK666.5.1		
OG0021260	g20092.t1			
OG0021261		Transcript_C08F11.17.1		
OG0021262		Transcript_K04A8.20.1		
OG0021263		Transcript_B0513.4b.1		
OG0021264			Transcript_CBG24551.1	
OG0021265			Transcript_CBG27446.1	
OG0021266		Transcript_C36B7.5a.1		
OG0021267		Transcript_Y22D7AL.3.1		
OG0021268			Transcript_CBG25952.1	
OG0021269			Transcript_CBG30712.1	
OG0021270		Transcript_C07G3.6.1		
OG0021271		Transcript_T16D1.1.1		
OG0021272		Transcript_T01G6.9.1		
OG0021273		Transcript_Y39B6A.19b.1		
OG0021274	g21065.t1			
OG0021275		Transcript_C07G1.15.1		
OG0021276				transcript_QX1410.40735.1
OG0021277		Transcript_F15A4.10.1		
OG0021278		Transcript_C31H1.2.1		
OG0021279		Transcript_B0393.9a.1		
OG0021280				transcript_QX1410.27171.1
OG0021281				transcript_QX1410.2142.1
OG0021282		Transcript_C48A7.1c.1		
OG0021283		Transcript_F56C3.3.1		
OG0021284		Transcript_Y49F6C.8.1		
OG0021285				transcript_QX1410.22371.1
OG0021286		Transcript_R08F11.3.1		
OG0021287		Transcript_Y113G7A.9b.1		
OG0021288		Transcript_C52D10.3a.1		
OG0021289		Transcript_T28F2.1.1		
OG0021290				transcript_QX1410.23241.1
OG0021291		Transcript_F12B6.2c.1		
OG0021292		Transcript_F28B3.4j.1		
OG0021293		Transcript_Y64G10A.7b.1		
OG0021294		Transcript_F56E3.4a.1		
OG0021295	g12721.t1			
OG0021296		Transcript_T05B9.1.1		
OG0021297				transcript_QX1410.23392.3
OG0021298		Transcript_Y55B1BL.2.1		
OG0021299				transcript_QX1410.30326.1
OG0021300		Transcript_T19C9.8.1		
OG0021301		Transcript_T19H12.11.1		
OG0021302		Transcript_B0238.15.1		
OG0021303		Transcript_F47D2.7b.1		
OG0021304	g14594.t1			
OG0021305		Transcript_W02A2.12.1		
OG0021306		Transcript_F11E6.8c.1		
OG0021307		Transcript_Y37E11AL.7c.1		
OG0021308		Transcript_F11C1.5e.1		
OG0021309		Transcript_Y51B9A.8.1		
OG0021310		Transcript_ZC395.11.1		
OG0021311				transcript_QX1410.40714.1
OG0021312		Transcript_W09C5.6b.1		
OG0021313		Transcript_F46F5.10.1		
OG0021314				transcript_QX1410.37558.1
OG0021315				transcript_QX1410.7135.1
OG0021316			Transcript_CBG30735.1	
OG0021317		Transcript_C18H9.3e.1		
OG0021318				transcript_QX1410.18512.1
OG0021319		Transcript_T01D1.4b.1		
OG0021320				transcript_QX1410.19774.1
OG0021321		Transcript_C08E8.1.1		
OG0021322				transcript_QX1410.29037.1
OG0021323		Transcript_F36H1.1b.1		
OG0021324		Transcript_F56D5.10.1		
OG0021325			Transcript_CBG03801.1	
OG0021326		Transcript_H19J13.2.1		
OG0021327		Transcript_Y39G10AR.21c.1		
OG0021328	g12948.t1			
OG0021329		Transcript_F45C12.12.1		
OG0021330				transcript_QX1410.39622.1
OG0021331		Transcript_F10E7.8c.1		
OG0021332		Transcript_Y110A2AL.2.1		
OG0021333		Transcript_H19N07.4b.1		
OG0021334		Transcript_Y71F9AL.2.1		
OG0021335		Transcript_ZK1320.3.1		
OG0021336	g19760.t1			
OG0021337		Transcript_R07H5.4.1		
OG0021338			Transcript_CBG28128.1	
OG0021339			Transcript_CBG29870.1	
OG0021340				transcript_QX1410.22819.1
OG0021341		Transcript_K08C7.3b.1		
OG0021342			Transcript_CBG30568.1	
OG0021343				transcript_QX1410.24282.2
OG0021344		Transcript_F54F2.14.1		
OG0021345		Transcript_F19B10.9.1		
OG0021346			Transcript_CBG30209.1	
OG0021347		Transcript_K09F5.2.1		
OG0021348		Transcript_Y73C8C.9.1		
OG0021349		Transcript_Y39A1A.27.1		
OG0021350		Transcript_Y22D7AR.10.1		
OG0021351			Transcript_CBG27674.1	
OG0021352			Transcript_CBG30189.1	
OG0021353		Transcript_K05F1.9.1		
OG0021354		Transcript_H12I19.7.1		
OG0021355			Transcript_CBG13580b.1	
OG0021356			Transcript_CBG24433.1	
OG0021357			Transcript_CBG20529.1	
OG0021358				transcript_QX1410.27264.1
OG0021359				transcript_QX1410.29386.1
OG0021360				transcript_QX1410.37019.1
OG0021361		Transcript_R05F9.3.1		
OG0021362				transcript_QX1410.37611.1
OG0021363		Transcript_Y22F5A.3a.1		
OG0021364		Transcript_Y37D8A.23b.1		
OG0021365		Transcript_F16H6.3.1		
OG0021366		Transcript_T28C6.11.1		
OG0021367		Transcript_F08G5.6.1		
OG0021368				transcript_QX1410.23573.1
OG0021369	g17587.t1			
OG0021370				transcript_QX1410.42785.1
OG0021371				transcript_QX1410.42650.1
OG0021372		Transcript_F21C10.5.1		
OG0021373		Transcript_F44F4.11.1		
OG0021374		Transcript_F13A2.1.1		
OG0021375		Transcript_M04D8.3.1		
OG0021376				transcript_QX1410.5171.1
OG0021377		Transcript_F21D12.2.1		
OG0021378		Transcript_Y26G10.6.1		
OG0021379				transcript_QX1410.23025.1
OG0021380			Transcript_CBG17031.1	
OG0021381	g3847.t1			
OG0021382		Transcript_Y53G8AM.4.1		
OG0021383			Transcript_CBG29861.1	
OG0021384				transcript_QX1410.19604.1
OG0021385	g20633.t1			
OG0021386			Transcript_CBG24435.1	
OG0021387				transcript_QX1410.29016.1
OG0021388				transcript_QX1410.38307.2
OG0021389		Transcript_C54E10.3.1		
OG0021390		Transcript_R09B5.13.1		
OG0021391	g2810.t1			
OG0021392				transcript_QX1410.17497.1
OG0021393		Transcript_W09G12.1.1		
OG0021394			Transcript_CBG30216.1	
OG0021395		Transcript_R06A10.2b.1		
OG0021396	g8906.t1			
OG0021397		Transcript_Y53F4B.30.1		
OG0021398				transcript_QX1410.29963.1
OG0021399		Transcript_Y105C5B.15b.1		
OG0021400			Transcript_CBG30692.1	
OG0021401		Transcript_ZC412.1b.1		
OG0021402		Transcript_F49A5.6.1		
OG0021403		Transcript_ZK228.13.1		
OG0021404		Transcript_K08D8.10.1		
OG0021405		Transcript_F59H6.15.1		
OG0021406	g9667.t1			
OG0021407		Transcript_F55B12.7.1		
OG0021408			Transcript_CBG31448.1	
OG0021409				transcript_QX1410.28849.1
OG0021410		Transcript_Y45G12B.3b.1		
OG0021411		Transcript_Y75B8A.63.1		
OG0021412		Transcript_C37H5.1b.1		
OG0021413		Transcript_Y45F10B.13b.1		
OG0021414		Transcript_F35E2.6.1		
OG0021415			Transcript_CBG05335.1	
OG0021416				transcript_QX1410.17726.1
OG0021417				transcript_QX1410.25872.1
OG0021418		Transcript_C49F5.13.1		
OG0021419		Transcript_F11C1.10.1		
OG0021420		Transcript_H04M03.12b.1		
OG0021421			Transcript_CBG10843.1	
OG0021422				transcript_QX1410.11743.1
OG0021423				transcript_QX1410.31084.1
OG0021424		Transcript_EEED8.18.1		
OG0021425	g12336.t1			
OG0021426		Transcript_C25A1.15.1		
OG0021427				transcript_QX1410.43221.1
OG0021428		Transcript_C03G6.6.1		
OG0021429	g3613.t1			
OG0021430		Transcript_Y71F9B.13c.1		
OG0021431		Transcript_F47B8.12.1		
OG0021432			Transcript_CBG04254.1	
OG0021433		Transcript_F19G12.4.1		
OG0021434				transcript_QX1410.22948.1
OG0021435		Transcript_F07F6.7.1		
OG0021436				transcript_QX1410.26736.1
OG0021437		Transcript_ZK520.3b.1		
OG0021438				transcript_QX1410.36005.1
OG0021439			Transcript_CBG27791.1	
OG0021440	g17672.t1			
OG0021441			Transcript_CBG29976.1	
OG0021442		Transcript_ZC262.7.1		
OG0021443		Transcript_ZK632.1b.1		
OG0021444		Transcript_F36D1.15.1		
OG0021445		Transcript_H35N09.2.1		
OG0021446		Transcript_Y116A8C.34b.1		
OG0021447		Transcript_C52A11.4b.1		
OG0021448				transcript_QX1410.31580.1
OG0021449				transcript_QX1410.19170.1
OG0021450				transcript_QX1410.9127.1
OG0021451		Transcript_Y54G2A.17c.1		
OG0021452	g13152.t1			
OG0021453		Transcript_Y105C5A.508.1		
OG0021454			Transcript_CBG26215.1	
OG0021455		Transcript_F39C12.3a.2		
OG0021456		Transcript_F26A3.5.1		
OG0021457				transcript_QX1410.42131.1
OG0021458	g18489.t1			
OG0021459		Transcript_F57G8.1.1		
OG0021460		Transcript_F46B3.16.1		
OG0021461			Transcript_CBG30923.1	
OG0021462		Transcript_F37C4.8b.1		
OG0021463		Transcript_Y45F10B.13c.1		
OG0021464	g5980.t1			
OG0021465		Transcript_F35E8.2.1		
OG0021466		Transcript_F54F2.6.1		
OG0021467		Transcript_T26C11.2.1		
OG0021468		Transcript_Y8A9A.4.1		
OG0021469		Transcript_F52H3.11.1		
OG0021470			Transcript_CBG28105.1	
OG0021471				transcript_QX1410.37702.1
OG0021472		Transcript_F21C10.13.1		
OG0021473		Transcript_T07D1.1c.1		
OG0021474		Transcript_F22E5.11.1		
OG0021475		Transcript_K08F4.8.1		
OG0021476		Transcript_D1069.2b.1		
OG0021477		Transcript_Y47D3A.23b.1		
OG0021478	g12591.t1			
OG0021479		Transcript_C07D8.5.1		
OG0021480		Transcript_F09C6.3.1		
OG0021481		Transcript_C07D10.6.1		
OG0021482		Transcript_ZK353.10a.1		
OG0021483		Transcript_F41F3.3.1		
OG0021484		Transcript_T01C3.11b.1		
OG0021485	g9173.t1			
OG0021486		Transcript_T19H5.2.1		
OG0021487		Transcript_F55A4.13.1		
OG0021488		Transcript_C03C10.5.1		
OG0021489		Transcript_F43E12.1.1		
OG0021490			Transcript_CBG26214.1	
OG0021491				transcript_QX1410.19204.1
OG0021492		Transcript_K08B4.4.1		
OG0021493			Transcript_CBG29789.1	
OG0021494		Transcript_C46E10.3.1		
OG0021495		Transcript_K02D10.2.1		
OG0021496			Transcript_CBG27780.1	
OG0021497		Transcript_F15H9.1.1		
OG0021498				transcript_QX1410.29523.1
OG0021499				transcript_QX1410.33050.1
OG0021500			Transcript_CBG15128.1	
OG0021501				transcript_QX1410.27398.1
OG0021502		Transcript_C26D10.7.1		
OG0021503		Transcript_F08G2.6.1		
OG0021504		Transcript_T20D3.1.1		
OG0021505		Transcript_C37H5.3a.1		
OG0021506		Transcript_T26G10.3.1		
OG0021507		Transcript_Y69A2AR.7b.1		
OG0021508				transcript_QX1410.40815.1
OG0021509		Transcript_C09F9.3e.1		
OG0021510		Transcript_T22F3.8.1		
OG0021511		Transcript_T10H4.10.1		
OG0021512			Transcript_CBG26578.1	
OG0021513		Transcript_B0334.8b.1		
OG0021514		Transcript_Y57A10C.10.1		
OG0021515			Transcript_CBG25747.1	
OG0021516				transcript_QX1410.30618.1
OG0021517	g8898.t2			
OG0021518	g10265.t1			
OG0021519				transcript_QX1410.41425.2
OG0021520		Transcript_F28A10.3.1		
OG0021521		Transcript_B0213.7.1		
OG0021522		Transcript_Y97E10AM.1.1		
OG0021523		Transcript_K04C1.4.1		
OG0021524		Transcript_K08D8.7a.1		
OG0021525		Transcript_F25H5.10.1		
OG0021526				transcript_QX1410.27512.1
OG0021527	g19078.t1			
OG0021528		Transcript_C10G8.5c.1		
OG0021529		Transcript_F17B5.5.1		
OG0021530	g3198.t1			
OG0021531				transcript_QX1410.30827.1
OG0021532			Transcript_CBG04793.1	
OG0021533		Transcript_Y36E3A.2.1		
OG0021534		Transcript_Y105C5B.4.1		
OG0021535		Transcript_F53H1.3b.1		
OG0021536		Transcript_F59A6.13.1		
OG0021537		Transcript_K10C3.5b.1		
OG0021538				transcript_QX1410.23042.1
OG0021539		Transcript_T05C7.9.1		
OG0021540		Transcript_Y102E9.3.1		
OG0021541		Transcript_Y60A3A.19a.1		
OG0021542				transcript_QX1410.34327.1
OG0021543				transcript_QX1410.32991.1
OG0021544		Transcript_ZK1086.3.1		
OG0021545		Transcript_T25B6.3.1		
OG0021546			Transcript_CBG13593.1	
OG0021547				transcript_QX1410.39525.1
OG0021548		Transcript_F38C2.1d.1		
OG0021549		Transcript_Y43H11AL.2b.1		
OG0021550		Transcript_F07C6.6.1		
OG0021551				transcript_QX1410.31012.1
OG0021552			Transcript_CBG25802.1	
OG0021553			Transcript_CBG27199.1	
OG0021554		Transcript_Y73C8C.12.1		
OG0021555			Transcript_CBG30351.1	
OG0021556	g3604.t1			
OG0021557		Transcript_C46H11.1.1		
OG0021558				transcript_QX1410.23057.1
OG0021559		Transcript_Y39H10B.2d.1		
OG0021560		Transcript_F58E2.5.1		
OG0021561		Transcript_Y53G8AL.4a.1		
OG0021562				transcript_QX1410.4215.1
OG0021563				transcript_QX1410.26500.1
OG0021564				transcript_QX1410.33206.1
OG0021565				transcript_QX1410.40712.1
OG0021566				transcript_QX1410.26410.1
OG0021567			Transcript_CBG30701.1	
OG0021568				transcript_QX1410.32959.1
OG0021569				transcript_QX1410.39534.1
OG0021570		Transcript_T08G3.8.1		
OG0021571				transcript_QX1410.32596.1
OG0021572		Transcript_T06E8.8.1		
OG0021573		Transcript_ZK381.5b.1		
OG0021574		Transcript_ZC8.4a.2		
OG0021575		Transcript_W01D2.5b.1		
OG0021576		Transcript_W03F8.6c.1		
OG0021577		Transcript_F10C1.7c.1		
OG0021578				transcript_QX1410.32328.1
OG0021579		Transcript_Y46H3A.6c.1		
OG0021580			Transcript_CBG00293.1	
OG0021581		Transcript_C03B1.3.1		
OG0021582		Transcript_Y57A10B.4.1		
OG0021583		Transcript_F59C12.1b.1		
OG0021584		Transcript_F01D5.5.1		
OG0021585		Transcript_W02B8.6.1		
OG0021586		Transcript_C47D12.7b.1		
OG0021587	g3945.t1			
OG0021588		Transcript_T02G5.12.1		
OG0021589			Transcript_CBG26716.1	
OG0021590		Transcript_F14D12.4l.1		
OG0021591				transcript_QX1410.22717.1
OG0021592				transcript_QX1410.40925.1
OG0021593				transcript_QX1410.39367.1
OG0021594			Transcript_CBG25097.1	
OG0021595		Transcript_T27F7.12.1		
OG0021596				transcript_QX1410.36276.1
OG0021597		Transcript_W03D2.7.1		
OG0021598		Transcript_F16H6.1.1		
OG0021599		Transcript_Y105E8A.10c.1		
OG0021600		Transcript_F41D9.3c.1		
OG0021601		Transcript_C32F10.5.1		
OG0021602		Transcript_M01D7.2c.1		
OG0021603				transcript_QX1410.27205.1
OG0021604				transcript_QX1410.26591.1
OG0021605				transcript_QX1410.43354.1
OG0021606				transcript_QX1410.39730.1
OG0021607		Transcript_F31F7.1c.1		
OG0021608		Transcript_F26F4.10b.1		
OG0021609				transcript_QX1410.41421.1
OG0021610		Transcript_T08B2.11.1		
OG0021611		Transcript_Y48G1BM.10.1		
OG0021612				transcript_QX1410.44096.1
OG0021613				transcript_QX1410.38022.1
OG0021614		Transcript_F28C6.8a.1		
OG0021615		Transcript_T25B6.6.1		
OG0021616			Transcript_CBG27362.1	
OG0021617	g3638.t1			
OG0021618	g16568.t1			
OG0021619				transcript_QX1410.35951.1
OG0021620		Transcript_ZK180.8b.1		
OG0021621		Transcript_Y102A5C.2.1		
OG0021622		Transcript_Y60A3A.3.1		
OG0021623			Transcript_CBG30387.1	
OG0021624				transcript_QX1410.22588.1
OG0021625		Transcript_Y69A2AR.47.1		
OG0021626				transcript_QX1410.28491.1
OG0021627		Transcript_K09F5.4.1		
OG0021628		Transcript_C50H11.1.1		
OG0021629				transcript_QX1410.33596.1
OG0021630		Transcript_Y74C10AR.1b.1		
OG0021631	g18865.t1			
OG0021632			Transcript_CBG25844.1	
OG0021633		Transcript_Y55F3BR.10.1		
OG0021634		Transcript_Y23H5A.5c.1		
OG0021635		Transcript_F39C12.3a.3		
OG0021636		Transcript_Y41D4B.14.1		
OG0021637		Transcript_R02C2.7.1		
OG0021638		Transcript_ZK121.1b.1		
OG0021639		Transcript_T02B11.4.1		
OG0021640		Transcript_F26D10.13.1		
OG0021641			Transcript_CBG30007.1	
OG0021642		Transcript_ZK1058.9b.1		
OG0021643			Transcript_CBG25399.1	
OG0021644		Transcript_Y102A5C.22.1		
OG0021645				transcript_QX1410.43938.1
OG0021646				transcript_QX1410.13790.1
OG0021647		Transcript_C18H2.1.1		
OG0021648			Transcript_CBG23831.1	
OG0021649		Transcript_F37H8.3b.1		
OG0021650			Transcript_CBG31015.1	
OG0021651			Transcript_CBG18801.1	
OG0021652		Transcript_T05C7.8.1		
OG0021653		Transcript_Y116F11B.17.1		
OG0021654		Transcript_C45E5.2.1		
OG0021655		Transcript_F14D7.18.1		
OG0021656		Transcript_C17G1.1.1		
OG0021657		Transcript_Y57G11C.24h.1		
OG0021658		Transcript_T28A11.13.1		
OG0021659			Transcript_CBG27407.1	
OG0021660		Transcript_T21B4.15.1		
OG0021661		Transcript_Y76B12C.3b.1		
OG0021662	g20474.t1			
OG0021663		Transcript_W08E12.3.1		
OG0021664	g17262.t1			
OG0021665				transcript_QX1410.23503.1
OG0021666		Transcript_F36A2.10.1		
OG0021667			Transcript_CBG30398.1	
OG0021668		Transcript_C01A2.2b.1		
OG0021669		Transcript_B0034.7.1		
OG0021670	g17534.t1			
OG0021671				transcript_QX1410.37146.1
OG0021672		Transcript_C02D4.2g.1		
OG0021673				transcript_QX1410.41689.1
OG0021674		Transcript_Y65B4A.6b.1		
OG0021675	g2365.t1			
OG0021676		Transcript_Y38E10A.9.1		
OG0021677				transcript_QX1410.29758.1
OG0021678			Transcript_CBG30017.1	
OG0021679		Transcript_T04C4.3.1		
OG0021680		Transcript_C25E10.17b.1		
OG0021681				transcript_QX1410.34291.1
OG0021682		Transcript_F41C6.6.1		
OG0021683			Transcript_CBG09201.1	
OG0021684				transcript_QX1410.19498.1
OG0021685		Transcript_C01G12.5.1		
OG0021686		Transcript_C50E10.7.1		
OG0021687		Transcript_C07A12.3a.1		
OG0021688	g2425.t1			
OG0021689				transcript_QX1410.23176.1
OG0021690			Transcript_CBG30152.1	
OG0021691		Transcript_C30F12.5b.1		
OG0021692				transcript_QX1410.36114.1
OG0021693	g11614.t1			
OG0021694				transcript_QX1410.22925.1
OG0021695		Transcript_C15B12.3.1		
OG0021696		Transcript_M117.1b.1		
OG0021697		Transcript_Y46C8AL.11.1		
OG0021698		Transcript_T11B7.1.1		
OG0021699				transcript_QX1410.25092.1
OG0021700				transcript_QX1410.36778.2
OG0021701		Transcript_Y66H1B.2s.1		
OG0021702				transcript_QX1410.38003.1
OG0021703		Transcript_F52F10.3.1		
OG0021704			Transcript_CBG31477.1	
OG0021705				transcript_QX1410.30261.1
OG0021706		Transcript_C50E3.9.1		
OG0021707			Transcript_CBG30702.1	
OG0021708		Transcript_C14E2.7.1		
OG0021709		Transcript_F56H9.4b.1		
OG0021710		Transcript_C03A3.9.1		
OG0021711		Transcript_C03A7.10.1		
OG0021712		Transcript_H25K10.6.1		
OG0021713	g3303.t1			
OG0021714			Transcript_CBG04476.1	
OG0021715		Transcript_F20G2.1.1		
OG0021716	g5708.t1			
OG0021717			Transcript_CBG31100.1	
OG0021718		Transcript_F57A8.2a.1		
OG0021719		Transcript_F01E11.20.1		
OG0021720		Transcript_C01C10.2a.1		
OG0021721		Transcript_F11A6.15b.1		
OG0021722				transcript_QX1410.34932.1
OG0021723		Transcript_F56D2.4.1		
OG0021724				transcript_QX1410.37004.1
OG0021725		Transcript_F15D4.6.1		
OG0021726		Transcript_T10H4.3.1		
OG0021727				transcript_QX1410.38268.1
OG0021728	g8748.t1			
OG0021729		Transcript_Y46G5A.20.1		
OG0021730		Transcript_F41H10.12.1		
OG0021731				transcript_QX1410.7275.2
OG0021732				transcript_QX1410.38586.1
OG0021733		Transcript_F31F7.1b.1		
OG0021734				transcript_QX1410.30414.1
OG0021735		Transcript_F44B9.9.1		
OG0021736		Transcript_C09F5.1b.1		
OG0021737				transcript_QX1410.36502.1
OG0021738			Transcript_CBG26550.1	
OG0021739				transcript_QX1410.23709.1
OG0021740	g15675.t1			
OG0021741			Transcript_CBG22543.1	
OG0021742		Transcript_C39B5.10.1		
OG0021743		Transcript_T17A3.1.1		
OG0021744		Transcript_ZK384.2.1		
OG0021745	g15741.t1			
OG0021746		Transcript_C01G10.3.1		
OG0021747		Transcript_R08A2.3.1		
OG0021748			Transcript_CBG30803.1	
OG0021749		Transcript_R05F9.11.1		
OG0021750				transcript_QX1410.36299.1
OG0021751	g703.t1			
OG0021752		Transcript_ZK678.2.1		
OG0021753			Transcript_CBG29939.1	
OG0021754		Transcript_C24H12.6.1		
OG0021755		Transcript_C04F6.9.1		
OG0021756				transcript_QX1410.26749.1
OG0021757	g13759.t1			
OG0021758			Transcript_CBG30497.1	
OG0021759			Transcript_CBG25224.1	
OG0021760				transcript_QX1410.29402.1
OG0021761				transcript_QX1410.38579.1
OG0021762		Transcript_F18A12.2.1		
OG0021763		Transcript_F37C12.21.1		
OG0021764			Transcript_CBG25950.1	
OG0021765				transcript_QX1410.29236.1
OG0021766		Transcript_T22G5.1.1		
OG0021767		Transcript_Y38E10A.5.1		
OG0021768		Transcript_K08D9.2.1		
OG0021769			Transcript_CBG06715.1	
OG0021770		Transcript_T09A5.1b.1		
OG0021771		Transcript_F14H3.1.1		
OG0021772				transcript_QX1410.43674.1
OG0021773		Transcript_Y54G11A.19.1		
OG0021774				transcript_QX1410.19103.1
OG0021775		Transcript_T04C9.3.1		
OG0021776		Transcript_C32D5.14.1		
OG0021777		Transcript_C45G9.1.1		
OG0021778		Transcript_B0348.10.1		
OG0021779		Transcript_C53A5.9.1		
OG0021780				transcript_QX1410.22390.1
OG0021781		Transcript_Y41G9A.6.1		
OG0021782		Transcript_F59A6.3.1		
OG0021783			Transcript_CBG30700.1	
OG0021784		Transcript_F11D11.21.1		
OG0021785			Transcript_CBG05388.1	
OG0021786	g14570.t1			
OG0021787		Transcript_F19B10.13.1		
OG0021788		Transcript_F34D10.6b.1		
OG0021789		Transcript_M199.9.1		
OG0021790		Transcript_C45H4.17b.1		
OG0021791		Transcript_C04E7.1.1		
OG0021792		Transcript_K11D12.14.1		
OG0021793		Transcript_ZK39.2.1		
OG0021794		Transcript_AH10.2.1		
OG0021795			Transcript_CBG30353.1	
OG0021796			Transcript_CBG30797.1	
OG0021797			Transcript_CBG13362.1	
OG0021798		Transcript_Y75B7B.2.1		
OG0021799				transcript_QX1410.38553.1
OG0021800		Transcript_Y48D7A.1.1		
OG0021801			Transcript_CBG21033.1	
OG0021802				transcript_QX1410.23565.2
OG0021803				transcript_QX1410.43950.1
OG0021804		Transcript_ZK1037.3.1		
OG0021805				transcript_QX1410.36430.1
OG0021806	g15334.t1			
OG0021807				transcript_QX1410.44266.1
OG0021808		Transcript_T08G5.5a.1		
OG0021809		Transcript_C04H5.8b.1		
OG0021810				transcript_QX1410.25138.1
OG0021811				transcript_QX1410.23648.1
OG0021812		Transcript_F29A7.8.1		
OG0021813				transcript_QX1410.10446.1
OG0021814		Transcript_ZK546.19.1		
OG0021815		Transcript_Y43F8C.17.1		
OG0021816		Transcript_ZK822.5b.1		
OG0021817	g20510.t1			
OG0021818		Transcript_H38K22.5d.1		
OG0021819		Transcript_ZK757.1b.1		
OG0021820		Transcript_Y40B10A.2b.1		
OG0021821		Transcript_F56C11.2b.1		
OG0021822		Transcript_Y49E10.17a.1		
OG0021823				transcript_QX1410.13454.1
OG0021824		Transcript_H38K22.5c.1		
OG0021825		Transcript_R07B1.7.1		
OG0021826				transcript_QX1410.26380.1
OG0021827				transcript_QX1410.26540.1
OG0021828		Transcript_F46B6.13.1		
OG0021829				transcript_QX1410.41910.1
OG0021830		Transcript_T14E8.3d.1		
OG0021831		Transcript_F10D11.6b.1		
OG0021832				transcript_QX1410.4077.1
OG0021833		Transcript_B0218.8.1		
OG0021834		Transcript_C25A8.1.1		
OG0021835	g8749.t1			
OG0021836	g4189.t1			
OG0021837	g19237.t1			
OG0021838	g610.t1			
OG0021839		Transcript_B0035.22.1		
OG0021840	g17488.t1			
OG0021841		Transcript_Y38E10A.29.1		
OG0021842	g15789.t1			
OG0021843				transcript_QX1410.39154.1
OG0021844				transcript_QX1410.25965.1
OG0021845				transcript_QX1410.33592.1
OG0021846		Transcript_M151.3.1		
OG0021847		Transcript_K04F1.13.1		
OG0021848		Transcript_W03B1.4b.1		
OG0021849				transcript_QX1410.13092.1
OG0021850		Transcript_C28H8.7.1		
OG0021851		Transcript_R10E12.1b.1		
OG0021852			Transcript_CBG14703.1	
OG0021853			Transcript_CBG10242.1	
OG0021854		Transcript_B0198.2a.1		
OG0021855		Transcript_T05A8.11.1		
OG0021856			Transcript_CBG29806.1	
OG0021857		Transcript_Y76B12C.9.1		
OG0021858		Transcript_T27C10.7.1		
OG0021859			Transcript_CBG17465.1	
OG0021860				transcript_QX1410.28852.1
OG0021861		Transcript_Y105C5B.28c.1		
OG0021862		Transcript_Y113G7A.12.1		
OG0021863		Transcript_ZC8.4a.3		
OG0021864		Transcript_R09A8.9.1		
OG0021865		Transcript_F23H12.9b.1		
OG0021866				transcript_QX1410.36086.1
OG0021867		Transcript_Y95B8A.10c.1		
OG0021868	g17996.t1			
OG0021869		Transcript_F36D3.3.1		
OG0021870		Transcript_T01C4.4.1		
OG0021871				transcript_QX1410.38578.1
OG0021872			Transcript_CBG30373.1	
OG0021873				transcript_QX1410.36698.1
OG0021874		Transcript_F14D2.5.1		
OG0021875				transcript_QX1410.26286.1
OG0021876		Transcript_K08C7.4.1		
OG0021877		Transcript_C53A5.10.1		
OG0021878		Transcript_F53G2.13.1		
OG0021879		Transcript_B0524.5.1		
OG0021880	g16452.t1			
OG0021881		Transcript_F11G11.13.1		
OG0021882		Transcript_Y40C5A.4d.1		
OG0021883		Transcript_C51E3.9b.1		
OG0021884				transcript_QX1410.19427.1
OG0021885		Transcript_K07E12.2.1		
OG0021886				transcript_QX1410.38176.1
OG0021887		Transcript_C56G3.2.1		
OG0021888				transcript_QX1410.30514.1
OG0021889		Transcript_Y49F6A.12.1		
OG0021890			Transcript_CBG30087.1	
OG0021891		Transcript_Y73B6BL.14.1		
OG0021892		Transcript_F42A10.4a.1		
OG0021893		Transcript_Y73B6BL.270.1		
OG0021894		Transcript_F44G4.8b.1		
OG0021895		Transcript_Y50D4C.12.1		
OG0021896	g13492.t1			
OG0021897		Transcript_ZK675.1b.1		
OG0021898		Transcript_T09A12.8.1		
OG0021899		Transcript_C31E10.11.1		
OG0021900	g13083.t1			
OG0021901		Transcript_C45G7.1.1		
OG0021902		Transcript_T10D4.3.1		
OG0021903			Transcript_CBG30175.1	
OG0021904		Transcript_F54C4.4.1		
OG0021905		Transcript_C18B10.7.1		
OG0021906		Transcript_R10E11.6b.1		
OG0021907	g4619.t1			
OG0021908	g20016.t1			
OG0021909		Transcript_T25B2.4.1		
OG0021910		Transcript_C17A2.4.1		
OG0021911	g15119.t2			
OG0021912	g8225.t1			
OG0021913		Transcript_F19H8.1b.1		
OG0021914	g20626.t1			
OG0021915		Transcript_F53C3.7.1		
OG0021916		Transcript_K09D9.2.1		
OG0021917		Transcript_C50E3.11.1		
OG0021918		Transcript_T27A1.1.1		
OG0021919				transcript_QX1410.39658.1
OG0021920	g15150.t1			
OG0021921		Transcript_Y32G9A.1.1		
OG0021922		Transcript_T01H10.3.1		
OG0021923		Transcript_C06E2.9.1		
OG0021924		Transcript_C37H5.4.1		
OG0021925				transcript_QX1410.44320.1
OG0021926				transcript_QX1410.17492.1
OG0021927		Transcript_F48E8.1b.1		
OG0021928	g14462.t1			
OG0021929			Transcript_CBG27215.1	
OG0021930		Transcript_Y38C1AA.1d.1		
OG0021931		Transcript_Y66A7A.9.1		
OG0021932			Transcript_CBG02787.1	
OG0021933		Transcript_Y47D3B.9b.1		
OG0021934		Transcript_F33E2.6.1		
OG0021935		Transcript_F35B12.10b.1		
OG0021936		Transcript_T25G12.13.1		
OG0021937			Transcript_CBG01081.1	
OG0021938	g12060.t1			
OG0021939		Transcript_Y41D4A.2.1		
OG0021940				transcript_QX1410.34311.1
OG0021941		Transcript_F38C2.4a.1		
OG0021942				transcript_QX1410.36390.1
OG0021943	g9584.t1			
OG0021944		Transcript_R09G11.2d.1		
OG0021945		Transcript_T11F9.5.1		
OG0021946		Transcript_C09F9.3a.2		
OG0021947		Transcript_C43H6.12.1		
OG0021948		Transcript_Y92C3A.3.1		
OG0021949		Transcript_T05E12.2.1		
OG0021950			Transcript_CBG26425.1	
OG0021951		Transcript_Y59E9AR.1.1		
OG0021952				transcript_QX1410.32999.1
OG0021953		Transcript_F45C12.2.1		
OG0021954		Transcript_F56D12.6b.1		
OG0021955	g3834.t1			
OG0021956		Transcript_C29F3.3.1		
OG0021957				transcript_QX1410.30597.1
OG0021958		Transcript_C30G7.4.1		
OG0021959	g17159.t1			
OG0021960				transcript_QX1410.35072.1
OG0021961		Transcript_C44C10.15.1		
OG0021962		Transcript_C27A7.9.1		
OG0021963				transcript_QX1410.6263.1
OG0021964		Transcript_AH6.17.1		
OG0021965		Transcript_F41G4.3e.1		
OG0021966		Transcript_C08E8.2.1		
OG0021967		Transcript_T06H11.1b.1		
OG0021968		Transcript_F55E10.1.1		
OG0021969		Transcript_F21H7.9.1		
OG0021970		Transcript_Y113G7A.4b.1		
OG0021971		Transcript_ZK512.2b.1		
OG0021972			Transcript_CBG20511.1	
OG0021973		Transcript_H32C10.2b.1		
OG0021974				transcript_QX1410.40672.1
OG0021975		Transcript_Y53F4B.29.1		
OG0021976		Transcript_C09D1.1h.1		
OG0021977	g6929.t1			
OG0021978		Transcript_D1044.4.1		
OG0021979				transcript_QX1410.34366.1
OG0021980		Transcript_F55C12.2.1		
OG0021981		Transcript_F13D12.4b.1		
OG0021982		Transcript_Y51A2D.11.1		
OG0021983		Transcript_F46B3.5.1		
OG0021984		Transcript_T21H8.3.1		
OG0021985		Transcript_F23B2.12.1		
OG0021986				transcript_QX1410.38989.1
OG0021987		Transcript_T12A7.9.1		
OG0021988		Transcript_T13A10.64.1		
OG0021989				transcript_QX1410.36680.1
OG0021990		Transcript_C03D6.5.1		
OG0021991		Transcript_T13G4.7.1		
OG0021992				transcript_QX1410.40680.1
OG0021993		Transcript_T28D6.6b.1		
OG0021994		Transcript_W02A2.3b.1		
OG0021995		Transcript_F16B3.3a.1		
OG0021996	g18021.t1			
OG0021997				transcript_QX1410.25428.1
OG0021998				transcript_QX1410.11399.1
OG0021999		Transcript_W06B11.4a.1		
OG0022000		Transcript_C37H5.2.1		
OG0022001		Transcript_Y71F9B.16b.1		
OG0022002		Transcript_Y53F4B.36.1		
OG0022003		Transcript_K09H9.9.1		
OG0022004	g119.t1			
OG0022005		Transcript_F39G3.6.1		
OG0022006			Transcript_CBG31025.1	
OG0022007		Transcript_R09B5.5.1		
OG0022008		Transcript_C56G2.22.1		
OG0022009				transcript_QX1410.24637.1
OG0022010		Transcript_T21C9.12b.1		
OG0022011			Transcript_CBG30758.1	
OG0022012		Transcript_F41B5.4.1		
OG0022013				transcript_QX1410.26793.1
OG0022014		Transcript_Y57G11C.10c.1		
OG0022015		Transcript_F55A8.2d.1		
OG0022016				transcript_QX1410.22620.1
OG0022017	g10552.t1			
OG0022018		Transcript_T19D2.13a.1		
OG0022019	g3594.t1			
OG0022020		Transcript_F31D5.7.1		
OG0022021			Transcript_CBG30771.1	
OG0022022		Transcript_Y105E8B.2b.1		
OG0022023		Transcript_C43E11.6c.1		
OG0022024		Transcript_T04B2.3b.1		
OG0022025		Transcript_F52B11.6.1		
OG0022026		Transcript_C31G12.3.1		
OG0022027		Transcript_T24A6.15.1		
OG0022028		Transcript_T07D1.1a.1		
OG0022029		Transcript_F18A12.8b.1		
OG0022030		Transcript_F11D11.12.1		
OG0022031		Transcript_T21D12.11.1		
OG0022032	g6149.t1			
OG0022033				transcript_QX1410.32710.1
OG0022034		Transcript_C09E8.2b.1		
OG0022035		Transcript_Y38F1A.10f.1		
OG0022036			Transcript_CBG02340.1	
OG0022037		Transcript_F23C8.5b.1		
OG0022038			Transcript_CBG17025.1	
OG0022039				transcript_QX1410.42952.1
OG0022040		Transcript_R08H2.1.1		
OG0022041	g21130.t1			
OG0022042	g2546.t1			
OG0022043		Transcript_T06E8.2.1		
OG0022044		Transcript_T10G3.6b.1		
OG0022045	g13851.t1			
OG0022046		Transcript_M05B5.1.1		
OG0022047		Transcript_T06D4.2.1		
OG0022048				transcript_QX1410.23679.1
OG0022049				transcript_QX1410.22974.1
OG0022050	g16381.t1			
OG0022051		Transcript_Y73C8C.10.1		
OG0022052				transcript_QX1410.35452.1
OG0022053		Transcript_C39D10.1.1		
OG0022054		Transcript_Y49E10.27.1		
OG0022055	g20531.t1			
OG0022056				transcript_QX1410.36693.1
OG0022057				transcript_QX1410.34833.1
OG0022058				transcript_QX1410.39676.1
OG0022059		Transcript_Y50D7A.3b.1		
OG0022060	g16695.t1			
OG0022061			Transcript_CBG09164.1	
OG0022062	g20795.t1			
OG0022063		Transcript_F19B10.5.1		
OG0022064		Transcript_Y59H11AR.5.1		
OG0022065		Transcript_K07E8.6a.1		
OG0022066		Transcript_T01G5.4.1		
OG0022067		Transcript_C23H3.9a.1		
OG0022068	g4053.t1			
OG0022069		Transcript_Y54G2A.44.1		
OG0022070				transcript_QX1410.24754.1
OG0022071		Transcript_B0414.6.1		
OG0022072		Transcript_D2063.1.1		
OG0022073		Transcript_F57G9.4.1		
OG0022074		Transcript_F19B10.6.1		
OG0022075				transcript_QX1410.34247.3
OG0022076				transcript_QX1410.26111.2
OG0022077		Transcript_R13A1.2a.1		
OG0022078		Transcript_Y41E3.14.1		
OG0022079			Transcript_CBG22065.1	
OG0022080		Transcript_C24G7.1.1		
OG0022081		Transcript_F14D12.4i.1		
OG0022082		Transcript_ZK355.8.1		
OG0022083		Transcript_Y45F10B.59.1		
OG0022084		Transcript_C56E6.4b.1		
OG0022085		Transcript_C33F10.7b.1		
OG0022086		Transcript_C41C4.10b.1		
OG0022087				transcript_QX1410.37973.1
OG0022088		Transcript_W04A8.9.1		
OG0022089				transcript_QX1410.33369.1
OG0022090	g1519.t1			
OG0022091			Transcript_CBG31018.1	
OG0022092		Transcript_Y32B12B.6.1		
OG0022093		Transcript_R05G9.1.1		
OG0022094		Transcript_F55B11.6.1		
OG0022095		Transcript_F16B12.2.1		
OG0022096		Transcript_F32D1.7.1		
OG0022097				transcript_QX1410.38006.1
OG0022098			Transcript_CBG30377.1	
OG0022099		Transcript_C06A12.19.1		
OG0022100				transcript_QX1410.27577.1
OG0022101		Transcript_C10G11.2.1		
OG0022102	g8902.t1			
OG0022103				transcript_QX1410.32787.1
OG0022104				transcript_QX1410.42489.1
OG0022105				transcript_QX1410.36460.1
OG0022106			Transcript_CBG30172.1	
OG0022107		Transcript_F45E12.5b.1		
OG0022108		Transcript_H23N18.2.1		
OG0022109	g9058.t1			
OG0022110		Transcript_F30A10.14.1		
OG0022111		Transcript_ZK228.7.1		
OG0022112		Transcript_Y51H4A.938a.1		
OG0022113		Transcript_T16G12.8.1		
OG0022114			Transcript_CBG30938.1	
OG0022115		Transcript_T01B10.1.1		
OG0022116			Transcript_CBG30406.1	
OG0022117		Transcript_T05E12.3.1		
OG0022118		Transcript_F58G1.8.1		
OG0022119		Transcript_ZC204.2.1		
OG0022120				transcript_QX1410.27613.1
OG0022121		Transcript_C45B2.8.1		
OG0022122		Transcript_F27C1.13.1		
OG0022123		Transcript_W05B5.1f.1		
OG0022124			Transcript_CBG00626.1	
OG0022125		Transcript_T26H5.14.1		
OG0022126		Transcript_F25B4.8b.1		
OG0022127		Transcript_ZK856.19.1		
OG0022128				transcript_QX1410.29519.1
OG0022129	g1497.t1			
OG0022130		Transcript_Y17G9B.4a.1		
OG0022131		Transcript_F07C6.4a.1		
OG0022132	g16632.t1			
OG0022133				transcript_QX1410.13167.1
OG0022134	g15340.t1			
OG0022135		Transcript_F07G6.5.1		
OG0022136		Transcript_T28F4.8.1		
OG0022137			Transcript_CBG22241.1	
OG0022138				transcript_QX1410.25436.2
OG0022139			Transcript_CBG30217.1	
OG0022140		Transcript_F55G7.3.1		
OG0022141		Transcript_K04F10.4c.1		
OG0022142		Transcript_T18D3.3b.1		
OG0022143			Transcript_CBG30199.1	
OG0022144		Transcript_Y59A8B.22a.1		
OG0022145	g13911.t1			
OG0022146				transcript_QX1410.31565.1
OG0022147				transcript_QX1410.13095.1
OG0022148		Transcript_K07F5.7.1		
OG0022149		Transcript_F56D12.1d.1		
OG0022150		Transcript_C28D4.18.1		
OG0022151		Transcript_F10C1.8.1		
OG0022152				transcript_QX1410.38908.1
OG0022153		Transcript_T20B3.13.1		
OG0022154	g10007.t1			
OG0022155		Transcript_Y66H1B.2p.1		
OG0022156		Transcript_Y64G10A.10a.1		
OG0022157				transcript_QX1410.43986.1
OG0022158		Transcript_K02E7.12.1		
OG0022159				transcript_QX1410.29462.1
OG0022160			Transcript_CBG26771.1	
OG0022161				transcript_QX1410.33040.1
OG0022162		Transcript_H12D21.10b.1		
OG0022163		Transcript_C03B1.17.1		
OG0022164		Transcript_K08D8.9.1		
OG0022165		Transcript_W07E6.3c.1		
OG0022166				transcript_QX1410.8986.1
OG0022167				transcript_QX1410.36988.1
OG0022168				transcript_QX1410.31185.1
OG0022169		Transcript_ZC21.10.1		
OG0022170				transcript_QX1410.37785.1
OG0022171			Transcript_CBG30011.1	
OG0022172			Transcript_CBG29777.1	
OG0022173		Transcript_Y76A2A.2b.1		
OG0022174		Transcript_M04B2.5c.1		
OG0022175	g15061.t1			
OG0022176		Transcript_Y54G2A.12.1		
OG0022177	g12378.t1			
OG0022178				transcript_QX1410.28912.1
OG0022179				transcript_QX1410.31518.1
OG0022180				transcript_QX1410.38673.1
OG0022181		Transcript_Y75B12B.4.1		
OG0022182				transcript_QX1410.40527.1
OG0022183		Transcript_ZK6.7d.1		
OG0022184	g6913.t1			
OG0022185				transcript_QX1410.40943.1
OG0022186			Transcript_CBG25594.1	
OG0022187				transcript_QX1410.18412.1
OG0022188	g20866.t1			
OG0022189				transcript_QX1410.975.1
OG0022190		Transcript_Y71H2AL.4.1		
OG0022191			Transcript_CBG30222.1	
OG0022192			Transcript_CBG07101.1	
OG0022193		Transcript_K01A6.7.1		
OG0022194		Transcript_Y43C5B.2.1		
OG0022195	g15870.t1			
OG0022196		Transcript_ZC518.8a.1		
OG0022197	g10294.t1			
OG0022198			Transcript_CBG19378.1	
OG0022199	g140.t1			
OG0022200	g20523.t1			
OG0022201				transcript_QX1410.32087.2
OG0022202	g18588.t1			
OG0022203		Transcript_F02D10.3.1		
OG0022204		Transcript_F45D11.5.1		
OG0022205		Transcript_Y56A3A.1b.1		
OG0022206		Transcript_C35E7.1.1		
OG0022207		Transcript_Y39A1A.11b.1		
OG0022208		Transcript_T01G6.3.1		
OG0022209		Transcript_Y17D7B.10.1		
OG0022210		Transcript_C49G7.8.1		
OG0022211		Transcript_T09F5.2.1		
OG0022212	g20792.t1			
OG0022213				transcript_QX1410.32721.1
OG0022214		Transcript_Y24D9A.6.1		
OG0022215		Transcript_F09C6.8.1		
OG0022216		Transcript_W10G11.5.1		
OG0022217		Transcript_F20B6.10a.1		
OG0022218		Transcript_Y97E10C.1.1		
OG0022219		Transcript_C32C4.16.1		
OG0022220			Transcript_CBG29822.1	
OG0022221	g18544.t1			
OG0022222		Transcript_ZC15.6.1		
OG0022223		Transcript_C49C8.8.1		
OG0022224		Transcript_C09D1.1e.1		
OG0022225		Transcript_D2063.2.1		
OG0022226				transcript_QX1410.35244.1
OG0022227		Transcript_F15D3.2.1		
OG0022228		Transcript_B0336.11b.1		
OG0022229		Transcript_F17C11.12b.1		
OG0022230		Transcript_F20D12.12.1		
OG0022231	g18385.t1			
OG0022232		Transcript_Y38F1A.10a.1		
OG0022233	g2179.t1			
OG0022234		Transcript_F30A10.15.1		
OG0022235		Transcript_C03H5.4a.1		
OG0022236		Transcript_ZK218.6.1		
OG0022237		Transcript_C37C3.18b.1		
OG0022238		Transcript_C54F6.19.1		
OG0022239		Transcript_C35A5.11b.1		
OG0022240		Transcript_F47D2.1a.1		
OG0022241				transcript_QX1410.39162.1
OG0022242		Transcript_F42E8.1.1		
OG0022243		Transcript_F25H9.7b.1		
OG0022244				transcript_QX1410.11494.1
OG0022245		Transcript_C18A3.9.1		
OG0022246		Transcript_ZK721.3.1		
OG0022247		Transcript_T07A5.3.1		
OG0022248				transcript_QX1410.24951.1
OG0022249		Transcript_R02F2.6.1		
OG0022250		Transcript_F56H6.8.1		
OG0022251				transcript_QX1410.41830.1
OG0022252				transcript_QX1410.41959.1
OG0022253		Transcript_F53F10.2d.1		
OG0022254		Transcript_W02D9.7.1		
OG0022255		Transcript_T06C12.1.1		
OG0022256		Transcript_C24G6.13b.1		
OG0022257		Transcript_Y71G12B.2.1		
OG0022258	g20717.t1			
OG0022259		Transcript_C53C7.3.1		
OG0022260		Transcript_T21H3.1b.1		
OG0022261			Transcript_CBG07835.1	
OG0022262		Transcript_Y77E11A.6b.1		
OG0022263		Transcript_H15N14.2a.1		
OG0022264		Transcript_T04D3.8.1		
OG0022265			Transcript_CBG30182.1	
OG0022266		Transcript_Y73B6BL.30b.1		
OG0022267		Transcript_C39E9.5.1		
OG0022268			Transcript_CBG29819.1	
OG0022269				transcript_QX1410.33487.1
OG0022270		Transcript_ZK112.5.1		
OG0022271		Transcript_T27B7.2.1		
OG0022272				transcript_QX1410.42469.1
OG0022273		Transcript_T06H11.1a.1		
OG0022274		Transcript_F08B6.4b.1		
OG0022275		Transcript_T08G5.5b.1		
OG0022276		Transcript_Y41E3.8b.1		
OG0022277		Transcript_Y39B6A.69.1		
OG0022278		Transcript_F10G2.3.1		
OG0022279				transcript_QX1410.35515.1
OG0022280			Transcript_CBG30560.1	
OG0022281			Transcript_CBG29832.1	
OG0022282				transcript_QX1410.37230.1
OG0022283	g15056.t1			
OG0022284		Transcript_F11E6.10b.1		
OG0022285		Transcript_C33E10.10.1		
OG0022286				transcript_QX1410.31626.1
OG0022287		Transcript_Y60A3A.13b.1		
OG0022288		Transcript_F44D12.9b.1		
OG0022289		Transcript_F12E12.1.1		
OG0022290		Transcript_B0554.1.1		
OG0022291		Transcript_W02D9.9.1		
OG0022292		Transcript_R06B10.4a.1		
OG0022293		Transcript_Y54F10BM.3.1		
OG0022294	g11888.t1			
OG0022295			Transcript_CBG09916.1	
OG0022296	g14244.t1			
OG0022297			Transcript_CBG26370b.1	
OG0022298		Transcript_C03G6.14.1		
OG0022299			Transcript_CBG30455.1	
OG0022300			Transcript_CBG12251.1	
OG0022301		Transcript_F52E1.3.1		
OG0022302				transcript_QX1410.31909.1
OG0022303		Transcript_F17E9.7.1		
OG0022304	g972.t1			
OG0022305				transcript_QX1410.33466.1
OG0022306		Transcript_F31D5.6.1		
OG0022307			Transcript_CBG30235.1	
OG0022308				transcript_QX1410.24945.1
OG0022309		Transcript_T05E8.2.1		
OG0022310		Transcript_T24A6.18.1		
OG0022311				transcript_QX1410.40631.1
OG0022312			Transcript_CBG29798.1	
OG0022313		Transcript_F59A1.3.1		
OG0022314			Transcript_CBG30479.1	
OG0022315		Transcript_W02A11.8.1		
OG0022316				transcript_QX1410.34292.1
OG0022317		Transcript_Y38H6C.18.1		
OG0022318				transcript_QX1410.16394.1
OG0022319	g1423.t1			
OG0022320	g2656.t1			
OG0022321		Transcript_F14D12.4c.1		
OG0022322				transcript_QX1410.35803.1
OG0022323		Transcript_D1086.17.1		
OG0022324		Transcript_F11G11.1.1		
OG0022325		Transcript_ZC477.4.1		
OG0022326		Transcript_F55A12.9b.1		
OG0022327		Transcript_F19B6.1c.1		
OG0022328		Transcript_F54H12.4.1		
OG0022329		Transcript_F17A2.16.1		
OG0022330			Transcript_CBG21073.1	
OG0022331		Transcript_F49E11.6.1		
OG0022332		Transcript_C06A5.9.1		
OG0022333		Transcript_Y57A10C.8.1		
OG0022334				transcript_QX1410.41624.1
OG0022335		Transcript_C05G5.7.1		
OG0022336		Transcript_T10B5.5b.1		
OG0022337		Transcript_C08F8.1b.1		
OG0022338		Transcript_T22F3.4b.1		
OG0022339			Transcript_CBG31497.1	
OG0022340		Transcript_ZK593.6b.1		
OG0022341		Transcript_F32F2.4.1		
OG0022342		Transcript_B0261.8.1		
OG0022343		Transcript_T07H3.6.1		
OG0022344				transcript_QX1410.27473.1
OG0022345			Transcript_CBG05162.1	
OG0022346		Transcript_F22H10.2.1		
OG0022347		Transcript_Y92C3B.2b.1		
OG0022348	g14824.t1			
OG0022349		Transcript_M163.5.1		
OG0022350				transcript_QX1410.22296.1
OG0022351		Transcript_Y64G10A.2.1		
OG0022352	g15135.t1			
OG0022353		Transcript_D1025.1.1		
OG0022354			Transcript_CBG27421.1	
OG0022355		Transcript_F13E9.19.1		
OG0022356		Transcript_Y62H9A.11.1		
OG0022357			Transcript_CBG24329.1	
OG0022358	g19918.t1			
OG0022359		Transcript_H28G03.3.1		
OG0022360		Transcript_K10B2.2b.1		
OG0022361				transcript_QX1410.33642.1
OG0022362				transcript_QX1410.18788.1
OG0022363		Transcript_Y47C4A.1.1		
OG0022364	g14459.t1			
OG0022365		Transcript_F01G4.2b.1		
OG0022366				transcript_QX1410.19927.1
OG0022367				transcript_QX1410.32221.1
OG0022368		Transcript_F53B6.13.1		
OG0022369		Transcript_D1044.2b.1		
OG0022370			Transcript_CBG02337.1	
OG0022371	g17611.t1			
OG0022372		Transcript_M57.2b.1		
OG0022373		Transcript_Y119D3B.21.1		
OG0022374		Transcript_C31H1.6c.1		
OG0022375		Transcript_Y37E11AL.7b.1		
OG0022376		Transcript_Y75B12B.13.1		
OG0022377		Transcript_K10D6.2c.1		
OG0022378		Transcript_Y41G9A.4a.1		
OG0022379	g17266.t1			
OG0022380				transcript_QX1410.23167.1
OG0022381				transcript_QX1410.30499.1
OG0022382		Transcript_Y69A2AR.46.1		
OG0022383			Transcript_CBG19558.1	
OG0022384		Transcript_C07G3.9b.1		
OG0022385	g6163.t1			
OG0022386		Transcript_K06C4.8.1		
OG0022387		Transcript_Y17D7B.4.1		
OG0022388				transcript_QX1410.35862.1
OG0022389			Transcript_CBG11332.1	
OG0022390				transcript_QX1410.24171.2
OG0022391			Transcript_CBG30481.1	
OG0022392				transcript_QX1410.30501.1
OG0022393		Transcript_H04J21.4.1		
OG0022394		Transcript_H25K10.1.1		
OG0022395		Transcript_F09C6.9.1		
OG0022396		Transcript_F46A8.7.1		
OG0022397		Transcript_F55E10.2.1		
OG0022398		Transcript_K07A1.4.1		
OG0022399		Transcript_Y57G11C.1142.1		
OG0022400				transcript_QX1410.25344.1
OG0022401		Transcript_Y39B6A.34b.1		
OG0022402		Transcript_T04D3.3b.1		
OG0022403		Transcript_F46H5.5.1		
OG0022404		Transcript_Y105C5A.24.1		
OG0022405			Transcript_CBG08817.1	
OG0022406		Transcript_Y43F8B.22.1		
OG0022407			Transcript_CBG30721.1	
OG0022408		Transcript_C05C9.3.1		
OG0022409		Transcript_F54D10.7.1		
OG0022410			Transcript_CBG27250.1	
OG0022411		Transcript_ZK1248.7.1		
OG0022412		Transcript_F29F11.20.1		
OG0022413		Transcript_F48F5.6b.1		
OG0022414		Transcript_F08C6.18.1		
OG0022415				transcript_QX1410.17346.3
OG0022416		Transcript_F39E9.14.1		
OG0022417		Transcript_F09C6.13.1		
OG0022418		Transcript_H28G03.1b.1		
OG0022419		Transcript_F40F9.6c.1		
OG0022420			Transcript_CBG30441.1	
OG0022421		Transcript_Y108F1.5.1		
OG0022422		Transcript_F17A2.5.1		
OG0022423		Transcript_ZK792.12.1		
OG0022424		Transcript_T01G6.10.1		
OG0022425		Transcript_E01A2.7.1		
OG0022426		Transcript_T03F1.10.1		
OG0022427		Transcript_C09E8.6.1		
OG0022428		Transcript_F54E4.1b.1		
OG0022429		Transcript_F57H12.7b.1		
OG0022430		Transcript_F12E12.4.1		
OG0022431		Transcript_ZC142.2.1		
OG0022432			Transcript_CBG29877.1	
OG0022433		Transcript_C14C6.6.1		
OG0022434		Transcript_Y53F4B.11b.1		
OG0022435	g7768.t1			
OG0022436			Transcript_CBG21454.1	
OG0022437		Transcript_E04D5.4a.1		
OG0022438			Transcript_CBG27796.1	
OG0022439		Transcript_ZK185.4b.1		
OG0022440		Transcript_Y38F2AL.3b.1		
OG0022441				transcript_QX1410.1437.1
OG0022442		Transcript_F01F1.8b.1		
OG0022443		Transcript_C39B10.3.1		
OG0022444			Transcript_CBG30363.1	
OG0022445		Transcript_Y92C3B.1.1		
OG0022446				transcript_QX1410.30538.1
OG0022447		Transcript_ZC317.4.1		
OG0022448		Transcript_Y105E8A.12b.1		
OG0022449		Transcript_R13H7.2b.1		
OG0022450	g18797.t1			
OG0022451		Transcript_F27C8.4b.1		
OG0022452		Transcript_Y73E7A.7b.1		
OG0022453		Transcript_Y40H7A.11.1		
OG0022454		Transcript_R12A1.3b.1		
OG0022455		Transcript_C04C11.25.1		
OG0022456		Transcript_F56B3.12.1		
OG0022457			Transcript_CBG30334.1	
OG0022458			Transcript_CBG12648.2	
OG0022459	g15128.t1			
OG0022460		Transcript_F39G3.1.1		
OG0022461		Transcript_PDB1.1b.1		
OG0022462		Transcript_F44B9.1c.1		
OG0022463		Transcript_F09C6.16.1		
OG0022464				transcript_QX1410.23257.1
OG0022465		Transcript_ZC97.1b.1		
OG0022466	g19933.t1			
OG0022467				transcript_QX1410.1688.1
OG0022468		Transcript_F21A10.1c.1		
OG0022469				transcript_QX1410.8357.2
OG0022470		Transcript_Y105C5B.1418.1		
OG0022471		Transcript_F44G3.5.1		
OG0022472		Transcript_F54F7.14.1		
OG0022473			Transcript_CBG10178.1	
OG0022474		Transcript_C13D9.6.1		
OG0022475		Transcript_ZK105.1.1		
OG0022476	g12115.t1			
OG0022477			Transcript_CBG06087.1	
OG0022478				transcript_QX1410.27532.1
OG0022479		Transcript_Y60A3A.21b.1		
OG0022480		Transcript_F13C5.6a.1		
OG0022481			Transcript_CBG27990.1	
OG0022482			Transcript_CBG15115.1	
OG0022483			Transcript_CBG11901.1	
OG0022484		Transcript_C28G1.10.1		
OG0022485				transcript_QX1410.39546.1
OG0022486		Transcript_T01G6.5.1		
OG0022487				transcript_QX1410.41251.1
OG0022488				transcript_QX1410.33605.1
OG0022489			Transcript_CBG09551.1	
OG0022490		Transcript_D1046.5b.1		
OG0022491				transcript_QX1410.17030.1
OG0022492	g11734.t1			
OG0022493	g8062.t1			
OG0022494				transcript_QX1410.23337.1
OG0022495		Transcript_F56H6.6.1		
OG0022496			Transcript_CBG30267.1	
OG0022497	g4727.t1			
OG0022498		Transcript_C46H11.6.1		
OG0022499		Transcript_Y32F6B.9.1		
OG0022500		Transcript_F28B3.7b.1		
OG0022501		Transcript_C55B6.1b.1		
OG0022502		Transcript_F44D12.19.1		
OG0022503			Transcript_CBG30195.1	
OG0022504		Transcript_Y7A5A.5.1		
OG0022505			Transcript_CBG13680.1	
OG0022506	g17926.t1			
OG0022507		Transcript_Y56A3A.30.1		
OG0022508			Transcript_CBG24897.2	
OG0022509		Transcript_ZK899.7.1		
OG0022510				transcript_QX1410.8499.1
OG0022511	g13816.t1			
OG0022512		Transcript_R01H2.1.1		
OG0022513		Transcript_W02D3.13b.1		
OG0022514		Transcript_F33D11.4b.1		
OG0022515		Transcript_F19G12.5.1		
OG0022516				transcript_QX1410.22567.1
OG0022517		Transcript_F39F10.5.1		
OG0022518				transcript_QX1410.28412.1
OG0022519		Transcript_Y51F10.15.1		
OG0022520		Transcript_F14D7.5b.1		
OG0022521		Transcript_B0432.12.1		
OG0022522		Transcript_Y25C1A.2.1		
OG0022523			Transcript_CBG29838.1	
OG0022524		Transcript_T05A8.2.1		
OG0022525		Transcript_H19N07.1b.1		
OG0022526		Transcript_K03A11.1.1		
OG0022527				transcript_QX1410.39854.1
OG0022528		Transcript_Y75B8A.37.1		
OG0022529		Transcript_ZK938.12.1		
OG0022530				transcript_QX1410.27004.1
OG0022531		Transcript_C08E3.3.1		
OG0022532				transcript_QX1410.35792.1
OG0022533	g16479.t1			
OG0022534		Transcript_Y94A7B.11.1		
OG0022535		Transcript_Y64G10A.7e.1		
OG0022536			Transcript_CBG09200.1	
OG0022537		Transcript_Y51A2D.1a.1		
OG0022538		Transcript_C09H10.1.1		
OG0022539				transcript_QX1410.41867.1
OG0022540		Transcript_H03A11.13.1		
OG0022541		Transcript_K01D12.11.1		
OG0022542		Transcript_C06H5.6b.1		
OG0022543			Transcript_CBG04198.1	
OG0022544		Transcript_R160.2.1		
OG0022545				transcript_QX1410.6934.1
OG0022546			Transcript_CBG25105.1	
OG0022547		Transcript_Y66H1B.2t.1		
OG0022548		Transcript_EGAP9.2.1		
OG0022549				transcript_QX1410.23330.1
OG0022550		Transcript_T28A11.11.1		
OG0022551			Transcript_CBG29983.1	
OG0022552		Transcript_K10B4.2.1		
OG0022553		Transcript_Y54G2A.13.1		
OG0022554		Transcript_C53H9.4.1		
OG0022555		Transcript_K04G7.3b.1		
OG0022556			Transcript_CBG30381.1	
OG0022557	g18754.t1			
OG0022558		Transcript_B0336.12.1		
OG0022559		Transcript_T01B11.5b.1		
OG0022560		Transcript_F39G3.4.1		
OG0022561			Transcript_CBG30383a.1	
OG0022562		Transcript_C56A3.7c.1		
OG0022563	g16977.t1			
OG0022564		Transcript_Y75B12B.3.1		
OG0022565			Transcript_CBG25270.1	
OG0022566		Transcript_F23B2.3.1		
OG0022567			Transcript_CBG25014.1	
OG0022568		Transcript_C56E6.7.1		
OG0022569		Transcript_ZK896.9b.1		
OG0022570		Transcript_Y26D4A.3.1		
OG0022571				transcript_QX1410.29909.1
OG0022572			Transcript_CBG24420.1	
OG0022573		Transcript_C48A7.16.1		
OG0022574		Transcript_F36G9.8.1		
OG0022575				transcript_QX1410.14228.1
OG0022576		Transcript_Y82E9BR.16b.1		
OG0022577			Transcript_CBG30742.1	
OG0022578		Transcript_W02A11.5.1		
OG0022579			Transcript_CBG29800.1	
OG0022580		Transcript_Y51H1A.3b.1		
OG0022581			Transcript_CBG30080.1	
OG0022582		Transcript_T22B2.5.1		
OG0022583		Transcript_Y37A1B.2b.1		
OG0022584	g20271.t1			
OG0022585		Transcript_C39B10.4.1		
OG0022586		Transcript_F53B6.9.1		
OG0022587				transcript_QX1410.30451.1
OG0022588		Transcript_T05E12.9.1		
OG0022589		Transcript_C01A2.6.1		
OG0022590				transcript_QX1410.26487.1
OG0022591		Transcript_F09F7.2b.1		
OG0022592		Transcript_F19D8.1c.1		
OG0022593				transcript_QX1410.40427.1
OG0022594		Transcript_F08H9.3.1		
OG0022595		Transcript_T07C12.13.1		
OG0022596				transcript_QX1410.25523.1
OG0022597		Transcript_M03C11.9.1		
OG0022598		Transcript_F49H6.17.1		
OG0022599				transcript_QX1410.3765.1
OG0022600				transcript_QX1410.24124.2
OG0022601		Transcript_K08D10.13.1		
OG0022602		Transcript_C37E2.10.1		
OG0022603		Transcript_Y47D7A.3.1		
OG0022604		Transcript_W09C2.10.1		
OG0022605		Transcript_D2021.2b.1		
OG0022606		Transcript_T07A5.6c.1		
OG0022607				transcript_QX1410.36967.1
OG0022608			Transcript_CBG24342.1	
OG0022609		Transcript_W09G3.8b.1		
OG0022610				transcript_QX1410.18761.1
OG0022611		Transcript_E03H4.12.1		
OG0022612	g16405.t1			
OG0022613			Transcript_CBG06487.1	
OG0022614				transcript_QX1410.2156.3
OG0022615		Transcript_C09H10.7.1		
OG0022616		Transcript_B0564.2b.1		
OG0022617			Transcript_CBG10280.1	
OG0022618		Transcript_C35C5.4b.1		
OG0022619		Transcript_C27D6.8.1		
OG0022620	g8599.t1			
OG0022621				transcript_QX1410.40937.1
OG0022622		Transcript_Y43F4B.5b.1		
OG0022623		Transcript_W10G11.16c.1		
OG0022624		Transcript_F32B5.4.1		
OG0022625				transcript_QX1410.28110.1
OG0022626		Transcript_K09F6.11.1		
OG0022627				transcript_QX1410.25111.1
OG0022628		Transcript_Y73F8A.25f.1		
OG0022629			Transcript_CBG07228.1	
OG0022630			Transcript_CBG30057.1	
OG0022631				transcript_QX1410.24346.1
OG0022632			Transcript_CBG18661.1	
OG0022633				transcript_QX1410.30271.1
OG0022634		Transcript_H23N18.4.1		
OG0022635				transcript_QX1410.8816.1
OG0022636	g8090.t1			
OG0022637		Transcript_K08C7.3d.1		
OG0022638		Transcript_B0250.7b.1		
OG0022639				transcript_QX1410.34782.1
OG0022640		Transcript_Y38C1AA.1b.1		
OG0022641		Transcript_T01D1.5.1		
OG0022642			Transcript_CBG30419.1	
OG0022643				transcript_QX1410.19848.1
OG0022644		Transcript_R193.6.1		
OG0022645		Transcript_W08A12.4.1		
OG0022646		Transcript_C14C10.10.1		
OG0022647		Transcript_R11G11.7.1		
OG0022648				transcript_QX1410.29237.1
OG0022649		Transcript_T20H4.3b.1		
OG0022650		Transcript_Y80D4G.2.1		
OG0022651		Transcript_F19B10.2.1		
OG0022652		Transcript_Y51H7C.8.1		
OG0022653				transcript_QX1410.34289.1
OG0022654		Transcript_C01B10.6d.1		
OG0022655		Transcript_C44B11.6.1		
OG0022656		Transcript_ZC123.4c.1		
OG0022657		Transcript_M02H5.2.1		
OG0022658		Transcript_Y7A5A.24.1		
OG0022659		Transcript_M79.1d.1		
OG0022660		Transcript_K08B12.5c.1		
OG0022661		Transcript_F11G11.9.1		
OG0022662	g16037.t1			
OG0022663		Transcript_F08H9.2.1		
OG0022664		Transcript_F43H9.1b.1		
OG0022665				transcript_QX1410.40845.1
OG0022666		Transcript_ZK384.1.1		
OG0022667				transcript_QX1410.37323.1
OG0022668		Transcript_T24B8.3c.1		
OG0022669			Transcript_CBG25983.1	
OG0022670		Transcript_T08A9.10.1		
OG0022671		Transcript_Y18D10A.4.1		
OG0022672		Transcript_T22H2.4.1		
OG0022673		Transcript_K05F1.7.1		
OG0022674			Transcript_CBG29817.1	
OG0022675			Transcript_CBG11893.1	
OG0022676				transcript_QX1410.32849.1
OG0022677		Transcript_K06H6.3.1		
OG0022678	g7165.t1			
OG0022679		Transcript_C33G8.12.1		
OG0022680		Transcript_Y105E8A.7e.1		
OG0022681		Transcript_F02D8.9.1		
OG0022682		Transcript_R10E12.1d.1		
OG0022683		Transcript_W09G10.9.1		
OG0022684			Transcript_CBG27610.1	
OG0022685		Transcript_C27A7.1a.1		
OG0022686		Transcript_W02A2.2.1		
OG0022687		Transcript_C30A5.16.1		
OG0022688				transcript_QX1410.41869.2
OG0022689		Transcript_T24E12.3.1		
OG0022690		Transcript_F55A12.4b.1		
OG0022691			Transcript_CBG05131.1	
OG0022692		Transcript_Y38E10A.25.1		
OG0022693				transcript_QX1410.22878.1
OG0022694		Transcript_F53C3.8.1		
OG0022695			Transcript_CBG11797.1	
OG0022696	g11610.t1			
OG0022697				transcript_QX1410.35056.1
OG0022698		Transcript_T15D6.7.1		
OG0022699		Transcript_F59B2.14.1		
OG0022700		Transcript_F07C6.4e.1		
OG0022701				transcript_QX1410.25546.1
OG0022702		Transcript_W07A12.6.1		
OG0022703				transcript_QX1410.30443.1
OG0022704		Transcript_K02A6.1.1		
OG0022705				transcript_QX1410.37701.1
OG0022706		Transcript_F35C5.7.1		
OG0022707				transcript_QX1410.19307.1
OG0022708		Transcript_Y116A8C.49.1		
OG0022709			Transcript_CBG30780.1	
OG0022710		Transcript_T05A7.4.1		
OG0022711				transcript_QX1410.25604.1
OG0022712	g2284.t2			
OG0022713		Transcript_F27E5.9.1		
OG0022714		Transcript_F35E8.1.1		
OG0022715		Transcript_R144.10.1		
OG0022716			Transcript_CBG09440.1	
OG0022717		Transcript_Y39B6A.22.1		
OG0022718		Transcript_K08E7.7a.1		
OG0022719				transcript_QX1410.36996.1
OG0022720	g5121.t1			
OG0022721				transcript_QX1410.34322.1
OG0022722			Transcript_CBG26977.1	
OG0022723		Transcript_Y50D4A.6b.1		
OG0022724				transcript_QX1410.37737.1
OG0022725				transcript_QX1410.39179.1
OG0022726				transcript_QX1410.40039.1
OG0022727	g19685.t1			
OG0022728	g18335.t1			
OG0022729		Transcript_R12B2.1b.1		
OG0022730		Transcript_E04D5.1b.1		
OG0022731		Transcript_D1046.18.1		
OG0022732		Transcript_C24B9.1.1		
OG0022733		Transcript_R57.1b.1		
OG0022734			Transcript_CBG08016.1	
OG0022735	g4006.t1			
OG0022736		Transcript_Y94H6A.2.1		
OG0022737				transcript_QX1410.24780.2
OG0022738		Transcript_K04H4.1a.1		
OG0022739		Transcript_F45H10.1b.1		
OG0022740				transcript_QX1410.37273.1
OG0022741		Transcript_T25D10.5.1		
OG0022742		Transcript_K06H6.1.1		
OG0022743			Transcript_CBG30736.1	
OG0022744		Transcript_F48D6.4b.1		
OG0022745	g2367.t1			
OG0022746		Transcript_Y54G2A.72.1		
OG0022747		Transcript_C27H5.4c.1		
OG0022748				transcript_QX1410.43807.1
OG0022749		Transcript_C17H12.13b.1		
OG0022750	g19738.t1			
OG0022751		Transcript_C04C3.9.1		
OG0022752				transcript_QX1410.26957.1
OG0022753		Transcript_R03D7.6c.1		
OG0022754				transcript_QX1410.19743.1
OG0022755		Transcript_W02B3.3.1		
OG0022756				transcript_QX1410.33184.1
OG0022757		Transcript_F55H2.8.1		
OG0022758			Transcript_CBG26135.1	
OG0022759	g16588.t1			
OG0022760		Transcript_D1007.15c.1		
OG0022761				transcript_QX1410.42518.1
OG0022762				transcript_QX1410.36993.1
OG0022763		Transcript_F31F4.6.1		
OG0022764				transcript_QX1410.23719.1
OG0022765		Transcript_F54D11.4.1		
OG0022766		Transcript_C18H7.9.1		
OG0022767		Transcript_C14E2.6.1		
OG0022768		Transcript_K10D3.3.1		
OG0022769		Transcript_T13F2.1b.1		
OG0022770	g315.t1			
OG0022771				transcript_QX1410.12940.1
OG0022772		Transcript_F41H10.6a.1		
OG0022773		Transcript_C14E2.3.1		
OG0022774		Transcript_Y80D3A.3.1		
OG0022775				transcript_QX1410.42305.1
OG0022776		Transcript_F55A12.6.1		
OG0022777		Transcript_C55A1.6.1		
OG0022778	g2499.t1			
OG0022779		Transcript_C49F8.14.1		
OG0022780	g1788.t1			
OG0022781				transcript_QX1410.31151.1
OG0022782				transcript_QX1410.41741.1
OG0022783		Transcript_M163.10.1		
OG0022784				transcript_QX1410.24997.1
OG0022785				transcript_QX1410.36648.1
OG0022786			Transcript_CBG00808.1	
OG0022787				transcript_QX1410.34700.1
OG0022788	g5687.t1			
OG0022789				transcript_QX1410.39921.1
OG0022790				transcript_QX1410.43660.1
OG0022791			Transcript_CBG26474.1	
OG0022792		Transcript_H25K10.5.1		
OG0022793		Transcript_F08A10.2.1		
OG0022794		Transcript_Y51H4A.9.1		
OG0022795				transcript_QX1410.33266.1
OG0022796			Transcript_CBG25551.1	
OG0022797		Transcript_Y113G7B.28.1		
OG0022798		Transcript_C49H3.12b.1		
OG0022799		Transcript_F53A2.2.1		
OG0022800				transcript_QX1410.6302.1
OG0022801		Transcript_Y94H6A.5b.1		
OG0022802	g17374.t1			
OG0022803		Transcript_F40H6.1.1		
OG0022804		Transcript_Y23H5B.9.1		
OG0022805		Transcript_K02D10.3.1		
OG0022806		Transcript_C09B9.6.1		
OG0022807			Transcript_CBG26378.1	
OG0022808		Transcript_ZC53.1.1		
OG0022809		Transcript_Y73B3A.8.1		
OG0022810			Transcript_CBG26500.1	
OG0022811				transcript_QX1410.31321.1
OG0022812		Transcript_Y37D8A.8.1		
OG0022813			Transcript_CBG26114.1	
OG0022814		Transcript_Y32G9A.12.1		
OG0022815	g1173.t1			
OG0022816		Transcript_M04D5.1.1		
OG0022817				transcript_QX1410.8343.1
OG0022818			Transcript_CBG18509.1	
OG0022819		Transcript_F20C5.5.1		
OG0022820		Transcript_ZC443.7.1		
OG0022821				transcript_QX1410.33545.1
OG0022822		Transcript_M199.136.1		
OG0022823		Transcript_F17B5.6.1		
OG0022824	g10293.t1			
OG0022825		Transcript_Y46D2A.3.1		
OG0022826		Transcript_C34C12.2.1		
OG0022827		Transcript_C03G6.19.1		
OG0022828				transcript_QX1410.22578.1
OG0022829		Transcript_T12G3.2e.1		
OG0022830	g18496.t1			
OG0022831		Transcript_C34D4.11b.1		
OG0022832			Transcript_CBG08331.1	
OG0022833		Transcript_F22F4.4.1		
OG0022834		Transcript_C52B9.7b.1		
OG0022835		Transcript_C17F4.12.1		
OG0022836		Transcript_F39C12.3a.1		
OG0022837		Transcript_C07G2.5.1		
OG0022838		Transcript_F09C6.14.1		
OG0022839				transcript_QX1410.24387.1
OG0022840		Transcript_C46E10.1.1		
OG0022841				transcript_QX1410.37579.1
OG0022842		Transcript_H01G02.3c.1		
OG0022843		Transcript_C06E4.1.1		
OG0022844				transcript_QX1410.9435.1
OG0022845				transcript_QX1410.9099.1
OG0022846				transcript_QX1410.31775.3
OG0022847				transcript_QX1410.36172.1
OG0022848	g15375.t1			
OG0022849		Transcript_C16A11.1b.1		
OG0022850		Transcript_F54E4.1h.1		
OG0022851				transcript_QX1410.32992.1
OG0022852		Transcript_R07C3.1.1		
OG0022853		Transcript_F39H2.2b.1		
OG0022854				transcript_QX1410.17219.1
OG0022855	g20757.t1			
OG0022856		Transcript_F13H8.1a.1		
OG0022857		Transcript_T26H2.7.1		
OG0022858				transcript_QX1410.34498.1
OG0022859	g17421.t1			
OG0022860		Transcript_K06A9.1b.1		
OG0022861				transcript_QX1410.38044.1
OG0022862				transcript_QX1410.40979.1
OG0022863				transcript_QX1410.25370.1
OG0022864		Transcript_F48E8.1c.1		
OG0022865				transcript_QX1410.38160.1
OG0022866				transcript_QX1410.40812.1
OG0022867			Transcript_CBG15690.1	
OG0022868		Transcript_Y110A7A.9b.3		
OG0022869		Transcript_T08G5.5c.1		
OG0022870		Transcript_C05B10.1a.1		
OG0022871		Transcript_F47G3.3.1		
OG0022872		Transcript_F32H5.7d.1		
OG0022873	g14404.t1			
OG0022874				transcript_QX1410.2149.1
OG0022875		Transcript_Y71F9AL.5.1		
OG0022876	g8137.t1			
OG0022877				transcript_QX1410.43766.1
OG0022878	g3352.t1			
OG0022879		Transcript_C04F12.16.1		
OG0022880		Transcript_C17C3.9.1		
OG0022881		Transcript_C39B10.6a.1		
OG0022882	g15471.t1			
OG0022883				transcript_QX1410.19837.1
OG0022884			Transcript_CBG31122.1	
OG0022885				transcript_QX1410.5760.2
OG0022886		Transcript_F56C3.9.1		
OG0022887			Transcript_CBG26709.1	
OG0022888		Transcript_C29A12.22.1		
OG0022889				transcript_QX1410.39250.1
OG0022890		Transcript_F28H6.2a.1		
OG0022891		Transcript_F37D6.3.1		
OG0022892		Transcript_ZC513.11.1		
OG0022893				transcript_QX1410.35970.1
OG0022894				transcript_QX1410.7935.1
OG0022895		Transcript_Y92H12BL.4.1		
OG0022896				transcript_QX1410.37782.1
OG0022897		Transcript_B0284.3.1		
OG0022898		Transcript_T28F3.11.1		
OG0022899		Transcript_Y48A5A.3b.1		
OG0022900		Transcript_Y39G8C.2.1		
OG0022901		Transcript_B0035.14b.1		
OG0022902		Transcript_F54F12.2b.1		
OG0022903		Transcript_M01E11.5.1		
OG0022904				transcript_QX1410.34699.1
OG0022905	g17635.t1			
OG0022906		Transcript_ZK380.4.1		
OG0022907		Transcript_D1054.15b.1		
OG0022908	g3309.t1			
OG0022909				transcript_QX1410.29625.1
OG0022910				transcript_QX1410.25287.2
OG0022911				transcript_QX1410.27280.1
OG0022912		Transcript_T06D10.8.1		
OG0022913		Transcript_ZK1151.1i.1		
OG0022914		Transcript_R57.1c.1		
OG0022915	g7122.t1			
OG0022916		Transcript_T06C12.10.1		
OG0022917		Transcript_Y57G11C.37a.1		
OG0022918				transcript_QX1410.40259.1
OG0022919				transcript_QX1410.32645.1
OG0022920			Transcript_CBG29990.1	
OG0022921		Transcript_F53F10.2f.1		
OG0022922		Transcript_ZK39.8.1		
OG0022923				transcript_QX1410.41894.1
OG0022924				transcript_QX1410.30642.1
OG0022925			Transcript_CBG29998.1	
OG0022926				transcript_QX1410.40888.1
OG0022927		Transcript_ZC410.4b.1		
OG0022928		Transcript_F21H11.2b.1		
OG0022929		Transcript_C33G3.1a.1		
OG0022930		Transcript_F35C8.7b.1		
OG0022931		Transcript_C50E10.3.1		
OG0022932				transcript_QX1410.43355.1
OG0022933		Transcript_T26C11.5.1		
OG0022934		Transcript_F31E8.2b.1		
OG0022935				transcript_QX1410.8988.1
OG0022936		Transcript_C46G7.5.1		
OG0022937		Transcript_C06C3.7.1		
OG0022938		Transcript_F57G8.5.1		
OG0022939		Transcript_F33D4.2g.1		
OG0022940			Transcript_CBG30380.1	
OG0022941			Transcript_CBG19822.1	
OG0022942				transcript_QX1410.40806.1
OG0022943				transcript_QX1410.30345.1
OG0022944		Transcript_M03F4.4.1		
OG0022945	g10892.t1			
OG0022946		Transcript_F45E4.7c.1		
OG0022947		Transcript_Y105C5B.21f.1		
OG0022948		Transcript_ZC373.1b.1		
OG0022949		Transcript_F56D6.18.1		
OG0022950		Transcript_K05F6.11.1		
OG0022951	g16514.t1			
OG0022952		Transcript_K07A1.20.1		
OG0022953		Transcript_C05A2.4.1		
OG0022954				transcript_QX1410.33360.1
OG0022955		Transcript_F31F7.2b.1		
OG0022956				transcript_QX1410.36474.1
OG0022957	g19949.t1			
OG0022958		Transcript_T03G6.7.1		
OG0022959		Transcript_Y39C12A.9.1		
OG0022960		Transcript_F58E1.6a.1		
OG0022961				transcript_QX1410.36985.1
OG0022962				transcript_QX1410.36760.3
OG0022963		Transcript_C55C3.73.1		
OG0022964	g11941.t1			
OG0022965		Transcript_C01G10.5.1		
OG0022966		Transcript_B0250.18b.1		
OG0022967				transcript_QX1410.28161.1
OG0022968			Transcript_CBG02321.1	
OG0022969			Transcript_CBG25333.1	
OG0022970		Transcript_C36E6.1a.1		
OG0022971		Transcript_ZC334.13.1		
OG0022972		Transcript_ZK484.5.1		
OG0022973				transcript_QX1410.36735.1
OG0022974		Transcript_R12B2.7.1		
OG0022975		Transcript_T09E11.9.1		
OG0022976		Transcript_Y66H1B.2q.1		
OG0022977		Transcript_Y71A12B.23.1		
OG0022978				transcript_QX1410.43072.1
OG0022979				transcript_QX1410.41722.1
OG0022980		Transcript_Y106G6D.2.1		
OG0022981				transcript_QX1410.19445.1
OG0022982	g11772.t1			
OG0022983	g20974.t1			
OG0022984		Transcript_ZK112.4.1		
OG0022985	g18452.t1			
OG0022986	g3437.t1			
OG0022987				transcript_QX1410.33372.1
OG0022988		Transcript_ZK1010.4b.1		
OG0022989		Transcript_C10C5.4.1		
OG0022990		Transcript_T13H5.1e.1		
OG0022991		Transcript_C17F4.1.1		
OG0022992				transcript_QX1410.8990.1
OG0022993		Transcript_Y66H1B.2r.1		
OG0022994		Transcript_Y37E11AM.1b.1		
OG0022995		Transcript_F49E11.5.1		
OG0022996			Transcript_CBG20850.1	
OG0022997		Transcript_Y47D7A.9.1		
OG0022998	g10299.t1			
OG0022999		Transcript_Y72A10A.1b.1		
OG0023000				transcript_QX1410.41304.1
OG0023001		Transcript_C09H5.4.1		
OG0023002				transcript_QX1410.35522.1
OG0023003		Transcript_Y71G12B.23b.1		
OG0023004				transcript_QX1410.23411.1
OG0023005			Transcript_CBG30052.1	
OG0023006		Transcript_R10A10.1.1		
OG0023007		Transcript_Y38H6C.24.1		
OG0023008			Transcript_CBG30069.1	
OG0023009		Transcript_Y60A9A.1.1		
OG0023010		Transcript_EGAP9.4.1		
OG0023011			Transcript_CBG13837.1	
OG0023012		Transcript_Y73F8A.36.1		
OG0023013	g2369.t1			
OG0023014				transcript_QX1410.36997.1
OG0023015		Transcript_T23G11.7b.1		
OG0023016		Transcript_Y51H4A.941.1		
OG0023017				transcript_QX1410.6890.1
OG0023018	g17422.t1			
OG0023019		Transcript_M01D7.7c.1		
OG0023020		Transcript_C47F8.2.1		
OG0023021	g2563.t1			
OG0023022	g15869.t1			
OG0023023			Transcript_CBG31201.1	
OG0023024		Transcript_K07C6.8.1		
OG0023025				transcript_QX1410.5324.1
OG0023026		Transcript_F53B6.2b.1		
OG0023027		Transcript_ZC8.4a.4		
OG0023028		Transcript_W03H9.1.1		
OG0023029		Transcript_K01C8.7b.1		
OG0023030		Transcript_F18C5.1.1		
OG0023031		Transcript_B0250.18a.1		
OG0023032		Transcript_B0001.4c.1		
OG0023033		Transcript_T05G5.8b.1		
OG0023034		Transcript_Y43F8B.29.1		
OG0023035		Transcript_F27C8.3.1		
OG0023036			Transcript_CBG26161.1	
OG0023037		Transcript_Y40D12A.3.1		
OG0023038	g17596.t1			
OG0023039		Transcript_C50E3.12.1		
OG0023040		Transcript_C54G10.1.1		
OG0023041			Transcript_CBG24159.1	
OG0023042		Transcript_C17C3.24.1		
OG0023043		Transcript_F12B6.2f.1		
OG0023044		Transcript_Y54G2A.40.1		
OG0023045		Transcript_T22G5.6.1		
OG0023046		Transcript_T19D2.13b.1		
OG0023047		Transcript_F58G11.4b.1		
OG0023048		Transcript_F14D2.17.1		
OG0023049		Transcript_T08B1.3.1		
OG0023050		Transcript_C42D4.12.1		
OG0023051		Transcript_R08C7.11.1		
OG0023052				transcript_QX1410.26325.1
OG0023053		Transcript_F58D2.4.1		
OG0023054				transcript_QX1410.31449.1
OG0023055		Transcript_F07C6.1b.1		
OG0023056		Transcript_F31F4.12.1		
OG0023057	g20996.t1			
OG0023058				transcript_QX1410.32632.1
OG0023059	g18685.t1			
OG0023060			Transcript_CBG30335.1	
OG0023061	g7103.t1			
OG0023062				transcript_QX1410.24798.1
OG0023063		Transcript_C01G10.18.1		
OG0023064		Transcript_ZK430.3.1		
OG0023065		Transcript_Y45F10D.3c.1		
OG0023066		Transcript_F37B1.5.1		
OG0023067		Transcript_K01H12.1b.1		
OG0023068			Transcript_CBG31084.1	
OG0023069			Transcript_CBG30714.1	
OG0023070		Transcript_K02E7.1.1		
OG0023071		Transcript_Y45F3A.5.1		
OG0023072		Transcript_Y54F10BM.9.1		
OG0023073		Transcript_Y92H12A.1d.1		
OG0023074	g8655.t1			
OG0023075				transcript_QX1410.18951.1
OG0023076	g17428.t1			
OG0023077		Transcript_C27H5.7b.1		
OG0023078		Transcript_T24C4.8.1		
OG0023079				transcript_QX1410.17068.2
OG0023080		Transcript_K01A6.4.1		
OG0023081		Transcript_R05F9.1a.1		
OG0023082		Transcript_C54C8.6.1		
OG0023083		Transcript_T19H12.10.1		
OG0023084		Transcript_F49E12.9b.1		
OG0023085		Transcript_F53G12.9b.1		
OG0023086			Transcript_CBG06094.1	
OG0023087				transcript_QX1410.31431.1
OG0023088	g20718.t1			
OG0023089	g12292.t1			
OG0023090			Transcript_CBG30849.1	
OG0023091		Transcript_T05C7.5.1		
OG0023092				transcript_QX1410.33932.1
OG0023093		Transcript_F45E4.7b.1		
OG0023094			Transcript_CBG21847.1	
OG0023095				transcript_QX1410.3271.1
OG0023096				transcript_QX1410.25021.1
OG0023097			Transcript_CBG20114.1	
OG0023098	g4587.t1			
OG0023099		Transcript_R02D1.2.1		
OG0023100				transcript_QX1410.11670.1
OG0023101		Transcript_C01G12.13.1		
OG0023102		Transcript_Y66H1B.2o.1		
OG0023103		Transcript_K01D12.10.1		
OG0023104		Transcript_T06H11.1d.1		
OG0023105			Transcript_CBG30508.1	
OG0023106		Transcript_ZK892.1e.1		
OG0023107		Transcript_K08E5.5.1		
OG0023108		Transcript_T27A8.2.1		
OG0023109		Transcript_F47E1.3.1		
OG0023110				transcript_QX1410.35509.1
OG0023111		Transcript_F14H3.14.1		
OG0023112				transcript_QX1410.18524.1
OG0023113				transcript_QX1410.23839.1
OG0023114			Transcript_CBG22459.1	
OG0023115		Transcript_T16G1.2b.1		
OG0023116		Transcript_T22B2.2.1		
OG0023117			Transcript_CBG30754.1	
OG0023118				transcript_QX1410.31904.1
OG0023119		Transcript_K10D6.2c.2		
OG0023120		Transcript_Y53F4B.32.1		
OG0023121				transcript_QX1410.25704.1
OG0023122				transcript_QX1410.42639.1
OG0023123		Transcript_F57C12.5d.1		
OG0023124		Transcript_H12I19.115.1		
OG0023125		Transcript_K12C11.1b.1		
OG0023126				transcript_QX1410.30440.1
OG0023127		Transcript_F12E12.2.1		
OG0023128		Transcript_T28A11.9.1		
OG0023129	g6440.t1			
OG0023130	g16732.t1			
OG0023131				transcript_QX1410.38329.1
OG0023132		Transcript_F44D12.16.1		
OG0023133				transcript_QX1410.19629.1
OG0023134		Transcript_B0361.14.1		
OG0023135		Transcript_F38B7.17.1		
OG0023136			Transcript_CBG21788.1	
OG0023137		Transcript_F38B7.11.1		
OG0023138		Transcript_F14H3.6.1		
OG0023139	g19180.t1			
OG0023140				transcript_QX1410.26777.1
OG0023141		Transcript_Y45F10B.10c.1		
OG0023142		Transcript_F20G2.3b.1		
OG0023143				transcript_QX1410.22991.1
OG0023144		Transcript_W06F12.1a.1		
OG0023145				transcript_QX1410.43901.1
OG0023146				transcript_QX1410.24880.1
OG0023147			Transcript_CBG30777.1	
OG0023148		Transcript_F15D3.5.1		
OG0023149		Transcript_T05G5.7b.1		
OG0023150		Transcript_Y54G11A.4.1		
OG0023151				transcript_QX1410.41441.1
OG0023152		Transcript_Y51H7C.2.1		
OG0023153		Transcript_Y32B12A.3.1		
OG0023154				transcript_QX1410.37633.4
OG0023155				transcript_QX1410.14529.1
OG0023156		Transcript_M01A10.2b.1		
OG0023157		Transcript_C13D9.7.1		
OG0023158				transcript_QX1410.39470.1
OG0023159		Transcript_F27C1.1.1		
OG0023160		Transcript_C23G10.5.1		
OG0023161	g5975.t1			
OG0023162		Transcript_R02F11.3a.1		
OG0023163		Transcript_C06E1.7.1		
OG0023164		Transcript_F23B2.13b.1		
OG0023165		Transcript_F21F3.3.1		
OG0023166				transcript_QX1410.23227.1
OG0023167	g13153.t1			
OG0023168	g18607.t1			
OG0023169		Transcript_C34F11.6.1		
OG0023170			Transcript_CBG18178.1	
OG0023171			Transcript_CBG29820.1	
OG0023172				transcript_QX1410.37989.1
OG0023173		Transcript_F19G12.11.1		
OG0023174		Transcript_T20B12.4.1		
OG0023175				transcript_QX1410.35253.1
OG0023176				transcript_QX1410.32289.1
OG0023177				transcript_QX1410.31043.1
OG0023178		Transcript_F10G2.7.1		
OG0023179				transcript_QX1410.40657.1
OG0023180		Transcript_F43G9.21.1		
OG0023181			Transcript_CBG29886.1	
OG0023182			Transcript_CBG30327.1	
OG0023183				transcript_QX1410.40947.1
OG0023184				transcript_QX1410.26770.1
OG0023185		Transcript_Y40B1A.1b.1		
OG0023186		Transcript_Y79H2A.11a.1		
OG0023187		Transcript_C24A3.9.1		
OG0023188		Transcript_C17D12.1b.1		
OG0023189				transcript_QX1410.36770.1
OG0023190		Transcript_K10C3.4b.1		
OG0023191		Transcript_F45C12.4.1		
OG0023192		Transcript_C06C3.12.1		
OG0023193				transcript_QX1410.40630.1
OG0023194		Transcript_Y37A1B.15.1		
OG0023195		Transcript_F55G1.8.1		
OG0023196				transcript_QX1410.35715.1
OG0023197		Transcript_R08F11.5.1		
OG0023198		Transcript_B0507.7.1		
OG0023199		Transcript_K08C7.3a.1		
OG0023200		Transcript_F44E5.17.1		
OG0023201		Transcript_ZC581.9a.1		
OG0023202		Transcript_R11D1.12b.1		
OG0023203		Transcript_H03G16.7.1		
OG0023204			Transcript_CBG25846.1	
OG0023205			Transcript_CBG00555.1	
OG0023206	g5845.t1			
OG0023207			Transcript_CBG26756.1	
OG0023208	g10312.t1			
OG0023209		Transcript_Y38H6C.17.1		
OG0023210				transcript_QX1410.23840.1
OG0023211		Transcript_Y53C10A.25.1		
OG0023212		Transcript_K04G11.1.1		
OG0023213	g4156.t1			
OG0023214				transcript_QX1410.37126.1
OG0023215				transcript_QX1410.26832.1
OG0023216		Transcript_F54E4.1f.1		
OG0023217		Transcript_Y40B10A.6.1		
OG0023218		Transcript_F41D3.3.1		
OG0023219			Transcript_CBG00930.1	
OG0023220			Transcript_CBG13446.1	
OG0023221		Transcript_F18E9.1.1		
OG0023222		Transcript_F36D4.6.1		
OG0023223			Transcript_CBG25530.1	
OG0023224		Transcript_F11A5.1.1		
OG0023225				transcript_QX1410.36999.1
OG0023226		Transcript_T06E8.1b.1		
OG0023227		Transcript_C09D1.1n.1		
OG0023228		Transcript_F55B12.10.1		
OG0023229		Transcript_B0513.5b.1		
OG0023230		Transcript_T08A9.13.1		
OG0023231		Transcript_H29C22.1.1		
OG0023232			Transcript_CBG30192.1	
OG0023233		Transcript_C55A6.10b.1		
OG0023234	g5734.t1			
OG0023235		Transcript_D2023.2b.1		
OG0023236		Transcript_Y38E10A.14.1		
OG0023237		Transcript_F15B9.7b.1		
OG0023238				transcript_QX1410.31106.1
OG0023239		Transcript_Y51H4A.5.1		
OG0023240		Transcript_F43D2.4b.1		
OG0023241		Transcript_F47B7.7b.1		
OG0023242		Transcript_T27B7.3.1		
OG0023243		Transcript_ZK355.3.1		
OG0023244		Transcript_F14H12.6.1		
OG0023245		Transcript_T25B9.8.1		
OG0023246	g10844.t1			
OG0023247		Transcript_Y26G10.5.1		
OG0023248		Transcript_F25E5.9.1		
OG0023249		Transcript_M02E1.4.1		
OG0023250			Transcript_CBG27917.1	
OG0023251			Transcript_CBG30000.1	
OG0023252		Transcript_M02A10.3c.1		
OG0023253		Transcript_T24E12.11.1		
OG0023254				transcript_QX1410.3394.1
OG0023255	g4428.t1			
OG0023256		Transcript_ZK1236.7b.1		
OG0023257		Transcript_Y73B6BL.289.1		
OG0023258		Transcript_T01G5.1.1		
OG0023259		Transcript_Y92H12BL.7.1		
OG0023260				transcript_QX1410.43985.1
OG0023261			Transcript_CBG30035.1	
OG0023262		Transcript_K08H10.1a.1		
OG0023263		Transcript_ZK970.7.1		
OG0023264				transcript_QX1410.25404.1
OG0023265		Transcript_C17E7.12.1		
OG0023266		Transcript_C50B6.12.1		
OG0023267	g19017.t1			
OG0023268				transcript_QX1410.34809.1
OG0023269			Transcript_CBG11835.1	
OG0023270		Transcript_T15B7.4.1		
OG0023271		Transcript_M04G7.5.1		
OG0023272		Transcript_M142.1b.1		
OG0023273		Transcript_D2062.13.1		
OG0023274		Transcript_K04G7.4b.1		
OG0023275		Transcript_Y43D4A.2.1		
OG0023276			Transcript_CBG19432.1	
OG0023277		Transcript_F42D1.4.1		
OG0023278		Transcript_F59C12.4.1		
OG0023279		Transcript_T10C6.1.1		
OG0023280				transcript_QX1410.24658.1
OG0023281	g6803.t1			
OG0023282		Transcript_K09C4.7.1		
OG0023283		Transcript_ZK470.4.1		
OG0023284		Transcript_Y39B6A.24.1		
OG0023285	g11701.t1			
OG0023286				transcript_QX1410.9466.1
OG0023287		Transcript_F32B5.3.1		
OG0023288				transcript_QX1410.6910.1
OG0023289		Transcript_ZK484.6.1		
OG0023290				transcript_QX1410.33928.1
OG0023291		Transcript_F28H7.10b.1		
OG0023292		Transcript_ZK617.26.1		
OG0023293			Transcript_CBG25089.1	
OG0023294		Transcript_F36D3.2.1		
OG0023295				transcript_QX1410.12101.5
OG0023296			Transcript_CBG30213.1	
OG0023297		Transcript_Y38H6C.3.1		
OG0023298		Transcript_Y74C10AR.3b.1		
OG0023299		Transcript_T20B3.1b.1		
OG0023300		Transcript_W01C9.1b.1		
OG0023301			Transcript_CBG30252.1	
OG0023302		Transcript_C17A2.3.1		
OG0023303		Transcript_C46H3.1.1		
OG0023304		Transcript_K12G11.4.1		
OG0023305	g16242.t1			
OG0023306		Transcript_Y116A8C.470.1		
OG0023307			Transcript_CBG29904.1	
OG0023308				transcript_QX1410.18483.1
OG0023309		Transcript_C39H7.7.1		
OG0023310		Transcript_F14D2.11.1		
OG0023311				transcript_QX1410.15670.1
OG0023312		Transcript_T05A7.12.1		
OG0023313		Transcript_T14G8.1.1		
OG0023314		Transcript_T04C10.11.1		
OG0023315	g12522.t1			
OG0023316		Transcript_Y37D8A.29.1		
OG0023317			Transcript_CBG26282.1	
OG0023318				transcript_QX1410.37006.1
OG0023319			Transcript_CBG31340.1	
OG0023320				transcript_QX1410.17933.1
OG0023321		Transcript_F26D2.15.1		
OG0023322		Transcript_Y14H12A.2.1		
OG0023323				transcript_QX1410.36736.1
OG0023324				transcript_QX1410.33279.1
OG0023325				transcript_QX1410.2650.2
OG0023326			Transcript_CBG01988.1	
OG0023327		Transcript_F36D1.5.1		
OG0023328		Transcript_K05G3.2.1		
OG0023329		Transcript_C03A7.13.1		
OG0023330			Transcript_CBG24891.1	
OG0023331	g6061.t1			
OG0023332				transcript_QX1410.38008.1
OG0023333		Transcript_F20C5.6.1		
OG0023334		Transcript_C09F9.3d.1		
OG0023335				transcript_QX1410.25492.1
OG0023336		Transcript_M176.16.1		
OG0023337	g12312.t1			
OG0023338		Transcript_F53G2.12b.1		
OG0023339		Transcript_F20A1.8.1		
OG0023340		Transcript_F37B1.8.1		
OG0023341		Transcript_F02C12.5.1		
OG0023342		Transcript_F14H8.1c.1		
OG0023343			Transcript_CBG11072.1	
OG0023344		Transcript_Y57G11A.1d.1		
OG0023345				transcript_QX1410.26394.1
OG0023346		Transcript_C24H12.18.1		
OG0023347		Transcript_K08D9.10.1		
OG0023348				transcript_QX1410.10439.1
OG0023349				transcript_QX1410.37444.1
OG0023350			Transcript_CBG26480.1	
OG0023351			Transcript_CBG26804.1	
OG0023352		Transcript_C45G7.3.1		
OG0023353		Transcript_T10H4.9.1		
OG0023354		Transcript_Y74C9A.2b.1		
OG0023355		Transcript_Y53F4B.35.1		
OG0023356		Transcript_F52D2.6.1		
OG0023357			Transcript_CBG30703.1	
OG0023358	g15531.t1			
OG0023359		Transcript_F17B5.2.1		
OG0023360				transcript_QX1410.26659.1
OG0023361			Transcript_CBG29873.1	
OG0023362	g12037.t1			
OG0023363				transcript_QX1410.26889.1
OG0023364		Transcript_K09C4.9.1		
OG0023365		Transcript_F28B3.4i.1		
OG0023366				transcript_QX1410.12999.1
OG0023367		Transcript_C27C12.1.1		
OG0023368		Transcript_F48F5.8.1		
OG0023369		Transcript_C05D2.3.1		
OG0023370		Transcript_Y82E9BR.8.1		
OG0023371		Transcript_C24A8.4.1		
OG0023372		Transcript_Y37E3.11c.1		
OG0023373		Transcript_C01F6.14.1		
OG0023374		Transcript_F53B2.8.1		
OG0023375		Transcript_M79.1e.1		
OG0023376		Transcript_Y73B6BL.35b.1		
OG0023377		Transcript_ZC395.3b.1		
OG0023378		Transcript_R07B7.12b.1		
OG0023379		Transcript_F34D10.8.1		
OG0023380			Transcript_CBG31382.1	
OG0023381		Transcript_Y55F3AM.4b.1		
OG0023382		Transcript_C28H8.6b.1		
OG0023383		Transcript_F14F8.8.1		
OG0023384		Transcript_B0414.8b.1		
OG0023385		Transcript_Y46G5A.23.1		
OG0023386		Transcript_C38C6.2c.1		
OG0023387			Transcript_CBG29868.1	
OG0023388				transcript_QX1410.23522.1
OG0023389			Transcript_CBG27414.1	
OG0023390				transcript_QX1410.36984.1
OG0023391	g1503.t1			
OG0023392			Transcript_CBG24452.1	
OG0023393		Transcript_Y39F10C.3.1		
OG0023394	g11483.t1			
OG0023395	g17024.t1			
OG0023396		Transcript_T06A1.5.1		
OG0023397		Transcript_T01G1.1d.1		
OG0023398				transcript_QX1410.5263.1
OG0023399			Transcript_CBG27558.1	
OG0023400		Transcript_W01B6.4.1		
OG0023401				transcript_QX1410.26828.1
OG0023402		Transcript_T14G10.2f.1		
OG0023403		Transcript_ZC196.2.1		
OG0023404		Transcript_T19C4.24.1		
OG0023405				transcript_QX1410.23515.1
OG0023406		Transcript_ZC204.1.1		
OG0023407		Transcript_Y55F3AR.3b.1		
OG0023408		Transcript_Y51H4A.937.1		
OG0023409		Transcript_C48B4.6.1		
OG0023410		Transcript_T14D7.3.1		
OG0023411	g2663.t1			
OG0023412		Transcript_T07A9.14.1		
OG0023413	g18653.t1			
OG0023414		Transcript_ZK1010.5.1		
OG0023415		Transcript_F36D1.12.1		
OG0023416				transcript_QX1410.37871.1
OG0023417		Transcript_C09G9.5c.1		
OG0023418		Transcript_Y110A7A.18.1		
OG0023419		Transcript_ZK666.3.1		
OG0023420		Transcript_Y82E9BR.20.1		
OG0023421		Transcript_C18C4.10a.1		
OG0023422		Transcript_W01A11.1b.1		
OG0023423				transcript_QX1410.17126.1
OG0023424		Transcript_F13B10.2d.1		
OG0023425		Transcript_C53B7.7.1		
OG0023426		Transcript_C09D1.1p.1		
OG0023427	g4818.t1			
OG0023428		Transcript_F26A1.4.1		
OG0023429	g8592.t1			
OG0023430		Transcript_K09H11.11.1		
OG0023431				transcript_QX1410.36987.1
OG0023432	g15612.t1			
OG0023433		Transcript_Y71F9AM.8.1		
OG0023434				transcript_QX1410.25041.1
OG0023435		Transcript_C01G10.15.1		
OG0023436		Transcript_T07H8.11.1		
OG0023437		Transcript_T23G5.2b.1		
OG0023438		Transcript_T24A6.19.1		
OG0023439		Transcript_C17G1.6b.1		
OG0023440		Transcript_T16A1.5.1		
OG0023441		Transcript_F11A6.16.1		
OG0023442				transcript_QX1410.31363.1
OG0023443		Transcript_C23H4.7.1		
OG0023444	g20947.t1			
OG0023445			Transcript_CBG16043.1	
OG0023446		Transcript_C09D1.1a.1		
OG0023447		Transcript_H12D21.5.1		
OG0023448		Transcript_F53C3.1.1		
OG0023449		Transcript_T10E10.4b.1		
OG0023450	g18623.t1			
OG0023451			Transcript_CBG30788.1	
OG0023452	g19927.t1			
OG0023453		Transcript_ZK678.6.1		
OG0023454	g11221.t1			
OG0023455		Transcript_T05E7.2.1		
OG0023456	g12913.t1			
OG0023457		Transcript_Y39E4B.13.1		
OG0023458				transcript_QX1410.33333.1
OG0023459			Transcript_CBG18880.1	
OG0023460		Transcript_C09D1.1m.1		
OG0023461				transcript_QX1410.39632.1
OG0023462		Transcript_F11A1.3c.1		
OG0023463		Transcript_C45B2.4l.1		
OG0023464		Transcript_Y38E10A.33.1		
OG0023465			Transcript_CBG08786.1	
OG0023466			Transcript_CBG26281.1	
OG0023467	g9069.t1			
OG0023468		Transcript_F44F1.3.1		
OG0023469		Transcript_F28H6.8.1		
OG0023470				transcript_QX1410.36688.1
OG0023471		Transcript_D1007.5b.1		
OG0023472			Transcript_CBG29854.1	
OG0023473		Transcript_C16C8.7.1		
OG0023474				transcript_QX1410.43006.1
OG0023475		Transcript_R05D8.9.1		
OG0023476				transcript_QX1410.25781.1
OG0023477		Transcript_ZK455.8b.1		
OG0023478		Transcript_T01A4.1d.1		
OG0023479		Transcript_C55B7.9b.1		
OG0023480		Transcript_C50E3.13.1		
OG0023481				transcript_QX1410.17033.1
OG0023482		Transcript_F59B1.3.1		
OG0023483		Transcript_F56D12.1b.1		
OG0023484		Transcript_F42G8.4b.1		
OG0023485		Transcript_C08E3.14.1		
OG0023486		Transcript_Y119D3B.3.1		
OG0023487		Transcript_Y60A3A.24.1		
OG0023488		Transcript_W08A12.1a.1		
OG0023489		Transcript_Y51A2A.6.1		
OG0023490		Transcript_W02B12.8b.1		
OG0023491		Transcript_W02D9.5.1		
OG0023492		Transcript_K10H10.7.1		
OG0023493			Transcript_CBG23553a.1	
OG0023494			Transcript_CBG29790.1	
OG0023495		Transcript_R13H4.2e.1		
OG0023496			Transcript_CBG06899.1	
OG0023497		Transcript_Y105E8A.26d.1		
OG0023498	g17825.t1			
OG0023499		Transcript_C10C6.1h.1		
OG0023500		Transcript_W02A2.1b.1		
OG0023501				transcript_QX1410.34858.1
OG0023502				transcript_QX1410.37326.1
OG0023503		Transcript_C02D4.2a.1		
OG0023504			Transcript_CBG13672.1	
OG0023505				transcript_QX1410.25417.1
OG0023506		Transcript_C14A4.12b.1		
OG0023507	g9279.t1			
OG0023508		Transcript_Y52E8A.6.1		
OG0023509	g11562.t1			
OG0023510		Transcript_C33H5.16.1		
OG0023511		Transcript_T23F11.5.1		
OG0023512	g14798.t1			
OG0023513				transcript_QX1410.34654.1
OG0023514		Transcript_C47A10.16.1		
OG0023515		Transcript_T25F10.1.1		
OG0023516			Transcript_CBG30720.1	
OG0023517			Transcript_CBG04097.1	
OG0023518				transcript_QX1410.36776.1
OG0023519		Transcript_R12A1.2c.1		
OG0023520			Transcript_CBG00042.1	
OG0023521		Transcript_T05A10.5c.1		
OG0023522				transcript_QX1410.28123.1
OG0023523				transcript_QX1410.40400.1
OG0023524		Transcript_ZK1127.7.1		
OG0023525		Transcript_W01F3.1b.1		
OG0023526		Transcript_T02B5.3.1		
OG0023527		Transcript_ZC155.2.1		
OG0023528		Transcript_F19B10.3.1		
OG0023529		Transcript_W05H7.1.1		
OG0023530				transcript_QX1410.1036.1
OG0023531		Transcript_DH11.5e.1		
OG0023532		Transcript_C55A6.4.1		
OG0023533		Transcript_T04C10.2b.1		
OG0023534				transcript_QX1410.36580.1
OG0023535		Transcript_ZC328.8b.1		
OG0023536		Transcript_Y48G9A.11.1		
OG0023537		Transcript_F45E1.2.1		
OG0023538			Transcript_CBG30779.1	
OG0023539		Transcript_T15H9.7b.1		
OG0023540		Transcript_D2062.1.1		
OG0023541		Transcript_K12D12.5.1		
OG0023542		Transcript_C55A1.11.1		
OG0023543	g10489.t1			
OG0023544		Transcript_Y39F10A.6.1		
OG0023545		Transcript_T26H8.4.1		
OG0023546		Transcript_C55B6.4.1		
OG0023547			Transcript_CBG25701.1	
OG0023548		Transcript_C27H5.2c.1		
OG0023549		Transcript_Y94H6A.4.1		
OG0023550	g16660.t1			
OG0023551		Transcript_R13D11.6b.1		
OG0023552	g6157.t1			
OG0023553	g16239.t1			
OG0023554				transcript_QX1410.23523.1
OG0023555	g9703.t1			
OG0023556		Transcript_Y49F6C.6.1		
OG0023557		Transcript_AC7.2b.1		
OG0023558			Transcript_CBG04836.1	
OG0023559		Transcript_ZK816.3.1		
OG0023560		Transcript_Y94H6A.12b.1		
OG0023561	g5416.t1			
OG0023562	g10217.t1			
OG0023563			Transcript_CBG31131.1	
OG0023564		Transcript_R04E5.9.1		
OG0023565		Transcript_F54D10.1.1		
OG0023566				transcript_QX1410.35388.1
OG0023567		Transcript_C13G3.12.1		
OG0023568				transcript_QX1410.38186.1
OG0023569		Transcript_T25D3.4c.1		
OG0023570	g14060.t1			
OG0023571		Transcript_H19M22.2d.1		
OG0023572				transcript_QX1410.22241.1
OG0023573		Transcript_ZK75.1.1		
OG0023574				transcript_QX1410.6568.2
OG0023575		Transcript_T21H3.3b.1		
OG0023576		Transcript_C42D4.19.1		
OG0023577		Transcript_C04B4.3.1		
OG0023578		Transcript_F42A9.4.1		
OG0023579	g5728.t1			
OG0023580		Transcript_T02C5.5a.1		
OG0023581		Transcript_K01D12.8.1		
OG0023582				transcript_QX1410.7186.1
OG0023583			Transcript_CBG23990.1	
OG0023584		Transcript_Y65B4BR.2c.1		
OG0023585		Transcript_F40G9.6.1		
OG0023586		Transcript_Y65A5A.24.1		
OG0023587		Transcript_T14G10.2g.1		
OG0023588		Transcript_D1081.11.1		
OG0023589		Transcript_W04E12.9.1		
OG0023590				transcript_QX1410.36508.1
OG0023591			Transcript_CBG30088.1	
OG0023592		Transcript_W02B8.2.1		
OG0023593			Transcript_CBG29882.1	
OG0023594		Transcript_C33F10.5c.1		
OG0023595		Transcript_F35C8.8a.1		
OG0023596			Transcript_CBG31328.1	
OG0023597		Transcript_K12H6.6a.1		
OG0023598		Transcript_Y105C5A.1273.1		
OG0023599				transcript_QX1410.26697.1
OG0023600		Transcript_C34C6.10.1		
OG0023601				transcript_QX1410.38279.1
OG0023602			Transcript_CBG25183.1	
OG0023603		Transcript_ZK177.1.1		
OG0023604				transcript_QX1410.1003.1
OG0023605		Transcript_F25H5.3e.1		
OG0023606				transcript_QX1410.33166.1
OG0023607		Transcript_F14F7.2.1		
OG0023608	g18356.t1			
OG0023609			Transcript_CBG30471.1	
OG0023610			Transcript_CBG26292.1	
OG0023611			Transcript_CBG30177.1	
OG0023612			Transcript_CBG25739.1	
OG0023613				transcript_QX1410.34226.1
OG0023614		Transcript_Y27F2A.10.1		
OG0023615			Transcript_CBG14030.1	
OG0023616				transcript_QX1410.40474.1
OG0023617			Transcript_CBG30914.1	
OG0023618		Transcript_F40D4.17.1		
OG0023619		Transcript_C13B4.1c.1		
OG0023620				transcript_QX1410.28490.1
OG0023621	g5611.t1			
OG0023622		Transcript_F55C7.2.1		
OG0023623		Transcript_E02H4.8.1		
OG0023624				transcript_QX1410.27317.1
OG0023625				transcript_QX1410.27855.1
OG0023626		Transcript_T02H6.1c.1		
OG0023627		Transcript_W10D9.5b.1		
OG0023628		Transcript_ZK688.11.1		
OG0023629	g19904.t1			
OG0023630		Transcript_K06A9.1d.1		
OG0023631		Transcript_K04F1.15.1		
OG0023632	g2152.t1			
OG0023633		Transcript_T21D12.5.1		
OG0023634		Transcript_F13A7.10.1		
OG0023635		Transcript_F53G2.12c.1		
OG0023636		Transcript_Y49C4A.1.1		
OG0023637		Transcript_R08H2.3.1		
OG0023638		Transcript_F56D6.22.1		
OG0023639		Transcript_C09F9.3a.1		
OG0023640		Transcript_Y47H9C.4d.1		
OG0023641	g12941.t1			
OG0023642		Transcript_T16G1.5.1		
OG0023643				transcript_QX1410.17191.4
OG0023644		Transcript_W01A11.3b.2		
OG0023645		Transcript_F19B6.10.1		
OG0023646		Transcript_C24B9.9.1		
OG0023647				transcript_QX1410.40923.1
OG0023648		Transcript_K04D7.3b.1		
OG0023649		Transcript_C25G4.10b.1		
OG0023650	g3097.t1			
OG0023651			Transcript_CBG26204.1	
OG0023652		Transcript_C02E7.10.1		
OG0023653		Transcript_R08C7.10e.1		
OG0023654		Transcript_Y48A6B.14.1		
OG0023655				transcript_QX1410.5063.1
OG0023656		Transcript_T12A2.3.1		
OG0023657				transcript_QX1410.37441.11
OG0023658				transcript_QX1410.26611.1
OG0023659		Transcript_F53F1.9.1		
OG0023660	g20804.t1			
OG0023661		Transcript_F57C12.5b.1		
OG0023662				transcript_QX1410.29458.1
OG0023663		Transcript_Y24D9A.2.1		
OG0023664		Transcript_4R79.2b.1		
OG0023665		Transcript_C55B7.1.1		
OG0023666		Transcript_C29F9.8.1		
OG0023667			Transcript_CBG15268.1	
OG0023668		Transcript_C06G4.1.1		
OG0023669		Transcript_Y62H9A.13.1		
OG0023670		Transcript_Y51B9A.9.1		
OG0023671		Transcript_Y43F11A.5.1		
OG0023672		Transcript_R12B2.13.1		
OG0023673		Transcript_ZK430.5.1		
OG0023674		Transcript_D2030.2b.1		
OG0023675		Transcript_C25F9.16.1		
OG0023676			Transcript_CBG27955.1	
OG0023677				transcript_QX1410.40666.1
OG0023678		Transcript_W04H10.2.1		
OG0023679		Transcript_R10E9.4.1		
OG0023680		Transcript_K12D9.1.1		
OG0023681				transcript_QX1410.23097.1
OG0023682		Transcript_F13A2.2.1		
OG0023683				transcript_QX1410.40237.1
OG0023684				transcript_QX1410.31403.1
OG0023685		Transcript_F32D8.8.1		
OG0023686		Transcript_ZK1251.7.1		
OG0023687		Transcript_Y53G8AR.7b.1		
OG0023688		Transcript_C01C10.1b.1		
OG0023689	g12999.t1			
OG0023690		Transcript_T05A12.2a.1		
OG0023691	g19964.t1			
OG0023692	g15547.t1			
OG0023693		Transcript_K10D6.2c.3		
OG0023694				transcript_QX1410.18694.1
OG0023695		Transcript_F20B6.5.1		
OG0023696			Transcript_CBG09019.1	
OG0023697			Transcript_CBG23547.1	
OG0023698		Transcript_ZC8.4e.1		
OG0023699				transcript_QX1410.26370.1
OG0023700				transcript_QX1410.25884.1
OG0023701			Transcript_CBG17850.1	
OG0023702				transcript_QX1410.28989.1
OG0023703		Transcript_C03G6.17.1		
OG0023704		Transcript_F46B3.1.1		
OG0023705				transcript_QX1410.23589.1
OG0023706			Transcript_CBG10388.1	
OG0023707		Transcript_T16G1.6.1		
OG0023708			Transcript_CBG29812.1	
OG0023709		Transcript_R13A5.4.1		
OG0023710		Transcript_C29E4.11.1		
OG0023711		Transcript_T16G1.18.1		
OG0023712		Transcript_D1009.1d.1		
OG0023713				transcript_QX1410.36581.2
OG0023714			Transcript_CBG10141.1	
OG0023715				transcript_QX1410.32091.1
OG0023716			Transcript_CBG09744.1	
OG0023717		Transcript_C38D4.4.1		
OG0023718		Transcript_Y38H8A.12.1		
OG0023719				transcript_QX1410.34933.1
OG0023720		Transcript_F54E7.1b.1		
OG0023721				transcript_QX1410.28356.1
OG0023722		Transcript_B0416.7b.1		
OG0023723	g17546.t1			
OG0023724		Transcript_C44B12.2b.1		
OG0023725		Transcript_Y24F12A.2b.1		
OG0023726		Transcript_Y71F9AL.13b.1		
OG0023727		Transcript_Y53G8AM.7.1		
OG0023728	g18907.t1			
OG0023729		Transcript_Y55F3BL.2b.1		
OG0023730		Transcript_B0302.4.1		
OG0023731		Transcript_B0222.2.1		
OG0023732		Transcript_Y53F4B.37.1		
OG0023733		Transcript_Y105C5B.21c.1		
OG0023734				transcript_QX1410.40273.1
OG0023735		Transcript_W07A12.5.1		
OG0023736		Transcript_T26E4.7.1		
OG0023737		Transcript_ZK1290.15.1		
OG0023738		Transcript_T05A7.3.1		
OG0023739			Transcript_CBG06833.1	
OG0023740		Transcript_Y66H1B.2n.1		
OG0023741		Transcript_Y58A7A.1a.1		
OG0023742				transcript_QX1410.41607.1
OG0023743		Transcript_F54G8.4b.1		
OG0023744				transcript_QX1410.22737.1
OG0023745		Transcript_D1081.5.1		
OG0023746		Transcript_R07E4.6b.1		
OG0023747		Transcript_T13H5.1i.1		
OG0023748		Transcript_C55A6.2a.1		
OG0023749		Transcript_Y105C5A.1272.1		
OG0023750		Transcript_Y17D7C.1a.1		
OG0023751		Transcript_K02B7.3b.1		
OG0023752		Transcript_M02H5.1.1		
OG0023753	g10292.t1			
OG0023754				transcript_QX1410.4046.1
OG0023755		Transcript_H12D21.6.1		
OG0023756		Transcript_T04H1.13.1		
OG0023757		Transcript_F59B1.4.1		
OG0023758		Transcript_F17H10.3b.1		
OG0023759		Transcript_W09H1.3.1		
OG0023760				transcript_QX1410.40392.1
OG0023761		Transcript_C49C8.6.1		
OG0023762				transcript_QX1410.40929.1
OG0023763		Transcript_F07C4.1.1		
OG0023764				transcript_QX1410.34726.1
OG0023765	g18081.t1			
OG0023766		Transcript_F19F10.3.1		
OG0023767		Transcript_Y105E8A.10c.2		
OG0023768		Transcript_C42C1.7b.1		
OG0023769				transcript_QX1410.41665.1
OG0023770		Transcript_T05H4.4.1		
OG0023771			Transcript_CBG15187.1	
OG0023772				transcript_QX1410.44098.1
OG0023773			Transcript_CBG29851.1	
OG0023774				transcript_QX1410.40605.1
OG0023775				transcript_QX1410.26191.1
OG0023776		Transcript_Y11D7A.7.1		
OG0023777		Transcript_K08E5.1b.1		
OG0023778		Transcript_C33A12.19b.1		
OG0023779		Transcript_F14D7.6c.1		
OG0023780			Transcript_CBG30747.1	
OG0023781				transcript_QX1410.32700.1
OG0023782		Transcript_ZC239.7.1		
OG0023783		Transcript_M79.1h.1		
OG0023784				transcript_QX1410.3526.1
OG0023785		Transcript_F32D1.8a.1		
OG0023786				transcript_QX1410.26273.1
OG0023787	g158.t1			
OG0023788				transcript_QX1410.33606.1
OG0023789			Transcript_CBG25377.1	
OG0023790		Transcript_F11A6.15a.1		
OG0023791		Transcript_T22D1.3e.1		
OG0023792		Transcript_T24A6.7.1		
OG0023793		Transcript_ZK666.14.1		
OG0023794		Transcript_Y71G12B.24b.1		
OG0023795		Transcript_Y48G8AR.1c.1		
OG0023796		Transcript_Y70C5C.2.1		
OG0023797			Transcript_CBG26705.1	
OG0023798		Transcript_C09D4.1a.1		
OG0023799		Transcript_R07H5.3c.1		
OG0023800				transcript_QX1410.24722.2
OG0023801	g895.t1			
OG0023802		Transcript_F54D12.9.1		
OG0023803		Transcript_Y24D9A.7.1		
OG0023804		Transcript_T06D4.6.1		
OG0023805				transcript_QX1410.39805.1
OG0023806		Transcript_W01C8.5b.1		
OG0023807			Transcript_CBG31393.1	
OG0023808			Transcript_CBG07371.1	
OG0023809		Transcript_F21C10.19.1		
OG0023810				transcript_QX1410.36651.2
OG0023811		Transcript_K08C9.10.1		
OG0023812	g5917.t1			
OG0023813		Transcript_B0310.1a.1		
OG0023814		Transcript_F13A2.3.1		
OG0023815		Transcript_Y111B2A.12b.1		
OG0023816		Transcript_F17C8.6.1		
OG0023817		Transcript_W09C2.9.1		
OG0023818		Transcript_W05G11.4.1		
OG0023819		Transcript_C09D1.1l.1		
OG0023820				transcript_QX1410.24513.1
OG0023821		Transcript_C08B6.8b.1		
OG0023822		Transcript_Y6D1A.2.1		
OG0023823		Transcript_T05C3.8.1		
OG0023824		Transcript_Y57G11C.37a.2		
OG0023825				transcript_QX1410.9857.1
OG0023826		Transcript_ZC477.3c.1		
OG0023827				transcript_QX1410.27322.1
OG0023828		Transcript_W05E7.3.1		
OG0023829			Transcript_CBG25865.1	
OG0023830	g17997.t1			
OG0023831			Transcript_CBG25885.1	
OG0023832		Transcript_F36D3.9.1		
OG0023833			Transcript_CBG30732.1	
OG0023834		Transcript_Y37E11AL.9.1		
OG0023835		Transcript_F45C12.6.1		
OG0023836		Transcript_K09H9.1.1		
OG0023837		Transcript_Y41E3.7f.1		
OG0023838		Transcript_C11E4.3b.1		
OG0023839		Transcript_R107.9.1		
OG0023840		Transcript_F09C6.12.1		
OG0023841		Transcript_F59B2.5b.1		
OG0023842		Transcript_F14D7.3.1		
OG0023843		Transcript_C35E7.12.1		
OG0023844		Transcript_C53B4.6b.1		
OG0023845			Transcript_CBG30193.1	
OG0023846				transcript_QX1410.41195.1
OG0023847			Transcript_CBG30225.1	
OG0023848		Transcript_Y60A3A.13a.1		
OG0023849		Transcript_F23D12.2.1		
OG0023850		Transcript_Y67D8A.2c.1		
OG0023851		Transcript_K12H6.10.1		
OG0023852		Transcript_C08H9.18.1		
OG0023853		Transcript_F36H9.4c.1		
OG0023854		Transcript_Y44E3A.7.1		
OG0023855				transcript_QX1410.29547.1
OG0023856		Transcript_T05C1.2b.1		
OG0023857		Transcript_Y66D12A.6.1		
OG0023858		Transcript_R13H7.2e.1		
OG0023859		Transcript_F54D10.4.1		
OG0023860				transcript_QX1410.25078.1
OG0023861	g5783.t1			
OG0023862		Transcript_K10C2.6.1		
OG0023863				transcript_QX1410.33029.3
OG0023864		Transcript_C33H5.2.1		
OG0023865			Transcript_CBG25471.1	
OG0023866	g118.t1			
OG0023867	g266.t1			
OG0023868	g14574.t1			
OG0023869		Transcript_F33C8.2.1		
OG0023870			Transcript_CBG19595.1	
OG0023871		Transcript_C45H4.12.1		
OG0023872		Transcript_R06A10.5a.1		
OG0023873		Transcript_W04A4.2.1		
OG0023874		Transcript_F53C3.11.1		
OG0023875				transcript_QX1410.30370.1
OG0023876				transcript_QX1410.33595.1
OG0023877				transcript_QX1410.43719.1
OG0023878		Transcript_M02B7.5b.1		
OG0023879				transcript_QX1410.25881.3
OG0023880				transcript_QX1410.36992.1
OG0023881		Transcript_C04G6.1b.1		
OG0023882		Transcript_R01H2.3.1		
OG0023883		Transcript_E03H4.7.1		
OG0023884				transcript_QX1410.40676.1
OG0023885		Transcript_T23G4.5.1		
OG0023886				transcript_QX1410.17311.1
OG0023887				transcript_QX1410.25981.1
OG0023888				transcript_QX1410.31853.1
OG0023889		Transcript_W07A8.2d.1		
OG0023890		Transcript_C39H7.8.1		
OG0023891		Transcript_Y71D11A.3b.1		
OG0023892		Transcript_F35E2.5.1		
OG0023893		Transcript_R12E2.6.1		
OG0023894		Transcript_Y43F8B.17.1		
OG0023895		Transcript_T06A1.7b.1		
OG0023896		Transcript_F16B4.7.1		
OG0023897		Transcript_T16A1.10.1		
OG0023898			Transcript_CBG22405.1	
OG0023899		Transcript_Y92H12A.2b.1		
OG0023900			Transcript_CBG29869.1	
OG0023901		Transcript_C01F1.3b.1		
OG0023902			Transcript_CBG30295.1	
OG0023903		Transcript_C07E3.1b.1		
OG0023904	g14138.t1			
OG0023905		Transcript_ZK1251.1.1		
OG0023906		Transcript_Y116F11B.7.1		
OG0023907		Transcript_F27D4.12.1		
OG0023908		Transcript_C04A11.1b.1		
OG0023909	g10316.t1			
OG0023910		Transcript_Y47G6A.15.1		
OG0023911				transcript_QX1410.39540.1
OG0023912				transcript_QX1410.24651.1
OG0023913		Transcript_C01G10.6.1		
OG0023914		Transcript_F41G3.21.1		
OG0023915		Transcript_F36F12.2.1		
OG0023916				transcript_QX1410.26842.1
OG0023917	g12874.t1			
OG0023918		Transcript_T03E6.6.1		
OG0023919				transcript_QX1410.33038.1
OG0023920		Transcript_F41D3.6.1		
OG0023921	g19040.t1			
OG0023922		Transcript_Y22D7AR.3.1		
OG0023923				transcript_QX1410.30292.1
OG0023924	g3710.t1			
OG0023925				transcript_QX1410.29628.1
OG0023926		Transcript_ZK380.6.1		
OG0023927				transcript_QX1410.41791.1
OG0023928				transcript_QX1410.29194.1
OG0023929		Transcript_H06I04.3a.1		
OG0023930		Transcript_B0379.6.1		
OG0023931	g4255.t2			
OG0023932		Transcript_H40L08.8.1		
OG0023933		Transcript_M28.4.1		
OG0023934				transcript_QX1410.729.1
OG0023935	g5970.t1			
OG0023936		Transcript_K08E5.3b.1		
OG0023937	g8733.t1			
OG0023938		Transcript_B0432.5b.1		
OG0023939		Transcript_R04B5.6.1		
OG0023940				transcript_QX1410.35592.1
OG0023941				transcript_QX1410.5761.1
OG0023942	g14220.t1			
OG0023943		Transcript_C12D8.20.1		
OG0023944			Transcript_CBG18575.1	
OG0023945				transcript_QX1410.40941.1
OG0023946				transcript_QX1410.23751.1
OG0023947		Transcript_W02D3.13a.1		
OG0023948		Transcript_F07G6.2.1		
OG0023949		Transcript_F49C12.5.1		
OG0023950		Transcript_Y51A2B.3.1		
OG0023951			Transcript_CBG24455.1	
OG0023952	g16511.t1			
OG0023953	g20428.t1			
OG0023954			Transcript_CBG24330a.1	
OG0023955				transcript_QX1410.42252.1
OG0023956		Transcript_W01C9.4.1		
OG0023957			Transcript_CBG31124.1	
OG0023958		Transcript_T10B9.14.1		
OG0023959		Transcript_K11H3.1c.1		
OG0023960	g855.t1			
OG0023961		Transcript_C29A12.3b.1		
OG0023962				transcript_QX1410.39896.1
OG0023963		Transcript_F56C11.5b.1		
OG0023964		Transcript_Y48G8AR.8.1		
OG0023965			Transcript_CBG25015.1	
OG0023966		Transcript_W09G10.5.1		
OG0023967				transcript_QX1410.28242.1
OG0023968		Transcript_C03G6.2.1		
OG0023969		Transcript_F19B10.4.1		
OG0023970		Transcript_F22G12.5b.1		
OG0023971		Transcript_Y43F8B.18.1		
OG0023972		Transcript_K04E7.1.1		
OG0023973			Transcript_CBG31488.1	
OG0023974		Transcript_F45B8.5.1		
OG0023975				transcript_QX1410.32788.1
OG0023976		Transcript_T01B6.3b.1		
OG0023977		Transcript_T09E11.6.1		
OG0023978		Transcript_F59A7.12.1		
OG0023979		Transcript_C29H12.5.1		
OG0023980				transcript_QX1410.33338.3
OG0023981		Transcript_C32F10.8b.1		
OG0023982		Transcript_F58E10.6.1		
OG0023983	g18106.t1			
OG0023984		Transcript_Y73F8A.1159.1		
OG0023985		Transcript_C18D4.12.1		
OG0023986		Transcript_F52D2.9.1		
OG0023987			Transcript_CBG13367.1	
OG0023988		Transcript_F14F3.5.1		
OG0023989	g10079.t1			
OG0023990	g6830.t1			
OG0023991		Transcript_T06H11.1f.1		
OG0023992				transcript_QX1410.32720.1
OG0023993		Transcript_Y37D8A.17a.1		
OG0023994		Transcript_H39E20.1.1		
OG0023995		Transcript_MTCE.12.1		
OG0023996		Transcript_B0303.11a.2		
OG0023997				transcript_QX1410.28382.1
OG0023998	g13412.t1			
OG0023999		Transcript_T08D2.1.1		
OG0024000		Transcript_T26E4.2.1		
OG0024001				transcript_QX1410.6407.1
OG0024002		Transcript_W09D12.1b.1		
OG0024003		Transcript_H03G16.5.1		
OG0024004		Transcript_K06A9.1c.1		
OG0024005	g5785.t1			
OG0024006		Transcript_Y48E1A.1b.1		
OG0024007		Transcript_C49D10.4.1		
OG0024008		Transcript_T01C4.2b.1		
OG0024009				transcript_QX1410.41401b.1
OG0024010				transcript_QX1410.24275.1
OG0024011		Transcript_Y61B8B.3.1		
OG0024012		Transcript_F28B4.1.1		
OG0024013		Transcript_C55B6.7.1		
OG0024014				transcript_QX1410.43687.1
OG0024015		Transcript_T01G5.6.1		
OG0024016		Transcript_C28D4.10b.1		
OG0024017		Transcript_Y40B10A.9b.1		
OG0024018				transcript_QX1410.12438.1
OG0024019		Transcript_C17B7.14.1		
OG0024020				transcript_QX1410.5806.1
OG0024021		Transcript_F45H7.2c.1		
OG0024022				transcript_QX1410.9524.1
OG0024023		Transcript_Y55B1BR.8.1		
OG0024024		Transcript_Y37A1B.9.1		
OG0024025				transcript_QX1410.33153.1
OG0024026		Transcript_F54B11.1.1		
OG0024027		Transcript_F39B3.3.1		
OG0024028			Transcript_CBG01708b.1	
OG0024029			Transcript_CBG11878.1	
OG0024030		Transcript_ZK154.6b.1		
OG0024031			Transcript_CBG30275.1	
OG0024032				transcript_QX1410.18376.1
OG0024033		Transcript_ZK970.2b.1		
OG0024034		Transcript_C34D4.12b.1		
OG0024035		Transcript_Y37E3.15c.1		
OG0024036		Transcript_H10D18.3.1		
OG0024037		Transcript_T23F11.11.1		
OG0024038		Transcript_K02D7.3b.1		
OG0024039		Transcript_Y54G2A.48.1		
OG0024040		Transcript_Y48G1C.2c.1		
OG0024041		Transcript_Y39C12A.8.1		
OG0024042		Transcript_F22F7.2.1		
OG0024043				transcript_QX1410.44143.1
OG0024044				transcript_QX1410.31375.1
OG0024045				transcript_QX1410.27273.1
OG0024046				transcript_QX1410.36406.1
OG0024047		Transcript_Y47D7A.17.1		
OG0024048	g1461.t1			
OG0024049		Transcript_K10C3.6c.1		
OG0024050				transcript_QX1410.39325.1
OG0024051				transcript_QX1410.43855.1
OG0024052		Transcript_C04H5.6b.1		
OG0024053	g20170.t1			
OG0024054		Transcript_C05E4.12.1		
OG0024055		Transcript_F14D7.2.1		
OG0024056				transcript_QX1410.22964.1
OG0024057			Transcript_CBG25436.1	
OG0024058			Transcript_CBG30799.1	
OG0024059	g6050.t1			
OG0024060		Transcript_T27A8.7.1		
OG0024061				transcript_QX1410.27242.1
OG0024062		Transcript_F08B4.2a.1		
OG0024063	g14103.t1			
OG0024064		Transcript_T09E11.1.1		
OG0024065			Transcript_CBG30660.1	
OG0024066		Transcript_Y105E8A.7c.1		
OG0024067				transcript_QX1410.37711.1
OG0024068		Transcript_T01G5.8.1		
OG0024069			Transcript_CBG10600.1	
OG0024070				transcript_QX1410.29351.1
OG0024071		Transcript_F14H12.17.1		
OG0024072		Transcript_D1007.15b.1		
OG0024073		Transcript_Y67H2A.10c.1		
OG0024074		Transcript_F55H12.1.1		
OG0024075				transcript_QX1410.23163.1
OG0024076		Transcript_C05D10.3b.1		
OG0024077		Transcript_Y43F8B.5.1		
OG0024078				transcript_QX1410.29900.1
OG0024079		Transcript_F29C4.4.1		
OG0024080		Transcript_T14G8.2.1		
OG0024081				transcript_QX1410.26794.1
OG0024082				transcript_QX1410.26249.1
OG0024083				transcript_QX1410.8981.1
OG0024084		Transcript_F42G8.19b.1		
OG0024085		Transcript_C06B3.12.1		
OG0024086		Transcript_T28C12.15.1		
OG0024087		Transcript_C39B10.6b.1		
OG0024088		Transcript_ZC328.8a.1		
OG0024089		Transcript_F11A6.2.1		
OG0024090		Transcript_T27A1.5b.1		
OG0024091	g14152.t1			
OG0024092		Transcript_Y59A8B.12.1		
OG0024093				transcript_QX1410.22230.1
OG0024094				transcript_QX1410.2560.1
OG0024095		Transcript_F07G6.10.1		
OG0024096		Transcript_Y52B11A.20a.1		
OG0024097		Transcript_T20G5.8.1		
OG0024098				transcript_QX1410.30445.1
OG0024099				transcript_QX1410.38063.1
OG0024100		Transcript_R02D5.24.1		
OG0024101				transcript_QX1410.27302.1
OG0024102				transcript_QX1410.42199.1
OG0024103		Transcript_T19E7.3b.1		
OG0024104		Transcript_C50A2.7.1		
OG0024105		Transcript_C34F6.12.1		
OG0024106		Transcript_F54F7.5.1		
