6629	8349	5312	7033	1721	1722	96.81	15455657	11577	I	cb25.NA_234
6634	8498	63434	61569	1865	1866	96.79	15455657	79173	I	cb25.NA_037
7281	8349	16724711	16723644	1069	1068	96.54	15455657	19495157	I	V
10123	11240	2339786	2338660	1118	1127	95.74	15455657	17485439	I	IV
10123	11240	2347268	2346143	1118	1126	95.66	15455657	17485439	I	IV
11240	12614	13005588	13006961	1375	1374	97.75	15455657	15455979	I	I
14471	17157	5707	3033	2687	2675	92.38	15455657	24336	I	cb25.NA_194
17334	19790	2353727	2351305	2457	2423	94.75	15455657	17485439	I	IV
17334	19790	6336177	6333709	2457	2469	92.37	15455657	17485439	I	IV
17334	19714	15729024	15726633	2381	2392	86.56	15455657	19495157	I	V
17334	19790	65525	63075	2457	2451	93.81	15455657	79173	I	cb25.NA_037
17334	19790	3256	5676	2457	2421	94.06	15455657	11577	I	cb25.NA_234
17477	18594	1	1118	1118	1118	100.00	15455657	15455979	I	I
17686	18762	6339374	6338291	1077	1084	91.37	15455657	17485439	I	IV
18964	20351	1937	3324	1388	1388	100.00	15455657	15455979	I	I
19798	24536	2339285	2334602	4739	4684	92.98	15455657	17485439	I	IV
19798	25114	2346767	2341508	5317	5260	93.46	15455657	17485439	I	IV
19798	25265	16721752	16716280	5468	5473	93.33	15455657	19495157	I	V
19798	24705	59350	54431	4908	4920	90.49	15455657	79173	I	cb25.NA_037
19798	22442	8925	11577	2645	2653	90.23	15455657	11577	I	cb25.NA_234
19798	23488	27784	24085	3691	3700	93.18	15455657	40913	I	cb25.fpc4366
20381	26184	3457	9254	5804	5798	99.83	15455657	15455979	I	I
20714	22125	15720910	15719496	1412	1415	82.77	15455657	19495157	I	V
21523	22926	1	1404	1404	1404	99.86	15455657	2851	I	cb25.NA_110
22453	24703	15718724	15716471	2251	2254	84.48	15455657	19495157	I	V
23222	24599	1474	2851	1378	1378	100.00	15455657	2851	I	cb25.NA_110
26288	27321	7209	8241	1034	1033	99.52	15455657	8253	I	cb25.fpc4500
27673	31909	9973	14211	4237	4239	99.93	15455657	15455979	I	I
30592	32451	397345	395485	1860	1861	99.73	15455657	15455979	I	I
32764	43853	394654	383568	11090	11087	99.96	15455657	15455979	I	I
43909	62518	383200	364592	18610	18609	99.99	15455657	15455979	I	I
62533	87779	363550	338305	25247	25246	99.98	15455657	15455979	I	I
88051	100178	338317	326191	12128	12127	99.98	15455657	15455979	I	I
100267	127291	325937	298914	27025	27024	99.97	15455657	15455979	I	I
127779	133272	298903	293410	5494	5494	99.85	15455657	15455979	I	I
128031	147944	19923	1	19914	19923	99.92	15455657	19923	I	cb25.NA_213
129792	133472	3299	6981	3681	3683	99.78	15455657	6981	I	cb25.NA_136
145369	146598	15993932	15992695	1230	1238	92.60	15455657	19495157	I	V
146069	149461	30321	26929	3393	3393	98.67	15455657	30404	I	cb25.NA_205
148655	176222	27567	1	27568	27567	99.92	15455657	30404	I	cb25.NA_205
167882	168918	5410609	5409563	1037	1047	95.17	15455657	15455979	I	I
167889	168919	16752612	16753642	1031	1031	97.58	15455657	17485439	I	IV
167892	168917	5918932	5917909	1026	1024	97.86	15455657	16627154	I	II
167892	168917	9592036	9591016	1026	1021	98.25	15455657	14578851	I	III
169980	182454	292409	279936	12475	12474	99.94	15455657	15455979	I	I
182495	184908	279357	276945	2414	2413	99.96	15455657	15455979	I	I
184992	197146	276748	264611	12155	12138	98.52	15455657	15455979	I	I
194974	200616	266303	260677	5643	5627	99.65	15455657	15455979	I	I
201118	203869	257445	260195	2752	2751	99.96	15455657	15455979	I	I
203975	205401	13704	12278	1427	1427	100.00	15455657	13704	I	cb25.NA_200
206582	210722	9053	4915	4141	4139	99.95	15455657	13704	I	cb25.NA_200
211700	215746	4047	1	4047	4047	100.00	15455657	13704	I	cb25.NA_200
212652	241015	256444	228079	28364	28366	99.88	15455657	15455979	I	I
214443	216066	12348767	12347147	1624	1621	99.69	15455657	21540570	I	X
214444	216066	5235346	5233725	1623	1622	99.75	15455657	21540570	I	X
214444	216067	19116404	19114781	1624	1624	99.57	15455657	21540570	I	X
214445	216065	15768950	15767338	1621	1613	99.26	15455657	19495157	I	V
240994	245404	228638	224232	4411	4407	99.91	15455657	15455979	I	I
245462	246714	223828	222577	1253	1252	99.92	15455657	15455979	I	I
247208	287442	222524	182293	40235	40232	99.98	15455657	15455979	I	I
270330	273027	4	2703	2698	2700	99.44	15455657	2703	I	cb25.NA_366
271396	272734	2303513	2302174	1339	1340	95.69	15455657	15455979	I	I
271396	272734	13739374	13738040	1339	1335	94.79	15455657	17485439	I	IV
271397	272795	143372	144820	1399	1449	94.03	15455657	15455979	I	I
271397	272789	3730745	3729375	1393	1371	94.70	15455657	15455979	I	I
271397	272734	13653583	13652254	1338	1330	94.64	15455657	17485439	I	IV
271397	272789	726	2096	1393	1371	94.70	15455657	4721	I	cb25.NA_301
271398	272480	9774018	9772957	1083	1062	94.75	15455657	16627154	I	II
271694	272734	1957	925	1041	1033	93.98	15455657	1957	I	cb25.NA_417
288485	296250	181371	173606	7766	7766	99.97	15455657	15455979	I	I
291287	332228	172605	131671	40942	40935	99.98	15455657	15455979	I	I
293901	295162	8112959	8114220	1262	1262	99.84	15455657	15455979	I	I
293905	295164	2032184	2030925	1260	1260	99.76	15455657	17485439	I	IV
293905	295160	15139053	15137797	1256	1257	99.84	15455657	17485439	I	IV
293906	295164	4265652	4264394	1259	1259	99.76	15455657	15455979	I	I
293906	295163	7712603	7711346	1258	1258	100.00	15455657	21540570	I	X
293907	295165	18863177	18861919	1259	1259	99.84	15455657	21540570	I	X
319077	320526	196940	198337	1450	1398	94.03	15455657	15455979	I	I
319077	320526	2471	1071	1450	1401	93.08	15455657	2703	I	cb25.NA_366
319138	320527	12768667	12770012	1390	1346	90.43	15455657	15455979	I	I
325659	365546	130653	90771	39888	39883	99.96	15455657	15455979	I	I
365618	370982	90795	85429	5365	5367	99.81	15455657	15455979	I	I
371052	386418	84734	69396	15367	15339	99.75	15455657	15455979	I	I
386415	404707	68866	50574	18293	18293	99.98	15455657	15455979	I	I
398586	415380	48591	31797	16795	16795	99.97	15455657	15455979	I	I
402148	403173	11825462	11824435	1026	1028	96.60	15455657	15455979	I	I
402150	403172	16075644	16074626	1023	1019	95.13	15455657	19495157	I	V
404795	406274	50574	49095	1480	1480	100.00	15455657	15455979	I	I
415486	419485	31469	27472	4000	3998	99.50	15455657	15455979	I	I
419721	422245	27533	25010	2525	2524	99.92	15455657	15455979	I	I
422511	423799	24717	23430	1289	1288	99.84	15455657	15455979	I	I
424503	429103	22881	18317	4601	4565	99.20	15455657	15455979	I	I
429258	430529	18057	16786	1272	1272	100.00	15455657	15455979	I	I
430687	433100	16762	14312	2414	2451	95.61	15455657	15455979	I	I
433357	438544	417695	422875	5188	5181	99.52	15455657	15455979	I	I
439594	463463	426787	450655	23870	23869	99.99	15455657	15455979	I	I
463576	467501	451210	455133	3926	3924	99.95	15455657	15455979	I	I
465095	467187	12893343	12891267	2093	2077	95.94	15455657	17485439	I	IV
465095	466177	7461836	7462921	1083	1086	95.68	15455657	21540570	I	X
465116	467233	4434689	4432553	2118	2137	95.48	15455657	14578851	I	III
465161	466831	4603060	4601392	1671	1669	96.53	15455657	21540570	I	X
465313	466633	10534022	10532705	1321	1318	95.92	15455657	19495157	I	V
465334	467143	945483	943683	1810	1801	96.36	15455657	21540570	I	X
465698	466711	3556826	3555814	1014	1013	97.24	15455657	17485439	I	IV
466010	467237	10814710	10813475	1228	1236	95.39	15455657	15455979	I	I
466024	467254	11526378	11525151	1231	1228	97.97	15455657	21540570	I	X
466158	467239	20627001	20628081	1082	1081	98.52	15455657	21540570	I	X
467611	481315	456683	470386	13705	13704	99.99	15455657	15455979	I	I
481601	484406	470397	473202	2806	2806	100.00	15455657	15455979	I	I
484694	488280	473183	476768	3587	3586	99.97	15455657	15455979	I	I
488288	490458	476907	479077	2171	2171	100.00	15455657	15455979	I	I
491045	492913	479161	481029	1869	1869	100.00	15455657	15455979	I	I
492855	494066	481175	482386	1212	1212	100.00	15455657	15455979	I	I
494074	498959	483301	488186	4886	4886	100.00	15455657	15455979	I	I
499149	524145	488460	513455	24997	24996	99.99	15455657	15455979	I	I
524615	536328	513101	524813	11714	11713	99.88	15455657	15455979	I	I
536505	540501	525089	529083	3997	3995	99.95	15455657	15455979	I	I
540946	556111	528800	543930	15166	15131	99.12	15455657	15455979	I	I
553248	559955	540790	547371	6708	6582	94.84	15455657	15455979	I	I
554996	556505	18514438	18515950	1510	1513	84.18	15455657	19495157	I	V
555495	556505	18626360	18627349	1011	990	84.12	15455657	19495157	I	V
560068	561950	549253	547371	1883	1883	100.00	15455657	15455979	I	I
561178	562656	549332	550810	1479	1479	100.00	15455657	15455979	I	I
562205	585986	550928	574696	23782	23769	99.50	15455657	15455979	I	I
576443	579373	584408	581480	2931	2929	99.69	15455657	15455979	I	I
586466	587488	575065	576088	1023	1024	93.85	15455657	15455979	I	I
586605	587750	15675279	15674133	1146	1147	91.72	15455657	16627154	I	II
586750	588647	18201495	18199591	1898	1905	92.83	15455657	19495157	I	V
587742	589265	18201495	18199973	1524	1523	93.72	15455657	19495157	I	V
587810	588825	575065	576089	1016	1025	97.66	15455657	15455979	I	I
588093	589265	573107	574279	1173	1173	93.19	15455657	15455979	I	I
588242	605264	575065	592082	17023	17018	99.69	15455657	15455979	I	I
594656	597588	568092	565164	2933	2929	99.56	15455657	15455979	I	I
605310	608935	592259	595883	3626	3625	99.75	15455657	15455979	I	I
608687	630322	595288	616928	21636	21641	99.93	15455657	15455979	I	I
626796	628278	14418585	14417007	1483	1579	91.90	15455657	16627154	I	II
626797	627877	8552108	8551029	1081	1080	94.83	15455657	16627154	I	II
629528	648098	617227	635795	18571	18569	99.91	15455657	15455979	I	I
648170	662848	636296	650972	14679	14677	99.88	15455657	15455979	I	I
661219	662270	657712	656662	1052	1051	89.64	15455657	15455979	I	I
661425	663535	3285	1175	2111	2111	89.63	15455657	3292	I	cb25.NA_142
661761	663671	3285	1367	1911	1919	91.22	15455657	3292	I	cb25.NA_142
662723	669402	651052	657714	6680	6663	98.37	15455657	15455979	I	I
664223	665325	1103	1	1103	1103	99.91	15455657	3292	I	cb25.NA_142
669308	670374	656655	657714	1067	1060	96.73	15455657	15455979	I	I
671819	673350	1533	1	1532	1533	91.89	15455657	25520	I	cb25.NA_144
672586	676959	657821	662204	4374	4384	99.54	15455657	15455979	I	I
677487	682883	663010	668406	5397	5397	99.94	15455657	15455979	I	I
682910	693321	668734	679144	10412	10411	99.99	15455657	15455979	I	I
693432	695721	679759	682048	2290	2290	100.00	15455657	15455979	I	I
695900	697053	682542	683694	1154	1153	99.83	15455657	15455979	I	I
697178	747004	683705	733529	49827	49825	99.95	15455657	15455979	I	I
746775	762191	733096	748510	15417	15415	99.94	15455657	15455979	I	I
762379	813126	749095	799838	50748	50744	99.99	15455657	15455979	I	I
813126	845323	799998	832189	32198	32192	99.93	15455657	15455979	I	I
845467	865113	832811	852453	19647	19643	99.96	15455657	15455979	I	I
865299	872233	853488	860417	6935	6930	99.91	15455657	15455979	I	I
872392	875165	860407	863179	2774	2773	99.96	15455657	15455979	I	I
874849	879391	864370	868925	4543	4556	99.45	15455657	15455979	I	I
879379	880672	869576	870875	1294	1300	96.40	15455657	15455979	I	I
879568	880840	11859032	11857685	1273	1348	88.89	15455657	15455979	I	I
879568	881142	2083832	2085408	1575	1577	92.65	15455657	16627154	I	II
879715	881245	6056057	6054545	1531	1513	91.25	15455657	16627154	I	II
879718	881245	15441743	15443254	1528	1512	90.58	15455657	16627154	I	II
880043	881153	869765	870875	1111	1111	96.68	15455657	15455979	I	I
880510	886761	870960	877209	6252	6250	99.97	15455657	15455979	I	I
882523	883587	927374	926310	1065	1065	99.25	15455657	15455979	I	I
883718	885015	922003	920712	1298	1292	94.77	15455657	15455979	I	I
883772	885015	2937	4204	1244	1268	95.29	15455657	9677	I	cb25.NA_243
886199	887358	8518	9677	1160	1160	99.22	15455657	9677	I	cb25.NA_243
888052	891434	910224	906841	3383	3384	97.55	15455657	15455979	I	I
888312	889436	911474	910351	1125	1124	99.64	15455657	15455979	I	I
888663	890251	1832118	1830533	1589	1586	79.99	15455657	15455979	I	I
889279	890341	903661	902599	1063	1063	96.52	15455657	15455979	I	I
889443	896537	879551	886640	7095	7090	99.93	15455657	15455979	I	I
891403	892575	906739	905547	1173	1193	96.82	15455657	15455979	I	I
897338	915237	886708	904576	17900	17869	99.73	15455657	15455979	I	I
915085	916760	905064	906739	1676	1676	99.88	15455657	15455979	I	I
915568	918722	882679	879551	3155	3129	96.17	15455657	15455979	I	I
916729	920112	906841	910224	3384	3384	100.00	15455657	15455979	I	I
918729	919852	910351	911474	1124	1124	100.00	15455657	15455979	I	I
920806	930486	9677	1	9681	9677	99.93	15455657	9677	I	cb25.NA_243
922213	925618	912770	916175	3406	3406	99.97	15455657	15455979	I	I
922581	923752	12766912	12765718	1172	1195	92.05	15455657	17485439	I	IV
922656	923953	7113197	7111882	1298	1316	89.06	15455657	15455979	I	I
922896	924108	20356	21562	1213	1207	91.80	15455657	24739	I	cb25.NA_210
926279	927548	875464	874221	1270	1244	95.45	15455657	15455979	I	I
933681	934697	917741	918756	1017	1016	99.80	15455657	15455979	I	I
935259	939674	919001	923381	4416	4381	98.85	15455657	15455979	I	I
936970	938435	875464	874041	1466	1424	92.52	15455657	15455979	I	I
940197	942287	923828	925918	2091	2091	100.00	15455657	15455979	I	I
942401	943690	926085	927374	1290	1290	100.00	15455657	15455979	I	I
942626	943787	874037	872876	1162	1162	99.14	15455657	15455979	I	I
943759	945861	929131	931233	2103	2103	99.95	15455657	15455979	I	I
946010	966325	931680	951993	20316	20314	99.99	15455657	15455979	I	I
966421	969476	952274	955328	3056	3055	99.93	15455657	15455979	I	I
969616	982712	955635	968730	13097	13096	99.94	15455657	15455979	I	I
982561	992620	967659	977716	10060	10058	99.76	15455657	15455979	I	I
991779	997089	977122	982433	5311	5312	98.93	15455657	15455979	I	I
992617	993874	6726336	6725079	1258	1258	99.84	15455657	16627154	I	II
992621	993878	1821261	1820004	1258	1258	99.84	15455657	17485439	I	IV
997383	1047324	983911	1033889	49942	49979	99.68	15455657	15455979	I	I
1031832	1033054	6679035	6677823	1223	1213	99.02	15455657	17485439	I	IV
1031832	1033053	11134166	11132947	1222	1220	99.67	15455657	17485439	I	IV
1042834	1044151	1000019	998701	1318	1319	99.24	15455657	19495157	I	V
1042840	1044149	2737095	2735786	1310	1310	99.47	15455657	16627154	I	II
1046099	1047621	13427939	13429444	1523	1506	88.20	15455657	16627154	I	II
1046383	1057754	1032668	1044034	11372	11367	99.35	15455657	15455979	I	I
1046532	1047605	15665284	15664221	1074	1064	88.92	15455657	16627154	I	II
1050284	1051541	1353	96	1258	1258	99.76	15455657	14578851	I	III
1050284	1051542	8874258	8873001	1259	1258	99.68	15455657	21540570	I	X
1050284	1051541	2915	4172	1258	1258	99.76	15455657	7485	I	cb25.NA_263
1057903	1059376	1043479	1044960	1474	1482	95.48	15455657	15455979	I	I
1059109	1067566	1049107	1057563	8458	8457	99.68	15455657	15455979	I	I
1059330	1060421	1240368	1241473	1092	1106	93.41	15455657	15455979	I	I
1067810	1102839	1057868	1092895	35030	35028	99.99	15455657	15455979	I	I
1103157	1104167	1092805	1093815	1011	1011	97.05	15455657	15455979	I	I
1103866	1104868	5027864	5028866	1003	1003	92.42	15455657	21540570	I	X
1104547	1105941	1094411	1095805	1395	1395	100.00	15455657	15455979	I	I
1107248	1120169	1095985	1108906	12922	12922	99.90	15455657	15455979	I	I
1121237	1122845	1110011	1111619	1609	1609	99.25	15455657	15455979	I	I
1125694	1135136	161	9602	9443	9442	99.90	15455657	17611	I	cb25.NA_067
1135486	1142263	9605	16382	6778	6778	100.00	15455657	17611	I	cb25.NA_067
1143501	1148562	1121589	1116531	5062	5059	99.90	15455657	15455979	I	I
1144507	1145725	16393	17611	1219	1219	100.00	15455657	17611	I	cb25.NA_067
1148537	1150304	1114764	1116530	1768	1767	99.38	15455657	15455979	I	I
1151039	1171427	1121526	1141909	20389	20384	99.95	15455657	15455979	I	I
1171619	1179963	1141910	1150253	8345	8344	99.89	15455657	15455979	I	I
1171619	1184780	1141910	1155022	13162	13113	99.60	15455657	15455979	I	I
1185022	1191018	1155521	1161518	5997	5998	99.83	15455657	15455979	I	I
1191079	1226825	1161918	1197663	35747	35746	99.98	15455657	15455979	I	I
1193908	1195075	11772655	11771487	1168	1169	97.36	15455657	14578851	I	III
1193908	1195075	8087102	8088270	1168	1169	97.87	15455657	17485439	I	IV
1193927	1195075	10118606	10117459	1149	1148	97.66	15455657	14578851	I	III
1200756	1208025	1218277	1225514	7270	7238	99.23	15455657	15455979	I	I
1208015	1209647	1228199	1229830	1633	1632	99.88	15455657	15455979	I	I
1226977	1230200	1197663	1200847	3224	3185	98.51	15455657	15455979	I	I
1229094	1230141	11998189	11999228	1048	1040	95.42	15455657	15455979	I	I
1229964	1246282	1200961	1217276	16319	16316	99.97	15455657	15455979	I	I
1246743	1247743	8566641	8565647	1001	995	92.22	15455657	21540570	I	X
1248446	1249532	870875	869795	1087	1081	91.08	15455657	15455979	I	I
1258507	1260686	18516648	18514474	2180	2175	90.62	15455657	19495157	I	V
1258707	1259742	8566642	8565609	1036	1034	91.22	15455657	21540570	I	X
1260283	1261355	1229936	1231008	1073	1073	99.91	15455657	15455979	I	I
1261087	1270313	1231870	1241052	9227	9183	98.81	15455657	15455979	I	I
1263880	1265338	12063595	12062145	1459	1451	91.14	15455657	14578851	I	III
1263880	1265240	10655	9318	1361	1338	89.79	15455657	11140	I	cb25.NA_044
1263884	1265887	12064431	12062420	2004	2012	91.59	15455657	14578851	I	III
1263895	1264918	15532962	15531911	1024	1052	91.23	15455657	16627154	I	II
1264134	1265462	15114576	15113263	1329	1314	90.74	15455657	17485439	I	IV
1264693	1265884	15112930	15111744	1192	1187	91.44	15455657	17485439	I	IV
1269630	1277307	1240928	1248617	7678	7690	99.70	15455657	15455979	I	I
1276096	1277424	12064430	12063104	1329	1327	91.29	15455657	14578851	I	III
1276096	1277287	2877432	2876220	1192	1213	92.00	15455657	19495157	I	V
1276179	1277246	17849667	17848600	1068	1068	91.10	15455657	19495157	I	V
1276874	1296521	1248820	1268465	19648	19646	99.99	15455657	15455979	I	I
1292284	1293365	7166845	7165764	1082	1082	93.30	15455657	17485439	I	IV
1292285	1293369	8554734	8553637	1085	1098	93.45	15455657	16627154	I	II
1292287	1293369	2530324	2529239	1083	1086	94.41	15455657	15455979	I	I
1292287	1293375	20912930	20911852	1089	1079	92.43	15455657	21540570	I	X
1292289	1293372	10483279	10482197	1084	1083	93.03	15455657	17485439	I	IV
1292292	1293324	6558627	6557592	1033	1036	92.71	15455657	14578851	I	III
1292292	1293374	9193809	9192736	1083	1074	93.76	15455657	17485439	I	IV
1292294	1293369	2297370	2296286	1076	1085	93.20	15455657	14578851	I	III
1292354	1293373	9188687	9187669	1020	1019	92.64	15455657	14578851	I	III
1296450	1310454	1268542	1282545	14005	14004	99.96	15455657	15455979	I	I
1310810	1318672	1283277	1291138	7863	7862	99.99	15455657	15455979	I	I
1318755	1326220	1291394	1298858	7466	7465	99.93	15455657	15455979	I	I
1326141	1327806	1299172	1300835	1666	1664	99.10	15455657	15455979	I	I
1328137	1353594	1300777	1326230	25458	25454	99.98	15455657	15455979	I	I
1353712	1355362	1327388	1329037	1651	1650	99.70	15455657	15455979	I	I
1355743	1358528	1328964	1331749	2786	2786	99.78	15455657	15455979	I	I
1358544	1376435	1332155	1350045	17892	17891	99.98	15455657	15455979	I	I
1372634	1376435	1357694	1361495	3802	3802	99.95	15455657	15455979	I	I
1376781	1381799	1352665	1357683	5019	5019	99.92	15455657	15455979	I	I
1376781	1429984	1361512	1414632	53204	53121	99.84	15455657	15455979	I	I
1429897	1434253	1414241	1418596	4357	4356	99.91	15455657	15455979	I	I
1434021	1479090	1417969	1463024	45070	45056	99.87	15455657	15455979	I	I
1453615	1454922	1105	2412	1308	1308	99.24	15455657	2412	I	cb25.NA_012
1478914	1482089	1462432	1465606	3176	3175	99.91	15455657	15455979	I	I
1478978	1482343	3742	369	3366	3374	98.64	15455657	3742	I	cb25.NA_328
1479644	1483015	1466607	1469974	3372	3368	98.37	15455657	15455979	I	I
1481760	1483325	1144276	1145852	1566	1577	89.23	15455657	16627154	I	II
1481902	1485040	1468553	1471691	3139	3139	98.09	15455657	15455979	I	I
1482566	1483690	1126	1	1125	1126	94.67	15455657	3742	I	cb25.NA_328
1484918	1488805	1471893	1475816	3888	3924	98.14	15455657	15455979	I	I
1488966	1494507	1475985	1481526	5542	5542	100.00	15455657	15455979	I	I
1494431	1505047	1481258	1491876	10617	10619	99.96	15455657	15455979	I	I
1505167	1524258	1492814	1511920	19092	19107	99.85	15455657	15455979	I	I
1524237	1556517	1512053	1544333	32281	32281	100.00	15455657	15455979	I	I
1556432	1568970	1543944	1556481	12539	12538	99.99	15455657	15455979	I	I
1568613	1581799	1556538	1569686	13187	13149	99.56	15455657	15455979	I	I
1582216	1591036	1569799	1578619	8821	8821	100.00	15455657	15455979	I	I
1591172	1601734	1579535	1590096	10563	10562	99.98	15455657	15455979	I	I
1601933	1628233	1590434	1616736	26301	26303	99.98	15455657	15455979	I	I
1628896	1648762	1617691	1637556	19867	19866	99.98	15455657	15455979	I	I
1648893	1661848	1637559	1650511	12956	12953	99.95	15455657	15455979	I	I
1654483	1655616	14491899	14490876	1134	1024	75.55	15455657	16627154	I	II
1657950	1659183	14489554	14488330	1234	1225	84.10	15455657	16627154	I	II
1662053	1668578	1650820	1657345	6526	6526	99.94	15455657	15455979	I	I
1668611	1681070	1658067	1670522	12460	12456	99.95	15455657	15455979	I	I
1681329	1691927	1671256	1681854	10599	10599	99.98	15455657	15455979	I	I
1683393	1684889	1799228	1797732	1497	1497	99.93	15455657	15455979	I	I
1683393	1685009	6919	5304	1617	1616	99.94	15455657	11071	I	cb25.NA_237
1688562	1710727	1704120	1681955	22166	22166	99.98	15455657	15455979	I	I
1711248	1716670	1705265	1710684	5423	5420	99.91	15455657	15455979	I	I
1716810	1726475	1711455	1721115	9666	9661	99.92	15455657	15455979	I	I
1726547	1733028	1722089	1728570	6482	6482	99.98	15455657	15455979	I	I
1733034	1757024	1733101	1757090	23991	23990	99.99	15455657	15455979	I	I
1757415	1760922	1757167	1760674	3508	3508	99.83	15455657	15455979	I	I
1761022	1773934	1760865	1773776	12913	12912	99.84	15455657	15455979	I	I
1773653	1785106	1773360	1784811	11454	11452	99.98	15455657	15455979	I	I
1785130	1787904	1785970	1788744	2775	2775	99.96	15455657	15455979	I	I
1785130	1796197	1	11068	11068	11068	99.94	15455657	11071	I	cb25.NA_237
1790430	1792048	12068157	12066539	1619	1619	99.44	15455657	14578851	I	III
1790431	1791938	11668029	11666520	1508	1510	99.34	15455657	14578851	I	III
1790433	1792049	1674936	1673320	1617	1617	100.00	15455657	15455979	I	I
1790434	1792050	3293945	3292328	1617	1618	99.88	15455657	19495157	I	V
1790553	1800892	1797732	1808068	10340	10337	99.84	15455657	15455979	I	I
1800167	1802986	1807601	1810419	2820	2819	99.15	15455657	15455979	I	I
1800538	1803517	1813886	1810906	2980	2981	99.50	15455657	15455979	I	I
1803787	1834921	1813894	1845019	31135	31126	99.94	15455657	15455979	I	I
1834965	1844681	1845549	1855265	9717	9717	99.99	15455657	15455979	I	I
1845775	1865348	1858048	1877620	19574	19573	99.79	15455657	15455979	I	I
1865324	1901367	1877775	1913814	36044	36040	99.97	15455657	15455979	I	I
1886094	1892298	2104950	2111154	6205	6205	99.95	15455657	15455979	I	I
1901487	1908952	1914125	1921590	7466	7466	100.00	15455657	15455979	I	I
1909111	1927785	1921922	1940610	18675	18689	99.85	15455657	15455979	I	I
1927895	1960674	1940892	1973666	32780	32775	99.90	15455657	15455979	I	I
1956217	1961112	4896	1	4896	4896	99.73	15455657	4896	I	cb25.NA_298
1960760	1982108	1972953	1994300	21349	21348	99.88	15455657	15455979	I	I
1972440	1974402	6490355	6488413	1963	1943	90.89	15455657	16627154	I	II
1972480	1974443	18940895	18938981	1964	1915	90.74	15455657	21540570	I	X
1972755	1974104	13472063	13470748	1350	1316	89.73	15455657	21540570	I	X
1981877	1991662	1994971	2004758	9786	9788	99.72	15455657	15455979	I	I
1988241	1996694	2006517	2014966	8454	8450	99.70	15455657	15455979	I	I
1996819	2034398	2014977	2052554	37580	37578	99.99	15455657	15455979	I	I
2034488	2047158	2053921	2066588	12671	12668	99.98	15455657	15455979	I	I
2047247	2080180	2066982	2099914	32934	32933	99.99	15455657	15455979	I	I
2080378	2084413	2103949	2099915	4036	4035	99.98	15455657	15455979	I	I
2084938	2107170	2112155	2134385	22233	22231	99.98	15455657	15455979	I	I
2107445	2111429	2134995	2138979	3985	3985	99.92	15455657	15455979	I	I
2111431	2150397	2141108	2180073	38967	38966	99.98	15455657	15455979	I	I
2113959	2115450	2145127	2143636	1492	1492	84.74	15455657	15455979	I	I
2150420	2161844	2180216	2191638	11425	11423	99.95	15455657	15455979	I	I
2161863	2168712	2191814	2198663	6850	6850	100.00	15455657	15455979	I	I
2165177	2167046	2221070	2219202	1870	1869	99.68	15455657	15455979	I	I
2168719	2174001	2198903	2204185	5283	5283	100.00	15455657	15455979	I	I
2174046	2206471	2204643	2237010	32426	32368	99.78	15455657	15455979	I	I
2184779	2186167	14034409	14035787	1389	1379	92.53	15455657	17485439	I	IV
2188607	2190476	2196997	2195128	1870	1870	99.73	15455657	15455979	I	I
2189436	2190476	4932146	4931108	1041	1039	97.02	15455657	16627154	I	II
2189436	2190476	15279332	15280365	1041	1034	96.07	15455657	16627154	I	II
2189436	2190476	12521523	12520504	1041	1020	95.10	15455657	14578851	I	III
2189436	2190478	5476383	5475347	1043	1037	96.84	15455657	19495157	I	V
2189436	2190476	12979831	12978784	1041	1048	95.71	15455657	19495157	I	V
2189436	2190476	4389	5408	1041	1020	95.10	15455657	6153	I	cb25.NA_281
2190477	2191638	1766396	1765236	1162	1161	92.09	15455657	17485439	I	IV
2206539	2218664	2237628	2249753	12126	12126	99.99	15455657	15455979	I	I
2218814	2236987	2250227	2268400	18174	18174	99.99	15455657	15455979	I	I
2237021	2238675	2269288	2270942	1655	1655	99.82	15455657	15455979	I	I
2238675	2241118	2271141	2273584	2444	2444	100.00	15455657	15455979	I	I
2242212	2249115	2274708	2281611	6904	6904	100.00	15455657	15455979	I	I
2249177	2252820	2282070	2285713	3644	3644	100.00	15455657	15455979	I	I
2252870	2255835	2286037	2289002	2966	2966	100.00	15455657	15455979	I	I
2255946	2260397	2289090	2293540	4452	4451	99.98	15455657	15455979	I	I
2260516	2261936	2294149	2295570	1421	1422	99.86	15455657	15455979	I	I
2263159	2271019	2296677	2304537	7861	7861	99.97	15455657	15455979	I	I
2268641	2269994	12768652	12770011	1354	1360	95.10	15455657	15455979	I	I
2268642	2269994	11338137	11336765	1353	1373	94.42	15455657	14578851	I	III
2268656	2269993	6893726	6892396	1338	1331	97.16	15455657	17485439	I	IV
2268656	2269995	1178880	1180212	1340	1333	97.40	15455657	19495157	I	V
2268656	2269995	17532730	17531433	1340	1298	93.01	15455657	19495157	I	V
2271020	2273906	2304643	2307543	2887	2901	99.45	15455657	15455979	I	I
2273931	2279147	2308945	2314157	5217	5213	98.39	15455657	15455979	I	I
2275142	2276262	5467258	5466137	1121	1122	98.13	15455657	15455979	I	I
2275142	2276262	1981129	1980007	1121	1123	97.96	15455657	19495157	I	V
2279109	2281166	2313813	2315870	2058	2058	99.95	15455657	15455979	I	I
2281824	2284611	2316750	2319537	2788	2788	99.86	15455657	15455979	I	I
2284669	2287046	2320074	2322451	2378	2378	100.00	15455657	15455979	I	I
2287164	2292560	2322474	2327870	5397	5397	99.78	15455657	15455979	I	I
2292846	2318657	2328381	2354191	25812	25811	99.99	15455657	15455979	I	I
2318941	2330736	2355573	2367387	11796	11815	99.77	15455657	15455979	I	I
2330917	2370570	2368636	2408234	39654	39599	99.83	15455657	15455979	I	I
2353592	2354978	7578417	7577033	1387	1385	95.70	15455657	19495157	I	V
2369139	2372271	2314652	2311672	3133	2981	93.03	15455657	16627154	I	II
2370892	2375071	2408517	2412695	4180	4179	99.98	15455657	15455979	I	I
2372951	2373958	2311581	2310572	1008	1010	97.53	15455657	16627154	I	II
2375108	2383719	2412967	2421577	8612	8611	99.98	15455657	15455979	I	I
2383685	2393701	3216424	3226441	10017	10018	99.98	15455657	15455979	I	I
2383689	2385414	2422324	2424049	1726	1726	99.83	15455657	15455979	I	I
2386975	2393747	2424060	2430831	6773	6772	99.96	15455657	15455979	I	I
2393747	2466898	2430965	2504104	73152	73140	99.98	15455657	15455979	I	I
2467095	2470974	2504106	2507985	3880	3880	99.85	15455657	15455979	I	I
2471269	2481825	2508295	2518851	10557	10557	100.00	15455657	15455979	I	I
2481951	2525198	2519909	2563151	43248	43243	99.97	15455657	15455979	I	I
2491277	2492362	5382882	5383968	1086	1087	94.14	15455657	17485439	I	IV
2491279	2492367	14431849	14430761	1089	1089	95.99	15455657	17485439	I	IV
2491282	2492367	1265313	1264231	1086	1083	94.41	15455657	15455979	I	I
2491282	2492362	7754493	7753411	1081	1083	95.58	15455657	16627154	I	II
2500244	2501684	2680218	2678788	1441	1431	95.21	15455657	15455979	I	I
2504499	2505516	5006075	5005056	1018	1020	97.36	15455657	15455979	I	I
2504499	2505516	13365853	13364835	1018	1019	95.53	15455657	16627154	I	II
2504499	2505516	13368139	13367121	1018	1019	95.53	15455657	16627154	I	II
2504499	2505517	8916226	8915206	1019	1021	96.48	15455657	14578851	I	III
2504499	2505515	13978260	13977238	1017	1023	97.07	15455657	14578851	I	III
2504499	2505516	29487	30505	1018	1019	96.67	15455657	17485439	I	IV
2504499	2505515	6226144	6225122	1017	1023	96.48	15455657	17485439	I	IV
2504499	2505515	2478	3500	1017	1023	97.07	15455657	10200	I	cb25.NA_038
2504505	2505516	7299667	7298644	1012	1024	96.49	15455657	15455979	I	I
2504505	2505516	16752628	16753641	1012	1014	97.64	15455657	17485439	I	IV
2525227	2540650	2563479	2578902	15424	15424	99.97	15455657	15455979	I	I
2540757	2565967	2579114	2604324	25211	25211	100.00	15455657	15455979	I	I
2565978	2575480	2604585	2614087	9503	9503	100.00	15455657	15455979	I	I
2573914	2575476	2616236	2614674	1563	1563	99.81	15455657	15455979	I	I
2575566	2654043	2616241	2694713	78478	78473	99.99	15455657	15455979	I	I
2612281	2613299	11621845	11620817	1019	1029	88.31	15455657	15455979	I	I
2612476	2613676	11622499	11621285	1201	1215	87.40	15455657	15455979	I	I
2629651	2631298	1463206	1464852	1648	1647	99.76	15455657	16627154	I	II
2629651	2631298	13649402	13647756	1648	1647	99.70	15455657	16627154	I	II
2629651	2631300	2855534	2853894	1650	1641	99.15	15455657	19495157	I	V
2629651	2631297	216809	218454	1647	1646	99.70	15455657	21540570	I	X
2638117	2639547	2539640	2538200	1431	1441	95.21	15455657	15455979	I	I
2648176	2649668	5640289	5638932	1493	1358	87.81	15455657	21540570	I	X
2654962	2674520	2694885	2714441	19559	19557	99.99	15455657	15455979	I	I
2674988	2699460	2715745	2740215	24473	24471	99.99	15455657	15455979	I	I
2699682	2721935	2740384	2762635	22254	22252	99.98	15455657	15455979	I	I
2722239	2750900	2770034	2798692	28662	28659	99.99	15455657	15455979	I	I
2749722	2750900	2803504	2802327	1179	1178	99.83	15455657	15455979	I	I
2751013	2785016	2803517	2837518	34004	34002	99.99	15455657	15455979	I	I
2780522	2781887	2836508	2835144	1366	1365	99.19	15455657	15455979	I	I
2782642	2784006	2834389	2833024	1365	1366	99.19	15455657	15455979	I	I
2785121	2855634	2838040	2908543	70514	70504	99.96	15455657	15455979	I	I
2789849	2793034	3187	1	3186	3187	99.69	15455657	3187	I	cb25.NA_347
2792642	2793675	29478	30507	1034	1030	97.10	15455657	17485439	I	IV
2792644	2793672	6311261	6310221	1029	1041	94.59	15455657	19495157	I	V
2815707	2816964	6591098	6592355	1258	1258	88.74	15455657	15455979	I	I
2855742	2873610	2909095	2926961	17869	17867	99.99	15455657	15455979	I	I
2873957	2889194	2926897	2942134	15238	15238	99.83	15455657	15455979	I	I
2890329	2901294	2942220	2953185	10966	10966	100.00	15455657	15455979	I	I
2898891	2901561	2956185	2958854	2671	2670	99.96	15455657	15455979	I	I
2901656	2903519	2954182	2956045	1864	1864	100.00	15455657	15455979	I	I
2901670	2916381	2964167	2978881	14712	14715	99.87	15455657	15455979	I	I
2917699	2920343	2980383	2983027	2645	2645	100.00	15455657	15455979	I	I
2920442	2942999	2983360	3005916	22558	22557	99.79	15455657	15455979	I	I
2944775	2965208	3013959	3034392	20434	20434	100.00	15455657	15455979	I	I
2951966	2952998	47455	48464	1033	1010	91.82	15455657	17485439	I	IV
2965318	2996847	3035270	3066797	31530	31528	99.92	15455657	15455979	I	I
2997416	3008680	3066842	3078106	11265	11265	100.00	15455657	15455979	I	I
3008966	3068267	3079007	3138302	59302	59296	99.98	15455657	15455979	I	I
3068680	3069880	3138712	3139912	1201	1201	100.00	15455657	15455979	I	I
3070062	3079703	3140085	3149726	9642	9642	99.95	15455657	15455979	I	I
3079699	3085245	3150461	3156007	5547	5547	100.00	15455657	15455979	I	I
3085331	3125789	3156496	3196898	40459	40403	99.81	15455657	15455979	I	I
3125916	3144159	3197179	3215423	18244	18245	99.95	15455657	15455979	I	I
3136902	3145851	3282791	3273844	8950	8948	99.74	15455657	15455979	I	I
3147030	3167148	3273833	3253717	20119	20117	99.99	15455657	15455979	I	I
3167229	3193822	3253133	3226542	26594	26592	99.96	15455657	15455979	I	I
3187721	3195442	4214886	4207165	7722	7722	100.00	15455657	17485439	I	IV
3195450	3197653	4206995	4204791	2204	2205	99.77	15455657	17485439	I	IV
3197964	3215427	3282894	3300356	17464	17463	99.98	15455657	15455979	I	I
3215622	3259526	3301588	3345488	43905	43901	99.99	15455657	15455979	I	I
3259525	3268218	3345900	3354593	8694	8694	99.99	15455657	15455979	I	I
3268205	3293681	3355159	3380632	25477	25474	99.98	15455657	15455979	I	I
3293899	3369334	3380963	3456391	75436	75429	99.98	15455657	15455979	I	I
3332858	3334111	3502466	3501213	1254	1254	99.92	15455657	15455979	I	I
3332858	3334111	7909488	7908236	1254	1253	99.60	15455657	16627154	I	II
3332858	3334111	8129163	8127912	1254	1252	99.60	15455657	17485439	I	IV
3346993	3348021	8111518	8112555	1029	1038	83.75	15455657	15455979	I	I
3368932	3393355	3455820	3480244	24424	24425	99.87	15455657	15455979	I	I
3393408	3396380	3480385	3483357	2973	2973	100.00	15455657	15455979	I	I
3396380	3419815	3484044	3507475	23436	23432	99.94	15455657	15455979	I	I
3413547	3414804	14314569	14313312	1258	1258	99.92	15455657	16627154	I	II
3413547	3414809	11615748	11614492	1263	1257	99.13	15455657	21540570	I	X
3413550	3414808	2673649	2672392	1259	1258	99.84	15455657	14578851	I	III
3420638	3447167	3508040	3534567	26530	26528	99.99	15455657	15455979	I	I
3447220	3478922	3535241	3566940	31703	31700	99.99	15455657	15455979	I	I
3472823	3490809	3567941	3585924	17987	17984	99.98	15455657	15455979	I	I
3478432	3479504	14863605	14862548	1073	1058	93.85	15455657	17485439	I	IV
3478440	3479531	15005022	15006123	1092	1102	91.07	15455657	17485439	I	IV
3491303	3578051	3585935	3672680	86749	86746	99.99	15455657	15455979	I	I
3578885	3624300	3672794	3718203	45416	45410	99.99	15455657	15455979	I	I
3624357	3650218	3719176	3745009	25862	25834	99.83	15455657	15455979	I	I
3631930	3636651	4721	1	4722	4721	99.89	15455657	4721	I	cb25.NA_301
3634556	3635926	3165346	3163972	1371	1375	95.65	15455657	16627154	I	II
3634556	3635926	17532785	17531434	1371	1352	94.20	15455657	19495157	I	V
3634611	3635929	12768667	12770014	1319	1348	92.90	15455657	15455979	I	I
3650277	3712022	3746175	3807917	61746	61743	99.99	15455657	15455979	I	I
3664376	3665683	3799683	3798351	1308	1333	82.83	15455657	15455979	I	I
3702456	3703788	3761580	3760273	1333	1308	82.83	15455657	15455979	I	I
3712107	3718249	3813175	3819316	6143	6142	99.97	15455657	15455979	I	I
3718303	3722982	3952253	3947574	4680	4680	100.00	15455657	15455979	I	I
3723301	3762236	3947575	3908643	38936	38933	99.98	15455657	15455979	I	I
3747033	3748335	15580295	15579007	1303	1289	97.33	15455657	19495157	I	V
3762332	3816077	3902000	3848260	53746	53741	99.99	15455657	15455979	I	I
3783606	3785758	5096	7248	2153	2153	99.67	15455657	25727	I	cb25.NA_207
3783614	3785759	16158025	16155879	2146	2147	99.63	15455657	16627154	I	II
3816091	3844835	3848160	3819417	28745	28744	99.97	15455657	15455979	I	I
3844982	3890244	3953026	3998286	45263	45261	99.99	15455657	15455979	I	I
3860803	3862063	15665936	15664670	1261	1267	93.77	15455657	21540570	I	X
3890396	3904014	3998288	4011906	13619	13619	99.96	15455657	15455979	I	I
3904113	3913552	4011984	4021421	9440	9438	99.98	15455657	15455979	I	I
3914550	3969208	4022560	4077214	54659	54655	99.98	15455657	15455979	I	I
3969269	3989604	4077914	4098248	20336	20335	99.98	15455657	15455979	I	I
3976216	3977728	4086372	4084860	1513	1513	90.72	15455657	15455979	I	I
3989700	3991532	4099447	4101279	1833	1833	100.00	15455657	15455979	I	I
3991814	4043559	4101585	4153330	51746	51746	99.99	15455657	15455979	I	I
4043676	4079592	4153324	4189237	35917	35914	99.99	15455657	15455979	I	I
4043687	4044888	5597580	5596365	1202	1216	94.12	15455657	15455979	I	I
4043687	4044888	5609899	5608683	1202	1217	94.20	15455657	15455979	I	I
4043687	4044888	8218337	8219530	1202	1194	96.35	15455657	15455979	I	I
4043687	4044888	9398252	9397094	1202	1159	93.43	15455657	14578851	I	III
4068656	4069696	11104604	11103577	1041	1028	85.78	15455657	16627154	I	II
4068688	4069696	3582657	3581633	1009	1025	83.85	15455657	19495157	I	V
4079695	4082423	4189082	4191810	2729	2729	100.00	15455657	15455979	I	I
4082942	4130120	4196501	4243674	47179	47174	99.99	15455657	15455979	I	I
4115474	4116540	3046847	3045771	1067	1077	92.81	15455657	16627154	I	II
4115478	4116536	4566180	4565110	1059	1071	93.12	15455657	15455979	I	I
4115533	4116539	4827712	4826699	1007	1014	92.56	15455657	19495157	I	V
4239826	4278043	4261471	4299686	38218	38216	99.97	15455657	15455979	I	I
4242749	4244007	168728	169986	1259	1259	99.76	15455657	15455979	I	I
4242749	4244007	174692	175950	1259	1259	99.76	15455657	15455979	I	I
4279180	4294770	4308029	4323616	15591	15588	99.98	15455657	15455979	I	I
4294911	4386231	4324604	4415916	91321	91313	99.99	15455657	15455979	I	I
4386368	4415366	4415909	4444907	28999	28999	100.00	15455657	15455979	I	I
4415455	4432181	4444989	4461715	16727	16727	100.00	15455657	15455979	I	I
4427656	4429187	7263925	7262412	1532	1514	92.98	15455657	14578851	I	III
4427656	4429153	7578441	7576953	1498	1489	93.31	15455657	14578851	I	III
4428123	4429187	6033891	6032847	1065	1045	91.91	15455657	15455979	I	I
4432475	4455758	4461867	4485150	23284	23284	99.99	15455657	15455979	I	I
4436687	4437867	3429505	3428310	1181	1196	92.40	15455657	19495157	I	V
4436687	4437869	15825849	15824648	1183	1202	91.09	15455657	21540570	I	X
4456155	4518817	4485554	4548225	62663	62672	99.97	15455657	15455979	I	I
4498826	4569611	4528223	4599016	70786	70794	99.97	15455657	15455979	I	I
4535700	4536778	4538139	4539212	1079	1074	93.71	15455657	16627154	I	II
4535700	4536777	13836370	13835296	1078	1075	94.63	15455657	16627154	I	II
4535700	4536776	13306347	13305278	1077	1070	92.96	15455657	21540570	I	X
4535703	4536773	4230091	4229033	1071	1059	93.12	15455657	15455979	I	I
4535703	4536773	9025937	9024870	1071	1068	94.77	15455657	16627154	I	II
4562577	4563836	13726821	13728080	1260	1260	99.76	15455657	15455979	I	I
4562578	4563837	8785797	8784538	1260	1260	99.84	15455657	19495157	I	V
4562578	4563836	21110641	21109384	1259	1258	99.92	15455657	21540570	I	X
4562579	4563834	1261626	1260371	1256	1256	100.00	15455657	21540570	I	X
4562580	4563839	2673648	2672390	1260	1259	99.76	15455657	14578851	I	III
4562580	4563837	2633943	2632686	1258	1258	99.76	15455657	17485439	I	IV
4562580	4563835	14087509	14086254	1256	1256	99.92	15455657	19495157	I	V
4562580	4563837	11615744	11614493	1258	1252	99.36	15455657	21540570	I	X
4562580	4563836	9388	8133	1257	1256	99.92	15455657	22500	I	cb25.NA_068
4569875	4587649	4599101	4616873	17775	17773	99.99	15455657	15455979	I	I
4588074	4638053	4616838	4666832	49980	49995	99.85	15455657	15455979	I	I
4595325	4596462	2654162	2653035	1138	1128	93.82	15455657	16627154	I	II
4638138	4640958	4667563	4670381	2821	2819	99.93	15455657	15455979	I	I
4641231	4644218	4670392	4673379	2988	2988	100.00	15455657	15455979	I	I
4644335	4707800	4674457	4737919	63466	63463	99.99	15455657	15455979	I	I
4689105	4690263	13001347	13000190	1159	1158	97.59	15455657	19495157	I	V
4690263	4691303	7692717	7691673	1041	1045	97.61	15455657	19495157	I	V
4690263	4691825	6859260	6857685	1563	1576	97.27	15455657	21540570	I	X
4708009	4755495	4738416	4785899	47487	47484	99.97	15455657	15455979	I	I
4755527	4766393	4786182	4797047	10867	10866	99.98	15455657	15455979	I	I
4766443	4836262	4797249	4867066	69820	69818	99.99	15455657	15455979	I	I
4811783	4813121	11683673	11682339	1339	1335	95.67	15455657	19495157	I	V
4822046	4823303	7443698	7444954	1258	1257	99.76	15455657	21540570	I	X
4822046	4823303	7449734	7450991	1258	1258	99.76	15455657	21540570	I	X
4836285	4874880	4871568	4910162	38596	38595	99.99	15455657	15455979	I	I
4875085	4880296	4910163	4915372	5212	5210	99.90	15455657	15455979	I	I
4880665	4910868	4915724	4945927	30204	30204	99.99	15455657	15455979	I	I
4911418	4912670	4946982	4948234	1253	1253	100.00	15455657	15455979	I	I
4913344	4921781	4948245	4956681	8438	8437	99.99	15455657	15455979	I	I
4921865	4945834	4957089	4981054	23970	23966	99.96	15455657	15455979	I	I
4928503	4929619	15223491	15222377	1117	1115	95.01	15455657	15455979	I	I
4928503	4929619	2101474	2100406	1117	1069	93.21	15455657	17485439	I	IV
4928503	4929620	3419239	3420342	1118	1104	96.43	15455657	17485439	I	IV
4946974	4961693	4981490	4996206	14720	14717	99.97	15455657	15455979	I	I
4961696	5025374	4996870	5060545	63679	63676	99.99	15455657	15455979	I	I
4969883	4970909	5014479	5013455	1027	1025	99.12	15455657	15455979	I	I
4969883	4970913	13282737	13281712	1031	1026	96.51	15455657	14578851	I	III
4969883	4970909	16676484	16675458	1027	1027	97.47	15455657	19495157	I	V
4978280	4979308	12674473	12673444	1029	1030	97.97	15455657	16627154	I	II
4978281	4979306	4475250	4474228	1026	1023	97.08	15455657	14578851	I	III
4978281	4979306	8916234	8915208	1026	1027	96.60	15455657	14578851	I	III
4978281	4979306	16752614	16753640	1026	1027	97.18	15455657	17485439	I	IV
4978282	4979306	5006082	5005057	1025	1026	99.03	15455657	15455979	I	I
4978282	4979306	5410600	5409564	1025	1037	95.22	15455657	15455979	I	I
4978282	4979306	7299680	7298645	1025	1036	96.53	15455657	15455979	I	I
4978282	4979307	7002365	7001338	1026	1028	97.28	15455657	14578851	I	III
4978282	4979306	13978267	13977238	1025	1030	97.97	15455657	14578851	I	III
4978282	4979306	6226151	6225122	1025	1030	97.38	15455657	17485439	I	IV
4978282	4979307	15530002	15528978	1026	1025	96.50	15455657	19495157	I	V
4978282	4979306	4691	3670	1025	1022	97.37	15455657	79173	I	cb25.NA_037
4978282	4979306	2471	3500	1025	1030	97.97	15455657	10200	I	cb25.NA_038
4978282	4979307	875	1906	1026	1032	97.48	15455657	6620	I	cb25.NA_269
4980118	4981124	10747159	10746120	1007	1040	88.49	15455657	14578851	I	III
4990709	4991964	10971666	10970406	1256	1261	82.08	15455657	17485439	I	IV
4990890	4991894	6951590	6952605	1005	1016	81.62	15455657	15455979	I	I
5012996	5014252	6088098	6086841	1257	1258	98.73	15455657	14578851	I	III
5025488	5043738	5068408	5086655	18251	18248	99.98	15455657	15455979	I	I
5044256	5050379	4246801	4252923	6124	6123	99.98	15455657	15455979	I	I
5050537	5065826	5087656	5102945	15290	15290	99.97	15455657	15455979	I	I
5065903	5072439	5103339	5109873	6537	6535	99.97	15455657	15455979	I	I
5072555	5091143	5110772	5129360	18589	18589	100.00	15455657	15455979	I	I
5092037	5107014	5129477	5144452	14978	14976	99.97	15455657	15455979	I	I
5107165	5132664	5144281	5169782	25500	25502	99.97	15455657	15455979	I	I
5132640	5133860	5170292	5171511	1221	1220	99.92	15455657	15455979	I	I
5134083	5137698	5171889	5175505	3616	3617	99.97	15455657	15455979	I	I
5137813	5256679	5175802	5294665	118867	118864	99.99	15455657	15455979	I	I
5239121	5240391	8418126	8416870	1271	1257	86.36	15455657	17485439	I	IV
5256777	5257805	5295422	5296450	1029	1029	100.00	15455657	15455979	I	I
5258785	5260834	5296855	5298904	2050	2050	100.00	15455657	15455979	I	I
5261919	5264648	5300126	5302855	2730	2730	100.00	15455657	15455979	I	I
5264740	5279134	5302866	5317258	14395	14393	99.92	15455657	15455979	I	I
5277366	5279134	5319773	5321538	1769	1766	99.83	15455657	15455979	I	I
5279257	5285462	5322302	5328506	6206	6205	99.98	15455657	15455979	I	I
5286175	5316760	5329359	5359936	30586	30578	99.96	15455657	15455979	I	I
5296770	5372092	5339956	5415270	75323	75315	99.98	15455657	15455979	I	I
5366386	5367422	5014479	5013455	1037	1025	95.22	15455657	15455979	I	I
5366386	5367422	12112578	12111555	1037	1024	95.69	15455657	16627154	I	II
5366386	5367422	3529045	3528035	1037	1011	93.97	15455657	14578851	I	III
5366386	5367422	16676484	16675458	1037	1027	95.41	15455657	19495157	I	V
5372195	5421253	5415700	5464752	49059	49053	99.99	15455657	15455979	I	I
5421296	5432351	5465544	5476599	11056	11056	100.00	15455657	15455979	I	I
5421889	5423010	2311277	2310156	1122	1122	97.78	15455657	15455979	I	I
5421916	5423009	6624143	6623052	1094	1092	97.82	15455657	16627154	I	II
5432463	5448590	5476885	5493010	16128	16126	99.99	15455657	15455979	I	I
5449227	5456835	5493882	5501489	7609	7608	99.93	15455657	15455979	I	I
5456721	5465810	5501500	5510588	9090	9089	99.98	15455657	15455979	I	I
5465884	5471815	5510926	5516857	5932	5932	100.00	15455657	15455979	I	I
5472040	5492934	5517844	5538735	20895	20892	99.99	15455657	15455979	I	I
5474158	5475420	4812063	4810802	1263	1262	99.45	15455657	14578851	I	III
5474158	5475420	13864159	13862897	1263	1263	99.37	15455657	19495157	I	V
5474160	5475417	11228244	11226988	1258	1257	99.76	15455657	21540570	I	X
5474163	5475420	3633340	3632083	1258	1258	99.84	15455657	16627154	I	II
5474163	5475421	13468801	13467544	1259	1258	99.76	15455657	16627154	I	II
5474163	5475421	6778673	6779930	1259	1258	99.44	15455657	17485439	I	IV
5493172	5502280	5538702	5547812	9109	9111	99.93	15455657	15455979	I	I
5494476	5495675	22447	23642	1200	1196	93.69	15455657	23652	I	cb25.NA_141
5494480	5495668	5423069	5421862	1189	1208	94.75	15455657	14578851	I	III
5502416	5532034	5547978	5577592	29619	29615	99.98	15455657	15455979	I	I
5532134	5534563	5578305	5580734	2430	2430	100.00	15455657	15455979	I	I
5534681	5555444	5580923	5601685	20764	20763	99.99	15455657	15455979	I	I
5548311	5568265	5606871	5626825	19955	19955	100.00	15455657	15455979	I	I
5549733	5551253	7861541	7860051	1521	1491	92.66	15455657	19495157	I	V
5550123	5551450	4154536	4153175	1328	1362	90.97	15455657	15455979	I	I
5568382	5584644	5627379	5643640	16263	16262	99.99	15455657	15455979	I	I
5577506	5579359	11464313	11462464	1854	1850	98.22	15455657	17485439	I	IV
5577622	5579360	8320250	8318519	1739	1732	98.04	15455657	14578851	I	III
5584807	5624267	5644290	5683705	39461	39416	99.85	15455657	15455979	I	I
5594845	5596173	12077849	12076549	1329	1301	84.94	15455657	15455979	I	I
5595125	5596332	8007054	8008216	1208	1163	81.83	15455657	15455979	I	I
5595125	5596342	8432373	8433591	1218	1219	83.75	15455657	15455979	I	I
5595130	5596332	8435582	8436739	1203	1158	81.75	15455657	15455979	I	I
5595288	5596531	10670001	10668749	1244	1253	82.90	15455657	19495157	I	V
5602457	5603569	3998376	3999511	1113	1136	93.76	15455657	16627154	I	II
5624353	5670385	5684032	5730062	46033	46031	99.99	15455657	15455979	I	I
5631773	5632839	5696995	5695929	1067	1067	99.63	15455657	15455979	I	I
5636252	5637318	5692517	5691452	1067	1066	99.53	15455657	15455979	I	I
5651190	5652304	9244722	9243615	1115	1108	90.00	15455657	15455979	I	I
5670580	5713249	5730642	5773309	42670	42668	99.99	15455657	15455979	I	I
5713348	5717067	5606770	5603052	3720	3719	99.97	15455657	15455979	I	I
5718070	5726039	5773860	5781829	7970	7970	100.00	15455657	15455979	I	I
5723383	5724831	10045612	10044117	1449	1496	90.72	15455657	15455979	I	I
5723383	5724839	9635469	9633962	1457	1508	91.63	15455657	14578851	I	III
5723384	5724839	5790956	5789481	1456	1476	89.43	15455657	14578851	I	III
5723384	5724839	11094609	11093139	1456	1471	88.64	15455657	17485439	I	IV
5723741	5726070	5833219	5830891	2330	2329	99.96	15455657	15455979	I	I
5726213	5737971	5829476	5817717	11759	11760	99.99	15455657	15455979	I	I
5738678	5741225	5817706	5815159	2548	2548	100.00	15455657	15455979	I	I
5741357	5755248	5814966	5801074	13892	13893	99.99	15455657	15455979	I	I
5755253	5758752	5800134	5796637	3500	3498	99.54	15455657	15455979	I	I
5761793	5773849	5793991	5781936	12057	12056	99.98	15455657	15455979	I	I
5773890	5776957	5932299	5929232	3068	3068	99.93	15455657	15455979	I	I
5777153	5820426	5932310	5975583	43274	43274	99.99	15455657	15455979	I	I
5820540	5834347	5980949	5994755	13808	13807	99.92	15455657	15455979	I	I
5835234	5855930	5995913	6016611	20697	20699	99.96	15455657	15455979	I	I
5856135	5859478	6017014	6020357	3344	3344	99.97	15455657	15455979	I	I
5859531	5918110	6020632	6079204	58580	58573	99.96	15455657	15455979	I	I
5880986	5883595	6100578	6097991	2610	2588	91.91	15455657	15455979	I	I
5899192	5900446	7865183	7863929	1255	1255	100.00	15455657	21540570	I	X
5899192	5900447	7925141	7923886	1256	1256	100.00	15455657	21540570	I	X
5899192	5900449	13359902	13358646	1258	1257	99.52	15455657	21540570	I	X
5899192	5900446	17505665	17504412	1255	1254	99.92	15455657	21540570	I	X
5918205	5920149	6079942	6081885	1945	1944	99.79	15455657	15455979	I	I
5920140	5928121	6082296	6090276	7982	7981	99.99	15455657	15455979	I	I
5928290	5938074	6090947	6100731	9785	9785	99.94	15455657	15455979	I	I
5935334	5937921	6044695	6042086	2588	2610	91.91	15455657	15455979	I	I
5938581	5992168	6107230	6160805	53588	53576	99.95	15455657	15455979	I	I
5951145	5952265	6200487	6199367	1121	1121	98.48	15455657	15455979	I	I
5990393	5991415	20694239	20695282	1023	1044	92.76	15455657	21540570	I	X
5992909	5995397	6161794	6164282	2489	2489	100.00	15455657	15455979	I	I
5995507	6069581	6164534	6238595	74075	74062	99.97	15455657	15455979	I	I
6022462	6024428	6860832	6858871	1967	1962	98.42	15455657	21540570	I	X
6022465	6023846	13001347	12999966	1382	1382	99.13	15455657	19495157	I	V
6022469	6024217	2242144	2240396	1749	1749	98.57	15455657	16627154	I	II
6022475	6023770	13732270	13730982	1296	1289	98.53	15455657	19495157	I	V
6022724	6024428	470479	472183	1705	1705	98.83	15455657	21540570	I	X
6023065	6024428	651994	653357	1364	1364	98.83	15455657	21540570	I	X
6030348	6031468	6120913	6119794	1121	1120	98.40	15455657	15455979	I	I
6031864	6033467	1613612	1612007	1604	1606	99.69	15455657	17485439	I	IV
6031864	6033514	1830	3482	1651	1653	99.70	15455657	25117	I	cb25.NA_033
6031868	6033514	13353578	13351931	1647	1648	99.64	15455657	17485439	I	IV
6059316	6060425	21399692	21398592	1110	1101	95.68	15455657	21540570	I	X
6070257	6074806	6239028	6243576	4550	4549	99.96	15455657	15455979	I	I
6075553	6078623	6244699	6247768	3071	3070	99.97	15455657	15455979	I	I
6078972	6092040	6247971	6261039	13069	13069	99.99	15455657	15455979	I	I
6088216	6089832	14217840	14216225	1617	1616	99.44	15455657	17485439	I	IV
6088216	6089834	6097202	6095586	1619	1617	99.14	15455657	21540570	I	X
6088220	6089830	13109202	13107592	1611	1611	99.75	15455657	17485439	I	IV
6088462	6089830	13086094	13084727	1369	1368	99.78	15455657	15455979	I	I
6089748	6110114	6262175	6282541	20367	20367	99.98	15455657	15455979	I	I
6110229	6129731	6282408	6301908	19503	19501	99.94	15455657	15455979	I	I
6128500	6129506	6039726	6038737	1007	990	88.32	15455657	17485439	I	IV
6128500	6129506	20708852	20709842	1007	991	86.73	15455657	21540570	I	X
6130038	6132496	6301919	6304377	2459	2459	100.00	15455657	15455979	I	I
6130055	6134751	5833320	5838016	4697	4697	100.00	15455657	15455979	I	I
6130917	6132178	7712610	7711348	1262	1263	99.84	15455657	21540570	I	X
6130919	6132178	6726337	6725078	1260	1260	99.68	15455657	16627154	I	II
6130922	6132177	12341652	12340398	1256	1255	99.84	15455657	21540570	I	X
6134866	6138904	5838300	5842338	4039	4039	100.00	15455657	15455979	I	I
6139030	6152950	5843179	5857099	13921	13921	100.00	15455657	15455979	I	I
6145067	6146179	14326061	14324957	1113	1105	87.76	15455657	15455979	I	I
6145074	6146175	15450630	15449527	1102	1104	95.13	15455657	19495157	I	V
6153268	6207064	5857513	5911309	53797	53797	99.97	15455657	15455979	I	I
6207371	6214545	5911862	5919035	7175	7174	99.99	15455657	15455979	I	I
6207883	6211457	11242730	11239172	3575	3559	90.13	15455657	19495157	I	V
6214565	6223794	5919349	5928579	9230	9231	99.37	15455657	15455979	I	I
6222067	6224772	5824	3183	2706	2642	94.02	15455657	8061	I	cb25.NA_255
6222193	6224473	5926851	5929131	2281	2281	98.95	15455657	15455979	I	I
6223210	6229949	8054	1397	6740	6658	94.14	15455657	8061	I	cb25.NA_255
6224772	6227825	3056	1	3054	3056	95.29	15455657	8061	I	cb25.NA_255
6226737	6230600	3817	1	3864	3817	93.59	15455657	3832	I	cb25.NA_322
6228125	6231987	3817	1	3863	3817	93.64	15455657	3832	I	cb25.NA_322
6229141	6231714	8054	5514	2574	2541	93.59	15455657	8061	I	cb25.NA_255
6230200	6231609	1397	1	1410	1397	97.03	15455657	8061	I	cb25.NA_255
6232345	6237915	5514	1	5571	5514	95.38	15455657	8061	I	cb25.NA_255
6234683	6238546	3817	1	3864	3817	93.95	15455657	3832	I	cb25.NA_322
6235699	6238387	8054	5400	2689	2655	94.37	15455657	8061	I	cb25.NA_255
6238399	6241308	2916	1	2910	2916	97.47	15455657	8061	I	cb25.NA_255
6238594	6242447	3817	1	3854	3817	93.62	15455657	3832	I	cb25.NA_322
6238765	6242602	5400	1601	3838	3800	94.06	15455657	8061	I	cb25.NA_255
6240241	6248318	8054	1	8078	8054	93.44	15455657	8061	I	cb25.NA_255
6241215	6242728	3832	2319	1514	1514	97.30	15455657	3832	I	cb25.NA_322
6242747	6246571	3817	1	3825	3817	94.04	15455657	3832	I	cb25.NA_322
6242983	6245317	2317	1	2335	2317	94.18	15455657	3832	I	cb25.NA_322
6243117	6251230	8057	1	8114	8057	94.21	15455657	8061	I	cb25.NA_255
6244093	6245684	1601	1	1592	1601	95.15	15455657	8061	I	cb25.NA_255
6245118	6251151	8054	2089	6034	5966	93.73	15455657	8061	I	cb25.NA_255
6249631	6251911	5926851	5929131	2281	2281	96.59	15455657	15455979	I	I
6251031	6257569	8054	1474	6539	6581	92.50	15455657	8061	I	cb25.NA_255
6251280	6253350	2087	1	2071	2087	94.07	15455657	8061	I	cb25.NA_255
6259295	6260741	1474	1	1447	1474	91.52	15455657	8061	I	cb25.NA_255
6260286	6268196	8057	1	7911	8057	91.99	15455657	8061	I	cb25.NA_255
6264551	6268309	3817	1	3759	3817	89.86	15455657	3832	I	cb25.NA_322
6268364	6274165	8054	2098	5802	5957	92.31	15455657	8061	I	cb25.NA_255
6269775	6273509	3832	1	3735	3832	91.82	15455657	3832	I	cb25.NA_322
6271736	6276075	8057	3648	4340	4410	90.51	15455657	8061	I	cb25.NA_255
6274643	6276082	2098	634	1440	1465	94.29	15455657	8061	I	cb25.NA_255
6275289	6279775	6594551	6590065	4487	4487	99.67	15455657	15455979	I	I
6277485	6278742	2869879	2868622	1258	1258	88.74	15455657	15455979	I	I
6281383	6306975	6588514	6562923	25593	25592	99.99	15455657	15455979	I	I
6307936	6315684	6561302	6553554	7749	7749	99.97	15455657	15455979	I	I
6315690	6323300	6553453	6545844	7611	7610	99.99	15455657	15455979	I	I
6323725	6370108	6545202	6498824	46384	46379	99.98	15455657	15455979	I	I
6366583	6368003	12744768	12743367	1421	1402	95.47	15455657	19495157	I	V
6366585	6367791	16610039	16611180	1207	1142	91.37	15455657	19495157	I	V
6366587	6368003	5153099	5151680	1417	1420	94.56	15455657	14578851	I	III
6366588	6368003	2142700	2141280	1416	1421	95.95	15455657	16627154	I	II
6371819	6520814	6498813	6349839	148996	148975	99.98	15455657	15455979	I	I
6522341	6535654	6349038	6335726	13314	13313	99.92	15455657	15455979	I	I
6536000	6567258	6335732	6304478	31259	31255	99.99	15455657	15455979	I	I
6562981	6573957	1	10978	10977	10978	99.91	15455657	10978	I	cb25.NA_238
6567977	6574122	6610277	6616423	6146	6147	99.98	15455657	15455979	I	I
6574522	6576271	6617274	6619023	1750	1750	99.94	15455657	15455979	I	I
6576405	6655454	6619130	6698175	79050	79046	99.99	15455657	15455979	I	I
6586299	6587373	7177008	7175942	1075	1067	91.26	15455657	16627154	I	II
6586299	6587373	297641	298715	1075	1075	91.54	15455657	21540570	I	X
6586299	6587373	6123	7198	1075	1076	91.64	15455657	11946	I	cb25.NA_082
6656164	6665854	6698534	6708224	9691	9691	99.99	15455657	15455979	I	I
6664176	6665379	6709568	6708365	1204	1204	99.83	15455657	15455979	I	I
6665988	6668799	6709569	6712380	2812	2812	100.00	15455657	15455979	I	I
6668882	6672296	6712898	6716312	3415	3415	99.97	15455657	15455979	I	I
6672388	6681434	6716516	6725564	9047	9049	99.92	15455657	15455979	I	I
6681470	6712011	6726202	6756741	30542	30540	99.99	15455657	15455979	I	I
6709728	6715874	6760603	6754459	6147	6145	97.57	15455657	15455979	I	I
6713651	6761405	6758381	6806132	47755	47752	99.99	15455657	15455979	I	I
6761764	6764177	6806911	6809324	2414	2414	100.00	15455657	15455979	I	I
6765417	6771516	6609227	6603136	6100	6092	99.69	15455657	15455979	I	I
6771730	6773849	6602131	6600012	2120	2120	100.00	15455657	15455979	I	I
6774305	6779369	6599716	6594652	5065	5065	100.00	15455657	15455979	I	I
6779636	6830753	7028092	6976977	51118	51116	99.99	15455657	15455979	I	I
6795402	6796663	4401452	4400192	1262	1261	99.68	15455657	21540570	I	X
6795405	6796663	12208340	12207082	1259	1259	99.60	15455657	17485439	I	IV
6829100	6830418	10971559	10970162	1319	1398	89.04	15455657	16627154	I	II
6829103	6830410	7032485	7031091	1308	1395	91.49	15455657	15455979	I	I
6829103	6830410	7888392	7886998	1308	1395	91.49	15455657	15455979	I	I
6829103	6830410	10853641	10852278	1308	1364	91.47	15455657	15455979	I	I
6829103	6830410	8075829	8077205	1308	1377	86.10	15455657	17485439	I	IV
6829128	6830410	7972297	7973696	1283	1400	87.82	15455657	17485439	I	IV
6830698	6839306	6976958	6968350	8609	8609	100.00	15455657	15455979	I	I
6839329	6875771	6968075	6931635	36443	36441	99.99	15455657	15455979	I	I
6854786	6855815	15595933	15594908	1030	1026	87.61	15455657	19495157	I	V
6875770	6992136	6931587	6815226	116367	116362	99.99	15455657	15455979	I	I
6902991	6904468	23510	22026	1478	1485	98.45	15455657	79173	I	cb25.NA_037
6906324	6907606	9113468	9112196	1283	1273	91.60	15455657	14578851	I	III
6931724	6932943	9910108	9908953	1220	1156	90.34	15455657	21540570	I	X
6937833	6940179	6858657	6860983	2347	2327	92.60	15455657	15455979	I	I
6946377	6948704	6867180	6869526	2328	2347	92.64	15455657	15455979	I	I
6992594	6994846	6814645	6812393	2253	2253	99.87	15455657	15455979	I	I
6995173	6996506	4792	6125	1334	1334	94.68	15455657	6127	I	cb25.NA_283
6996039	6997252	7871828	7873040	1214	1213	92.01	15455657	15455979	I	I
7000419	7002800	2413	2	2382	2412	93.37	15455657	6127	I	cb25.NA_283
7000419	7002518	4388	2225	2100	2164	88.75	15455657	6127	I	cb25.NA_283
7000419	7001806	4829	3483	1388	1347	90.50	15455657	6127	I	cb25.NA_283
7000419	7001911	4955	3462	1493	1494	90.70	15455657	6127	I	cb25.NA_283
7000420	7001606	5626	4440	1187	1187	92.17	15455657	6127	I	cb25.NA_283
7000866	7001921	6125	5070	1056	1056	93.37	15455657	6127	I	cb25.NA_283
7001097	7002646	6125	4555	1550	1571	91.66	15455657	6127	I	cb25.NA_283
7001668	7002790	7873046	7871820	1123	1227	86.97	15455657	15455979	I	I
7001774	7003144	4440	2985	1371	1456	88.26	15455657	6127	I	cb25.NA_283
7001911	7003635	3252	1571	1725	1682	91.13	15455657	6127	I	cb25.NA_283
7003662	7009256	668	6125	5595	5458	90.71	15455657	6127	I	cb25.NA_283
7003941	7010075	2	6125	6135	6124	91.40	15455657	6127	I	cb25.NA_283
7005180	7011440	2	6125	6261	6124	91.30	15455657	6127	I	cb25.NA_283
7006230	7012427	2	6125	6198	6124	91.16	15455657	6127	I	cb25.NA_283
7012467	7018601	2	6125	6135	6124	92.28	15455657	6127	I	cb25.NA_283
7016982	7023158	2	6125	6177	6124	92.17	15455657	6127	I	cb25.NA_283
7018032	7024187	2	6125	6156	6124	91.70	15455657	6127	I	cb25.NA_283
7024941	7026817	2	1887	1877	1886	91.73	15455657	6127	I	cb25.NA_283
7025705	7026934	7871818	7873046	1230	1229	93.09	15455657	15455979	I	I
7026440	7027669	7871818	7873046	1230	1229	96.26	15455657	15455979	I	I
7026597	7030182	7871828	7875433	3586	3606	97.75	15455657	15455979	I	I
7030596	7046122	7875626	7891151	15527	15526	99.98	15455657	15455979	I	I
7039071	7054809	7028193	7043931	15739	15739	99.99	15455657	15455979	I	I
7041966	7042968	3489094	3488086	1003	1009	96.13	15455657	17485439	I	IV
7041966	7042968	3539078	3540086	1003	1009	96.13	15455657	17485439	I	IV
7041967	7043058	10678658	10677560	1092	1099	93.95	15455657	16627154	I	II
7041968	7043362	6977320	6978627	1395	1308	91.49	15455657	15455979	I	I
7041969	7043362	1965255	1963865	1394	1391	95.64	15455657	16627154	I	II
7041969	7043354	7170293	7168914	1386	1380	95.83	15455657	19495157	I	V
7054184	7055248	10668233	10667144	1065	1090	90.54	15455657	19495157	I	V
7054184	7055185	11498207	11497195	1002	1013	90.69	15455657	21540570	I	X
7054835	7084436	7045731	7075327	29602	29597	99.98	15455657	15455979	I	I
7073914	7075227	3973564	3972244	1314	1321	95.25	15455657	19495157	I	V
7084634	7088999	7075873	7080238	4366	4366	100.00	15455657	15455979	I	I
7089111	7094129	7080781	7085799	5019	5019	99.98	15455657	15455979	I	I
7094247	7096172	7088660	7086735	1926	1926	100.00	15455657	15455979	I	I
7096280	7126163	7088661	7118541	29884	29881	99.97	15455657	15455979	I	I
7106247	7107252	3983029	3981997	1006	1033	91.15	15455657	14578851	I	III
7119504	7120819	914510	913213	1316	1298	89.06	15455657	15455979	I	I
7119504	7120555	13067201	13066147	1052	1055	92.34	15455657	16627154	I	II
7119504	7120551	10661540	10660502	1048	1039	94.11	15455657	14578851	I	III
7119504	7120819	6530	7827	1316	1298	89.06	15455657	9677	I	cb25.NA_243
7126372	7176772	7119094	7169492	50401	50399	99.98	15455657	15455979	I	I
7177573	7236381	7170409	7229215	58809	58807	99.99	15455657	15455979	I	I
7215512	7216782	10426871	10425614	1271	1258	82.71	15455657	14578851	I	III
7215516	7216724	13204890	13206099	1209	1210	80.05	15455657	16627154	I	II
7236354	7237775	7229449	7230871	1422	1423	99.86	15455657	15455979	I	I
7238253	7247658	7231651	7241056	9406	9406	99.99	15455657	15455979	I	I
7240420	7279468	7245702	7284746	39049	39045	99.98	15455657	15455979	I	I
7253199	7254241	11010573	11009534	1043	1040	99.04	15455657	15455979	I	I
7256231	7258212	4933089	4931108	1982	1982	97.13	15455657	16627154	I	II
7256231	7258212	12522448	12520504	1982	1945	95.02	15455657	14578851	I	III
7256231	7258212	800860	798888	1982	1973	96.63	15455657	17485439	I	IV
7256231	7258212	5477282	5475349	1982	1934	94.72	15455657	19495157	I	V
7256231	7258212	12980753	12978784	1982	1970	95.74	15455657	19495157	I	V
7256231	7258212	3464	5408	1982	1945	94.97	15455657	6153	I	cb25.NA_281
7256240	7257499	5413	4154	1260	1260	96.99	15455657	5413	I	cb25.NA_056
7257005	7258212	15279164	15280365	1208	1202	96.53	15455657	16627154	I	II
7270959	7273989	7892152	7895182	3031	3031	100.00	15455657	15455979	I	I
7279553	7289395	7285585	7295423	9843	9839	99.96	15455657	15455979	I	I
7279809	7280897	3657030	3655937	1089	1094	96.98	15455657	19495157	I	V
7290476	7297711	7296829	7304063	7236	7235	99.97	15455657	15455979	I	I
7292292	7293327	11463906	11462882	1036	1025	96.91	15455657	15455979	I	I
7292292	7293327	11604912	11603884	1036	1029	96.73	15455657	16627154	I	II
7292292	7293327	13282737	13281716	1036	1022	95.18	15455657	14578851	I	III
7292292	7293328	12300672	12301701	1037	1030	97.31	15455657	17485439	I	IV
7292292	7293328	3138	4167	1037	1030	97.31	15455657	8930	I	cb25.NA_248
7297764	7319518	7304781	7326534	21755	21754	99.99	15455657	15455979	I	I
7319606	7336767	7326635	7343793	17162	17159	99.98	15455657	15455979	I	I
7321593	7322681	17307740	17308811	1089	1072	89.75	15455657	17485439	I	IV
7331191	7343332	7344751	7356889	12142	12139	99.62	15455657	15455979	I	I
7343570	7346414	7356857	7359701	2845	2845	100.00	15455657	15455979	I	I
7346747	7415063	7360469	7428780	68317	68312	99.99	15455657	15455979	I	I
7411418	7412662	3443764	3445046	1245	1283	89.49	15455657	14578851	I	III
7415714	7450982	7428783	7464050	35269	35268	99.99	15455657	15455979	I	I
7452201	7486540	7464156	7498494	34340	34339	99.95	15455657	15455979	I	I
7486642	7513582	7499945	7526884	26941	26940	99.99	15455657	15455979	I	I
7487429	7488442	1115315	1114325	1014	991	86.82	15455657	17485439	I	IV
7492030	7493547	7619405	7617931	1518	1475	94.27	15455657	21540570	I	X
7493625	7494626	11722199	11721201	1002	999	97.11	15455657	21540570	I	X
7509868	7518400	7527845	7536378	8533	8534	99.99	15455657	15455979	I	I
7511716	7513126	11909854	11908436	1411	1419	93.46	15455657	16627154	I	II
7511868	7513126	10683567	10682309	1259	1259	96.83	15455657	21540570	I	X
7511870	7513126	9905225	9903966	1257	1260	96.91	15455657	21540570	I	X
7511876	7513126	5562796	5564068	1251	1273	95.13	15455657	17485439	I	IV
7511876	7513126	5695264	5693992	1251	1273	95.13	15455657	17485439	I	IV
7518558	7566559	7536868	7584866	48002	47999	99.99	15455657	15455979	I	I
7534358	7535570	16828565	16827328	1213	1238	80.85	15455657	21540570	I	X
7534359	7535571	20526361	20527561	1213	1201	79.30	15455657	21540570	I	X
7547523	7548629	7387577	7388678	1107	1102	91.41	15455657	17485439	I	IV
7547546	7548639	13002879	13001820	1094	1060	90.35	15455657	16627154	I	II
7547546	7548639	10747211	10746120	1094	1092	90.96	15455657	14578851	I	III
7547546	7548640	7211745	7210665	1095	1081	91.39	15455657	19495157	I	V
7566732	7569325	7586272	7588862	2594	2591	99.88	15455657	15455979	I	I
7569392	7596222	7589506	7616336	26831	26831	99.93	15455657	15455979	I	I
7579124	7580147	8920671	8919703	1024	969	90.46	15455657	14578851	I	III
7590150	7591198	8918007	8916965	1049	1043	95.73	15455657	14578851	I	III
7597451	7623019	7617845	7643413	25569	25569	99.99	15455657	15455979	I	I
7623020	7624447	7644109	7645534	1428	1426	99.79	15455657	15455979	I	I
7624453	7652714	7646056	7674313	28262	28258	99.97	15455657	15455979	I	I
7635717	7637303	12735966	12734380	1587	1587	99.18	15455657	21540570	I	X
7652981	7658768	7675238	7681026	5788	5789	99.98	15455657	15455979	I	I
7658929	7808291	7681357	7830712	149363	149356	99.98	15455657	15455979	I	I
7724343	7725599	3920	2664	1257	1257	99.84	15455657	4396	I	cb25.NA_307
7726071	7727428	7170293	7168914	1358	1380	93.17	15455657	19495157	I	V
7726195	7727436	1965099	1963865	1242	1235	95.34	15455657	16627154	I	II
7726195	7727436	7072023	7070831	1242	1193	92.35	15455657	19495157	I	V
7726195	7727436	7505463	7504271	1242	1193	92.35	15455657	19495157	I	V
7733201	7734446	9113358	9112111	1246	1248	94.00	15455657	14578851	I	III
7734699	7736940	5849414	5847222	2242	2193	89.20	15455657	14578851	I	III
7734708	7735775	7759361	7758315	1068	1047	93.10	15455657	15455979	I	I
7735888	7736934	7758202	7757135	1047	1068	93.10	15455657	15455979	I	I
7808376	7847572	7831201	7870395	39197	39195	99.99	15455657	15455979	I	I
7827816	7828870	11033943	11032882	1055	1062	91.76	15455657	17485439	I	IV
7828165	7829233	17307740	17308811	1069	1072	88.52	15455657	17485439	I	IV
7847671	7855369	8519570	8511872	7699	7699	100.00	15455657	15455979	I	I
7856146	7881398	8511502	8486251	25253	25252	99.99	15455657	15455979	I	I
7880078	7881399	11338137	11336764	1322	1374	90.01	15455657	14578851	I	III
7880080	7881399	8484615	8485933	1320	1319	99.92	15455657	15455979	I	I
7880080	7881398	1178819	1180211	1319	1393	92.37	15455657	19495157	I	V
7880141	7881399	12768667	12770012	1259	1346	90.23	15455657	15455979	I	I
7881434	7887643	8486056	8479847	6210	6210	99.95	15455657	15455979	I	I
7881558	7882815	2303512	2302174	1258	1339	91.88	15455657	15455979	I	I
7881558	7882876	8486251	8487569	1319	1319	100.00	15455657	15455979	I	I
7881558	7882815	15517485	15518814	1258	1330	91.03	15455657	19495157	I	V
7887810	7918815	8479382	8448379	31006	31004	99.95	15455657	15455979	I	I
7919486	7927394	8448472	8440564	7909	7909	99.99	15455657	15455979	I	I
7958245	7970757	8019571	8007060	12513	12512	99.98	15455657	15455979	I	I
7968219	7972414	8438119	8433926	4196	4194	99.95	15455657	15455979	I	I
7972672	7978823	8433634	8427483	6152	6152	100.00	15455657	15455979	I	I
7973589	7991579	8007397	7989409	17991	17989	99.99	15455657	15455979	I	I
7993941	7997956	7986881	7982866	4016	4016	100.00	15455657	15455979	I	I
7995869	7996928	11067257	11066202	1060	1056	94.97	15455657	16627154	I	II
7998086	8051291	8426058	8372855	53206	53204	99.99	15455657	15455979	I	I
8048959	8050925	292567	294569	1967	2003	93.73	15455657	17485439	I	IV
8048962	8050470	12650536	12649036	1509	1501	97.75	15455657	19495157	I	V
8048964	8050923	225538	227517	1960	1980	93.30	15455657	17485439	I	IV
8049004	8050924	15054220	15056138	1921	1919	96.70	15455657	17485439	I	IV
8049081	8050924	9770498	9768628	1844	1871	93.08	15455657	14578851	I	III
8049127	8050924	14638950	14637154	1798	1797	97.18	15455657	16627154	I	II
8049292	8050521	16163816	16162565	1230	1252	95.06	15455657	19495157	I	V
8049421	8050924	9763607	9762092	1504	1516	93.62	15455657	14578851	I	III
8051327	8052505	8369274	8368096	1179	1179	100.00	15455657	15455979	I	I
8052511	8055354	8372717	8369874	2844	2844	99.72	15455657	15455979	I	I
8052525	8100296	8367816	8320050	47772	47767	99.97	15455657	15455979	I	I
8100291	8120354	8319714	8299652	20064	20063	99.99	15455657	15455979	I	I
8120792	8132778	8299263	8287277	11987	11987	100.00	15455657	15455979	I	I
8132952	8135124	8286485	8284313	2173	2173	100.00	15455657	15455979	I	I
8135270	8167811	8283564	8251026	32542	32539	99.93	15455657	15455979	I	I
8167223	8170234	8254386	8251375	3012	3012	94.82	15455657	15455979	I	I
8168968	8171597	7904386	7901757	2630	2630	86.39	15455657	15455979	I	I
8169666	8171736	7901525	7899456	2071	2070	93.10	15455657	15455979	I	I
8170123	8172753	7904386	7901756	2631	2631	93.46	15455657	15455979	I	I
8170134	8172605	7901520	7899047	2472	2474	90.26	15455657	15455979	I	I
8173077	8175621	2545	3	2545	2543	89.63	15455657	2545	I	cb25.NA_376
8173126	8175757	7904386	7901755	2632	2632	96.47	15455657	15455979	I	I
8174463	8177007	2545	3	2545	2543	89.71	15455657	2545	I	cb25.NA_376
8175903	8178310	7901525	7899119	2408	2407	93.06	15455657	15455979	I	I
8177988	8180459	7901520	7899047	2472	2474	90.14	15455657	15455979	I	I
8179314	8181326	2545	534	2013	2012	94.44	15455657	2545	I	cb25.NA_376
8180186	8182328	4	2145	2143	2142	97.11	15455657	2145	I	cb25.NA_401
8185631	8188395	7898046	7895283	2765	2764	98.44	15455657	15455979	I	I
8188403	8191156	7898046	7895294	2754	2753	97.71	15455657	15455979	I	I
8189021	8191601	8	2587	2581	2580	97.44	15455657	2587	I	cb25.NA_373
8189195	8191337	4	2145	2143	2142	98.09	15455657	2145	I	cb25.NA_401
8189707	8192294	1	2587	2588	2587	98.22	15455657	2587	I	cb25.NA_373
8189778	8191121	7974459	7973117	1344	1343	97.54	15455657	15455979	I	I
8190034	8192448	7982452	7980041	2415	2412	97.97	15455657	15455979	I	I
8191175	8193939	7898046	7895283	2765	2764	96.53	15455657	15455979	I	I
8192806	8195220	7982452	7980041	2415	2412	97.68	15455657	15455979	I	I
8193485	8196249	7898046	7895283	2765	2764	96.49	15455657	15455979	I	I
8194277	8196419	4	2145	2143	2142	97.29	15455657	2145	I	cb25.NA_401
8194789	8197376	1	2587	2588	2587	99.11	15455657	2587	I	cb25.NA_373
8196271	8198685	7982452	7980041	2415	2412	98.01	15455657	15455979	I	I
8197995	8200130	7978011	7975877	2136	2135	98.08	15455657	15455979	I	I
8200763	8202902	7978015	7975877	2140	2139	98.13	15455657	15455979	I	I
8201801	8204565	7898046	7895283	2765	2764	97.00	15455657	15455979	I	I
8202593	8204735	4	2145	2143	2142	97.90	15455657	2145	I	cb25.NA_401
8203308	8205443	7978011	7975877	2136	2135	98.50	15455657	15455979	I	I
8203748	8205890	4	2145	2143	2142	96.97	15455657	2145	I	cb25.NA_401
8204029	8206616	1	2587	2588	2587	97.95	15455657	2587	I	cb25.NA_373
8205948	8207291	7974459	7973117	1344	1343	97.32	15455657	15455979	I	I
8206639	8207984	7974461	7973117	1346	1345	98.81	15455657	15455979	I	I
8206872	8215163	7974459	7966170	8292	8290	99.72	15455657	15455979	I	I
8215182	8244129	7965681	7936741	28948	28941	99.97	15455657	15455979	I	I
8244182	8274633	7935836	7905387	30452	30450	99.99	15455657	15455979	I	I
8274974	8280445	8250925	8245457	5472	5469	99.65	15455657	15455979	I	I
8282236	8324045	8245010	8203205	41810	41806	99.95	15455657	15455979	I	I
8307330	8308400	577722	576665	1071	1058	84.54	15455657	17485439	I	IV
8307330	8308827	7861541	7860051	1498	1491	93.63	15455657	19495157	I	V
8307719	8308912	4154536	4153335	1194	1202	96.35	15455657	15455979	I	I
8324145	8364899	8203074	8162322	40755	40753	99.98	15455657	15455979	I	I
8365104	8420069	8161989	8107025	54966	54965	99.99	15455657	15455979	I	I
8376837	8378100	3585843	3584578	1264	1266	99.45	15455657	16627154	I	II
8376838	8378100	1172331	1173586	1263	1256	98.89	15455657	19495157	I	V
8378099	8380193	8714346	8712277	2095	2070	87.66	15455657	15455979	I	I
8411611	8412612	2999707	2998704	1002	1004	96.32	15455657	16627154	I	II
8411611	8412805	8760470	8759288	1195	1183	95.41	15455657	16627154	I	II
8411611	8412880	11659444	11658168	1270	1277	95.39	15455657	14578851	I	III
8411611	8412879	6246623	6245350	1269	1274	95.16	15455657	19495157	I	V
8411611	8412879	1590733	1589459	1269	1275	94.91	15455657	21540570	I	X
8411618	8412876	3970106	3968847	1259	1260	95.65	15455657	15455979	I	I
8411620	8412876	20118098	20116838	1257	1261	94.71	15455657	21540570	I	X
8411645	8412877	8769307	8768043	1233	1265	94.01	15455657	15455979	I	I
8411653	8412838	3342103	3343287	1186	1185	95.37	15455657	17485439	I	IV
8412872	8414130	15961538	15960281	1259	1258	99.60	15455657	16627154	I	II
8412873	8414130	2817128	2815871	1258	1258	99.68	15455657	19495157	I	V
8412875	8414136	168730	169991	1262	1262	99.84	15455657	15455979	I	I
8412875	8414136	174694	175955	1262	1262	99.84	15455657	15455979	I	I
8412876	8414131	12536988	12535734	1256	1255	99.84	15455657	17485439	I	IV
8414540	8415577	3435080	3434052	1038	1029	83.75	15455657	15455979	I	I
8420184	8431164	8106248	8095269	10981	10980	99.87	15455657	15455979	I	I
8431314	8448333	8094125	8077107	17020	17019	99.99	15455657	15455979	I	I
8440965	8442264	6728032	6726768	1300	1265	94.38	15455657	19495157	I	V
8449012	8467385	8076658	8058285	18374	18374	100.00	15455657	15455979	I	I
8469463	8486878	8039870	8057284	17416	17415	99.99	15455657	15455979	I	I
8478033	8495182	8036816	8019672	17150	17145	99.97	15455657	15455979	I	I
8494022	8495212	5423068	5421862	1191	1207	94.15	15455657	14578851	I	III
8494022	8495219	22451	23642	1198	1192	97.00	15455657	23652	I	cb25.NA_141
8495236	8497380	23652	21513	2145	2140	99.53	15455657	23652	I	cb25.NA_141
8495246	8496446	5541207	5540008	1201	1200	94.18	15455657	15455979	I	I
8495246	8496442	4431229	4432445	1197	1217	94.67	15455657	16627154	I	II
8495246	8496444	9884140	9882920	1199	1221	91.05	15455657	14578851	I	III
8495283	8496442	8019672	8020832	1160	1161	97.68	15455657	15455979	I	I
8497576	8518198	20601	1	20623	20601	99.84	15455657	23652	I	cb25.NA_141
8520559	8530496	8521970	8531906	9938	9937	99.99	15455657	15455979	I	I
8529841	8531070	11464906	11463677	1230	1230	97.24	15455657	17485439	I	IV
8531467	8539317	8533995	8541844	7851	7850	99.96	15455657	15455979	I	I
8540286	8558945	8542404	8561060	18660	18657	99.98	15455657	15455979	I	I
8559142	8563163	8561565	8565585	4022	4021	99.98	15455657	15455979	I	I
8561346	8562605	2731	1472	1260	1260	100.00	15455657	2731	I	cb25.NA_013
8563832	8582638	8566136	8584943	18807	18808	99.98	15455657	15455979	I	I
8582814	8677180	8584954	8679323	94367	94370	99.98	15455657	15455979	I	I
8633824	8635082	6669719	6668461	1259	1259	99.76	15455657	16627154	I	II
8633824	8635081	15928405	15927148	1258	1258	99.68	15455657	21540570	I	X
8633828	8635084	14695858	14694602	1257	1257	99.68	15455657	21540570	I	X
8677297	8679445	8680621	8682769	2149	2149	99.81	15455657	15455979	I	I
8679561	8688249	8683278	8691965	8689	8688	99.88	15455657	15455979	I	I
8688385	8695396	8692325	8699335	7012	7011	99.99	15455657	15455979	I	I
8695483	8737208	8699835	8741554	41726	41720	99.97	15455657	15455979	I	I
8707927	8709997	8146901	8148995	2071	2095	87.70	15455657	15455979	I	I
8719284	8721167	3043691	3041809	1884	1883	99.95	15455657	19495157	I	V
8736825	8738482	8038574	8036917	1658	1658	99.94	15455657	15455979	I	I
8738529	8771837	8743432	8776742	33309	33311	99.97	15455657	15455979	I	I
8763143	8764406	2867488	2866249	1264	1240	93.22	15455657	21540570	I	X
8772919	8867869	8777328	8872269	94951	94942	99.99	15455657	15455979	I	I
8858756	8863199	17309255	17304807	4444	4449	99.42	15455657	19495157	I	V
8869507	8881142	8874235	8885870	11636	11636	100.00	15455657	15455979	I	I
8881312	8931055	8886562	8936304	49744	49743	99.96	15455657	15455979	I	I
8931191	8953069	8938392	8960268	21879	21877	99.99	15455657	15455979	I	I
8953219	9040099	8961044	9047919	86881	86876	99.99	15455657	15455979	I	I
9040151	9106439	9049000	9115280	66289	66281	99.98	15455657	15455979	I	I
9106502	9110529	9115640	9119667	4028	4028	100.00	15455657	15455979	I	I
9110687	9125816	9119749	9134847	15130	15099	99.73	15455657	15455979	I	I
9125810	9145261	9134948	9154398	19452	19451	99.99	15455657	15455979	I	I
9143999	9145932	6490351	6488373	1934	1979	90.09	15455657	16627154	I	II
9144300	9145893	6684544	6686111	1594	1568	85.11	15455657	21540570	I	X
9144503	9145692	16431294	16432498	1190	1205	86.10	15455657	19495157	I	V
9145347	9170924	9154741	9180318	25578	25578	100.00	15455657	15455979	I	I
9171003	9178964	9180972	9188933	7962	7962	100.00	15455657	15455979	I	I
9179083	9182295	9188936	9192152	3213	3217	99.66	15455657	15455979	I	I
9182342	9200038	9192544	9210244	17697	17701	99.85	15455657	15455979	I	I
9199805	9214596	9209738	9224529	14792	14792	99.88	15455657	15455979	I	I
9210840	9211973	9852128	9850985	1134	1144	95.20	15455657	15455979	I	I
9210840	9211973	9856750	9855607	1134	1144	95.02	15455657	15455979	I	I
9214670	9248339	9225092	9258759	33670	33668	99.99	15455657	15455979	I	I
9233194	9234301	5711981	5710867	1108	1115	90.00	15455657	15455979	I	I
9233194	9234301	9805779	9804678	1108	1102	89.04	15455657	19495157	I	V
9248484	9274260	9259254	9285028	25777	25775	99.99	15455657	15455979	I	I
9263920	9265107	2552780	2551547	1188	1234	88.11	15455657	17485439	I	IV
9266602	9267861	8785801	8784542	1260	1260	99.60	15455657	19495157	I	V
9266603	9267861	7181971	7180714	1259	1258	99.76	15455657	14578851	I	III
9274425	9504516	9286422	9516466	230092	230045	99.97	15455657	15455979	I	I
9310147	9311405	3793299	3794556	1259	1258	99.60	15455657	19495157	I	V
9310151	9311407	14153852	14152597	1257	1256	99.84	15455657	15455979	I	I
9310151	9311406	13816886	13815631	1256	1256	99.92	15455657	14578851	I	III
9310152	9311410	990240	988982	1259	1259	99.76	15455657	16627154	I	II
9391613	9392799	10044917	10043743	1187	1175	93.13	15455657	17485439	I	IV
9391613	9393736	10456690	10454585	2124	2106	94.15	15455657	19495157	I	V
9391818	9393281	7576959	7575482	1464	1478	90.81	15455657	14578851	I	III
9403518	9404635	5671017	5669900	1118	1118	99.82	15455657	17485439	I	IV
9504888	9679522	9517488	9692125	174635	174638	99.98	15455657	15455979	I	I
9591791	9598246	10877867	10884320	6456	6454	97.88	15455657	21540570	I	X
9624190	9625346	14132536	14131402	1157	1135	82.58	15455657	17485439	I	IV
9679864	9730302	9692012	9742441	50439	50430	99.96	15455657	15455979	I	I
9688097	9689230	9701376	9700243	1134	1134	89.33	15455657	15455979	I	I
9689588	9690647	8168405	8167380	1060	1026	93.13	15455657	14578851	I	III
9690280	9691312	10853550	10852526	1033	1025	87.69	15455657	19495157	I	V
9730426	9764015	9742441	9776030	33590	33590	99.99	15455657	15455979	I	I
9764160	9783864	9776232	9795936	19705	19705	100.00	15455657	15455979	I	I
9783916	9807098	9796390	9819571	23183	23182	99.94	15455657	15455979	I	I
9806960	9823453	9818745	9835212	16494	16468	99.52	15455657	15455979	I	I
9816482	9822121	9835223	9840863	5640	5641	99.98	15455657	15455979	I	I
9823169	9825124	9842899	9844854	1956	1956	100.00	15455657	15455979	I	I
9825137	9905663	9844982	9925500	80527	80519	99.97	15455657	15455979	I	I
9906471	9931329	9926592	9951449	24859	24858	99.98	15455657	15455979	I	I
9931505	9938717	9952299	9959511	7213	7213	100.00	15455657	15455979	I	I
9938818	9957075	9959896	9978151	18258	18256	99.97	15455657	15455979	I	I
9957382	9981916	9979729	10004262	24535	24534	99.99	15455657	15455979	I	I
9982078	9993304	10004880	10016104	11227	11225	99.98	15455657	15455979	I	I
9985683	9987458	6614405	6612619	1776	1787	92.65	15455657	19495157	I	V
9993282	10049424	10023582	10079720	56143	56139	99.98	15455657	15455979	I	I
10013818	10015313	8802595	8801108	1496	1488	92.21	15455657	14578851	I	III
10013818	10015317	9060832	9059326	1500	1507	92.70	15455657	14578851	I	III
10013818	10015313	16117549	16116047	1496	1503	93.84	15455657	19495157	I	V
10050866	10059813	10080600	10089547	8948	8948	100.00	15455657	15455979	I	I
10059987	10086175	10089849	10116036	26189	26188	99.98	15455657	15455979	I	I
10086324	10108861	10116491	10139028	22538	22538	99.99	15455657	15455979	I	I
10109015	10185503	10140130	10216610	76489	76481	99.99	15455657	15455979	I	I
10155698	10156762	10189471	10188408	1065	1064	99.81	15455657	15455979	I	I
10157298	10158362	10187872	10186809	1065	1064	99.81	15455657	15455979	I	I
10185587	10217399	10217088	10248896	31813	31809	99.99	15455657	15455979	I	I
10217764	10225071	10248938	10256247	7308	7310	99.92	15455657	15455979	I	I
10223086	10224255	15629272	15628097	1170	1176	97.28	15455657	21540570	I	X
10223086	10224255	3169	1994	1170	1176	97.28	15455657	6357	I	cb25.NA_272
10225303	10259298	10257248	10291241	33996	33994	99.99	15455657	15455979	I	I
10259561	10266848	10291686	10298973	7288	7288	99.99	15455657	15455979	I	I
10267075	10288581	10298984	10320490	21507	21507	99.98	15455657	15455979	I	I
10288765	10297877	10321045	10330157	9113	9113	100.00	15455657	15455979	I	I
10298010	10307143	10330690	10339821	9134	9132	99.96	15455657	15455979	I	I
10307347	10341531	10340971	10375151	34185	34181	99.94	15455657	15455979	I	I
10341571	10349270	10375317	10383016	7700	7700	100.00	15455657	15455979	I	I
10345437	10346661	12134909	12133695	1225	1215	91.16	15455657	17485439	I	IV
10345437	10346485	8718486	8717447	1049	1040	90.17	15455657	19495157	I	V
10349346	10351466	10383446	10385564	2121	2119	99.86	15455657	15455979	I	I
10351515	10355928	10386218	10390630	4414	4413	99.77	15455657	15455979	I	I
10356215	10374115	10390632	10408531	17901	17900	99.97	15455657	15455979	I	I
10374149	10399245	10409377	10434472	25097	25096	99.99	15455657	15455979	I	I
10399309	10405542	10435185	10441416	6234	6232	99.95	15455657	15455979	I	I
10403267	10448159	10441770	10486661	44893	44892	99.95	15455657	15455979	I	I
10448332	10503989	10486928	10542586	55658	55659	99.96	15455657	15455979	I	I
10451262	10452346	1189258	1188177	1085	1082	91.22	15455657	17485439	I	IV
10451270	10452346	6630097	6629023	1077	1075	91.56	15455657	15455979	I	I
10494634	10495890	8442742	8441487	1257	1256	99.92	15455657	16627154	I	II
10494635	10495890	13771655	13770400	1256	1256	100.00	15455657	17485439	I	IV
10500821	10501939	5166619	5167739	1119	1121	95.12	15455657	17485439	I	IV
10504142	10562572	10547193	10605615	58431	58423	99.98	15455657	15455979	I	I
10509598	10510857	13480563	13479305	1260	1259	99.44	15455657	14578851	I	III
10509599	10510859	5411926	5410667	1261	1260	99.76	15455657	16627154	I	II
10509599	10510859	3922	2662	1261	1261	99.84	15455657	4396	I	cb25.NA_307
10509601	10510860	9855194	9853943	1260	1252	98.97	15455657	21540570	I	X
10509603	10510860	10108046	10106787	1258	1260	99.52	15455657	14578851	I	III
10509604	10510860	6584770	6583514	1257	1257	99.84	15455657	16627154	I	II
10509604	10510869	7802171	7800907	1266	1265	99.61	15455657	21540570	I	X
10509604	10510860	13478324	13477069	1257	1256	99.84	15455657	21540570	I	X
10509619	10510860	6574504	6573261	1242	1244	99.52	15455657	16627154	I	II
10553831	10610316	10606616	10663095	56486	56480	99.99	15455657	15455979	I	I
10610547	10639419	10663106	10691976	28873	28871	99.97	15455657	15455979	I	I
10639447	10663185	10692285	10716022	23739	23738	99.95	15455657	15455979	I	I
10663430	10683894	10716265	10736727	20465	20463	99.85	15455657	15455979	I	I
10683918	10742281	10737030	10795393	58364	58364	99.95	15455657	15455979	I	I
10744714	10769676	10796541	10821501	24963	24961	99.99	15455657	15455979	I	I
10752506	10753808	16776421	16777728	1303	1308	99.39	15455657	17485439	I	IV
10752507	10753810	3680415	3681724	1304	1310	99.24	15455657	17485439	I	IV
10752507	10753811	7491720	7490410	1305	1311	99.31	15455657	19495157	I	V
10761637	10762885	7647760	7646510	1249	1251	98.72	15455657	19495157	I	V
10761643	10762885	16994249	16993018	1243	1232	96.62	15455657	19495157	I	V
10769725	10774923	10821772	10826969	5199	5198	99.94	15455657	15455979	I	I
10774974	10787790	10827569	10840380	12817	12812	99.95	15455657	15455979	I	I
10787376	10791418	10845707	10841665	4043	4043	100.00	15455657	15455979	I	I
10789375	10790683	10848925	10847617	1309	1309	88.93	15455657	15455979	I	I
10791557	10806487	10845708	10860637	14931	14930	99.97	15455657	15455979	I	I
10793467	10794775	10842400	10843708	1309	1309	88.93	15455657	15455979	I	I
10798129	10799483	7170293	7168914	1355	1380	93.52	15455657	19495157	I	V
10798229	10799491	7072078	7070831	1263	1248	92.73	15455657	19495157	I	V
10798229	10799491	7505518	7504271	1263	1248	92.73	15455657	19495157	I	V
10807136	10808682	10860648	10862193	1547	1546	99.94	15455657	15455979	I	I
10808873	10811614	10862924	10865666	2742	2743	99.96	15455657	15455979	I	I
10811684	10826793	10866342	10881450	15110	15109	99.99	15455657	15455979	I	I
10826742	10828950	1187979	1185772	2209	2208	99.86	15455657	17485439	I	IV
10828371	10830573	10881551	10883753	2203	2203	99.95	15455657	15455979	I	I
10830620	10839334	10884365	10893079	8715	8715	100.00	15455657	15455979	I	I
10839160	10849845	10893331	10904020	10686	10690	99.65	15455657	15455979	I	I
10849624	10866146	10904115	10920635	16523	16521	99.99	15455657	15455979	I	I
10866566	10887156	10920734	10941322	20591	20589	99.95	15455657	15455979	I	I
10887163	10892362	10941913	10947111	5200	5199	99.96	15455657	15455979	I	I
10892819	10901936	10948001	10957118	9118	9118	100.00	15455657	15455979	I	I
10902042	10918652	10957413	10974026	16611	16614	99.96	15455657	15455979	I	I
10915369	10916606	21520536	21519301	1238	1236	95.97	15455657	21540570	I	X
10918068	10919087	10976376	10975357	1020	1020	99.90	15455657	15455979	I	I
10918789	10920927	10974601	10976738	2139	2138	99.72	15455657	15455979	I	I
10920408	10924874	10981260	10976795	4467	4466	99.91	15455657	15455979	I	I
10925008	10927255	10982261	10984508	2248	2248	99.91	15455657	15455979	I	I
10927423	10943409	10984519	11000504	15987	15986	99.96	15455657	15455979	I	I
10928768	10929838	11687220	11686071	1071	1150	85.62	15455657	21540570	I	X
10941328	10942976	21183081	21181434	1649	1648	99.76	15455657	21540570	I	X
10941329	10942977	6821863	6820224	1649	1640	99.33	15455657	19495157	I	V
10943894	10951520	11000805	11008430	7627	7626	99.99	15455657	15455979	I	I
10945609	10946900	5875872	5874505	1292	1368	83.50	15455657	17485439	I	IV
10951543	10953811	11009044	11011311	2269	2268	99.87	15455657	15455979	I	I
10952033	10953073	7259522	7258480	1041	1043	99.14	15455657	15455979	I	I
10954053	10961259	11011322	11018528	7207	7207	100.00	15455657	15455979	I	I
10961625	10965504	11019479	11023358	3880	3880	99.82	15455657	15455979	I	I
10965459	10971755	11023079	11029373	6297	6295	99.86	15455657	15455979	I	I
10971787	10992813	11030071	11051097	21027	21027	99.98	15455657	15455979	I	I
10977572	10981350	11081817	11078044	3779	3774	97.83	15455657	15455979	I	I
10993399	10995560	11052308	11054469	2162	2162	99.58	15455657	15455979	I	I
10996123	11005016	11054662	11063554	8894	8893	99.98	15455657	15455979	I	I
11005018	11033873	11064458	11093307	28856	28850	99.97	15455657	15455979	I	I
11018607	11022381	11039634	11035857	3775	3778	97.81	15455657	15455979	I	I
11021215	11022292	11232585	11231511	1078	1075	89.67	15455657	15455979	I	I
11033969	11035161	11093790	11094982	1193	1193	100.00	15455657	15455979	I	I
11035657	11047216	11096037	11107595	11560	11559	99.99	15455657	15455979	I	I
11047853	11049857	11108685	11110689	2005	2005	100.00	15455657	15455979	I	I
11048946	11056942	11114055	11122051	7997	7997	99.99	15455657	15455979	I	I
11049800	11051295	11110763	11112258	1496	1496	100.00	15455657	15455979	I	I
11050751	11052061	2469165	2467856	1311	1310	99.92	15455657	16627154	I	II
11050751	11052061	1000016	998705	1311	1312	99.54	15455657	19495157	I	V
11051446	11052870	11112530	11113954	1425	1425	100.00	15455657	15455979	I	I
11057891	11060720	11122803	11125632	2830	2830	100.00	15455657	15455979	I	I
11060832	11081559	11125827	11146550	20728	20724	99.96	15455657	15455979	I	I
11081663	11083344	11146968	11148650	1682	1683	99.35	15455657	15455979	I	I
11083451	11092744	11148753	11158045	9294	9293	99.98	15455657	15455979	I	I
11093109	11113961	11162966	11183816	20853	20851	99.91	15455657	15455979	I	I
11114133	11115308	11184993	11183818	1176	1176	100.00	15455657	15455979	I	I
11114133	11127143	11185343	11198350	13011	13008	99.95	15455657	15455979	I	I
11123324	11124583	13038772	13037514	1260	1259	99.68	15455657	16627154	I	II
11123324	11124580	13864157	13862901	1257	1257	99.60	15455657	19495157	I	V
11123324	11124580	8362351	8363606	1257	1256	99.68	15455657	21540570	I	X
11123327	11124586	7982453	7981194	1260	1260	99.60	15455657	14578851	I	III
11123327	11124513	8359370	8360557	1187	1188	97.98	15455657	21540570	I	X
11127079	11128464	389	1774	1386	1386	99.86	15455657	1774	I	cb25.NA_427
11128091	11138662	11198831	11209402	10572	10572	100.00	15455657	15455979	I	I
11138698	11156323	11210766	11228390	17626	17625	99.99	15455657	15455979	I	I
11156900	11163049	11228401	11234548	6150	6148	99.95	15455657	15455979	I	I
11163997	11174709	11235610	11246324	10713	10715	99.96	15455657	15455979	I	I
11174774	11175921	11246747	11247894	1148	1148	100.00	15455657	15455979	I	I
11176020	11183015	11249156	11256150	6996	6995	99.96	15455657	15455979	I	I
11183760	11193858	11256635	11266732	10099	10098	99.99	15455657	15455979	I	I
11193978	11214549	11267233	11287800	20572	20568	99.98	15455657	15455979	I	I
11214708	11251050	11288554	11324891	36343	36338	99.98	15455657	15455979	I	I
11221735	11222891	7458853	7459981	1157	1129	84.91	15455657	21540570	I	X
11221736	11222980	7651155	7649923	1245	1233	93.66	15455657	21540570	I	X
11251084	11374047	11325105	11448027	122964	122923	99.96	15455657	15455979	I	I
11309104	11310260	10047049	10045887	1157	1163	98.54	15455657	16627154	I	II
11309110	11310256	3259190	3260341	1147	1152	98.52	15455657	17485439	I	IV
11324293	11325391	11576478	11575372	1099	1107	93.44	15455657	15455979	I	I
11325696	11329795	11575259	11571154	4100	4106	99.15	15455657	15455979	I	I
11344048	11345253	12023172	12021955	1206	1218	95.51	15455657	15455979	I	I
11344048	11345281	9025133	9023910	1234	1224	94.01	15455657	19495157	I	V
11344048	11345253	19843406	19842225	1206	1182	95.12	15455657	21540570	I	X
11344114	11345253	4998995	4997865	1140	1131	96.50	15455657	17485439	I	IV
11371200	11372256	1354730	1353680	1057	1051	84.18	15455657	17485439	I	IV
11371200	11372457	18094748	18093521	1258	1228	86.74	15455657	21540570	I	X
11374075	11395906	11448323	11470151	21832	21829	99.98	15455657	15455979	I	I
11380142	11381802	2182361	2180651	1661	1711	89.01	15455657	17485439	I	IV
11384836	11386127	14514426	14513115	1292	1312	97.94	15455657	16627154	I	II
11384836	11386127	3410	4721	1292	1312	97.34	15455657	44065	I	cb25.NA_117
11384839	11386129	13872456	13871146	1291	1311	97.41	15455657	14578851	I	III
11388631	11389662	3983033	3981996	1032	1038	93.19	15455657	14578851	I	III
11388633	11389663	4475252	4474226	1031	1027	96.03	15455657	14578851	I	III
11388634	11389661	8916235	8915208	1028	1028	96.80	15455657	14578851	I	III
11388635	11389661	13365861	13364836	1027	1026	96.62	15455657	16627154	I	II
11388635	11389661	13368147	13367122	1027	1026	96.62	15455657	16627154	I	II
11388635	11389661	15636488	15635461	1027	1028	96.80	15455657	19495157	I	V
11388636	11389661	7299680	7298645	1026	1036	97.01	15455657	15455979	I	I
11388636	11389661	5918932	5917909	1026	1024	97.18	15455657	16627154	I	II
11388636	11389647	5657651	5656642	1012	1010	96.74	15455657	17485439	I	IV
11395888	11429770	11470926	11504764	33883	33839	99.83	15455657	15455979	I	I
11397630	11399220	1430764	1432369	1591	1606	98.32	15455657	16627154	I	II
11397630	11399227	3520843	3519221	1598	1623	98.09	15455657	19495157	I	V
11397630	11399219	5832411	5830803	1590	1609	97.77	15455657	19495157	I	V
11397630	11399220	6809823	6808208	1591	1616	97.96	15455657	19495157	I	V
11397630	11399223	7474891	7473273	1594	1619	97.90	15455657	19495157	I	V
11429899	11450359	11505431	11525890	20461	20460	99.99	15455657	15455979	I	I
11450774	11452484	11528304	11526594	1711	1711	99.94	15455657	15455979	I	I
11452398	11466845	11525991	11540437	14448	14447	99.97	15455657	15455979	I	I
11458068	11459327	19623423	19622165	1260	1259	99.84	15455657	21540570	I	X
11458068	11459076	1360	2366	1009	1007	99.70	15455657	2366	I	cb25.NA_384
11458069	11459332	1017292	1016031	1264	1262	99.29	15455657	14578851	I	III
11458073	11459328	6669715	6668461	1256	1255	99.92	15455657	16627154	I	II
11458073	11459328	6647003	6645750	1256	1254	99.84	15455657	17485439	I	IV
11458073	11459327	8127912	8129163	1255	1252	99.52	15455657	17485439	I	IV
11458073	11459328	15089020	15087766	1256	1255	99.92	15455657	21540570	I	X
11462552	11466782	1	4230	4231	4230	99.95	15455657	4230	I	cb25.NA_313
11466865	11513866	11541194	11588199	47002	47006	99.97	15455657	15455979	I	I
11496819	11500925	11403810	11399712	4107	4099	99.15	15455657	15455979	I	I
11501038	11502144	11399407	11398309	1107	1099	93.44	15455657	15455979	I	I
11514349	11519544	11587962	11593158	5196	5197	99.92	15455657	15455979	I	I
11519652	11545119	11594072	11619564	25468	25493	99.86	15455657	15455979	I	I
11545120	11547854	11619764	11622499	2735	2736	97.48	15455657	15455979	I	I
11546174	11547202	2653973	2652955	1029	1019	88.41	15455657	15455979	I	I
11546414	11556267	11620839	11630691	9854	9853	99.05	15455657	15455979	I	I
11557884	11559262	11633325	11634704	1379	1380	99.49	15455657	15455979	I	I
11559408	11590991	11634715	11666293	31584	31579	99.98	15455657	15455979	I	I
11591027	11607166	11667093	11683230	16140	16138	99.98	15455657	15455979	I	I
11605998	11607100	11684342	11683241	1103	1102	99.46	15455657	15455979	I	I
11607299	11641732	11684343	11718772	34434	34430	99.99	15455657	15455979	I	I
11624366	11625987	10689009	10687397	1622	1613	92.12	15455657	21540570	I	X
11624948	11625987	2740392	2739357	1040	1036	93.96	15455657	17485439	I	IV
11641908	11650062	11719344	11727498	8155	8155	100.00	15455657	15455979	I	I
11650122	11651774	11728034	11729684	1653	1651	99.82	15455657	15455979	I	I
11651579	11652669	2131	1041	1091	1091	100.00	15455657	2131	I	cb25.NA_085
11652459	11653485	11729695	11730721	1027	1027	100.00	15455657	15455979	I	I
11653663	11671321	11731609	11749266	17659	17658	99.99	15455657	15455979	I	I
11671671	11680360	11750424	11759050	8690	8627	99.16	15455657	15455979	I	I
11680542	11719898	11759362	11798713	39357	39352	99.98	15455657	15455979	I	I
11720926	11734059	11799697	11812827	13134	13131	99.86	15455657	15455979	I	I
11734292	11746821	11813626	11826155	12530	12530	100.00	15455657	15455979	I	I
11745101	11746128	44004	45029	1028	1026	96.60	15455657	15455979	I	I
11745101	11746128	52108	53133	1028	1026	96.60	15455657	15455979	I	I
11746751	11760075	11826592	11839914	13325	13323	99.98	15455657	15455979	I	I
11760126	11761503	1	1378	1378	1378	100.00	15455657	1378	I	cb25.NA_436
11761055	11774662	11840677	11854282	13608	13606	99.69	15455657	15455979	I	I
11771420	11775542	11855138	11859261	4123	4124	98.09	15455657	15455979	I	I
11773963	11775710	11857937	11859694	1748	1758	95.12	15455657	15455979	I	I
11773963	11775339	11858315	11859694	1377	1380	97.68	15455657	15455979	I	I
11774251	11775352	870875	869765	1102	1111	92.91	15455657	15455979	I	I
11774412	11775465	15182137	15181088	1054	1050	92.80	15455657	16627154	I	II
11774511	11775570	1	1064	1060	1064	94.48	15455657	13413	I	cb25.NA_092
11775052	11816725	11859826	11901497	41674	41672	99.91	15455657	15455979	I	I
11816797	11831044	11901876	11916120	14248	14245	99.98	15455657	15455979	I	I
11832083	11841502	11916344	11925762	9420	9419	99.98	15455657	15455979	I	I
11843145	11844336	11928339	11927148	1192	1192	99.83	15455657	15455979	I	I
11845070	11847461	11925762	11923372	2392	2391	99.87	15455657	15455979	I	I
11847975	11853650	12008283	12002612	5676	5672	99.72	15455657	15455979	I	I
11852005	11853110	3258089	3259197	1106	1109	95.05	15455657	17485439	I	IV
11852008	11853104	12155708	12154601	1097	1108	92.53	15455657	15455979	I	I
11852008	11853112	6682776	6681668	1105	1109	94.40	15455657	17485439	I	IV
11853740	11857400	12001563	11997810	3661	3754	96.62	15455657	15455979	I	I
11856078	11863176	11998740	11991643	7099	7098	99.58	15455657	15455979	I	I
11856339	11857400	1200847	1199786	1062	1062	94.82	15455657	15455979	I	I
11858782	11859786	2315657	2314651	1005	1007	95.24	15455657	16627154	I	II
11858782	11859785	6113	5112	1004	1002	97.32	15455657	10734	I	cb25.NA_096
11858783	11859785	13734152	13733152	1003	1001	92.19	15455657	16627154	I	II
11858783	11859784	2052230	2051232	1002	999	97.11	15455657	19495157	I	V
11858783	11859785	2626146	2627130	1003	985	94.12	15455657	19495157	I	V
11858783	11859784	5046497	5045513	1002	985	91.07	15455657	19495157	I	V
11858783	11859784	870452	869459	1002	994	96.61	15455657	21540570	I	X
11858783	11859784	9424	10425	1002	1002	97.71	15455657	38777	I	cb25.NA_204
11863395	11866144	11991660	11988912	2750	2749	99.93	15455657	15455979	I	I
11866504	11868653	11987959	11985809	2150	2151	99.95	15455657	15455979	I	I
11868930	11880033	11985816	11974716	11104	11101	99.90	15455657	15455979	I	I
11880102	11899264	11974622	11955459	19163	19164	99.97	15455657	15455979	I	I
11899951	11901053	11954920	11953818	1103	1103	100.00	15455657	15455979	I	I
11901623	11911105	11948983	11939501	9483	9483	100.00	15455657	15455979	I	I
11911123	11921251	11938999	11928871	10129	10129	100.00	15455657	15455979	I	I
11922257	11924323	12009072	12011137	2067	2066	99.90	15455657	15455979	I	I
11924423	11929368	12011219	12016165	4946	4947	99.98	15455657	15455979	I	I
11929459	11931418	12016593	12018552	1960	1960	100.00	15455657	15455979	I	I
11930878	11932263	3082970	3084355	1386	1386	99.71	15455657	17485439	I	IV
11930881	11936156	1591123	1596361	5276	5239	98.83	15455657	19495157	I	V
11930882	11936158	12144946	12139685	5277	5262	99.39	15455657	14578851	I	III
11931118	11932291	15899941	15898769	1174	1173	99.57	15455657	16627154	I	II
11931838	11949270	12018862	12036295	17433	17434	99.89	15455657	15455979	I	I
11932171	11933467	1619	2915	1297	1297	100.00	15455657	4539	I	cb25.NA_111
11932394	11936153	14642670	14638949	3760	3722	98.56	15455657	16627154	I	II
11934211	11935745	3005	4539	1535	1535	99.80	15455657	4539	I	cb25.NA_111
11934318	11936154	3086313	3088111	1837	1799	97.50	15455657	17485439	I	IV
11949313	11952306	12036430	12039426	2994	2997	99.17	15455657	15455979	I	I
11952077	11953147	5027861	5028930	1071	1070	92.06	15455657	21540570	I	X
11952678	11953958	12038957	12040239	1281	1283	97.90	15455657	15455979	I	I
11953612	11955184	12041506	12043078	1573	1573	100.00	15455657	15455979	I	I
11955211	11956416	12043316	12044521	1206	1206	100.00	15455657	15455979	I	I
11956049	11957313	11810555	11809292	1265	1264	99.68	15455657	17485439	I	IV
11956055	11957313	7925146	7923888	1259	1259	99.76	15455657	21540570	I	X
11956055	11957313	13703419	13702162	1259	1258	99.92	15455657	21540570	I	X
11956059	11957322	5411922	5410660	1264	1263	99.76	15455657	16627154	I	II
11956059	11957322	3918	2655	1264	1264	99.84	15455657	4396	I	cb25.NA_307
11956060	11957317	7479519	7480775	1258	1257	99.92	15455657	21540570	I	X
11956440	11965679	3449034	3439797	9240	9238	99.88	15455657	16627154	I	II
11956892	11958214	12044951	12046274	1323	1324	99.92	15455657	15455979	I	I
11965177	11966465	2018666	2017374	1289	1293	90.21	15455657	16627154	I	II
11966974	11968415	14601176	14602609	1442	1434	92.02	15455657	16627154	I	II
11966982	11968078	14673829	14672733	1097	1097	92.25	15455657	16627154	I	II
11971865	11974305	8201	5763	2441	2439	91.00	15455657	8201	I	cb25.NA_254
11972919	11974245	12929954	12931298	1327	1345	91.84	15455657	15455979	I	I
11973046	11974721	12046381	12048057	1676	1677	93.21	15455657	15455979	I	I
11974382	11976057	12046381	12048057	1676	1677	94.87	15455657	15455979	I	I
11974486	11975594	839158	838049	1109	1110	95.59	15455657	16627154	I	II
11974533	11975601	5148825	5147758	1069	1068	90.47	15455657	19495157	I	V
11975039	11976041	4783544	4782542	1003	1003	86.58	15455657	14578851	I	III
11975046	11997359	12046381	12068690	22314	22310	99.75	15455657	15455979	I	I
11975404	11976628	2586214	2584990	1225	1225	95.02	15455657	21540570	I	X
11975404	11976721	2590403	2589086	1318	1318	95.14	15455657	21540570	I	X
11997422	11999503	12069582	12071665	2082	2084	99.66	15455657	15455979	I	I
11999149	12001075	1	1921	1927	1921	99.58	15455657	5330	I	cb25.NA_063
11999525	12003110	12072436	12076017	3586	3582	99.80	15455657	15455979	I	I
11999525	12001709	12086218	12084044	2185	2175	99.31	15455657	15455979	I	I
12003127	12005246	12076200	12078319	2120	2120	100.00	15455657	15455979	I	I
12005333	12028197	12078640	12101434	22865	22795	99.63	15455657	15455979	I	I
12010804	12013105	12074616	12072309	2302	2308	99.52	15455657	15455979	I	I
12011438	12012978	1921	377	1541	1545	99.74	15455657	5330	I	cb25.NA_063
12028109	12031611	12101992	12105492	3503	3501	99.89	15455657	15455979	I	I
12031723	12033105	12106874	12105493	1383	1382	99.93	15455657	15455979	I	I
12032691	12055954	12108941	12132203	23264	23263	99.99	15455657	15455979	I	I
12056836	12058490	12132591	12134245	1655	1655	100.00	15455657	15455979	I	I
12058442	12068501	12134642	12144699	10060	10058	99.98	15455657	15455979	I	I
12059076	12060650	13153392	13154968	1575	1577	96.21	15455657	16627154	I	II
12068602	12076365	12145127	12152889	7764	7763	99.99	15455657	15455979	I	I
12076411	12081976	12153629	12159193	5566	5565	99.86	15455657	15455979	I	I
12077384	12078491	12003158	12004253	1108	1096	92.44	15455657	15455979	I	I
12082208	12089600	12159897	12167289	7393	7393	100.00	15455657	15455979	I	I
12089686	12093225	12167425	12170965	3540	3541	99.86	15455657	15455979	I	I
12092802	12094377	12171457	12173032	1576	1576	100.00	15455657	15455979	I	I
12095353	12096706	12505608	12506961	1354	1354	100.00	15455657	15455979	I	I
12096761	12100113	12175144	12178495	3353	3352	99.58	15455657	15455979	I	I
12099207	12100483	14540236	14541512	1277	1277	90.72	15455657	16627154	I	II
12099267	12100509	4765619	4766849	1243	1231	91.25	15455657	14578851	I	III
12099291	12100483	12645362	12644173	1193	1190	91.63	15455657	15455979	I	I
12099443	12100477	2853738	2852709	1035	1030	89.47	15455657	19495157	I	V
12099667	12103839	12177650	12181839	4173	4190	98.02	15455657	15455979	I	I
12103688	12106074	12182149	12184535	2387	2387	99.62	15455657	15455979	I	I
12105770	12116182	12184570	12194964	10413	10395	97.73	15455657	15455979	I	I
12115538	12118202	12192346	12194958	2665	2613	91.33	15455657	15455979	I	I
12115832	12117646	11997418	11999228	1815	1811	91.27	15455657	15455979	I	I
12117415	12128536	12195967	12207089	11122	11123	99.90	15455657	15455979	I	I
12118525	12119609	2586161	2585074	1085	1088	89.44	15455657	16627154	I	II
12128926	12155421	12208194	12234685	26496	26492	99.94	15455657	15455979	I	I
12155495	12183676	12235137	12263291	28182	28155	99.87	15455657	15455979	I	I
12181717	12182863	4626030	4624890	1147	1141	97.30	15455657	14578851	I	III
12181717	12182863	4631359	4630222	1147	1138	97.65	15455657	14578851	I	III
12181718	12182862	16967605	16966456	1145	1150	98.18	15455657	19495157	I	V
12184676	12189703	12263913	12268940	5028	5028	100.00	15455657	15455979	I	I
12189872	12196374	12268940	12275441	6503	6502	99.95	15455657	15455979	I	I
12197152	12198751	12275809	12277407	1600	1599	99.88	15455657	15455979	I	I
12199236	12208735	12278406	12287904	9500	9499	99.98	15455657	15455979	I	I
12209005	12210714	12288048	12289756	1710	1709	99.94	15455657	15455979	I	I
12211098	12215145	12289728	12293779	4048	4052	99.70	15455657	15455979	I	I
12215213	12221006	12294720	12300512	5794	5793	99.98	15455657	15455979	I	I
12220961	12225993	12300729	12305761	5033	5033	99.86	15455657	15455979	I	I
12225846	12250469	12305453	12330089	24624	24637	99.81	15455657	15455979	I	I
12250509	12252349	12330307	12332148	1841	1842	99.84	15455657	15455979	I	I
12252785	12257262	12332331	12336808	4478	4478	100.00	15455657	15455979	I	I
12257538	12289521	12337084	12369064	31984	31981	99.88	15455657	15455979	I	I
12267489	12268489	5908003	5907002	1001	1002	94.54	15455657	17485439	I	IV
12285642	12293106	12507990	12515453	7465	7464	99.99	15455657	15455979	I	I
12289080	12290674	12368479	12370073	1595	1595	95.43	15455657	15455979	I	I
12293127	12295571	12516067	12518509	2445	2443	99.59	15455657	15455979	I	I
12295486	12297633	12518008	12520155	2148	2148	98.70	15455657	15455979	I	I
12296688	12298541	12523751	12521897	1854	1855	99.14	15455657	15455979	I	I
12298580	12300376	12521432	12519634	1797	1799	97.11	15455657	15455979	I	I
12300265	12301832	20488080	20489647	1568	1568	83.31	15455657	21540570	I	X
12300299	12301527	1140583	1141808	1229	1226	79.66	15455657	16627154	I	II
12300746	12301832	2853738	2852652	1087	1087	87.40	15455657	19495157	I	V
12300807	12301832	2531695	2532720	1026	1026	88.40	15455657	19495157	I	V
12300829	12303023	2	2149	2195	2148	97.54	15455657	2149	I	cb25.NA_398
12301306	12359549	12370517	12428738	58244	58222	99.92	15455657	15455979	I	I
12303665	12304886	13997994	13996769	1222	1226	95.31	15455657	16627154	I	II
12360559	12361757	18626417	18627618	1199	1202	81.45	15455657	19495157	I	V
12362317	12418978	12430529	12487184	56662	56656	99.89	15455657	15455979	I	I
12385962	12387786	12459136	12457257	1825	1880	87.13	15455657	15455979	I	I
12389053	12390932	12455990	12454166	1880	1825	87.10	15455657	15455979	I	I
12416518	12419369	1	2852	2852	2852	99.54	15455657	2852	I	cb25.NA_360
12419333	12420682	12487368	12488717	1350	1350	100.00	15455657	15455979	I	I
12421294	12427459	6164	1	6166	6164	99.94	15455657	6164	I	cb25.NA_279
12422097	12436617	12489698	12504216	14521	14519	99.99	15455657	15455979	I	I
12438255	12468236	30016	1	29982	30016	99.87	15455657	30016	I	cb25.NA_078
12450663	12451871	26456	27607	1209	1152	79.15	15455657	30016	I	cb25.NA_078
12466632	12468231	15694480	15692923	1600	1558	96.51	15455657	19495157	I	V
12466632	12467926	20933	22252	1295	1320	97.81	15455657	23595	I	cb25.NA_041
12467915	12468920	23291	22287	1006	1005	99.40	15455657	23595	I	cb25.NA_041
12468713	12470304	7093238	7091651	1592	1588	99.37	15455657	14578851	I	III
12469166	12470463	15691922	15690626	1298	1297	99.23	15455657	19495157	I	V
12470221	12471850	1	1605	1630	1605	97.98	15455657	30016	I	cb25.NA_078
12470531	12473552	22252	19231	3022	3022	99.97	15455657	23595	I	cb25.NA_041
12470620	12471697	1514511	1515586	1078	1076	98.89	15455657	16627154	I	II
12470698	12471924	15594929	15593712	1227	1218	97.57	15455657	16627154	I	II
12472847	12476641	18606	14812	3795	3795	99.26	15455657	23595	I	cb25.NA_041
12476641	12478177	14714	13178	1537	1537	99.87	15455657	23595	I	cb25.NA_041
12478332	12480583	12674	10424	2252	2251	99.96	15455657	23595	I	cb25.NA_041
12480719	12488562	10261	2421	7844	7841	99.78	15455657	23595	I	cb25.NA_041
12488838	12490777	2308	369	1940	1940	99.95	15455657	23595	I	cb25.NA_041
12491274	12493422	13290192	13288028	2149	2165	83.28	15455657	14578851	I	III
12493077	12494390	13023504	13022191	1314	1314	99.62	15455657	15455979	I	I
12494847	12498053	13021568	13018363	3207	3206	99.97	15455657	15455979	I	I
12498083	12502777	13018177	13013486	4695	4692	99.94	15455657	15455979	I	I
12498995	12501653	16728372	16725712	2659	2661	96.22	15455657	19495157	I	V
12499640	12506597	1	6954	6958	6954	96.52	15455657	11577	I	cb25.NA_234
12500232	12505948	2356392	2350679	5717	5714	96.66	15455657	17485439	I	IV
12500265	12506597	68157	61797	6333	6361	93.64	15455657	79173	I	cb25.NA_037
12502755	12506577	6336320	6332472	3823	3849	89.94	15455657	17485439	I	IV
12503167	12534045	13012120	12981253	30879	30868	99.92	15455657	15455979	I	I
12503250	12504290	6339374	6338291	1041	1084	86.53	15455657	17485439	I	IV
12506818	12513091	2341295	2335011	6274	6285	94.94	15455657	17485439	I	IV
12506818	12513091	2348777	2342493	6274	6285	94.93	15455657	17485439	I	IV
12508716	12514290	16721864	16716277	5575	5588	92.11	15455657	19495157	I	V
12508716	12513735	59462	54431	5020	5032	90.95	15455657	79173	I	cb25.NA_037
12508716	12511472	8813	11577	2757	2765	89.40	15455657	11577	I	cb25.NA_234
12508718	12512518	27894	24085	3801	3810	94.73	15455657	40913	I	cb25.fpc4366
12533667	12539939	12981711	12975438	6273	6274	99.71	15455657	15455979	I	I
12540095	12542670	12974947	12972372	2576	2576	99.92	15455657	15455979	I	I
12542827	12544120	12972175	12970882	1294	1294	100.00	15455657	15455979	I	I
12544263	12555991	12970663	12958934	11729	11730	99.99	15455657	15455979	I	I
12556589	12569374	12958794	12946010	12786	12785	99.99	15455657	15455979	I	I
12569463	12580350	12945833	12934947	10888	10887	99.95	15455657	15455979	I	I
12576423	12577635	12934731	12933520	1213	1212	98.76	15455657	15455979	I	I
12577245	12585309	12934206	12926144	8065	8063	99.42	15455657	15455979	I	I
12585972	12590847	12924850	12919976	4876	4875	99.98	15455657	15455979	I	I
12591094	12598499	12919533	12912129	7406	7405	99.96	15455657	15455979	I	I
12597942	12622371	12912902	12888474	24430	24429	99.85	15455657	15455979	I	I
12622588	12645466	12888511	12865635	22879	22877	99.99	15455657	15455979	I	I
12646053	12653640	12865331	12857744	7588	7588	100.00	15455657	15455979	I	I
12653726	12654833	870875	869794	1108	1082	86.77	15455657	15455979	I	I
12654109	12657083	12857236	12854262	2975	2975	99.93	15455657	15455979	I	I
12657421	12668955	12853979	12842446	11535	11534	99.98	15455657	15455979	I	I
12659443	12661258	12847770	12849551	1816	1782	86.01	15455657	15455979	I	I
12661850	12663631	12850143	12851958	1782	1816	85.96	15455657	15455979	I	I
12670356	12684718	12835783	12821415	14363	14369	99.93	15455657	15455979	I	I
12673979	12676098	13950214	13948068	2120	2147	98.51	15455657	14578851	I	III
12673980	12676100	6423911	6421793	2121	2119	98.69	15455657	17485439	I	IV
12673980	12676096	5104	7247	2117	2144	98.65	15455657	25727	I	cb25.NA_207
12674344	12676096	2381155	2382907	1753	1753	99.66	15455657	14578851	I	III
12674691	12675699	4325190	4324184	1009	1007	99.60	15455657	16627154	I	II
12684873	12687396	12821457	12818935	2524	2523	97.98	15455657	15455979	I	I
12687185	12708735	12818616	12797069	21551	21548	99.98	15455657	15455979	I	I
12708349	12709553	12797336	12796129	1205	1208	99.34	15455657	15455979	I	I
12709607	12733861	12795347	12771093	24255	24255	99.99	15455657	15455979	I	I
12733871	12742945	12770508	12761435	9075	9074	99.59	15455657	15455979	I	I
12734365	12735712	3730748	3729430	1348	1319	92.90	15455657	15455979	I	I
12734365	12735712	723	2041	1348	1319	92.90	15455657	4721	I	cb25.NA_301
12734367	12735724	13653584	13652242	1358	1343	93.19	15455657	17485439	I	IV
12734368	12735712	198337	197001	1345	1337	94.01	15455657	15455979	I	I
12734368	12735727	2303512	2302159	1360	1354	95.10	15455657	15455979	I	I
12734368	12735725	13739373	13738027	1358	1347	93.47	15455657	17485439	I	IV
12734368	12735724	15517485	15518826	1357	1342	94.42	15455657	19495157	I	V
12734667	12735724	1957	913	1058	1045	92.38	15455657	1957	I	cb25.NA_417
12742060	12763452	12762629	12741239	21393	21391	99.97	15455657	15455979	I	I
12763256	12792887	12741599	12711977	29632	29623	99.93	15455657	15455979	I	I
12778803	12782666	12841445	12837614	3864	3832	99.17	15455657	15455979	I	I
12792817	12814420	12712416	12690816	21604	21601	99.88	15455657	15455979	I	I
12799170	12800241	6528196	6527068	1072	1129	89.14	15455657	21540570	I	X
12799339	12800394	12704840	12705895	1056	1056	88.19	15455657	15455979	I	I
12813307	12814510	18575765	18576968	1204	1204	95.10	15455657	19495157	I	V
12813712	12814778	1199781	1200847	1067	1067	95.22	15455657	15455979	I	I
12816139	12817202	1199784	1200847	1064	1064	95.68	15455657	15455979	I	I
12816728	12817868	12691965	12690816	1141	1150	94.70	15455657	15455979	I	I
12816979	12817990	1557559	1556538	1012	1022	95.40	15455657	15455979	I	I
12819232	12820295	1199781	1200844	1064	1064	94.74	15455657	15455979	I	I
12820191	12835506	12689815	12674502	15316	15314	99.99	15455657	15455979	I	I
12835536	12864167	12674258	12645630	28632	28629	99.96	15455657	15455979	I	I
12863424	12864437	12644397	12643381	1014	1017	93.65	15455657	15455979	I	I
12863424	12864436	12644999	12643990	1013	1010	93.02	15455657	15455979	I	I
12863424	12864451	1745761	1744733	1028	1029	87.30	15455657	16627154	I	II
12864436	12880997	12643862	12627302	16562	16561	99.95	15455657	15455979	I	I
12881920	12897912	12626910	12610896	15993	16015	99.82	15455657	15455979	I	I
12897052	12898488	12609344	12610779	1437	1436	99.44	15455657	15455979	I	I
12898183	12906812	12609874	12601247	8630	8628	99.73	15455657	15455979	I	I
12906865	12908435	12599678	12601247	1571	1570	99.55	15455657	15455979	I	I
12909089	12917813	12598821	12590097	8725	8725	99.90	15455657	15455979	I	I
12918585	12924351	12589637	12583873	5767	5765	99.93	15455657	15455979	I	I
12925264	12928700	12582278	12578842	3437	3437	100.00	15455657	15455979	I	I
12928802	12945138	12578335	12562001	16337	16335	99.94	15455657	15455979	I	I
12933284	12934372	13055896	13056980	1089	1085	92.00	15455657	15455979	I	I
12935150	12936715	13057901	13059463	1566	1563	99.23	15455657	15455979	I	I
12945130	12946443	12561395	12560081	1314	1315	99.92	15455657	15455979	I	I
12947506	12967833	12523852	12544179	20328	20328	99.93	15455657	15455979	I	I
12967878	12979147	12543776	12555042	11270	11267	99.95	15455657	15455979	I	I
12972138	12978322	13067525	13061341	6185	6185	99.94	15455657	15455979	I	I
12978159	12980263	12568328	12570431	2105	2104	99.48	15455657	15455979	I	I
12980255	12981984	12555951	12557681	1730	1731	99.42	15455657	15455979	I	I
12980662	12990705	13060654	13050612	10044	10043	99.96	15455657	15455979	I	I
12981853	12983415	12570424	12571988	1563	1565	98.85	15455657	15455979	I	I
12984336	12985420	12572765	12573853	1085	1089	92.00	15455657	15455979	I	I
12990767	12991944	13049919	13048743	1178	1177	99.92	15455657	15455979	I	I
12991388	12992420	13052683	13053716	1033	1034	99.42	15455657	15455979	I	I
12992669	12994503	13048371	13046537	1835	1835	100.00	15455657	15455979	I	I
12994767	13016376	13046004	13024397	21610	21608	99.90	15455657	15455979	I	I
13010828	13014559	21998	25727	3732	3730	99.84	15455657	25727	I	cb25.NA_207
13015689	13022030	13023605	13029942	6342	6338	99.81	15455657	15455979	I	I
13018298	13044000	25727	26	25703	25702	99.92	15455657	25727	I	cb25.NA_207
13036776	13038926	6230064	6227920	2151	2145	99.40	15455657	17485439	I	IV
13036781	13038933	3878575	3880726	2153	2152	99.63	15455657	15455979	I	I
13036782	13038925	12830037	12832152	2144	2116	98.60	15455657	15455979	I	I
13036782	13038058	5386496	5387772	1277	1277	99.53	15455657	17485439	I	IV
13036782	13038927	1780	3907	2146	2128	98.93	15455657	6321	I	cb25.NA_273
13037179	13038187	4324184	4325190	1009	1007	99.50	15455657	16627154	I	II
13037620	13038927	5388773	5390062	1308	1290	98.24	15455657	17485439	I	IV
13044017	13045519	1	1507	1503	1507	98.81	15455657	25727	I	cb25.NA_207
13057991	13065610	13070856	13078475	7620	7620	100.00	15455657	15455979	I	I
13065748	13088419	13078657	13101323	22672	22667	99.97	15455657	15455979	I	I
13088437	13094256	13102336	13108154	5820	5819	99.97	15455657	15455979	I	I
13094294	13133130	13108365	13147199	38837	38835	99.92	15455657	15455979	I	I
13106874	13108486	3293946	3292330	1613	1617	99.01	15455657	19495157	I	V
13106875	13108486	6097202	6095590	1612	1613	99.69	15455657	21540570	I	X
13124251	13125344	13142385	13141292	1094	1094	99.54	15455657	15455979	I	I
13127225	13128318	13139412	13138320	1094	1093	99.45	15455657	15455979	I	I
13132047	13133107	13146340	13147392	1061	1053	97.75	15455657	15455979	I	I
13132132	13139344	13148225	13155435	7213	7211	99.46	15455657	15455979	I	I
13139384	13140480	13155560	13156656	1097	1097	100.00	15455657	15455979	I	I
13140578	13153791	13156878	13170088	13214	13211	99.92	15455657	15455979	I	I
13154674	13170388	13170778	13186491	15715	15714	99.97	15455657	15455979	I	I
13170665	13175847	13187048	13192229	5183	5182	99.88	15455657	15455979	I	I
13176695	13178607	13193146	13195058	1913	1913	100.00	15455657	15455979	I	I
13178956	13208600	13195464	13225108	29645	29645	99.96	15455657	15455979	I	I
13209825	13218243	13225990	13234407	8419	8418	99.99	15455657	15455979	I	I
13218070	13242425	13234486	13258841	24356	24356	99.97	15455657	15455979	I	I
13218115	13220887	5109578	5112350	2773	2773	100.00	15455657	17485439	I	IV
13242556	13244940	13259629	13262012	2385	2384	99.96	15455657	15455979	I	I
13245471	13247235	13262199	13263963	1765	1765	99.94	15455657	15455979	I	I
13247282	13262377	13264233	13279335	15096	15103	99.94	15455657	15455979	I	I
13262471	13288115	13279495	13305136	25645	25642	99.96	15455657	15455979	I	I
13288264	13291422	13305751	13308909	3159	3159	100.00	15455657	15455979	I	I
13291443	13298250	13309534	13316338	6808	6805	99.96	15455657	15455979	I	I
13299165	13302939	13316349	13320123	3775	3775	100.00	15455657	15455979	I	I
13304236	13305340	14177	13072	1105	1106	99.82	15455657	14177	I	cb25.NA_201
13305373	13306714	13323371	13324712	1342	1342	99.78	15455657	15455979	I	I
13305378	13312244	12589	5724	6867	6866	99.48	15455657	14177	I	cb25.NA_201
13307008	13308076	13323219	13322151	1069	1069	100.00	15455657	15455979	I	I
13312580	13314616	5339	3303	2037	2037	100.00	15455657	14177	I	cb25.NA_201
13313717	13314907	13331945	13333135	1191	1191	100.00	15455657	15455979	I	I
13316281	13317299	13334269	13335287	1019	1019	100.00	15455657	15455979	I	I
13316821	13318022	1202	1	1202	1202	99.92	15455657	14177	I	cb25.NA_201
13317473	13318868	13335680	13337075	1396	1396	98.78	15455657	15455979	I	I
13318841	13347805	13337458	13366418	28965	28961	99.98	15455657	15455979	I	I
13320671	13322373	15828528	15826819	1703	1710	99.24	15455657	17485439	I	IV
13348823	13371731	13367790	13390721	22909	22932	99.85	15455657	15455979	I	I
13363166	13365393	13067626	13069854	2228	2229	98.97	15455657	15455979	I	I
13371796	13381532	13391282	13401017	9737	9736	99.99	15455657	15455979	I	I
13381596	13413955	13401112	13433470	32360	32359	99.99	15455657	15455979	I	I
13414732	13416613	13434860	13436740	1882	1881	99.63	15455657	15455979	I	I
13416726	13425403	13436865	13445542	8678	8678	99.99	15455657	15455979	I	I
13425599	13433543	13445613	13453557	7945	7945	100.00	15455657	15455979	I	I
13433541	13464494	13453970	13484919	30954	30950	99.96	15455657	15455979	I	I
13449509	13450716	13475437	13474211	1208	1227	88.59	15455657	15455979	I	I
13453785	13455012	13471144	13469938	1228	1207	88.75	15455657	15455979	I	I
13464622	13468431	13484978	13488787	3810	3810	99.97	15455657	15455979	I	I
13468484	13469924	13488971	13490411	1441	1441	100.00	15455657	15455979	I	I
13469932	13473950	13490642	13494658	4019	4017	99.18	15455657	15455979	I	I
13474030	13521990	13494376	13542333	47961	47958	99.96	15455657	15455979	I	I
13522069	13528438	13542608	13548975	6370	6368	99.89	15455657	15455979	I	I
13529475	13530679	13549689	13550892	1205	1204	99.92	15455657	15455979	I	I
13531682	13536800	13550993	13556111	5119	5119	99.98	15455657	15455979	I	I
13537020	13595843	13556222	13615045	58824	58824	100.00	15455657	15455979	I	I
13594542	13596286	13617745	13616001	1745	1745	100.00	15455657	15455979	I	I
13594870	13596127	1261630	1260366	1258	1265	99.21	15455657	21540570	I	X
13594874	13596124	14688782	14687523	1251	1260	99.21	15455657	21540570	I	X
13596306	13611900	13617746	13633339	15595	15594	99.99	15455657	15455979	I	I
13612004	13613762	13634042	13635799	1759	1758	99.94	15455657	15455979	I	I
13613922	13629365	13636744	13652182	15444	15439	99.95	15455657	15455979	I	I
13629812	13631124	13652836	13654148	1313	1313	100.00	15455657	15455979	I	I
13632040	13660143	13654957	13683056	28104	28100	99.99	15455657	15455979	I	I
13660196	13662938	13683366	13686108	2743	2743	100.00	15455657	15455979	I	I
13662934	13684942	13686642	13708648	22009	22007	99.98	15455657	15455979	I	I
13687214	13695950	38409	29675	8737	8735	99.90	15455657	38484	I	cb25.NA_022
13696117	13702994	29664	22788	6878	6877	99.94	15455657	38484	I	cb25.NA_022
13699836	13701145	8210103	8211411	1310	1309	99.69	15455657	17485439	I	IV
13703316	13723047	22626	2899	19732	19728	99.89	15455657	38484	I	cb25.NA_022
13706504	13708066	14428940	14427356	1563	1585	95.16	15455657	15455979	I	I
13709086	13710219	65831	64707	1134	1125	82.72	15455657	79173	I	cb25.NA_037
13710388	13711738	64484	63144	1351	1341	86.41	15455657	79173	I	cb25.NA_037
13723505	13726114	2996	388	2610	2609	99.85	15455657	38484	I	cb25.NA_022
13728061	13729223	13866484	13865322	1163	1163	99.74	15455657	15455979	I	I
13729251	13734580	13864767	13859438	5330	5330	99.98	15455657	15455979	I	I
13734707	13768823	13859098	13824984	34117	34115	99.99	15455657	15455979	I	I
13768880	13780977	13824812	13812715	12098	12098	99.97	15455657	15455979	I	I
13778543	13784271	13809420	13815148	5729	5729	99.88	15455657	15455979	I	I
13781836	13799821	13811856	13793871	17986	17986	99.97	15455657	15455979	I	I
13799842	13804352	13793514	13789005	4511	4510	99.89	15455657	15455979	I	I
13804640	13826053	13788467	13767061	21414	21407	99.94	15455657	15455979	I	I
13826127	13829575	13766834	13763386	3449	3449	100.00	15455657	15455979	I	I
13829597	13835840	13762974	13756731	6244	6244	99.98	15455657	15455979	I	I
13836177	13883881	13756445	13708749	47705	47697	99.96	15455657	15455979	I	I
13863556	13864848	1	1293	1293	1293	100.00	15455657	2938	I	cb25.NA_197
13864541	13865800	12372257	12371000	1260	1258	99.60	15455657	21540570	I	X
13864543	13865803	4593241	4591983	1261	1259	99.76	15455657	15455979	I	I
13864543	13865803	469540	468282	1261	1259	99.44	15455657	19495157	I	V
13865977	13867529	1386	2938	1553	1553	100.00	15455657	2938	I	cb25.NA_197
13883546	13884693	13869651	13868504	1148	1148	99.91	15455657	15455979	I	I
13883895	13887391	13867278	13870772	3497	3495	99.91	15455657	15455979	I	I
13889393	13893279	13870920	13874805	3887	3886	99.97	15455657	15455979	I	I
13893515	13903739	13875378	13885601	10225	10224	99.98	15455657	15455979	I	I
13903830	13944036	13885877	13926076	40207	40200	99.96	15455657	15455979	I	I
13944151	13948410	4259	1	4260	4259	99.88	15455657	4259	I	cb25.NA_312
13945298	13948014	13927795	13930509	2717	2715	99.93	15455657	15455979	I	I
13945526	13946608	11526241	11525157	1083	1085	95.14	15455657	21540570	I	X
13945526	13946597	20627004	20628075	1072	1072	95.73	15455657	21540570	I	X
13948454	13964741	13930731	13947016	16288	16286	99.98	15455657	15455979	I	I
13964976	13973622	13947165	13955811	8647	8647	100.00	15455657	15455979	I	I
13974813	14031821	13957082	14014084	57009	57003	99.99	15455657	15455979	I	I
14031995	14067204	14014983	14050187	35210	35205	99.97	15455657	15455979	I	I
14067348	14069877	14050380	14052910	2530	2531	99.96	15455657	15455979	I	I
14070166	14127887	14053211	14110919	57722	57709	99.93	15455657	15455979	I	I
14127987	14132889	14111234	14116135	4903	4902	99.98	15455657	15455979	I	I
14133060	14148348	14116518	14131802	15289	15285	99.96	15455657	15455979	I	I
14141706	14145511	65707	61902	3806	3806	99.97	15455657	21540570	I	X
14148452	14198302	14133134	14182982	49851	49849	99.99	15455657	15455979	I	I
14167909	14169170	10269075	10267814	1262	1262	99.84	15455657	14578851	I	III
14167911	14169171	19629067	19627807	1261	1261	99.68	15455657	21540570	I	X
14167912	14169170	2326297	2325044	1259	1254	99.29	15455657	17485439	I	IV
14167913	14169170	7802175	7800919	1258	1257	99.68	15455657	21540570	I	X
14167916	14169170	14581119	14579864	1255	1256	99.84	15455657	17485439	I	IV
14198378	14215912	14183472	14201005	17535	17534	99.99	15455657	15455979	I	I
14215951	14223531	14201439	14209019	7581	7581	99.95	15455657	15455979	I	I
14223911	14230074	14209848	14216009	6164	6162	99.97	15455657	15455979	I	I
14230388	14237781	14216361	14223753	7394	7393	99.99	15455657	15455979	I	I
14237753	14253359	14224109	14239715	15607	15607	100.00	15455657	15455979	I	I
14253385	14269174	14240261	14256046	15790	15786	99.97	15455657	15455979	I	I
14269281	14342413	14256673	14329799	73133	73127	99.98	15455657	15455979	I	I
14328469	14329629	14319710	14318543	1161	1168	83.79	15455657	15455979	I	I
14331156	14332323	14317016	14315856	1168	1161	83.79	15455657	15455979	I	I
14337570	14338674	5850328	5849216	1105	1113	87.76	15455657	15455979	I	I
14342440	14345756	14330260	14333574	3317	3315	99.46	15455657	15455979	I	I
14345957	14348365	14334007	14336415	2409	2409	99.96	15455657	15455979	I	I
14348411	14380959	14336905	14369450	32549	32546	99.99	15455657	15455979	I	I
14381072	14383242	14369913	14372082	2171	2170	99.91	15455657	15455979	I	I
14383306	14388958	14373067	14378671	5653	5605	98.97	15455657	15455979	I	I
14388891	14392265	14379436	14382808	3375	3373	99.94	15455657	15455979	I	I
14392327	14393971	14383115	14384758	1645	1644	99.88	15455657	15455979	I	I
14394113	14401499	14384752	14392138	7387	7387	100.00	15455657	15455979	I	I
14401602	14409120	14392976	14400494	7519	7519	100.00	15455657	15455979	I	I
14409511	14411221	14400908	14402617	1711	1710	99.94	15455657	15455979	I	I
14411392	14414701	14403529	14406837	3310	3309	99.97	15455657	15455979	I	I
14412833	14414083	5687	4437	1251	1251	100.00	15455657	5687	I	cb25.NA_152
14414744	14419033	4290	1	4290	4290	99.98	15455657	5687	I	cb25.NA_152
14414756	14420124	14407431	14412799	5369	5369	99.98	15455657	15455979	I	I
14420088	14421971	14412967	14414850	1884	1884	100.00	15455657	15455979	I	I
14422087	14449141	14415288	14442338	27055	27051	99.98	15455657	15455979	I	I
14434156	14435741	17876	19438	1586	1563	95.22	15455657	38484	I	cb25.NA_022
14449626	14476972	14442630	14469974	27347	27345	99.99	15455657	15455979	I	I
14457646	14458842	13997991	13996773	1197	1219	93.79	15455657	16627154	I	II
14477106	14478238	343	1475	1133	1133	100.00	15455657	1835	I	cb25.NA_424
14478235	14495583	14470048	14487391	17349	17344	99.97	15455657	15455979	I	I
14495613	14498100	14488153	14490640	2488	2488	100.00	15455657	15455979	I	I
14498151	14499415	14491429	14492693	1265	1265	100.00	15455657	15455979	I	I
14500178	14504805	14492999	14497627	4628	4629	99.98	15455657	15455979	I	I
14504558	14521366	14497928	14514734	16809	16807	99.94	15455657	15455979	I	I
14517778	14518953	14514734	14513560	1176	1175	99.32	15455657	15455979	I	I
14520191	14521820	14512323	14510710	1630	1614	98.96	15455657	15455979	I	I
14521326	14525223	14514486	14518383	3898	3898	99.69	15455657	15455979	I	I
14525233	14549840	14519178	14543782	24608	24605	99.98	15455657	15455979	I	I
14549782	14565500	14543831	14559548	15719	15718	99.99	15455657	15455979	I	I
14565598	14589203	14560519	14584114	23606	23596	99.83	15455657	15455979	I	I
14589440	14610955	14595260	14616771	21516	21512	99.98	15455657	15455979	I	I
14611340	14616757	14616811	14622229	5418	5419	99.63	15455657	15455979	I	I
14616873	14629977	14622148	14635253	13105	13106	99.98	15455657	15455979	I	I
14629945	14642623	14635725	14648404	12679	12680	99.99	15455657	15455979	I	I
14642833	14648050	14648394	14653611	5218	5218	100.00	15455657	15455979	I	I
14648116	14664984	14653758	14670627	16869	16870	99.99	15455657	15455979	I	I
14665868	14678858	14670638	14683627	12991	12990	99.99	15455657	15455979	I	I
14678807	14683395	14684761	14689349	4589	4589	100.00	15455657	15455979	I	I
14683424	14685759	14689495	14691829	2336	2335	99.96	15455657	15455979	I	I
14686000	14687074	14692496	14693570	1075	1075	100.00	15455657	15455979	I	I
14688088	14690890	14693817	14696619	2803	2803	100.00	15455657	15455979	I	I
14690900	14699379	14697425	14705904	8480	8480	100.00	15455657	15455979	I	I
14695841	14699379	1	3538	3539	3538	99.97	15455657	3538	I	cb25.NA_334
14699285	14705197	14706391	14712301	5913	5911	99.97	15455657	15455979	I	I
14705259	14713866	14712594	14721200	8608	8607	99.98	15455657	15455979	I	I
14714238	14719650	14721211	14726622	5413	5412	99.93	15455657	15455979	I	I
14719711	14742246	14726373	14748907	22536	22535	99.75	15455657	15455979	I	I
14742243	14769622	14748709	14776086	27380	27378	99.93	15455657	15455979	I	I
14769706	14778325	14782873	14791493	8620	8621	99.80	15455657	15455979	I	I
14778521	14782306	14791495	14795280	3786	3786	99.97	15455657	15455979	I	I
14782585	14786112	14795553	14799080	3528	3528	97.80	15455657	15455979	I	I
14783405	14787008	14801167	14804773	3604	3607	95.74	15455657	15455979	I	I
14785045	14787176	14796918	14799080	2132	2163	95.43	15455657	15455979	I	I
14786678	14788058	14797186	14798551	1381	1366	97.03	15455657	15455979	I	I
14786924	14788058	14801713	14802863	1135	1151	94.37	15455657	15455979	I	I
14787476	14789651	14804784	14806959	2176	2176	99.82	15455657	15455979	I	I
14789315	14806616	14807090	14824391	17302	17302	100.00	15455657	15455979	I	I
14807294	14814208	14824785	14831699	6915	6915	100.00	15455657	15455979	I	I
14815106	14817972	14832696	14835561	2867	2866	99.97	15455657	15455979	I	I
14817989	14848034	14835731	14865775	30046	30045	99.99	15455657	15455979	I	I
14848508	14850398	14866718	14868608	1891	1891	99.95	15455657	15455979	I	I
14850520	14860460	14868822	14878761	9941	9940	99.89	15455657	15455979	I	I
14860510	14882064	14879139	14900692	21555	21554	99.99	15455657	15455979	I	I
14882461	14897590	14900784	14915911	15130	15128	99.97	15455657	15455979	I	I
14897603	14905052	14917041	14924488	7450	7448	99.97	15455657	15455979	I	I
14904951	14930652	14925182	14950866	25702	25685	99.80	15455657	15455979	I	I
14909287	14910474	5161795	5163008	1188	1214	95.06	15455657	17485439	I	IV
14909295	14910470	11599460	11598264	1176	1197	95.51	15455657	17485439	I	IV
14930665	14934168	14951135	14954638	3504	3504	100.00	15455657	15455979	I	I
14934156	14947100	14955149	14968093	12945	12945	100.00	15455657	15455979	I	I
14947365	14963062	14968631	14984354	15698	15724	99.39	15455657	15455979	I	I
14963058	14968772	14984553	14990265	5715	5713	99.86	15455657	15455979	I	I
14968975	14983374	14990851	15005250	14400	14400	100.00	15455657	15455979	I	I
14983652	14993818	15006157	15016325	10167	10169	99.60	15455657	15455979	I	I
15003892	15041340	15016312	15053756	37449	37445	99.99	15455657	15455979	I	I
15043130	15179072	15058476	15194410	135943	135935	99.99	15455657	15455979	I	I
15179182	15202575	15195597	15218988	23394	23392	99.99	15455657	15455979	I	I
15202755	15230533	15218924	15246698	27779	27775	99.94	15455657	15455979	I	I
15206208	15207322	4964841	4963727	1115	1115	94.57	15455657	15455979	I	I
15230822	15241388	15455979	15445413	10567	10567	99.98	15455657	15455979	I	I
15241600	15277354	15444951	15409197	35755	35755	99.99	15455657	15455979	I	I
15277368	15366009	15408921	15320284	88642	88638	99.99	15455657	15455979	I	I
15366702	15388458	15320156	15298400	21757	21757	100.00	15455657	15455979	I	I
15388682	15410728	15298397	15276353	22047	22045	99.97	15455657	15455979	I	I
15410814	15428343	15275444	15257918	17530	17527	99.98	15455657	15455979	I	I
15420600	15431425	15257621	15246799	10826	10823	99.97	15455657	15455979	I	I
32048	33961	16625048	16623124	1914	1925	93.83	16508655	16627154	II	II
32307	33957	1861	220	1651	1642	92.10	16508655	2137	II	cb25.NA_402
32465	33956	17120345	17121818	1492	1474	97.32	16508655	17485439	II	IV
32902	44027	11126	1	11126	11126	99.96	16508655	11126	II	cb25.NA_236
39927	60193	17	20281	20267	20265	99.99	16508655	16627154	II	II
60537	111891	20395	71747	51355	51353	99.98	16508655	16627154	II	II
106821	257388	72748	223306	150568	150559	99.98	16508655	16627154	II	II
146018	147180	8147503	8146340	1163	1164	94.95	16508655	19495157	II	V
146220	148037	12142972	12141101	1818	1872	91.13	16508655	19495157	II	V
257908	348431	222093	312611	90524	90519	99.93	16508655	16627154	II	II
348432	390701	312818	355087	42270	42270	99.99	16508655	16627154	II	II
390698	394776	355904	359980	4079	4077	99.80	16508655	16627154	II	II
394812	454640	360457	420283	59829	59827	99.99	16508655	16627154	II	II
454687	461244	420466	427023	6558	6558	100.00	16508655	16627154	II	II
468869	476949	1	8081	8081	8081	100.00	16508655	20482	II	cb25.NA_094
476923	489204	8201	20482	12282	12282	100.00	16508655	20482	II	cb25.NA_094
482591	513646	428024	459078	31056	31055	99.99	16508655	16627154	II	II
513647	518563	459439	464354	4917	4916	99.98	16508655	16627154	II	II
518541	535020	465146	481624	16480	16479	99.99	16508655	16627154	II	II
535571	569498	481668	515590	33928	33923	99.99	16508655	16627154	II	II
565967	575560	515675	525202	9594	9528	99.21	16508655	16627154	II	II
574296	576135	14785097	14783273	1840	1825	89.93	16508655	16627154	II	II
574466	576601	14785931	14783801	2136	2131	89.46	16508655	16627154	II	II
575050	576484	14785931	14784500	1435	1432	89.38	16508655	16627154	II	II
575253	579067	524003	527738	3815	3736	95.16	16508655	16627154	II	II
578332	581765	526548	529972	3434	3425	96.97	16508655	16627154	II	II
581817	596850	530288	545321	15034	15034	99.99	16508655	16627154	II	II
596949	629965	545920	578932	33017	33013	99.99	16508655	16627154	II	II
630004	631447	579545	580989	1444	1445	99.93	16508655	16627154	II	II
632385	652405	586109	606127	20021	20019	99.94	16508655	16627154	II	II
653119	655134	606347	608362	2016	2016	99.80	16508655	16627154	II	II
655335	672514	636101	653278	17180	17178	99.99	16508655	16627154	II	II
672545	711766	653419	692633	39222	39215	99.84	16508655	16627154	II	II
678070	679327	7020630	7019373	1258	1258	99.84	16508655	17485439	II	IV
678070	679327	11689359	11688103	1258	1257	99.76	16508655	19495157	II	V
678070	679327	16678642	16677386	1258	1257	99.84	16508655	19495157	II	V
681040	682659	3520844	3519225	1620	1620	99.32	16508655	19495157	II	V
681041	682655	3214382	3215998	1615	1617	98.45	16508655	19495157	II	V
681041	682655	3293945	3292330	1615	1616	99.07	16508655	19495157	II	V
681041	682655	7474891	7473277	1615	1615	99.01	16508655	19495157	II	V
681041	682655	6097202	6095590	1615	1613	99.63	16508655	21540570	II	X
711443	721416	692015	701988	9974	9974	99.77	16508655	16627154	II	II
720392	722168	13537880	13536081	1777	1800	91.74	16508655	16627154	II	II
720392	721981	5180886	5182511	1590	1626	89.39	16508655	17485439	II	IV
720445	721733	13413096	13411791	1289	1306	89.84	16508655	21540570	II	X
720599	721990	1986563	1985181	1392	1383	92.54	16508655	15455979	II	I
720599	721994	7567427	7566006	1396	1422	90.59	16508655	19495157	II	V
720836	721990	10937785	10936611	1155	1175	90.20	16508655	17485439	II	IV
720971	722067	11408362	11407307	1097	1056	91.10	16508655	14578851	II	III
720973	722451	20465421	20466886	1479	1466	91.04	16508655	21540570	II	X
721254	722451	9154398	9153137	1198	1262	89.49	16508655	15455979	II	I
721377	722455	3869992	3868870	1079	1123	89.79	16508655	17485439	II	IV
721565	726241	702426	707105	4677	4680	98.53	16508655	16627154	II	II
725568	739755	706573	720759	14188	14187	99.89	16508655	16627154	II	II
739872	774099	721418	755644	34228	34227	99.99	16508655	16627154	II	II
775002	785896	756748	767642	10895	10895	99.77	16508655	16627154	II	II
785148	789169	767110	771146	4022	4037	99.01	16508655	16627154	II	II
789127	826479	771584	808932	37353	37349	99.96	16508655	16627154	II	II
827043	828045	809416	810421	1003	1006	99.11	16508655	16627154	II	II
827934	839633	810765	822460	11700	11696	99.85	16508655	16627154	II	II
839469	848854	822647	832032	9386	9386	99.96	16508655	16627154	II	II
848452	854410	831420	837386	5959	5967	98.24	16508655	16627154	II	II
848636	851291	609363	612018	2656	2656	100.00	16508655	16627154	II	II
852597	854510	612164	614080	1914	1917	99.17	16508655	16627154	II	II
853834	854910	12644946	12643844	1077	1103	91.21	16508655	15455979	II	I
853840	909623	838087	893924	55784	55838	99.69	16508655	16627154	II	II
853843	854910	2180275	2179205	1068	1071	88.54	16508655	21540570	II	X
854910	884757	839158	868979	29848	29822	99.73	16508655	16627154	II	II
883083	884757	2600542	2598869	1675	1674	87.43	16508655	21540570	II	X
913524	914909	616811	618196	1386	1386	100.00	16508655	16627154	II	II
917180	919082	619973	621875	1903	1903	99.95	16508655	16627154	II	II
920406	969090	894865	943543	48685	48679	99.94	16508655	16627154	II	II
969564	1002568	944374	977377	33005	33004	99.99	16508655	16627154	II	II
1003913	1010488	977388	983960	6576	6573	99.86	16508655	16627154	II	II
1009314	1011691	13220007	13217654	2378	2354	87.26	16508655	16627154	II	II
1009554	1011034	4492	5968	1481	1477	87.72	16508655	5978	II	cb25.NA_163
1009799	1012376	2182880	2180309	2578	2572	86.38	16508655	21540570	II	X
1011176	1030744	982793	1002342	19569	19550	99.66	16508655	16627154	II	II
1017382	1018640	9323371	9322114	1259	1258	99.68	16508655	15455979	II	I
1017383	1018641	9643500	9642243	1259	1258	99.68	16508655	21540570	II	X
1017387	1018644	574173	572917	1258	1257	99.60	16508655	17485439	II	IV
1018296	1021889	1	3540	3594	3540	98.22	16508655	3540	II	cb25.NA_112
1030777	1047635	1002807	1019663	16859	16857	99.98	16508655	16627154	II	II
1047982	1049093	13427193	13426080	1112	1114	87.81	16508655	16627154	II	II
1047982	1049669	13429596	13427908	1688	1689	88.22	16508655	16627154	II	II
1048205	1049471	13147392	13146114	1267	1279	91.01	16508655	15455979	II	I
1050803	1055428	1032255	1036882	4626	4628	99.76	16508655	16627154	II	II
1051659	1057672	1	6015	6014	6015	99.70	16508655	6015	II	cb25.NA_286
1054658	1058228	1036230	1039801	3571	3572	99.69	16508655	16627154	II	II
1058334	1065623	1040476	1047765	7290	7290	100.00	16508655	16627154	II	II
1065691	1076872	1048025	1059212	11182	11188	99.79	16508655	16627154	II	II
1076882	1078313	1059881	1061313	1432	1433	99.86	16508655	16627154	II	II
1078883	1080085	1062578	1063781	1203	1204	99.58	16508655	16627154	II	II
1080467	1082042	1064090	1065665	1576	1576	99.75	16508655	16627154	II	II
1083063	1088529	1066545	1072011	5467	5467	99.84	16508655	16627154	II	II
1086695	1088969	1070553	1072843	2275	2291	95.42	16508655	16627154	II	II
1087391	1088529	3444505	3443376	1139	1130	86.81	16508655	19495157	II	V
1090063	1126240	1074224	1110341	36178	36118	99.81	16508655	16627154	II	II
1126840	1129108	1110927	1113179	2269	2253	94.45	16508655	16627154	II	II
1128397	1136641	1112348	1120590	8245	8243	99.70	16508655	16627154	II	II
1137286	1138795	14540477	14541993	1510	1517	88.35	16508655	16627154	II	II
1137741	1138857	4765545	4766661	1117	1117	88.19	16508655	14578851	II	III
1140097	1141232	3715856	3714721	1136	1136	88.83	16508655	16627154	II	II
1143105	1144938	848971	847137	1834	1835	83.91	16508655	16627154	II	II
1146693	1150062	629649	633018	3370	3370	100.00	16508655	16627154	II	II
1150115	1151260	633608	634753	1146	1146	99.65	16508655	16627154	II	II
1152322	1155612	1237826	1234536	3291	3291	100.00	16508655	16627154	II	II
1155631	1173325	1234081	1216389	17695	17693	99.95	16508655	16627154	II	II
1162409	1165347	1	2939	2939	2939	99.69	16508655	7259	II	cb25.NA_169
1165960	1170203	3016	7259	4244	4244	99.91	16508655	7259	II	cb25.NA_169
1167654	1185631	1139573	1121595	17978	17979	99.96	16508655	16627154	II	II
1178140	1202465	1206680	1182357	24326	24324	99.94	16508655	16627154	II	II
1202472	1213830	1182550	1171195	11359	11356	99.92	16508655	16627154	II	II
1214012	1216096	1171161	1169077	2085	2085	99.86	16508655	16627154	II	II
1215372	1231055	1170125	1154442	15684	15684	99.94	16508655	16627154	II	II
1231135	1240100	1153488	1144559	8966	8930	98.46	16508655	16627154	II	II
1238715	1240238	15443258	15441743	1524	1516	89.59	16508655	16627154	II	II
1238752	1239956	525202	524003	1205	1200	88.69	16508655	16627154	II	II
1238939	1242484	1145910	1142320	3546	3591	98.19	16508655	16627154	II	II
1241638	1243171	14540352	14538813	1534	1540	89.74	16508655	16627154	II	II
1241779	1243606	3946778	3944954	1828	1825	88.79	16508655	21540570	II	X
1241789	1244211	14542041	14539604	2423	2438	89.87	16508655	16627154	II	II
1241825	1243077	12930028	12931301	1253	1274	90.19	16508655	15455979	II	I
1242192	1243250	2	1054	1059	1053	86.99	16508655	19600	II	cb25.NA_100
1242443	1244211	3946784	3945004	1769	1781	89.46	16508655	21540570	II	X
1242610	1243843	1141808	1140575	1234	1234	100.00	16508655	16627154	II	II
1242783	1244211	8201	6755	1429	1447	88.08	16508655	8201	II	cb25.NA_254
1243647	1245434	628648	626856	1788	1793	97.77	16508655	16627154	II	II
1243867	1249199	1428867	1423535	5333	5333	99.98	16508655	16627154	II	II
1249360	1258501	1423098	1413957	9142	9142	100.00	16508655	16627154	II	II
1258564	1268972	1413718	1403297	10409	10422	99.78	16508655	16627154	II	II
1262156	1265056	625780	622876	2901	2905	99.86	16508655	16627154	II	II
1271499	1295444	1404635	1380690	23946	23946	99.94	16508655	16627154	II	II
1295761	1298012	1379662	1377411	2252	2252	99.91	16508655	16627154	II	II
1298825	1318195	1376627	1357263	19371	19365	99.86	16508655	16627154	II	II
1318347	1328648	1356390	1346083	10302	10308	99.90	16508655	16627154	II	II
1329542	1332740	1345878	1342682	3199	3197	99.78	16508655	16627154	II	II
1332838	1340226	1341459	1334073	7389	7387	99.97	16508655	16627154	II	II
1340907	1393737	1333993	1281168	52831	52826	99.99	16508655	16627154	II	II
1395377	1412072	1277942	1261247	16696	16696	99.96	16508655	16627154	II	II
1412914	1417306	1261101	1256702	4393	4400	99.14	16508655	16627154	II	II
1417333	1418422	1256964	1255875	1090	1090	98.72	16508655	16627154	II	II
1418560	1420650	1255760	1253669	2091	2092	99.38	16508655	16627154	II	II
1421691	1425138	1252791	1249344	3448	3448	99.54	16508655	16627154	II	II
1424761	1435284	1248452	1237927	10524	10526	99.95	16508655	16627154	II	II
1442557	1444781	1568255	1566033	2225	2223	99.91	16508655	16627154	II	II
1444829	1452589	1565920	1558160	7761	7761	99.97	16508655	16627154	II	II
1453016	1454437	1422	1	1422	1422	99.79	16508655	1422	II	cb25.NA_435
1454273	1455419	1556443	1555297	1147	1147	100.00	16508655	16627154	II	II
1455705	1461131	1555120	1549694	5427	5427	100.00	16508655	16627154	II	II
1462570	1466491	1549474	1545555	3922	3920	99.92	16508655	16627154	II	II
1470234	1475490	1540061	1534805	5257	5257	99.83	16508655	16627154	II	II
1476102	1477818	1534234	1532518	1717	1717	100.00	16508655	16627154	II	II
1478756	1485516	1531644	1524884	6761	6761	100.00	16508655	16627154	II	II
1485602	1491537	1524365	1518431	5936	5935	99.98	16508655	16627154	II	II
1491589	1493243	1518009	1516355	1655	1655	100.00	16508655	16627154	II	II
1493352	1495735	1516210	1513828	2384	2383	99.87	16508655	16627154	II	II
1493976	1495169	1509512	1510729	1194	1218	96.39	16508655	16627154	II	II
1493976	1496113	2241583	2239446	2138	2138	99.49	16508655	17485439	II	IV
1493976	1496551	15234191	15231643	2576	2549	98.49	16508655	21540570	II	X
1495894	1497076	1512967	1511784	1183	1184	99.92	16508655	16627154	II	II
1497062	1503770	1511050	1504343	6709	6708	99.69	16508655	16627154	II	II
1497383	1498601	1514394	1515586	1219	1193	96.31	16508655	16627154	II	II
1497383	1498694	15690587	15689338	1312	1250	93.52	16508655	19495157	II	V
1504622	1508129	1503840	1500320	3508	3521	99.18	16508655	16627154	II	II
1507849	1513766	1500958	1495045	5918	5914	99.27	16508655	16627154	II	II
1513784	1520043	1494706	1488444	6260	6263	99.94	16508655	16627154	II	II
1516364	1518311	1488365	1486419	1948	1947	99.64	16508655	16627154	II	II
1517306	1520469	1484260	1487424	3164	3165	99.72	16508655	16627154	II	II
1519464	1524123	1485266	1480606	4660	4661	99.94	16508655	16627154	II	II
1519464	1520469	1490179	1491184	1006	1006	99.40	16508655	16627154	II	II
1524571	1561612	1480210	1443173	37042	37038	99.98	16508655	16627154	II	II
1539929	1541576	2671970	2670323	1648	1648	99.82	16508655	15455979	II	I
1557605	1559762	1433311	1435457	2158	2147	99.40	16508655	16627154	II	II
1561646	1564798	1439055	1435903	3153	3153	99.94	16508655	16627154	II	II
1564001	1567125	1444045	1447179	3125	3135	99.55	16508655	16627154	II	II
1564979	1571467	1435457	1428968	6489	6490	99.98	16508655	16627154	II	II
1568067	1569672	11474257	11472667	1606	1591	98.32	16508655	15455979	II	I
1568068	1569672	6258829	6257215	1605	1615	98.52	16508655	15455979	II	I
1568816	1571513	2698	1	2698	2698	100.00	16508655	2698	II	cb25.NA_367
1574454	1575562	1568356	1569466	1109	1111	99.46	16508655	16627154	II	II
1575755	1584024	1569387	1577656	8270	8270	100.00	16508655	16627154	II	II
1584054	1585581	1577824	1579351	1528	1528	99.87	16508655	16627154	II	II
1585747	1587275	1579730	1581259	1529	1530	99.74	16508655	16627154	II	II
1587413	1597514	1581261	1591357	10102	10097	99.95	16508655	16627154	II	II
1596924	1598051	1595823	1596950	1128	1128	99.20	16508655	16627154	II	II
1596924	1599621	1612728	1610033	2698	2696	99.37	16508655	16627154	II	II
1599367	1617466	1610455	1592359	18100	18097	99.81	16508655	16627154	II	II
1612877	1666651	1611602	1665367	53775	53766	99.98	16508655	16627154	II	II
1614412	1616782	4030558	4028187	2371	2372	98.57	16508655	17485439	II	IV
1615918	1617688	1	1776	1771	1776	99.72	16508655	3250	II	cb25.NA_109
1617516	1619258	4028188	4026445	1743	1744	99.14	16508655	17485439	II	IV
1617733	1619038	1946	3250	1306	1305	99.85	16508655	3250	II	cb25.NA_109
1629390	1631717	1	2326	2328	2326	99.91	16508655	2326	II	cb25.NA_389
1641663	1648187	1	6522	6525	6522	99.95	16508655	6522	II	cb25.NA_270
1666642	1689127	1665843	1688271	22486	22429	99.41	16508655	16627154	II	II
1687768	1688899	1235809	1234663	1132	1147	92.94	16508655	15455979	II	I
1687817	1689591	2296276	2298045	1775	1770	91.10	16508655	16627154	II	II
1688657	1701236	1686912	1699491	12580	12580	99.61	16508655	16627154	II	II
1688841	1690020	1686912	1688092	1180	1181	95.34	16508655	16627154	II	II
1701294	1708213	1705073	1711993	6920	6921	99.99	16508655	16627154	II	II
1701338	1705590	1699820	1704072	4253	4253	99.91	16508655	16627154	II	II
1708346	1715152	1712004	1718806	6807	6803	99.93	16508655	16627154	II	II
1715168	1717043	1719856	1721731	1876	1876	99.95	16508655	16627154	II	II
1717453	1718648	1721870	1723065	1196	1196	100.00	16508655	16627154	II	II
1718765	1720198	1723508	1724941	1434	1434	99.79	16508655	16627154	II	II
1720314	1750814	1725124	1755716	30501	30593	99.50	16508655	16627154	II	II
1738544	1740617	1948142	1950215	2074	2074	99.86	16508655	16627154	II	II
1739932	1741090	3404404	3405567	1159	1164	89.35	16508655	14578851	II	III
1740305	1741402	867284	868381	1098	1098	92.17	16508655	16627154	II	II
1750886	1758809	1757635	1765557	7924	7923	99.81	16508655	16627154	II	II
1758170	1759370	1764838	1766037	1201	1200	97.92	16508655	16627154	II	II
1759447	1763324	1766677	1770552	3878	3876	99.95	16508655	16627154	II	II
1763441	1764567	1770479	1771604	1127	1126	99.02	16508655	16627154	II	II
1764276	1769544	1	5268	5269	5268	99.96	16508655	8696	II	cb25.NA_186
1764898	1767088	1773345	1775534	2191	2190	99.82	16508655	16627154	II	II
1766621	1768457	1775319	1777157	1837	1839	98.26	16508655	16627154	II	II
1769845	1773189	5352	8696	3345	3345	99.97	16508655	8696	II	cb25.NA_186
1775006	1780144	1812953	1818087	5139	5135	99.92	16508655	16627154	II	II
1780491	1792471	1818784	1830764	11981	11981	100.00	16508655	16627154	II	II
1792530	1795116	1830920	1833506	2587	2587	100.00	16508655	16627154	II	II
1792672	1813246	1834959	1855536	20575	20578	99.89	16508655	16627154	II	II
1812515	1816406	1778159	1781975	3892	3817	98.00	16508655	16627154	II	II
1813010	1818277	1855128	1860394	5268	5267	99.92	16508655	16627154	II	II
1816036	1825807	1781727	1791512	9772	9786	99.74	16508655	16627154	II	II
1825273	1826368	2877331	2876220	1096	1112	93.35	16508655	19495157	II	V
1825274	1826376	16202394	16201279	1103	1116	92.76	16508655	19495157	II	V
1826925	1845982	1792954	1811951	19058	18998	99.61	16508655	16627154	II	II
1845355	1847518	22658	20477	2164	2182	92.92	16508655	30013	II	cb25.NA_047
1849067	1858167	1872739	1881839	9101	9101	99.99	16508655	16627154	II	II
1858237	1859520	1882398	1883682	1284	1285	99.92	16508655	16627154	II	II
1859034	1890647	1891866	1923474	31614	31609	99.96	16508655	16627154	II	II
1859123	1860522	10417	9023	1400	1395	91.56	16508655	79173	II	cb25.NA_037
1859133	1860225	10678657	10677560	1093	1098	91.19	16508655	16627154	II	II
1859134	1860260	1965255	1964127	1127	1129	93.44	16508655	16627154	II	II
1859134	1860204	9389985	9388927	1071	1059	93.33	16508655	17485439	II	IV
1859373	1860521	7458780	7459934	1149	1155	89.40	16508655	17485439	II	IV
1890754	1914715	1923181	1947141	23962	23961	99.97	16508655	16627154	II	II
1915164	1918049	1	2886	2886	2886	100.00	16508655	22500	II	cb25.NA_068
1918388	1925090	3106	9807	6703	6702	99.93	16508655	22500	II	cb25.NA_068
1923410	1924671	14704785	14703524	1262	1262	99.84	16508655	19495157	II	V
1923414	1924671	12372256	12371000	1258	1257	99.76	16508655	21540570	II	X
1923418	1924675	9164885	9163629	1258	1257	99.92	16508655	19495157	II	V
1925070	1936060	10577	21567	10991	10991	99.63	16508655	22500	II	cb25.NA_068
1935629	1937051	22499	21077	1423	1423	99.79	16508655	22500	II	cb25.NA_068
1936553	1945360	1959122	1950316	8808	8807	99.97	16508655	16627154	II	II
1945041	1946212	7477269	7478439	1172	1171	89.34	16508655	16627154	II	II
1948082	1949706	7476818	7478449	1625	1632	93.28	16508655	16627154	II	II
1950198	1955998	7483412	7477618	5801	5795	99.02	16508655	16627154	II	II
1953726	1955644	1959223	1961143	1919	1921	98.18	16508655	16627154	II	II
1955515	1987727	1960660	1992871	32213	32212	99.90	16508655	16627154	II	II
1958719	1960111	3816760	3815377	1393	1384	94.00	16508655	17485439	II	IV
1958719	1960111	1966491	1965094	1393	1398	94.59	16508655	19495157	II	V
1958720	1960111	7032485	7031092	1392	1394	95.71	16508655	15455979	II	I
1958720	1959955	7749863	7748622	1236	1242	95.42	16508655	15455979	II	I
1958720	1960111	7888392	7886999	1392	1394	95.71	16508655	15455979	II	I
1958720	1960116	10971556	10970166	1397	1391	93.76	16508655	16627154	II	II
1958720	1960116	3107931	3109296	1397	1366	88.66	16508655	17485439	II	IV
1958723	1960111	2251933	2250579	1389	1355	90.38	16508655	16627154	II	II
1958745	1960111	7972297	7973695	1367	1399	93.05	16508655	17485439	II	IV
1958766	1960104	12762973	12761619	1339	1355	93.56	16508655	16627154	II	II
1958817	1960121	6809894	6808592	1305	1303	92.93	16508655	17485439	II	IV
1958959	1960113	5142030	5143169	1155	1140	94.05	16508655	17485439	II	IV
1958983	1960111	1893090	1891965	1129	1126	93.44	16508655	16627154	II	II
1958988	1960111	9154731	9153619	1124	1113	94.04	16508655	14578851	II	III
1983531	1984790	13480559	13479301	1260	1259	99.44	16508655	14578851	II	III
1984412	1986815	1994292	1996695	2404	2404	100.00	16508655	16627154	II	II
1987158	1989277	1997042	1999161	2120	2120	100.00	16508655	16627154	II	II
1989385	1990451	1992882	1993948	1067	1067	100.00	16508655	16627154	II	II
1990553	2009097	2000128	2018666	18545	18539	99.65	16508655	16627154	II	II
2008194	2013208	2017333	2022353	5015	5021	97.91	16508655	16627154	II	II
2013242	2019089	2023365	2029210	5848	5846	99.97	16508655	16627154	II	II
2020949	2022088	2029660	2030798	1140	1139	99.91	16508655	16627154	II	II
2024922	2026455	1	1534	1534	1534	100.00	16508655	2720	II	cb25.NA_071
2027183	2028293	1610	2720	1111	1111	100.00	16508655	2720	II	cb25.NA_071
2034912	2036180	3516176	3514908	1269	1269	90.48	16508655	16627154	II	II
2034958	2036062	20830591	20831699	1105	1109	88.91	16508655	21540570	II	X
2034985	2036093	839158	838049	1109	1110	92.52	16508655	16627154	II	II
2035668	2037206	1744733	1746278	1539	1546	87.40	16508655	16627154	II	II
2035802	2037102	12929954	12931270	1301	1317	86.52	16508655	15455979	II	I
2040861	2053253	2031805	2044195	12393	12391	99.92	16508655	16627154	II	II
2052949	2088113	2043827	2078986	35165	35160	99.96	16508655	16627154	II	II
2088146	2094834	2078756	2085354	6689	6599	97.55	16508655	16627154	II	II
2093068	2101439	2083403	2091731	8372	8329	98.28	16508655	16627154	II	II
2098691	2100803	6230059	6227919	2113	2141	97.86	16508655	17485439	II	IV
2100800	2102597	8186869	8185108	1798	1762	91.02	16508655	21540570	II	X
2101315	2119125	2091982	2109792	17811	17811	99.94	16508655	16627154	II	II
2101344	2102597	11370102	11368831	1254	1272	84.38	16508655	14578851	II	III
2101351	2102597	5797289	5796049	1247	1241	94.01	16508655	21540570	II	X
2119484	2137582	2109779	2127866	18099	18088	99.92	16508655	16627154	II	II
2119497	2144780	2109792	2135063	25284	25272	99.94	16508655	16627154	II	II
2137140	2138297	10108563	10107409	1158	1155	97.24	16508655	21540570	II	X
2137141	2138297	14246200	14245055	1157	1146	95.43	16508655	21540570	II	X
2137143	2138297	13183426	13182273	1155	1154	97.40	16508655	17485439	II	IV
2137143	2138297	7938872	7937720	1155	1153	96.89	16508655	19495157	II	V
2137144	2138297	12863967	12862812	1154	1156	97.49	16508655	16627154	II	II
2137144	2138297	1477709	1476561	1154	1149	96.97	16508655	17485439	II	IV
2137144	2138297	5815663	5814518	1154	1146	97.23	16508655	17485439	II	IV
2137144	2138297	20018652	20017503	1154	1150	97.06	16508655	21540570	II	X
2144717	2155362	2135883	2146523	10646	10641	99.90	16508655	16627154	II	II
2150114	2151534	6500930	6502344	1421	1415	95.88	16508655	15455979	II	I
2150114	2151399	12507180	12505931	1286	1250	91.48	16508655	16627154	II	II
2150114	2151339	13547939	13546747	1226	1193	90.42	16508655	21540570	II	X
2154962	2157531	2146551	2149118	2570	2568	99.53	16508655	16627154	II	II
2158028	2162841	2149872	2154686	4814	4815	99.73	16508655	16627154	II	II
2162973	2177193	2154678	2168898	14221	14221	99.99	16508655	16627154	II	II
2178646	2187914	2169549	2178818	9269	9270	99.99	16508655	16627154	II	II
2188325	2204341	2179623	2195637	16017	16015	99.96	16508655	16627154	II	II
2201405	2204551	16	3165	3147	3150	99.71	16508655	3165	II	cb25.NA_349
2204286	2211581	2195334	2202628	7296	7295	99.99	16508655	16627154	II	II
2211674	2231463	2203090	2222885	19790	19796	99.94	16508655	16627154	II	II
2232556	2234395	2223116	2224954	1840	1839	99.95	16508655	16627154	II	II
2236611	2238079	2226464	2227923	1469	1460	98.57	16508655	16627154	II	II
2237251	2239153	2225062	2226973	1903	1912	97.49	16508655	16627154	II	II
2238915	2248906	2226464	2236454	9992	9991	99.67	16508655	16627154	II	II
2249026	2261104	2237112	2249188	12079	12077	99.98	16508655	16627154	II	II
2252310	2254058	6193236	6191489	1749	1748	98.51	16508655	15455979	II	I
2252310	2254061	4720358	4718611	1752	1748	97.89	16508655	19495157	II	V
2252310	2254062	1437895	1436144	1753	1752	97.95	16508655	21540570	II	X
2252323	2254059	3690791	3689054	1737	1738	98.16	16508655	19495157	II	V
2261239	2287908	2249199	2275867	26670	26669	99.99	16508655	16627154	II	II
2262618	2263981	2689698	2688352	1364	1347	95.75	16508655	16627154	II	II
2288035	2310084	2275999	2298045	22050	22047	99.76	16508655	16627154	II	II
2310888	2325022	2303960	2318094	14135	14135	99.99	16508655	16627154	II	II
2317309	2319766	4157490	4159939	2458	2450	94.64	16508655	16627154	II	II
2317500	2318509	2411582	2410575	1010	1008	97.53	16508655	15455979	II	I
2318115	2319930	2410328	2408550	1816	1779	92.56	16508655	15455979	II	I
2319876	2321580	4159945	4161705	1705	1761	93.24	16508655	16627154	II	II
2319876	2321580	4315684	4317445	1705	1762	93.29	16508655	16627154	II	II
2320253	2321580	2408234	2406803	1328	1432	91.28	16508655	15455979	II	I
2321579	2322585	11995033	11996036	1007	1004	95.14	16508655	15455979	II	I
2321580	2322585	11499028	11498023	1006	1006	95.34	16508655	14578851	II	III
2325553	2328674	2318070	2321185	3122	3116	99.71	16508655	16627154	II	II
2328717	2348332	2321277	2340892	19616	19616	99.99	16508655	16627154	II	II
2348511	2372549	2342093	2366127	24039	24035	99.98	16508655	16627154	II	II
2372614	2395441	2366748	2389577	22828	22830	99.95	16508655	16627154	II	II
2395605	2410511	2390375	2405282	14907	14908	99.58	16508655	16627154	II	II
2409876	2411978	11859694	11857584	2103	2111	95.27	16508655	15455979	II	I
2411034	2414866	2404322	2408154	3833	3833	98.88	16508655	16627154	II	II
2414476	2420292	2408740	2414555	5817	5816	99.98	16508655	16627154	II	II
2420332	2435334	2415131	2430132	15003	15002	99.97	16508655	16627154	II	II
2428064	2498503	2430498	2500927	70440	70430	99.96	16508655	16627154	II	II
2465424	2466734	10180395	10179095	1311	1301	99.01	16508655	16627154	II	II
2465424	2466732	1985387	1984055	1309	1333	97.90	16508655	19495157	II	V
2465425	2466732	3922542	3923843	1308	1302	99.31	16508655	15455979	II	I
2465425	2466735	11117170	11115860	1311	1311	100.00	16508655	15455979	II	I
2465425	2466731	14514421	14513115	1307	1307	99.92	16508655	16627154	II	II
2465425	2466733	3636824	3635516	1309	1309	99.92	16508655	19495157	II	V
2465425	2466733	5613177	5611870	1309	1308	99.85	16508655	19495157	II	V
2465425	2466734	7425197	7423898	1310	1300	99.16	16508655	19495157	II	V
2465425	2466731	3415	4721	1307	1307	99.31	16508655	44065	II	cb25.NA_117
2481227	2484076	2517231	2514382	2850	2850	100.00	16508655	16627154	II	II
2483304	2484691	2489894	2488508	1388	1387	99.93	16508655	16627154	II	II
2486084	2487471	2487116	2485732	1388	1385	99.35	16508655	16627154	II	II
2496919	2501119	2518596	2522760	4201	4165	98.95	16508655	16627154	II	II
2500407	2501484	3185215	3186287	1078	1073	95.38	16508655	19495157	II	V
2500920	2511393	2522081	2532562	10474	10482	99.76	16508655	16627154	II	II
2511713	2514907	2532971	2536166	3195	3196	99.75	16508655	16627154	II	II
2515195	2529761	2536423	2550988	14567	14566	99.97	16508655	16627154	II	II
2529875	2533622	2551314	2555061	3748	3748	99.95	16508655	16627154	II	II
2533800	2536252	2555122	2557574	2453	2453	100.00	16508655	16627154	II	II
2537153	2563842	2559486	2586161	26690	26676	99.76	16508655	16627154	II	II
2562734	2563771	18232595	18231563	1038	1033	91.65	16508655	19495157	II	V
2562847	2589278	2585061	2611490	26432	26430	99.80	16508655	16627154	II	II
2589335	2624548	2614419	2649629	35214	35211	99.94	16508655	16627154	II	II
2624833	2631171	2649773	2656107	6339	6335	99.94	16508655	16627154	II	II
2627725	2629222	3941057	3939558	1498	1500	92.14	16508655	16627154	II	II
2627725	2629222	9511514	9510006	1498	1509	92.98	16508655	16627154	II	II
2627729	2629214	10045608	10044117	1486	1492	93.29	16508655	15455979	II	I
2627729	2629222	9635465	9633962	1494	1504	93.74	16508655	14578851	II	III
2627729	2629182	965312	963899	1454	1414	90.58	16508655	17485439	II	IV
2627729	2629182	989528	988114	1454	1415	90.71	16508655	17485439	II	IV
2627729	2628875	13706686	13705512	1147	1175	90.93	16508655	17485439	II	IV
2627729	2629183	4630	3189	1455	1442	88.40	16508655	19495157	II	V
2627734	2628820	5777195	5776120	1087	1076	88.32	16508655	14578851	II	III
2627754	2628821	13200695	13199639	1068	1057	87.44	16508655	17485439	II	IV
2627884	2629050	11324604	11323406	1167	1199	92.28	16508655	14578851	II	III
2628095	2629223	4625224	4624087	1129	1138	93.90	16508655	15455979	II	I
2628099	2629223	4137615	4136474	1125	1142	94.16	16508655	19495157	II	V
2628142	2629228	10018373	10017245	1087	1129	91.43	16508655	16627154	II	II
2631733	2637029	2656457	2661730	5297	5274	99.04	16508655	16627154	II	II
2637084	2644524	2663469	2670910	7441	7442	99.95	16508655	16627154	II	II
2645282	2671743	2671585	2698041	26462	26457	99.98	16508655	16627154	II	II
2662052	2663407	10853645	10852269	1356	1377	91.25	16508655	15455979	II	I
2662052	2663398	2251940	2250578	1347	1363	95.68	16508655	16627154	II	II
2662056	2663397	10971556	10970171	1342	1386	91.96	16508655	16627154	II	II
2671721	2672820	2586161	2585061	1100	1101	95.55	16508655	16627154	II	II
2672439	2682295	2700590	2710446	9857	9857	99.35	16508655	16627154	II	II
2681772	2683808	2701113	2699079	2037	2035	99.80	16508655	16627154	II	II
2681836	2683791	2715534	2717488	1956	1955	99.95	16508655	16627154	II	II
2684630	2688585	2718299	2722256	3956	3958	99.92	16508655	16627154	II	II
2688632	2699608	2722991	2733965	10977	10975	99.98	16508655	16627154	II	II
2693989	2695242	2729599	2728346	1254	1254	85.12	16508655	16627154	II	II
2699682	2701892	2211	1	2211	2211	100.00	16508655	2211	II	cb25.NA_396
2699846	2712418	2734495	2747066	12573	12572	99.99	16508655	16627154	II	II
2701137	2702446	1030718	1029410	1310	1309	99.39	16508655	15455979	II	I
2701137	2702445	12546220	12544924	1309	1297	98.70	16508655	21540570	II	X
2701138	2702445	3922541	3923842	1308	1302	99.01	16508655	15455979	II	I
2701138	2702445	13872455	13871148	1308	1308	99.54	16508655	14578851	II	III
2701138	2702445	3636825	3635518	1308	1308	99.62	16508655	19495157	II	V
2701139	2702445	13729312	13728007	1307	1306	99.69	16508655	19495157	II	V
2713500	2720663	2748095	2755258	7164	7164	100.00	16508655	16627154	II	II
2721001	2754220	2755553	2788772	33220	33220	99.99	16508655	16627154	II	II
2754318	2760093	2788917	2794687	5776	5771	99.91	16508655	16627154	II	II
2760163	2837245	2795970	2873045	77083	77076	99.98	16508655	16627154	II	II
2829539	2834497	2901580	2906538	4959	4959	100.00	16508655	16627154	II	II
2835216	2836544	2906549	2907877	1329	1329	99.92	16508655	16627154	II	II
2836180	2837269	2909544	2908455	1090	1090	98.35	16508655	16627154	II	II
2837147	2838198	2871961	2870910	1052	1052	99.71	16508655	16627154	II	II
2837572	2844619	2907888	2914934	7048	7047	99.91	16508655	16627154	II	II
2838144	2839228	2873064	2871980	1085	1085	99.82	16508655	16627154	II	II
2844191	2854330	2914433	2924572	10140	10140	99.91	16508655	16627154	II	II
2848013	2849857	4569124	4567340	1845	1785	95.24	16508655	21540570	II	X
2848058	2849687	9772121	9770495	1630	1627	98.59	16508655	14578851	II	III
2848062	2849686	18227983	18226372	1625	1612	97.60	16508655	19495157	II	V
2854393	2878372	2924919	2948886	23980	23968	99.94	16508655	16627154	II	II
2877994	2884952	2955353	2962309	6959	6957	99.78	16508655	16627154	II	II
2884982	2915485	2962768	2993269	30504	30502	99.99	16508655	16627154	II	II
2888717	2889723	2975646	2974640	1007	1007	87.03	16508655	16627154	II	II
2896855	2897861	2967508	2966502	1007	1007	87.03	16508655	16627154	II	II
2916634	2918622	2994437	2996425	1989	1989	100.00	16508655	16627154	II	II
2918838	2927207	2996973	3005256	8370	8284	98.52	16508655	16627154	II	II
2920569	2921572	8114483	8115483	1004	1001	96.22	16508655	15455979	II	I
2920569	2921573	10406935	10405931	1005	1005	96.62	16508655	19495157	II	V
2920569	2921572	12796655	12795651	1004	1005	95.33	16508655	21540570	II	X
2926142	2936949	3004575	3015338	10808	10764	99.40	16508655	16627154	II	II
2936992	2990156	3016257	3069420	53165	53164	99.99	16508655	16627154	II	II
2954581	2955816	15825850	15824650	1236	1201	93.53	16508655	21540570	II	X
2954582	2955804	8528377	8527173	1223	1205	95.10	16508655	14578851	II	III
2954582	2955817	3429505	3428309	1236	1197	94.26	16508655	19495157	II	V
2954582	2955817	150357	151584	1236	1228	96.36	16508655	21540570	II	X
2961002	2962162	914666	913492	1161	1175	93.09	16508655	15455979	II	I
2961002	2962035	12967629	12966589	1034	1041	91.49	16508655	16627154	II	II
2961002	2962540	10661696	10660162	1539	1535	95.23	16508655	14578851	II	III
2961002	2962162	6374	7548	1161	1175	93.09	16508655	9677	II	cb25.NA_243
2961118	2962540	13067241	13065813	1423	1429	95.32	16508655	16627154	II	II
2966506	2967582	4230095	4229029	1077	1067	92.81	16508655	15455979	II	I
2966510	2967578	4538142	4539207	1069	1066	94.59	16508655	16627154	II	II
2966510	2967578	9025937	9024870	1069	1068	94.61	16508655	16627154	II	II
2966510	2967578	13836367	13835300	1069	1068	95.07	16508655	16627154	II	II
2966510	2967575	10504693	10503685	1066	1009	89.54	16508655	21540570	II	X
2966510	2967578	13306344	13305281	1069	1064	93.66	16508655	21540570	II	X
2991135	3001337	2874065	2884271	10203	10207	99.74	16508655	16627154	II	II
2997938	2999707	518804	517100	1770	1705	95.20	16508655	17485439	II	IV
2997981	3107775	3069972	3179755	109795	109784	99.99	16508655	16627154	II	II
2998332	2999745	17246219	17244805	1414	1415	99.36	16508655	19495157	II	V
3085624	3086665	3158648	3157607	1042	1042	90.70	16508655	16627154	II	II
3091988	3093309	15517483	15518814	1322	1332	95.06	16508655	19495157	II	V
3091990	3093364	3730745	3729375	1375	1371	95.65	16508655	15455979	II	I
3091990	3093364	726	2096	1375	1371	95.65	16508655	4721	II	cb25.NA_301
3092088	3093370	7699788	7701077	1283	1290	95.98	16508655	17485439	II	IV
3096487	3097984	3171909	3170400	1498	1510	94.84	16508655	16627154	II	II
3098418	3099928	3169966	3168469	1511	1498	94.91	16508655	16627154	II	II
3107790	3153359	3185567	3231133	45570	45567	99.99	16508655	16627154	II	II
3153351	3183324	3231636	3261608	29974	29973	99.97	16508655	16627154	II	II
3182278	3183478	2899380	2900579	1201	1200	99.92	16508655	16627154	II	II
3183825	3197915	2899376	2885288	14091	14089	99.99	16508655	16627154	II	II
3191086	3211529	3262407	3282882	20444	20476	99.69	16508655	16627154	II	II
3211504	3252235	3283464	3324198	40732	40735	99.97	16508655	16627154	II	II
3253560	3255536	3327515	3325539	1977	1977	100.00	16508655	16627154	II	II
3255667	3256804	3325459	3324322	1138	1138	99.91	16508655	16627154	II	II
3257454	3264328	3329537	3336411	6875	6875	99.97	16508655	16627154	II	II
3264575	3296742	3336903	3369070	32168	32168	100.00	16508655	16627154	II	II
3296907	3310503	3369898	3383493	13597	13596	99.99	16508655	16627154	II	II
3308840	3309968	20381297	20382423	1129	1127	94.10	16508655	21540570	II	X
3308901	3309996	16384256	16383170	1096	1087	95.90	16508655	19495157	II	V
3310692	3337006	3383504	3409820	26315	26317	99.97	16508655	16627154	II	II
3337238	3345397	3410994	3419152	8160	8159	99.99	16508655	16627154	II	II
3345871	3366426	3419163	3439714	20556	20552	99.98	16508655	16627154	II	II
3366663	3367912	3450050	3451299	1250	1250	99.92	16508655	16627154	II	II
3367882	3380064	3451402	3463582	12183	12181	99.98	16508655	16627154	II	II
3380121	3432403	3463868	3516160	52283	52293	99.84	16508655	16627154	II	II
3431152	3432412	3609780	3608520	1261	1261	96.51	16508655	16627154	II	II
3431436	3432441	12838748	12837743	1006	1006	94.04	16508655	17485439	II	IV
3431438	3458488	3514907	3541956	27051	27050	99.87	16508655	16627154	II	II
3458488	3479168	3542860	3563544	20681	20685	99.71	16508655	16627154	II	II
3478297	3501975	3562892	3586572	23679	23681	99.84	16508655	16627154	II	II
3499976	3501243	10298849	10297589	1268	1261	99.29	16508655	14578851	II	III
3499976	3501240	4671789	4670527	1265	1263	99.68	16508655	19495157	II	V
3499980	3501245	8148994	8150256	1266	1263	99.37	16508655	15455979	II	I
3499980	3501242	14508246	14506991	1263	1256	99.37	16508655	16627154	II	II
3499980	3501240	15651088	15649831	1261	1258	99.60	16508655	16627154	II	II
3499980	3501242	2173991	2175244	1263	1254	98.73	16508655	14578851	II	III
3499980	3501243	10370597	10369342	1264	1256	98.81	16508655	21540570	II	X
3499980	3501240	14688781	14687527	1261	1255	99.29	16508655	21540570	II	X
3499980	3501242	38211	39466	1263	1256	99.37	16508655	44065	II	cb25.NA_117
3499982	3501241	12578	13832	1260	1255	99.37	16508655	31037	II	cb25.NA_023
3502028	3511096	3586922	3595990	9069	9069	99.99	16508655	16627154	II	II
3510508	3511616	12047729	12046622	1109	1108	95.85	16508655	15455979	II	I
3510508	3511753	3609629	3608376	1246	1254	98.09	16508655	16627154	II	II
3510508	3511616	14673042	14674158	1109	1117	94.09	16508655	16627154	II	II
3510508	3511616	4766395	4767503	1109	1109	93.69	16508655	14578851	II	III
3510940	3512168	3595402	3596542	1229	1141	91.94	16508655	16627154	II	II
3512194	3523121	3596954	3607881	10928	10928	99.98	16508655	16627154	II	II
3522233	3528259	3608763	3614853	6027	6091	98.19	16508655	16627154	II	II
3522233	3523293	14673924	14672864	1061	1061	89.84	16508655	16627154	II	II
3522233	3523299	5702	4626	1067	1077	89.24	16508655	5978	II	cb25.NA_163
3528535	3550404	3616720	3638587	21870	21868	99.99	16508655	16627154	II	II
3543903	3545162	15651088	15649825	1260	1264	99.45	16508655	16627154	II	II
3549088	3550612	3641907	3643434	1525	1528	96.73	16508655	16627154	II	II
3549679	3550847	14540873	14542041	1169	1169	93.16	16508655	16627154	II	II
3549679	3551055	20489053	20490426	1377	1374	87.81	16508655	21540570	II	X
3549819	3551096	20488081	20489347	1278	1267	87.67	16508655	21540570	II	X
3550119	3621908	3642498	3714282	71790	71785	99.92	16508655	16627154	II	II
3550550	3553647	3638589	3641686	3098	3098	100.00	16508655	16627154	II	II
3575460	3576767	4565800	4564493	1308	1308	99.62	16508655	19495157	II	V
3575461	3576767	5928080	5926775	1307	1306	99.77	16508655	19495157	II	V
3621291	3622597	14540619	14539304	1307	1316	91.26	16508655	16627154	II	II
3621448	3649811	3714718	3743080	28364	28363	99.89	16508655	16627154	II	II
3621552	3622607	3639094	3638035	1056	1060	92.37	16508655	16627154	II	II
3649817	3736716	3743175	3830069	86900	86895	99.99	16508655	16627154	II	II
3659922	3661013	8533842	8532755	1092	1088	95.82	16508655	14578851	II	III
3659992	3661015	2846602	2845625	1024	978	89.84	16508655	21540570	II	X
3697133	3698394	5596313	5595042	1262	1272	96.78	16508655	19495157	II	V
3697284	3698352	16224539	16223460	1069	1080	95.74	16508655	19495157	II	V
3701391	3703010	152777	154396	1620	1620	99.94	16508655	17485439	II	IV
3736916	3770607	3830052	3863741	33692	33690	99.99	16508655	16627154	II	II
3767469	3771121	3855	204	3653	3652	99.26	16508655	3855	II	cb25.NA_320
3770594	3785788	3863805	3878998	15195	15194	99.99	16508655	16627154	II	II
3780644	3785902	5267	9	5259	5259	100.00	16508655	5267	II	cb25.NA_295
3783289	3784549	5514648	5513389	1261	1260	99.84	16508655	16627154	II	II
3783291	3784551	469542	468283	1261	1260	99.84	16508655	19495157	II	V
3783291	3784554	18863182	18861920	1264	1263	99.60	16508655	21540570	II	X
3783294	3784549	4238148	4239402	1256	1255	99.76	16508655	17485439	II	IV
3783296	3784556	8713535	8712276	1261	1260	99.76	16508655	17485439	II	IV
3785889	3788332	3879009	3881452	2444	2444	100.00	16508655	16627154	II	II
3788444	3801551	3882641	3895748	13108	13108	99.92	16508655	16627154	II	II
3801833	3806827	3895738	3900731	4995	4994	99.98	16508655	16627154	II	II
3806598	3808057	3902515	3903974	1460	1460	100.00	16508655	16627154	II	II
3808171	3834733	3903786	3930301	26563	26516	99.71	16508655	16627154	II	II
3834867	3851422	3930648	3947201	16556	16554	99.99	16508655	16627154	II	II
3843767	3845279	16117568	16116045	1513	1524	93.03	16508655	19495157	II	V
3843778	3845277	9060840	9059330	1500	1511	91.50	16508655	14578851	II	III
3843778	3844907	2679	1565	1130	1115	91.74	16508655	19495157	II	V
3843973	3845056	7386761	7385670	1084	1092	93.03	16508655	14578851	II	III
3851692	3874870	3956885	3980062	23179	23178	99.97	16508655	16627154	II	II
3876613	3880438	3981961	3985786	3826	3826	100.00	16508655	16627154	II	II
3879820	3883148	3985214	3988544	3329	3331	99.73	16508655	16627154	II	II
3879820	3921523	15101654	15059956	41704	41699	99.89	16508655	19495157	II	V
3920486	3921532	13588802	13587756	1047	1047	90.95	16508655	17485439	II	IV
3920552	3924233	15061351	15057688	3682	3664	98.07	16508655	19495157	II	V
3923648	4000048	4313671	4237276	76401	76396	99.96	16508655	16627154	II	II
3980464	3981640	7832922	7831657	1177	1266	88.51	16508655	14578851	II	III
4000093	4021677	4236566	4214982	21585	21585	99.96	16508655	16627154	II	II
4021723	4035915	4214740	4200549	14193	14192	99.91	16508655	16627154	II	II
4035572	4038565	4201164	4198172	2994	2993	99.13	16508655	16627154	II	II
4036187	4038573	4200549	4198172	2387	2378	99.58	16508655	16627154	II	II
4038461	4044889	4198828	4192400	6429	6429	99.41	16508655	16627154	II	II
4045017	4052541	4191888	4184365	7525	7524	99.96	16508655	16627154	II	II
4048004	4050291	2288	1	2288	2288	100.00	16508655	2288	II	cb25.NA_391
4050450	4051498	4185408	4186456	1049	1049	75.32	16508655	16627154	II	II
4052692	4092827	4184354	4144222	40136	40133	99.91	16508655	16627154	II	II
4068708	4078115	4324083	4314672	9408	9412	99.71	16508655	16627154	II	II
4071853	4076233	1	4384	4381	4384	99.86	16508655	4384	II	cb25.NA_309
4072997	4074121	7956774	7957878	1125	1105	93.72	16508655	17485439	II	IV
4072998	4074121	5780719	5779635	1124	1085	92.65	16508655	17485439	II	IV
4072998	4074121	6517460	6518535	1124	1076	90.98	16508655	17485439	II	IV
4072998	4074121	6143805	6142774	1124	1032	86.44	16508655	19495157	II	V
4073009	4074121	14012347	14013397	1113	1051	89.38	16508655	17485439	II	IV
4073121	4074121	16122668	16121694	1001	975	92.65	16508655	19495157	II	V
4075342	4077222	2314652	2312829	1881	1824	92.87	16508655	16627154	II	II
4077049	4079558	2312898	2310381	2510	2518	95.43	16508655	16627154	II	II
4088555	4093163	4144211	4139603	4609	4609	100.00	16508655	16627154	II	II
4093344	4101239	4138899	4131006	7896	7894	99.78	16508655	16627154	II	II
4101430	4123434	4131399	4109398	22005	22002	99.95	16508655	16627154	II	II
4123581	4155401	4109387	4077571	31821	31817	99.98	16508655	16627154	II	II
4155475	4167876	4077184	4064783	12402	12402	99.65	16508655	16627154	II	II
4166357	4167458	4064454	4063352	1102	1103	95.29	16508655	16627154	II	II
4166357	4168123	14600732	14602507	1767	1776	92.57	16508655	16627154	II	II
4166357	4168123	3403657	3405434	1767	1778	90.79	16508655	14578851	II	III
4166357	4167562	4099833	4098628	1206	1206	95.61	16508655	14578851	II	III
4166359	4167651	3946352	3945060	1293	1293	92.66	16508655	21540570	II	X
4166367	4168029	3946608	3944946	1663	1663	93.39	16508655	21540570	II	X
4166462	4168104	4047854	4049507	1643	1654	91.77	16508655	16627154	II	II
4166812	4168130	2802179	2800861	1319	1319	92.27	16508655	19495157	II	V
4166876	4168525	4064535	4062957	1650	1579	95.28	16508655	16627154	II	II
4166948	4168630	4064535	4062852	1683	1684	98.16	16508655	16627154	II	II
4168525	4178479	4062540	4052615	9955	9926	99.61	16508655	16627154	II	II
4178426	4182808	4052788	4048415	4383	4374	99.00	16508655	16627154	II	II
4181488	4182538	3185246	3186287	1051	1042	88.36	16508655	19495157	II	V
4182168	4195731	4049726	4036237	13564	13490	98.90	16508655	16627154	II	II
4182503	4183558	4063422	4064470	1056	1049	92.20	16508655	16627154	II	II
4182615	4184113	4064783	4066269	1499	1487	92.24	16508655	16627154	II	II
4195777	4206105	4029955	4019627	10329	10329	99.92	16508655	16627154	II	II
4206219	4211297	4019242	4014164	5079	5079	100.00	16508655	16627154	II	II
4213387	4236689	4011947	3988645	23303	23303	99.99	16508655	16627154	II	II
4225824	4226950	5654231	5653110	1127	1122	97.34	16508655	16627154	II	II
4225825	4226950	8707994	8706876	1126	1119	94.68	16508655	17485439	II	IV
4225827	4226950	10540536	10539419	1124	1118	95.12	16508655	15455979	II	I
4238141	4242797	4756822	4752166	4657	4657	100.00	16508655	16627154	II	II
4242827	4252161	4752006	4742672	9335	9335	99.98	16508655	16627154	II	II
4252303	4271540	4742179	4722941	19238	19239	99.99	16508655	16627154	II	II
4271646	4289043	4722719	4705326	17398	17394	99.97	16508655	16627154	II	II
4289151	4292405	4704095	4700842	3255	3254	99.94	16508655	16627154	II	II
4292349	4326812	4700432	4665973	34464	34460	99.97	16508655	16627154	II	II
4326910	4346597	4665709	4646031	19688	19679	99.89	16508655	16627154	II	II
4332782	4334045	15171741	15170540	1264	1202	91.99	16508655	17485439	II	IV
4334083	4335700	15169926	15168279	1618	1648	93.71	16508655	17485439	II	IV
4346972	4348455	4645678	4644196	1484	1483	99.93	16508655	16627154	II	II
4348576	4378307	4639909	4610181	29732	29729	99.99	16508655	16627154	II	II
4378428	4403229	4605051	4580251	24802	24801	99.98	16508655	16627154	II	II
4403443	4628070	4579548	4354950	224628	224599	99.96	16508655	16627154	II	II
4415119	4416379	5632092	5630833	1261	1260	99.60	16508655	21540570	II	X
4415120	4416379	15633290	15632031	1260	1260	99.68	16508655	19495157	II	V
4415121	4416379	3016001	3017258	1259	1258	99.44	16508655	19495157	II	V
4415126	4416379	11003285	11002035	1254	1251	99.68	16508655	14578851	II	III
4415126	4416379	6192	7445	1254	1254	100.00	16508655	9108	II	cb25.NA_247
4443781	4444854	4566185	4565107	1074	1079	93.71	16508655	15455979	II	I
4443786	4444851	3046843	3045775	1066	1069	94.59	16508655	16627154	II	II
4549242	4550536	2767	4017	1295	1251	93.76	16508655	19600	II	cb25.NA_100
4549243	4550536	11602514	11601225	1294	1290	87.23	16508655	19495157	II	V
4549244	4550319	6614539	6613463	1076	1077	87.41	16508655	17485439	II	IV
4549244	4550537	4249498	4248207	1294	1292	97.00	16508655	19495157	II	V
4549244	4550536	4033	2739	1293	1295	97.38	16508655	19594	II	cb25.NA_018
4549244	4550536	14447	13153	1293	1295	97.38	16508655	15512	II	cb25.NA_220
4550549	4551758	5423068	5421862	1210	1207	96.70	16508655	14578851	II	III
4550549	4551699	6297805	6296657	1151	1149	95.92	16508655	21540570	II	X
4550549	4551765	22451	23642	1217	1192	94.10	16508655	23652	II	cb25.NA_141
4627538	4631488	4348547	4344598	3951	3950	99.85	16508655	16627154	II	II
4630764	4650858	4344277	4324184	20095	20094	99.95	16508655	16627154	II	II
4649850	4651255	5794657	5793251	1406	1407	99.86	16508655	14578851	II	III
4649850	4651256	13949475	13948069	1407	1407	99.79	16508655	14578851	II	III
4649850	4651256	6423191	6421796	1407	1396	98.93	16508655	17485439	II	IV
4651146	4652742	4325190	4326785	1597	1596	99.87	16508655	16627154	II	II
4652739	4653955	4758138	4756923	1217	1216	99.92	16508655	16627154	II	II
4653999	4659735	4756923	4762661	5737	5739	99.90	16508655	16627154	II	II
4659851	4675170	4763111	4778428	15320	15318	99.97	16508655	16627154	II	II
4674216	4675775	4780257	4778697	1560	1561	99.68	16508655	16627154	II	II
4676550	4694146	4780427	4798022	17597	17596	99.99	16508655	16627154	II	II
4694277	4706650	4798115	4810488	12374	12374	99.89	16508655	16627154	II	II
4706798	4710860	4810986	4815047	4063	4062	99.95	16508655	16627154	II	II
4710990	4724861	4815170	4829037	13872	13868	99.95	16508655	16627154	II	II
4719142	4724738	4833793	4839388	5597	5596	99.98	16508655	16627154	II	II
4723542	4724738	4840597	4839399	1197	1199	98.67	16508655	16627154	II	II
4725001	4741055	4840652	4856705	16055	16054	99.98	16508655	16627154	II	II
4726610	4730278	4830114	4833782	3669	3669	100.00	16508655	16627154	II	II
4741214	4758269	4857138	4874191	17056	17054	99.98	16508655	16627154	II	II
4748094	4775983	4864017	4891855	27890	27839	99.81	16508655	16627154	II	II
4754209	4758317	1	4106	4109	4106	99.61	16508655	9678	II	cb25.NA_242
4757569	4763602	3647	9678	6034	6032	99.67	16508655	9678	II	cb25.NA_242
4776214	4779567	4892280	4895633	3354	3354	99.73	16508655	16627154	II	II
4779590	4804024	4896520	4920954	24435	24435	100.00	16508655	16627154	II	II
4804070	4861887	4921069	4978882	57818	57814	99.99	16508655	16627154	II	II
4809567	4813559	1	3993	3993	3993	100.00	16508655	5413	II	cb25.NA_056
4814110	4815987	13991341	13989486	1878	1856	95.17	16508655	16627154	II	II
4814110	4816092	5475349	5477282	1983	1934	95.07	16508655	19495157	II	V
4814824	4816083	4154	5413	1260	1260	100.00	16508655	5413	II	cb25.NA_056
4862153	4870998	4979217	4988061	8846	8845	99.99	16508655	16627154	II	II
4871037	4893066	4991763	5013790	22030	22028	99.98	16508655	16627154	II	II
4893159	4942363	5013962	5063163	49205	49202	99.99	16508655	16627154	II	II
4917328	4918369	5040493	5039514	1042	980	92.92	16508655	16627154	II	II
4942392	4945463	5064214	5067285	3072	3072	99.97	16508655	16627154	II	II
4946624	4947690	5067666	5068732	1067	1067	99.34	16508655	16627154	II	II
4947632	4971377	5069239	5092978	23746	23740	99.97	16508655	16627154	II	II
4967421	4968688	5095497	5094229	1268	1269	85.04	16508655	16627154	II	II
4971594	5010357	5092974	5131737	38764	38764	99.99	16508655	16627154	II	II
4972849	4974117	5090290	5089023	1269	1268	85.04	16508655	16627154	II	II
5010615	5058712	5132154	5180253	48098	48100	99.95	16508655	16627154	II	II
5040576	5041664	14299545	14298469	1089	1077	86.29	16508655	17485439	II	IV
5058727	5081091	5180425	5202789	22365	22365	99.97	16508655	16627154	II	II
5080576	5082367	1621034	1619255	1792	1780	97.77	16508655	19495157	II	V
5081108	5082508	1	1402	1401	1402	99.50	16508655	12135	II	cb25.NA_039
5084158	5092949	3347	12135	8792	8789	99.87	16508655	12135	II	cb25.NA_039
5086089	5087938	1617353	1615508	1850	1846	98.54	16508655	19495157	II	V
5090979	5092014	1	1036	1036	1036	98.07	16508655	2815	II	cb25.NA_167
5092769	5094176	1408	2815	1408	1408	100.00	16508655	2815	II	cb25.NA_167
5095664	5102253	5219065	5212445	6590	6621	98.64	16508655	16627154	II	II
5097986	5100575	1	2590	2590	2590	99.50	16508655	7910	II	cb25.NA_131
5100900	5102900	3270	5270	2001	2001	100.00	16508655	7910	II	cb25.NA_131
5102366	5113164	5228786	5217992	10799	10795	99.94	16508655	16627154	II	II
5103534	5105877	5567	7909	2344	2343	99.96	16508655	7910	II	cb25.NA_131
5113349	5128450	5217989	5202890	15102	15100	99.82	16508655	16627154	II	II
5115468	5117213	845	2590	1746	1746	99.54	16508655	7910	II	cb25.NA_131
5128589	5156601	5229354	5257365	28013	28012	99.99	16508655	16627154	II	II
5156695	5207607	5257446	5308357	50913	50912	99.99	16508655	16627154	II	II
5203873	5207607	5308458	5312191	3735	3734	99.97	16508655	16627154	II	II
5207712	5277382	5313245	5382908	69671	69664	99.92	16508655	16627154	II	II
5226840	5228098	3676188	3677446	1259	1259	99.76	16508655	17485439	II	IV
5226840	5228097	11810544	11809288	1258	1257	99.76	16508655	17485439	II	IV
5226840	5228097	14562648	14561391	1258	1258	99.76	16508655	17485439	II	IV
5226840	5228096	12694689	12693433	1257	1257	100.00	16508655	21540570	II	X
5229634	5230861	16908859	16907646	1228	1214	80.81	16508655	21540570	II	X
5232756	5234021	7810173	7808909	1266	1265	99.61	16508655	19495157	II	V
5232758	5234017	18619613	18620871	1260	1259	99.68	16508655	19495157	II	V
5232763	5234019	15961533	15960278	1257	1256	99.52	16508655	16627154	II	II
5274158	5275185	2689324	2688294	1028	1031	93.25	16508655	19495157	II	V
5274162	5275209	13541568	13540539	1048	1030	91.88	16508655	17485439	II	IV
5277540	5297023	5384121	5403604	19484	19484	100.00	16508655	16627154	II	II
5296986	5305779	5403615	5412406	8794	8792	99.97	16508655	16627154	II	II
5299365	5300530	3987026	3985835	1166	1192	91.81	16508655	16627154	II	II
5299365	5300530	15099843	15101033	1166	1191	91.81	16508655	19495157	II	V
5301378	5305773	1	4396	4396	4396	100.00	16508655	4396	II	cb25.NA_307
5304038	5305294	863249	861993	1257	1257	99.92	16508655	21540570	II	X
5304041	5305297	7748026	7746770	1257	1257	99.84	16508655	15455979	II	I
5304041	5305308	5651771	5653040	1268	1270	99.61	16508655	14578851	II	III
5304041	5305297	13771653	13770397	1257	1257	99.92	16508655	17485439	II	IV
5305999	5307555	5413325	5414881	1557	1557	99.87	16508655	16627154	II	II
5307560	5312019	5415538	5419997	4460	4460	99.98	16508655	16627154	II	II
5311986	5315424	5420008	5423446	3439	3439	100.00	16508655	16627154	II	II
5315540	5336788	5424418	5445665	21249	21248	99.99	16508655	16627154	II	II
5330387	5331645	6833498	6832241	1259	1258	99.60	16508655	16627154	II	II
5336913	5340061	5445939	5449087	3149	3149	100.00	16508655	16627154	II	II
5340132	5346849	5449375	5456051	6718	6677	98.73	16508655	16627154	II	II
5346845	5374800	5456504	5484460	27956	27957	99.98	16508655	16627154	II	II
5374935	5398481	5485214	5508759	23547	23546	99.99	16508655	16627154	II	II
5399418	5400782	5508931	5510295	1365	1365	100.00	16508655	16627154	II	II
5400812	5413705	5511745	5524636	12894	12892	99.98	16508655	16627154	II	II
5402456	5403713	11892194	11890937	1258	1258	99.68	16508655	14578851	II	III
5402456	5403713	4239403	4238147	1258	1257	99.84	16508655	17485439	II	IV
5402457	5403713	1963652	1962397	1257	1256	99.76	16508655	19495157	II	V
5402457	5403716	12649040	12647781	1260	1260	99.92	16508655	19495157	II	V
5413903	5462230	5524649	5572970	48328	48322	99.99	16508655	16627154	II	II
5462487	5493535	5573694	5604740	31049	31047	99.99	16508655	16627154	II	II
5493558	5524820	5605685	5636936	31263	31252	99.93	16508655	16627154	II	II
5524974	5549336	5637561	5661945	24363	24385	99.91	16508655	16627154	II	II
5529371	5570969	5641958	5683577	41599	41620	99.94	16508655	16627154	II	II
5540501	5541622	3998384	3999510	1122	1127	97.34	16508655	16627154	II	II
5540501	5541628	5166620	5167748	1128	1129	94.79	16508655	17485439	II	IV
5571134	5593423	5685755	5708042	22290	22288	99.96	16508655	16627154	II	II
5593628	5598132	5708321	5712825	4505	4505	99.96	16508655	16627154	II	II
5597911	5611506	5712840	5726431	13596	13592	99.93	16508655	16627154	II	II
5611388	5630629	5749175	5729935	19242	19241	99.98	16508655	16627154	II	II
5630547	5633951	5726205	5729620	3405	3416	99.65	16508655	16627154	II	II
5633942	5646769	5749291	5762120	12828	12830	99.98	16508655	16627154	II	II
5647244	5668811	5763020	5784581	21568	21562	99.96	16508655	16627154	II	II
5668941	5693829	5785242	5810126	24889	24885	99.98	16508655	16627154	II	II
5693916	5696697	5810583	5813364	2782	2782	99.96	16508655	16627154	II	II
5696670	5707956	5813375	5824660	11287	11286	99.99	16508655	16627154	II	II
5702986	5716050	5825661	5838725	13065	13065	100.00	16508655	16627154	II	II
5716141	5770227	5839319	5893399	54087	54081	99.99	16508655	16627154	II	II
5736458	5740816	6880	2554	4359	4327	99.27	16508655	6880	II	cb25.NA_003
5741014	5742447	1434	1	1434	1434	100.00	16508655	6880	II	cb25.NA_003
5766611	5767868	17505669	17504413	1258	1257	99.60	16508655	21540570	II	X
5766612	5767874	6102143	6100882	1263	1262	99.52	16508655	14578851	II	III
5766615	5767874	12401663	12400404	1260	1260	99.52	16508655	16627154	II	II
5770427	5797591	5894003	5921165	27165	27163	99.96	16508655	16627154	II	II
5794324	5795358	3529056	3528035	1035	1022	96.05	16508655	14578851	II	III
5794335	5795358	2846590	2845562	1024	1029	98.25	16508655	15455979	II	I
5794335	5795358	11463906	11462882	1024	1025	97.08	16508655	15455979	II	I
5794335	5795358	12293878	12292858	1024	1021	98.05	16508655	16627154	II	II
5794335	5795358	9864264	9863243	1024	1022	98.34	16508655	19495157	II	V
5794335	5795358	16676484	16675458	1024	1027	97.66	16508655	19495157	II	V
5794335	5795358	29629	30672	1024	1044	94.46	16508655	44065	II	cb25.NA_117
5794335	5795358	7305	8330	1024	1026	97.86	16508655	30404	II	cb25.NA_205
5797555	5870165	5921638	5994241	72611	72604	99.96	16508655	16627154	II	II
5800357	5801618	14373948	14372686	1262	1263	99.45	16508655	16627154	II	II
5800358	5801618	13703422	13702162	1261	1261	99.52	16508655	21540570	II	X
5800361	5801622	10939688	10938426	1262	1263	99.45	16508655	15455979	II	I
5800362	5801622	12483766	12482506	1261	1261	99.52	16508655	14578851	II	III
5800366	5801620	11195788	11194533	1255	1256	99.44	16508655	15455979	II	I
5800366	5801629	660196	658932	1264	1265	99.60	16508655	16627154	II	II
5800366	5801622	4487854	4489100	1257	1247	98.65	16508655	16627154	II	II
5800366	5801622	14314565	14313308	1257	1258	99.76	16508655	16627154	II	II
5800366	5801618	9211216	9209966	1253	1251	98.25	16508655	14578851	II	III
5800366	5801618	13883289	13882037	1253	1253	99.60	16508655	17485439	II	IV
5800366	5801622	8117	9374	1257	1258	99.44	16508655	12345	II	cb25.NA_230
5833104	5834362	11892198	11890940	1259	1259	99.44	16508655	14578851	II	III
5833107	5834362	9855193	9853946	1256	1248	98.81	16508655	21540570	II	X
5833109	5834362	1963652	1962400	1254	1253	99.44	16508655	19495157	II	V
5846320	5847591	20035741	20034473	1272	1269	96.31	16508655	21540570	II	X
5846322	5847589	10428688	10427418	1268	1271	96.62	16508655	14578851	II	III
5846323	5847579	1317174	1315919	1257	1256	96.19	16508655	21540570	II	X
5850334	5851469	5977424	5976320	1136	1105	88.41	16508655	16627154	II	II
5852242	5853346	5975547	5974412	1105	1136	88.41	16508655	16627154	II	II
5871069	5872630	5998983	6000541	1562	1559	99.68	16508655	16627154	II	II
5872390	5947806	6000626	6076082	75417	75457	99.93	16508655	16627154	II	II
5898385	5900604	6146283	6148502	2220	2220	100.00	16508655	16627154	II	II
5926253	5927742	15444660	15443172	1490	1489	89.63	16508655	16627154	II	II
5947888	6011814	6076255	6140176	63927	63922	99.99	16508655	16627154	II	II
5949595	5950815	4995726	4996946	1221	1221	99.84	16508655	14578851	II	III
6011839	6014721	6142400	6145282	2883	2883	100.00	16508655	16627154	II	II
6015210	6045602	6148603	6178993	30393	30391	99.99	16508655	16627154	II	II
6045793	6083019	6179529	6216754	37227	37226	99.99	16508655	16627154	II	II
6083109	6107511	6217190	6241588	24403	24399	99.98	16508655	16627154	II	II
6105888	6107503	3757142	3758795	1616	1654	91.38	16508655	19495157	II	V
6105888	6107506	10986500	10984834	1619	1667	90.07	16508655	21540570	II	X
6107708	6171954	6242576	6306817	64247	64242	99.98	16508655	16627154	II	II
6172125	6181240	6306828	6315943	9116	9116	99.99	16508655	16627154	II	II
6181323	6203610	6322035	6344321	22288	22287	99.99	16508655	16627154	II	II
6203569	6379384	6344672	6520479	175816	175808	99.99	16508655	16627154	II	II
6347164	6348984	13537899	13536081	1821	1819	92.61	16508655	16627154	II	II
6347215	6349191	5180940	5182998	1977	2059	92.14	16508655	17485439	II	IV
6347215	6348509	13413090	13411791	1295	1300	93.67	16508655	21540570	II	X
6347279	6348883	7567488	7565891	1605	1598	93.39	16508655	19495157	II	V
6347316	6349258	1986595	1984633	1943	1963	90.89	16508655	15455979	II	I
6347584	6348781	10937785	10936612	1198	1174	91.43	16508655	17485439	II	IV
6347729	6349254	20465414	20466886	1526	1473	88.12	16508655	21540570	II	X
6348002	6349258	16150386	16149204	1257	1183	87.08	16508655	19495157	II	V
6348011	6349254	9154398	9153137	1244	1262	92.43	16508655	15455979	II	I
6377480	6379179	6522718	6521019	1700	1700	100.00	16508655	16627154	II	II
6379406	6432853	6522727	6576178	53448	53452	99.97	16508655	16627154	II	II
6421281	6427374	6576189	6582283	6094	6095	99.98	16508655	16627154	II	II
6428725	6437308	6582297	6590880	8584	8584	100.00	16508655	16627154	II	II
6429945	6431202	14164676	14163420	1258	1257	99.76	16508655	17485439	II	IV
6429945	6431201	21160114	21158858	1257	1257	99.76	16508655	21540570	II	X
6429945	6431201	21478552	21477297	1257	1256	99.68	16508655	21540570	II	X
6438480	6444866	6592499	6598885	6387	6387	100.00	16508655	16627154	II	II
6438784	6444929	1	6147	6146	6147	99.98	16508655	6147	II	cb25.NA_282
6445061	6495679	6598986	6649601	50619	50616	99.99	16508655	16627154	II	II
6469129	6470220	5467257	5466164	1092	1094	97.82	16508655	15455979	II	I
6469129	6470220	1981128	1980034	1092	1095	98.27	16508655	19495157	II	V
6490294	6491370	8252639	8251553	1077	1087	92.77	16508655	19495157	II	V
6490294	6491458	15629272	15628097	1165	1176	90.89	16508655	21540570	II	X
6490294	6491458	3169	1994	1165	1176	90.89	16508655	6357	II	cb25.NA_272
6495780	6512550	6650493	6667261	16771	16769	99.99	16508655	16627154	II	II
6509273	6510535	3363919	3365181	1263	1263	99.76	16508655	17485439	II	IV
6509278	6510532	7748027	7746773	1255	1255	100.00	16508655	15455979	II	I
6509278	6510532	5985493	5984240	1255	1254	99.92	16508655	19495157	II	V
6509278	6510535	7808913	7810170	1258	1258	99.76	16508655	19495157	II	V
6509278	6510534	16089131	16087875	1257	1257	99.84	16508655	21540570	II	X
6509279	6510534	6061543	6060288	1256	1256	99.84	16508655	15455979	II	I
6509279	6510534	990240	988985	1256	1256	99.84	16508655	16627154	II	II
6509279	6510534	2545187	2543933	1256	1255	99.76	16508655	21540570	II	X
6512774	6525182	6667530	6679938	12409	12409	99.98	16508655	16627154	II	II
6513702	6514962	2111594	2110336	1261	1259	99.76	16508655	21540570	II	X
6525165	6532563	6680089	6687487	7399	7399	100.00	16508655	16627154	II	II
6532598	6660052	6687856	6815298	127455	127443	99.99	16508655	16627154	II	II
6556186	6557613	12704613	12706110	1428	1498	91.73	16508655	15455979	II	I
6564010	6565108	3832631	3831535	1099	1097	91.61	16508655	14578851	II	III
6564010	6565108	3952195	3951100	1099	1096	91.52	16508655	14578851	II	III
6569823	6571082	5835443	5834184	1260	1260	99.68	16508655	15455979	II	I
6569823	6571082	6304059	6302800	1260	1260	99.68	16508655	15455979	II	I
6569823	6571077	7611662	7610409	1255	1254	99.92	16508655	16627154	II	II
6661058	6690262	6815725	6844926	29205	29202	99.99	16508655	16627154	II	II
6677571	6678833	3142157	3143419	1263	1263	99.45	16508655	19495157	II	V
6677574	6678832	5440522	5439265	1259	1258	99.60	16508655	16627154	II	II
6677575	6678832	5107221	5105965	1258	1257	99.13	16508655	21540570	II	X
6677579	6678833	12265480	12264227	1255	1254	99.92	16508655	19495157	II	V
6690461	6745305	6844910	6899754	54845	54845	99.99	16508655	16627154	II	II
6745382	6816024	6900722	6971358	70643	70637	99.99	16508655	16627154	II	II
6815323	6816681	3158838	3157416	1359	1423	87.13	16508655	16627154	II	II
6816023	6835221	6972502	6991700	19199	19199	99.99	16508655	16627154	II	II
6835283	6859240	6992044	7016000	23958	23957	99.99	16508655	16627154	II	II
6837771	6839204	8766436	8765007	1434	1430	90.06	16508655	19495157	II	V
6837773	6839536	7329711	7327964	1764	1748	89.54	16508655	15455979	II	I
6837776	6839748	7852057	7850095	1973	1963	89.35	16508655	15455979	II	I
6837776	6839725	9805837	9803907	1950	1931	88.73	16508655	19495157	II	V
6837777	6839283	6854592	6853090	1507	1503	90.66	16508655	14578851	II	III
6837873	6839204	7379495	7378164	1332	1332	91.01	16508655	15455979	II	I
6837937	6839746	5413327	5411529	1810	1799	88.44	16508655	14578851	II	III
6838079	6839749	7073606	7071947	1671	1660	94.34	16508655	16627154	II	II
6838113	6839194	11617157	11616081	1082	1077	91.90	16508655	17485439	II	IV
6838589	6839748	6975440	6974291	1160	1150	89.66	16508655	14578851	II	III
6859252	6866665	7016904	7024317	7414	7414	100.00	16508655	16627154	II	II
6867133	6881429	7024930	7039224	14297	14295	99.93	16508655	16627154	II	II
6881524	6906656	7039562	7064691	25133	25130	99.98	16508655	16627154	II	II
6906875	6934267	7065047	7092435	27393	27389	99.98	16508655	16627154	II	II
6913776	6915435	6996509	6994839	1660	1671	94.35	16508655	16627154	II	II
6914245	6915369	9405817	9404681	1125	1137	89.59	16508655	17485439	II	IV
6934300	6946583	7092977	7105263	12284	12287	99.95	16508655	16627154	II	II
6946740	6978030	7105999	7137287	31291	31289	99.99	16508655	16627154	II	II
6962299	6963553	13776379	13775126	1255	1254	99.92	16508655	16627154	II	II
6962300	6963554	3917	2663	1255	1255	100.00	16508655	4396	II	cb25.NA_307
6977271	6978530	5661440	5662699	1260	1260	99.68	16508655	14578851	II	III
6978806	6982323	7137766	7141283	3518	3518	100.00	16508655	16627154	II	II
6982562	7145243	7141745	7304419	162682	162675	99.99	16508655	16627154	II	II
7016762	7017828	6630097	6629023	1067	1075	91.17	16508655	15455979	II	I
7145284	7148622	7304538	7307876	3339	3339	99.94	16508655	16627154	II	II
7148733	7218580	7308122	7377967	69848	69846	99.99	16508655	16627154	II	II
7217220	7218787	11619287	11617698	1568	1590	94.67	16508655	17485439	II	IV
7217235	7218787	8220097	8218538	1553	1560	97.12	16508655	14578851	II	III
7219657	7226102	7378445	7384889	6446	6445	99.98	16508655	16627154	II	II
7226242	7317078	7384984	7475817	90837	90834	99.99	16508655	16627154	II	II
7233514	7234519	9663024	9662010	1006	1015	91.80	16508655	16627154	II	II
7243105	7244224	14827649	14826507	1120	1143	82.41	16508655	19495157	II	V
7295484	7296774	7465894	7464526	1291	1369	88.43	16508655	16627154	II	II
7305787	7307155	7455514	7454224	1369	1291	88.43	16508655	16627154	II	II
7311569	7431052	7484413	7603887	119484	119475	99.99	16508655	16627154	II	II
7431351	7433020	7603887	7605556	1670	1670	100.00	16508655	16627154	II	II
7432737	7433799	3	1065	1063	1063	86.17	16508655	19600	II	cb25.NA_100
7433461	7453399	7605935	7625870	19939	19936	99.98	16508655	16627154	II	II
7437935	7439189	5925699	5924447	1255	1253	99.84	16508655	16627154	II	II
7437935	7439189	6726332	6725078	1255	1255	100.00	16508655	16627154	II	II
7454166	7485717	7627270	7658845	31552	31576	99.71	16508655	16627154	II	II
7470193	7471252	11754118	11753005	1060	1114	91.11	16508655	17485439	II	IV
7470194	7471252	7644381	7643323	1059	1059	94.84	16508655	16627154	II	II
7485752	7550847	7659663	7724755	65096	65093	99.99	16508655	16627154	II	II
7543732	7544780	4891734	4890624	1049	1111	88.19	16508655	19495157	II	V
7543732	7544780	7211778	7210666	1049	1113	87.89	16508655	19495157	II	V
7550926	7568119	7725521	7742711	17194	17191	99.97	16508655	16627154	II	II
7568547	7575922	7742964	7750338	7376	7375	99.99	16508655	16627154	II	II
7576058	7798453	7750568	7972950	222396	222383	99.99	16508655	16627154	II	II
7578897	7579983	8554731	8553637	1087	1095	91.89	16508655	16627154	II	II
7578897	7579988	6686480	6685391	1092	1090	95.53	16508655	19495157	II	V
7578898	7579987	10483279	10482196	1090	1084	91.22	16508655	17485439	II	IV
7578901	7579983	2530319	2529239	1083	1081	95.58	16508655	15455979	II	I
7578901	7579939	6558627	6557591	1039	1037	92.14	16508655	14578851	II	III
7578903	7579989	2297370	2296280	1087	1091	91.59	16508655	14578851	II	III
7627272	7628908	1125914	1124280	1637	1635	99.69	16508655	17485439	II	IV
7627277	7628897	2919927	2918305	1621	1623	98.22	16508655	16627154	II	II
7689418	7690720	8255938	8254635	1303	1304	99.62	16508655	19495157	II	V
7689420	7690728	3604003	3602694	1309	1310	98.55	16508655	14578851	II	III
7798607	7803363	7973404	7978160	4757	4757	99.98	16508655	16627154	II	II
7803472	7829019	7978812	8004358	25548	25547	99.99	16508655	16627154	II	II
7829039	7843469	8004742	8019172	14431	14431	100.00	16508655	16627154	II	II
7833405	7834523	2541736	2540661	1119	1076	88.92	16508655	19495157	II	V
7843658	7850845	8019607	8026794	7188	7188	99.96	16508655	16627154	II	II
7851020	7897003	8027506	8073542	45984	46037	99.79	16508655	16627154	II	II
7895946	8106019	8071244	8281299	210074	210056	99.96	16508655	16627154	II	II
8106035	8107435	8281794	8283194	1401	1401	99.93	16508655	16627154	II	II
8106818	8121439	8298813	8284195	14622	14619	99.97	16508655	16627154	II	II
8108751	8110789	8284195	8286314	2039	2120	96.04	16508655	16627154	II	II
8119320	8126886	8294844	8302327	7567	7484	98.77	16508655	16627154	II	II
8127033	8169477	8303026	8345470	42445	42445	99.99	16508655	16627154	II	II
8169473	8171051	12093022	12091445	1579	1578	99.94	16508655	16627154	II	II
8169473	8171053	1533041	1531453	1581	1589	99.18	16508655	19495157	II	V
8171049	8230848	8345421	8405217	59800	59797	99.99	16508655	16627154	II	II
8230936	8282336	8405203	8456602	51401	51400	99.99	16508655	16627154	II	II
8267213	8268472	8785800	8784542	1260	1259	99.92	16508655	19495157	II	V
8267218	8268410	16496928	16495736	1193	1193	99.92	16508655	19495157	II	V
8267219	8268475	10534487	10533231	1257	1257	100.00	16508655	15455979	II	I
8267219	8268475	12382500	12381244	1257	1257	99.92	16508655	14578851	II	III
8267219	8268477	11752998	11751740	1259	1259	99.76	16508655	19495157	II	V
8282535	8378473	8456585	8552520	95939	95936	99.99	16508655	16627154	II	II
8376981	8378061	614479	613399	1081	1081	94.92	16508655	15455979	II	I
8376981	8378061	3900455	3899384	1081	1072	93.54	16508655	19495157	II	V
8378498	8387423	8552809	8561734	8926	8926	100.00	16508655	16627154	II	II
8379317	8380416	5382879	5383968	1100	1090	97.37	16508655	17485439	II	IV
8379323	8380419	12961974	12960948	1097	1027	91.09	16508655	16627154	II	II
8379323	8380419	14431849	14430763	1097	1087	92.91	16508655	17485439	II	IV
8379326	8380423	1265313	1264229	1098	1085	93.45	16508655	15455979	II	I
8379326	8380416	833660	834755	1091	1096	95.20	16508655	19495157	II	V
8380416	8381486	7032172	7031092	1071	1081	93.93	16508655	15455979	II	I
8380416	8381486	7888079	7886999	1071	1081	93.93	16508655	15455979	II	I
8380416	8381486	10853327	10852279	1071	1049	91.25	16508655	15455979	II	I
8380416	8381486	10971244	10970171	1071	1074	92.12	16508655	16627154	II	II
8380416	8381486	3108243	3109292	1071	1050	88.63	16508655	17485439	II	IV
8380416	8381486	8076126	8077204	1071	1079	93.65	16508655	17485439	II	IV
8380416	8381491	7853587	7852554	1076	1034	89.74	16508655	19495157	II	V
8380427	8381486	1966162	1965094	1060	1069	92.39	16508655	19495157	II	V
8380433	8381486	9509022	9508001	1054	1022	88.44	16508655	19495157	II	V
8387486	8398278	8562087	8572879	10793	10793	100.00	16508655	16627154	II	II
8398269	8407540	8572925	8582196	9272	9272	99.96	16508655	16627154	II	II
8407511	8423447	8582911	8598847	15937	15937	100.00	16508655	16627154	II	II
8423579	8435883	8598965	8611269	12305	12305	99.85	16508655	16627154	II	II
8435919	8440515	8611879	8616475	4597	4597	99.98	16508655	16627154	II	II
8441078	8474685	8617476	8651082	33608	33607	99.99	16508655	16627154	II	II
8474951	8530792	8651269	8707107	55842	55839	99.99	16508655	16627154	II	II
8530944	8534523	8707415	8710996	3580	3582	99.94	16508655	16627154	II	II
8534651	8545830	8711253	8722431	11180	11179	99.99	16508655	16627154	II	II
8545761	8561742	8722848	8738827	15982	15980	99.99	16508655	16627154	II	II
8563129	8597059	8739829	8773756	33931	33928	99.90	16508655	16627154	II	II
8578851	8580137	8756836	8755550	1287	1287	90.91	16508655	16627154	II	II
8582590	8583772	15665859	15664663	1183	1197	93.82	16508655	21540570	II	X
8582606	8583772	12796832	12795651	1167	1182	94.09	16508655	21540570	II	X
8596616	8682179	8778290	8863846	85564	85557	99.99	16508655	16627154	II	II
8682250	8708924	8869331	8896002	26675	26672	99.99	16508655	16627154	II	II
8709017	8755780	8896013	8942786	46764	46774	99.93	16508655	16627154	II	II
8755515	8766454	8942632	8953571	10940	10940	99.88	16508655	16627154	II	II
8763559	8764780	7173269	7172018	1222	1252	95.14	16508655	14578851	II	III
8766492	8796583	8954612	8984701	30092	30090	99.99	16508655	16627154	II	II
8796943	8846181	8990189	9039425	49239	49237	99.99	16508655	16627154	II	II
8831626	8832693	4566180	4565110	1068	1071	94.77	16508655	15455979	II	I
8846155	8875322	9039644	9068809	29168	29166	99.99	16508655	16627154	II	II
8870365	8872246	5145223	5147107	1882	1885	97.68	16508655	17485439	II	IV
8870448	8872629	3475019	3472838	2182	2182	98.85	16508655	14578851	II	III
8875459	8879038	9068820	9072400	3580	3581	99.97	16508655	16627154	II	II
8879094	8972930	9072824	9166652	93837	93829	99.99	16508655	16627154	II	II
8886196	8887331	7458792	7459934	1136	1143	91.88	16508655	17485439	II	IV
8911479	8912603	645652	644500	1125	1153	92.44	16508655	19495157	II	V
8918389	8919670	31794	30533	1282	1262	92.45	16508655	47958	II	cb25.NA_055
8918486	8919667	12796833	12795651	1182	1183	83.67	16508655	21540570	II	X
8973081	9013973	9167074	9207963	40893	40890	99.92	16508655	16627154	II	II
9014109	9022170	9207823	9215884	8062	8062	100.00	16508655	16627154	II	II
9022211	9026297	9216413	9220499	4087	4087	100.00	16508655	16627154	II	II
9026481	9036510	9220946	9230974	10030	10029	99.99	16508655	16627154	II	II
9036615	9041236	9238642	9243263	4622	4622	99.94	16508655	16627154	II	II
9041240	9050873	9243571	9253203	9634	9633	99.99	16508655	16627154	II	II
9050983	9146818	9253718	9349486	95836	95769	99.91	16508655	16627154	II	II
9108737	9109946	10717521	10716319	1210	1203	96.71	16508655	16627154	II	II
9146832	9148371	9356809	9358348	1540	1540	100.00	16508655	16627154	II	II
9148238	9181065	9358359	9391184	32828	32826	99.97	16508655	16627154	II	II
9181151	9253686	9391851	9464378	72536	72528	99.98	16508655	16627154	II	II
9253716	9255813	9464675	9466770	2098	2096	99.86	16508655	16627154	II	II
9255854	9306577	9467270	9517988	50724	50719	99.99	16508655	16627154	II	II
9298591	9300112	8802607	8801098	1522	1510	92.43	16508655	14578851	II	III
9298595	9300103	2654161	2652665	1509	1497	92.91	16508655	16627154	II	II
9298595	9300102	9060840	9059330	1508	1511	93.30	16508655	14578851	II	III
9298595	9299725	2679	1572	1131	1108	92.11	16508655	19495157	II	V
9298595	9299789	6813494	6812300	1195	1195	94.19	16508655	19495157	II	V
9298794	9299876	7386759	7385670	1083	1090	93.42	16508655	14578851	II	III
9306650	9419694	9518460	9631496	113045	113037	99.93	16508655	16627154	II	II
9419907	9554441	9631894	9766418	134535	134525	99.99	16508655	16627154	II	II
9449234	9451013	5509945	5508139	1780	1807	92.32	16508655	14578851	II	III
9449234	9451041	11637506	11635660	1808	1847	91.23	16508655	19495157	II	V
9449996	9451041	9190074	9189037	1046	1038	92.58	16508655	15455979	II	I
9450013	9451040	5366607	5365592	1028	1016	91.55	16508655	19495157	II	V
9450027	9451041	7393260	7392255	1015	1006	91.60	16508655	16627154	II	II
9554474	9584041	9766817	9796338	29568	29522	99.81	16508655	16627154	II	II
9560659	9561721	197254	198336	1063	1083	94.84	16508655	15455979	II	I
9560659	9561722	6893469	6892395	1064	1075	96.47	16508655	17485439	II	IV
9560659	9561721	2154	1072	1063	1083	94.57	16508655	2703	II	cb25.NA_366
9560716	9561721	17532432	17531435	1006	998	92.77	16508655	19495157	II	V
9584133	9597438	9797405	9810709	13306	13305	99.99	16508655	16627154	II	II
9597633	9612014	9810648	9825030	14382	14383	99.93	16508655	16627154	II	II
9612069	9616759	9825457	9830146	4691	4690	99.96	16508655	16627154	II	II
9616953	9653894	9830870	9867810	36942	36941	99.96	16508655	16627154	II	II
9654951	9672493	9868501	9886041	17543	17541	99.97	16508655	16627154	II	II
9672565	9675909	9886283	9889626	3345	3344	99.97	16508655	16627154	II	II
9676199	9800644	9890284	10014733	124446	124450	99.98	16508655	16627154	II	II
9800673	9842233	10015380	10056936	41561	41557	99.99	16508655	16627154	II	II
9802546	9803668	6813495	6812400	1123	1096	92.89	16508655	19495157	II	V
9802547	9803669	9978013	9976896	1123	1118	91.26	16508655	14578851	II	III
9831178	9832337	3149100	3150257	1160	1158	98.97	16508655	17485439	II	IV
9831178	9832337	30009	31165	1160	1157	98.88	16508655	33679	II	cb25.NA_019
9831184	9832346	11384278	11383122	1163	1157	98.54	16508655	15455979	II	I
9837325	9845487	10057956	10066117	8163	8162	99.98	16508655	16627154	II	II
9846718	9896312	10067198	10116736	49595	49539	99.86	16508655	16627154	II	II
9888817	9896433	10119713	10127328	7617	7616	99.96	16508655	16627154	II	II
9896643	9898168	10117508	10119033	1526	1526	100.00	16508655	16627154	II	II
9898269	9912514	10127804	10142049	14246	14246	100.00	16508655	16627154	II	II
9912820	9940242	10142648	10170066	27423	27419	99.99	16508655	16627154	II	II
9931252	9932974	10283198	10281460	1723	1739	96.56	16508655	16627154	II	II
9940246	9961829	10170178	10191760	21584	21583	99.95	16508655	16627154	II	II
9949167	9950463	7840530	7839234	1297	1297	99.77	16508655	19495157	II	V
9955795	9959145	10192435	10195784	3351	3350	99.79	16508655	16627154	II	II
9959145	9965099	10200983	10195029	5955	5955	99.98	16508655	16627154	II	II
9964913	9983628	10196472	10215185	18716	18714	99.99	16508655	16627154	II	II
9966740	9969424	10191760	10189076	2685	2685	100.00	16508655	16627154	II	II
9983611	10014171	10215744	10246302	30561	30559	99.93	16508655	16627154	II	II
10014161	10017084	10246665	10249589	2924	2925	99.97	16508655	16627154	II	II
10017119	10053650	10249938	10286467	36532	36530	99.99	16508655	16627154	II	II
10048642	10050381	10162798	10161077	1740	1722	96.56	16508655	16627154	II	II
10053119	10054669	12926478	12924991	1551	1488	94.91	16508655	21540570	II	X
10053159	10055020	10289362	10287503	1862	1860	99.41	16508655	16627154	II	II
10053673	10055020	13341218	13339900	1348	1319	96.96	16508655	21540570	II	X
10053802	10055020	2119787	2118571	1219	1217	99.10	16508655	19495157	II	V
10053873	10055206	5824355	5823025	1334	1331	99.18	16508655	21540570	II	X
10054691	10056321	8941046	8939475	1631	1572	94.82	16508655	14578851	II	III
10055020	10067973	10287390	10300343	12954	12954	99.89	16508655	16627154	II	II
10055158	10056417	13337636	13336388	1260	1249	98.18	16508655	21540570	II	X
10068064	10085818	10300648	10318402	17755	17755	99.98	16508655	16627154	II	II
10085849	10110536	10318690	10343377	24688	24688	100.00	16508655	16627154	II	II
10110558	10169212	10344071	10402724	58655	58654	99.99	16508655	16627154	II	II
10169959	10174941	10402822	10407800	4983	4979	99.84	16508655	16627154	II	II
10175154	10193305	10408498	10426646	18152	18149	99.98	16508655	16627154	II	II
10193391	10198750	10427603	10432962	5360	5360	100.00	16508655	16627154	II	II
10198895	10232815	10433246	10467166	33921	33921	100.00	16508655	16627154	II	II
10232839	10311541	10467277	10545973	78703	78697	99.99	16508655	16627154	II	II
10282305	10283515	14299545	14298286	1211	1260	85.76	16508655	17485439	II	IV
10311663	10337406	10547047	10572790	25744	25744	100.00	16508655	16627154	II	II
10337545	10385578	10573206	10621234	48034	48029	99.93	16508655	16627154	II	II
10385950	10389961	10621367	10625379	4012	4013	99.98	16508655	16627154	II	II
10390005	10408744	10629014	10647753	18740	18740	100.00	16508655	16627154	II	II
10408897	10410402	10650408	10651913	1506	1506	99.93	16508655	16627154	II	II
10411163	10459642	10652590	10701066	48480	48477	99.98	16508655	16627154	II	II
10436135	10437233	7032181	7031090	1099	1092	93.95	16508655	15455979	II	I
10436135	10437233	7888088	7886997	1099	1092	93.95	16508655	15455979	II	I
10436135	10437231	5142089	5143167	1097	1079	92.24	16508655	17485439	II	IV
10436135	10437233	6809687	6808601	1099	1087	92.59	16508655	17485439	II	IV
10436135	10437234	1966185	1965091	1100	1095	92.26	16508655	19495157	II	V
10456619	10459685	4532	1466	3067	3067	100.00	16508655	4532	II	cb25.NA_002
10460084	10461349	1266	1	1266	1266	99.84	16508655	4532	II	cb25.NA_002
10461292	10482255	10701646	10722608	20964	20963	99.98	16508655	16627154	II	II
10475966	10477168	9312619	9311410	1203	1210	96.71	16508655	16627154	II	II
10482514	10498488	10722601	10738574	15975	15974	99.98	16508655	16627154	II	II
10498605	10521031	10747434	10769858	22427	22425	99.99	16508655	16627154	II	II
10521147	10526450	10769869	10775171	5304	5303	99.98	16508655	16627154	II	II
10521303	10522648	6560197	6558860	1346	1338	90.61	16508655	14578851	II	III
10521303	10522648	5505803	5507141	1346	1339	92.81	16508655	19495157	II	V
10521474	10522648	21005637	21006779	1175	1143	94.55	16508655	21540570	II	X
10521521	10522648	16145477	16144351	1128	1127	92.04	16508655	21540570	II	X
10521624	10522648	741265	742288	1025	1024	95.61	16508655	17485439	II	IV
10523944	10525425	5135433	5133974	1482	1460	95.08	16508655	14578851	II	III
10526992	10532501	10775091	10780601	5510	5511	99.96	16508655	16627154	II	II
10532607	10556475	10781514	10805382	23869	23869	99.98	16508655	16627154	II	II
10534993	10536284	2868458	2869710	1292	1253	94.74	16508655	17485439	II	IV
10550786	10564100	13310	1	13315	13310	99.94	16508655	13310	II	cb25.NA_228
10566553	10575922	1	9369	9370	9369	99.98	16508655	22837	II	cb25.NA_192
10576106	10579245	9504	12643	3140	3140	100.00	16508655	22837	II	cb25.NA_192
10579498	10588821	13514	22837	9324	9324	99.99	16508655	22837	II	cb25.NA_192
10586837	10593452	6620	1	6616	6620	99.89	16508655	6620	II	cb25.NA_269
10591547	10592578	5014480	5013455	1032	1026	97.48	16508655	15455979	II	I
10591547	10592578	11604913	11603884	1032	1030	96.90	16508655	16627154	II	II
10591547	10592578	12112579	12111555	1032	1025	96.90	16508655	16627154	II	II
10591548	10592571	2543470	2542455	1024	1016	96.88	16508655	15455979	II	I
10591548	10592578	13282737	13281716	1031	1022	96.02	16508655	14578851	II	III
10591548	10592580	1161721	1160698	1033	1024	94.63	16508655	17485439	II	IV
10591548	10592579	12300672	12301701	1032	1030	97.67	16508655	17485439	II	IV
10591548	10592578	14812278	14811252	1031	1027	97.00	16508655	19495157	II	V
10591548	10592581	15640706	15639677	1034	1030	96.33	16508655	19495157	II	V
10591548	10592578	16676484	16675458	1031	1027	97.48	16508655	19495157	II	V
10591548	10592579	3138	4167	1032	1030	97.67	16508655	8930	II	cb25.NA_248
10593526	10595484	10805483	10807440	1959	1958	99.90	16508655	16627154	II	II
10595862	10633840	10808361	10846337	37979	37977	99.99	16508655	16627154	II	II
10633940	10676642	10846515	10889213	42703	42699	99.98	16508655	16627154	II	II
10676454	10686214	10888800	10898561	9761	9762	99.91	16508655	16627154	II	II
10686121	10725284	10899515	10938673	39164	39159	99.98	16508655	16627154	II	II
10725398	10740704	10938896	10954200	15307	15305	99.99	16508655	16627154	II	II
10741661	10809609	10954787	11022730	67949	67944	99.96	16508655	16627154	II	II
10757041	10758114	9389990	9388923	1074	1068	93.84	16508655	17485439	II	IV
10809737	10815366	11023115	11028730	5630	5616	99.56	16508655	16627154	II	II
10815492	10827062	11029201	11040769	11571	11569	99.97	16508655	16627154	II	II
10820300	10821354	2479232	2478135	1055	1098	88.40	16508655	21540570	II	X
10827148	10828534	11041996	11043382	1387	1387	99.93	16508655	16627154	II	II
10828979	10831861	11043664	11046546	2883	2883	99.65	16508655	16627154	II	II
10832091	10840498	11047278	11055685	8408	8408	100.00	16508655	16627154	II	II
10840547	10919056	11056209	11134711	78510	78503	99.99	16508655	16627154	II	II
10850542	10851597	7983894	7984953	1056	1060	94.97	16508655	15455979	II	I
10887919	10888922	10924011	10922983	1004	1029	85.01	16508655	19495157	II	V
10919200	10924572	11135179	11140551	5373	5373	100.00	16508655	16627154	II	II
10921438	10941885	11140884	11161331	20448	20448	99.99	16508655	16627154	II	II
10942032	10951129	11161329	11170426	9098	9098	99.99	16508655	16627154	II	II
10951259	10953274	11171882	11173883	2016	2002	98.81	16508655	16627154	II	II
10953285	11068726	11173988	11289432	115442	115445	99.98	16508655	16627154	II	II
11016119	11017147	13541561	13540539	1029	1023	91.91	16508655	17485439	II	IV
11048716	11161100	11269414	11381801	112385	112388	99.99	16508655	16627154	II	II
11154669	11167516	11385306	11398152	12848	12847	99.90	16508655	16627154	II	II
11161181	11162272	11383834	11384926	1092	1093	99.82	16508655	16627154	II	II
11167259	11192067	11397807	11422615	24809	24809	100.00	16508655	16627154	II	II
11192138	11217648	11423448	11448956	25511	25509	99.99	16508655	16627154	II	II
11217811	11238900	11449420	11470509	21090	21090	99.99	16508655	16627154	II	II
11239154	11261124	11471017	11492986	21971	21970	99.99	16508655	16627154	II	II
11261216	11293916	11493914	11526612	32701	32699	99.99	16508655	16627154	II	II
11268661	11270812	16158030	16155880	2152	2151	99.54	16508655	16627154	II	II
11268662	11270811	13950217	13948070	2150	2148	99.58	16508655	14578851	II	III
11268666	11270814	5795394	5793248	2149	2147	99.49	16508655	14578851	II	III
11268666	11270814	5800454	5798308	2149	2147	99.49	16508655	14578851	II	III
11268666	11270814	18743055	18740908	2149	2148	99.95	16508655	21540570	II	X
11269058	11270811	2381155	2382907	1754	1753	99.49	16508655	14578851	II	III
11293992	11315250	11527185	11548441	21259	21257	99.99	16508655	16627154	II	II
11315278	11350274	11548850	11583844	34997	34995	99.98	16508655	16627154	II	II
11350454	11395755	11583844	11629138	45302	45295	99.97	16508655	16627154	II	II
11367528	11368528	11599587	11598588	1001	1000	99.10	16508655	16627154	II	II
11370496	11371526	8916234	8915208	1031	1027	96.71	16508655	14578851	II	III
11370497	11371526	7299680	7298645	1030	1036	96.82	16508655	15455979	II	I
11370497	11371526	6226151	6225122	1030	1030	96.41	16508655	17485439	II	IV
11395922	11399275	11629659	11633012	3354	3354	100.00	16508655	16627154	II	II
11399473	11401356	12268608	12270491	1884	1884	100.00	16508655	16627154	II	II
11401724	11428262	12271515	12298056	26539	26542	98.70	16508655	16627154	II	II
11423068	11424089	1600934	1599909	1022	1026	97.86	16508655	17485439	II	IV
11427248	11434806	12295681	12303234	7559	7554	99.56	16508655	16627154	II	II
11427956	11429064	12303245	12304373	1109	1129	93.98	16508655	16627154	II	II
11428468	11442997	12303245	12317742	14530	14498	99.39	16508655	16627154	II	II
11443491	11486747	12318347	12361600	43257	43254	99.99	16508655	16627154	II	II
11487285	11507326	12361611	12381650	20042	20040	99.99	16508655	16627154	II	II
11507329	11508850	12383453	12384974	1522	1522	99.93	16508655	16627154	II	II
11509025	11510679	12385523	12387178	1655	1656	99.94	16508655	16627154	II	II
11510786	11525482	12387960	12402649	14697	14690	99.88	16508655	16627154	II	II
11521332	11523793	2462	1	2462	2462	100.00	16508655	2462	II	cb25.NA_381
11523243	11524501	1639323	1638066	1259	1258	99.52	16508655	17485439	II	IV
11523243	11524500	12372252	12370996	1258	1257	99.76	16508655	21540570	II	X
11524246	11525864	11635631	11634013	1619	1619	100.00	16508655	16627154	II	II
11526028	11563975	11635632	11673571	37948	37940	99.97	16508655	16627154	II	II
11557184	11572579	11679987	11695380	15396	15394	99.95	16508655	16627154	II	II
11573639	11577827	11696271	11700455	4189	4185	99.90	16508655	16627154	II	II
11578028	11592489	11700438	11714914	14462	14477	99.81	16508655	16627154	II	II
11592572	11623797	11720172	11751398	31226	31227	99.97	16508655	16627154	II	II
11623821	11676516	11751520	11804211	52696	52692	99.99	16508655	16627154	II	II
11676587	11678085	12404562	12406060	1499	1499	99.87	16508655	16627154	II	II
11678089	11713659	11805576	11841140	35571	35565	99.98	16508655	16627154	II	II
11714270	11734381	11842050	11862161	20112	20112	100.00	16508655	16627154	II	II
11734440	11775504	11862463	11903520	41065	41058	99.97	16508655	16627154	II	II
11775556	11803070	11907624	11935132	27515	27509	99.96	16508655	16627154	II	II
11776368	11777629	6894661	6893423	1262	1239	94.46	16508655	14578851	II	III
11776368	11777629	5161702	5160450	1262	1253	95.41	16508655	19495157	II	V
11776369	11777787	7526428	7525018	1419	1411	93.46	16508655	15455979	II	I
11776369	11777787	7531103	7529693	1419	1411	93.46	16508655	15455979	II	I
11776474	11777629	3703434	3702276	1156	1159	94.74	16508655	19495157	II	V
11798909	11814053	12407061	12422208	15145	15148	99.92	16508655	16627154	II	II
11800973	11802535	12077908	12076340	1563	1569	96.69	16508655	16627154	II	II
11808119	11816477	11935143	11943501	8359	8359	100.00	16508655	16627154	II	II
11816544	11831678	11946029	11961163	15135	15135	100.00	16508655	16627154	II	II
11831720	11845326	11961488	11975093	13607	13606	99.99	16508655	16627154	II	II
11845348	11854903	11975207	11984762	9556	9556	100.00	16508655	16627154	II	II
11855006	11857278	11985347	11987630	2273	2284	98.77	16508655	16627154	II	II
11857135	11878943	11988233	12010039	21809	21807	99.96	16508655	16627154	II	II
11879093	11880774	12010050	12011731	1682	1682	99.94	16508655	16627154	II	II
11880455	11886328	12011270	12017141	5874	5872	99.23	16508655	16627154	II	II
11886410	11889239	12018660	12021488	2830	2829	99.79	16508655	16627154	II	II
11889120	11898141	12021145	12030166	9022	9022	99.98	16508655	16627154	II	II
11898265	11913781	12030177	12045683	15517	15507	99.68	16508655	16627154	II	II
11912655	11914117	12645357	12643868	1463	1490	91.88	16508655	15455979	II	I
11912655	11914012	2531735	2533092	1358	1358	91.53	16508655	19495157	II	V
11912657	11913946	12047674	12046384	1290	1291	94.50	16508655	15455979	II	I
11912670	11913984	3005593	3004277	1315	1317	94.39	16508655	16627154	II	II
11912999	11953189	12044565	12084746	40191	40182	99.92	16508655	16627154	II	II
11944782	11946350	11934597	11933037	1569	1561	96.56	16508655	16627154	II	II
11944782	11946350	12410688	12409126	1569	1563	96.69	16508655	16627154	II	II
11949646	11950911	12256026	12254760	1266	1267	99.61	16508655	15455979	II	I
11949649	11950908	12536993	12535735	1260	1259	99.60	16508655	17485439	II	IV
11949652	11950914	17151103	17149841	1263	1263	99.68	16508655	21540570	II	X
11949652	11950914	17156363	17155102	1263	1262	99.60	16508655	21540570	II	X
11952701	11957312	12086178	12081569	4612	4610	99.96	16508655	16627154	II	II
11957313	11959805	12092746	12090254	2493	2493	100.00	16508655	16627154	II	II
11958928	11963748	12434878	12439702	4821	4825	99.92	16508655	16627154	II	II
11964928	11969748	12439702	12434878	4821	4825	99.92	16508655	16627154	II	II
11968871	11991792	12090254	12113172	22922	22919	99.99	16508655	16627154	II	II
11978017	11979271	14528521	14527235	1255	1287	90.18	16508655	16627154	II	II
11978017	11979271	15103342	15102076	1255	1267	93.01	16508655	16627154	II	II
11978068	11979917	12103867	12102018	1850	1850	99.73	16508655	16627154	II	II
11980636	11982486	12101299	12099451	1851	1849	99.73	16508655	16627154	II	II
11981282	11982486	14204692	14203464	1205	1229	90.68	16508655	16627154	II	II
11981282	11982486	14511213	14509982	1205	1232	86.39	16508655	16627154	II	II
11981282	11982486	6621	7853	1205	1233	86.47	16508655	44065	II	cb25.NA_117
11981435	11982486	20840226	20841291	1052	1066	92.52	16508655	21540570	II	X
11990172	11991207	12674473	12673437	1036	1037	97.59	16508655	16627154	II	II
11990173	11991202	4475250	4474224	1030	1027	96.61	16508655	14578851	II	III
11990174	11991198	5410600	5409564	1025	1037	95.79	16508655	15455979	II	I
11990174	11991199	875	1906	1026	1032	97.00	16508655	6620	II	cb25.NA_269
11991786	11996931	12113297	12118439	5146	5143	99.94	16508655	16627154	II	II
11997047	11998180	1134	1	1134	1134	100.00	16508655	1928	II	cb25.NA_422
11997229	11998714	10283058	10281572	1486	1487	98.12	16508655	17485439	II	IV
11997229	11998714	10285421	10283935	1486	1487	97.78	16508655	17485439	II	IV
11997485	11998636	10310201	10309050	1152	1152	98.26	16508655	17485439	II	IV
11997599	11998714	15856599	15855484	1116	1116	97.23	16508655	21540570	II	X
11997849	11998928	12119301	12120380	1080	1080	100.00	16508655	16627154	II	II
11999484	12052223	12121113	12173849	52740	52737	99.99	16508655	16627154	II	II
12052000	12055517	12173458	12176975	3518	3518	99.91	16508655	16627154	II	II
12055488	12083472	12177097	12205079	27985	27983	99.94	16508655	16627154	II	II
12083493	12105345	12205415	12227266	21853	21852	99.95	16508655	16627154	II	II
12105457	12131083	12229293	12254919	25627	25627	99.96	16508655	16627154	II	II
12105486	12107046	12228827	12227267	1561	1561	99.81	16508655	16627154	II	II
12131131	12133854	12255757	12258480	2724	2724	100.00	16508655	16627154	II	II
12133831	12142409	12259032	12267607	8579	8576	99.94	16508655	16627154	II	II
12138464	12141503	12426338	12423299	3040	3040	100.00	16508655	16627154	II	II
12138945	12143290	1	4346	4346	4346	99.95	16508655	6767	II	cb25.NA_268
12142724	12149490	6767	1	6767	6767	100.00	16508655	6767	II	cb25.NA_268
12146026	12149971	12267607	12263664	3946	3944	99.95	16508655	16627154	II	II
12146932	12158412	12423299	12434777	11481	11479	99.98	16508655	16627154	II	II
12151569	12152787	12432180	12430973	1219	1208	87.31	16508655	16627154	II	II
12154606	12155813	12429154	12427936	1208	1219	87.31	16508655	16627154	II	II
12159705	12175256	12474540	12490091	15552	15552	99.99	16508655	16627154	II	II
12175255	12214424	12495004	12534171	39170	39168	99.99	16508655	16627154	II	II
12186089	12187431	16610038	16611362	1343	1325	91.62	16508655	19495157	II	V
12186182	12187432	1726528	1725378	1251	1151	86.41	16508655	15455979	II	I
12186182	12187431	2142565	2141280	1250	1286	91.48	16508655	16627154	II	II
12186182	12187431	5152953	5151680	1250	1274	92.63	16508655	14578851	II	III
12186182	12187259	12744628	12743571	1078	1058	93.66	16508655	19495157	II	V
12186386	12187431	9098375	9097337	1046	1039	83.09	16508655	21540570	II	X
12214442	12257174	12534293	12577021	42733	42729	99.99	16508655	16627154	II	II
12250814	12253472	8674	11333	2659	2660	97.60	16508655	33679	II	cb25.NA_019
12250815	12253463	5064146	5061555	2649	2592	96.23	16508655	17485439	II	IV
12257927	12268067	12577744	12587882	10141	10139	99.50	16508655	16627154	II	II
12267324	12268704	12645129	12643721	1381	1409	91.35	16508655	15455979	II	I
12267324	12268369	20831640	20830591	1046	1050	91.52	16508655	21540570	II	X
12267964	12279917	12587140	12599092	11954	11953	99.95	16508655	16627154	II	II
12280031	12319881	12599546	12639353	39851	39808	99.79	16508655	16627154	II	II
12319946	12325695	12639471	12645220	5750	5750	100.00	16508655	16627154	II	II
12325306	12388894	12652621	12716204	63589	63584	99.98	16508655	16627154	II	II
12345920	12347225	11605138	11603831	1306	1308	95.25	16508655	16627154	II	II
12346131	12347164	3529047	3528029	1034	1019	95.47	16508655	14578851	II	III
12346132	12347158	29628	30672	1027	1045	94.94	16508655	44065	II	cb25.NA_117
12346133	12347159	2846590	2845561	1027	1030	97.68	16508655	15455979	II	I
12346133	12347159	12293878	12292857	1027	1022	97.18	16508655	16627154	II	II
12346133	12347158	12300672	12301700	1026	1029	97.86	16508655	17485439	II	IV
12346133	12347159	9864264	9863242	1027	1023	97.57	16508655	19495157	II	V
12346133	12347158	3138	4166	1026	1029	97.86	16508655	8930	II	cb25.NA_248
12389027	12397493	12716597	12725062	8467	8466	99.99	16508655	16627154	II	II
12397729	12413413	12725822	12741503	15685	15682	99.94	16508655	16627154	II	II
12403342	12404633	2868452	2869713	1292	1262	92.98	16508655	17485439	II	IV
12413269	12427121	12741151	12755001	13853	13851	99.62	16508655	16627154	II	II
12427413	12475178	12755002	12802786	47766	47785	99.91	16508655	16627154	II	II
12434030	12435385	6977328	6978581	1356	1254	90.27	16508655	15455979	II	I
12434030	12435385	7170286	7168952	1356	1335	93.56	16508655	19495157	II	V
12460855	12461933	12829452	12830539	1079	1088	91.35	16508655	14578851	II	III
12475077	12485772	12802101	12812793	10696	10693	99.80	16508655	16627154	II	II
12485882	12489127	3245	1	3246	3245	99.94	16508655	4556	II	cb25.NA_053
12486550	12508109	12818969	12840526	21560	21558	99.99	16508655	16627154	II	II
12508060	12537566	12841580	12871080	29507	29501	99.97	16508655	16627154	II	II
12529184	12530444	1759163	1757910	1261	1254	98.10	16508655	17485439	II	IV
12537649	12559579	12871431	12893361	21931	21931	99.99	16508655	16627154	II	II
12559621	12561531	12893613	12895523	1911	1911	100.00	16508655	16627154	II	II
12561516	12563084	12895595	12897162	1569	1568	99.94	16508655	16627154	II	II
12563313	12568845	12897672	12903205	5533	5534	99.89	16508655	16627154	II	II
12568872	12577930	12903690	12912742	9059	9053	99.90	16508655	16627154	II	II
12573358	12574624	12463789	12462496	1267	1294	91.42	16508655	16627154	II	II
12573954	12585162	12439803	12451010	11209	11208	99.98	16508655	16627154	II	II
12576638	12577944	11626414	11625108	1307	1307	99.77	16508655	17485439	II	IV
12578815	12585060	12914549	12920794	6246	6246	99.86	16508655	16627154	II	II
12585271	12607258	12451559	12473539	21988	21981	99.96	16508655	16627154	II	II
12587192	12591370	12464047	12459869	4179	4179	98.16	16508655	16627154	II	II
12593546	12597764	12457672	12453480	4219	4193	97.72	16508655	16627154	II	II
12596213	12597506	12909439	12908173	1294	1267	91.42	16508655	16627154	II	II
12600694	12610463	12931949	12941719	9770	9771	99.77	16508655	16627154	II	II
12612155	12615017	12942505	12945365	2863	2861	99.93	16508655	16627154	II	II
12615843	12650637	12946231	12981023	34795	34793	99.98	16508655	16627154	II	II
12623374	12624392	13120265	13119268	1019	998	91.07	16508655	21540570	II	X
12630562	12631588	8554730	8553634	1027	1097	91.09	16508655	16627154	II	II
12633704	12634962	13883293	13882037	1259	1257	99.36	16508655	17485439	II	IV
12633704	12634962	13541685	13540428	1259	1258	99.60	16508655	21540570	II	X
12633704	12634962	20010510	20009254	1259	1257	99.44	16508655	21540570	II	X
12633705	12634963	13632175	13630918	1259	1258	99.52	16508655	16627154	II	II
12633705	12634962	11003288	11002035	1258	1254	99.44	16508655	14578851	II	III
12633705	12634962	6785648	6786903	1258	1256	99.52	16508655	17485439	II	IV
12636201	12637242	3041300	3040267	1042	1034	91.49	16508655	16627154	II	II
12636201	12637243	14521992	14520962	1043	1031	91.79	16508655	16627154	II	II
12636201	12637241	3707409	3706376	1041	1034	90.15	16508655	19495157	II	V
12636201	12637241	20531	21562	1041	1032	91.39	16508655	24739	II	cb25.NA_210
12641404	12642412	8263310	8262314	1009	997	97.13	16508655	19495157	II	V
12651659	12654362	12981505	12984205	2704	2701	99.89	16508655	16627154	II	II
12654471	12665451	12984692	12995673	10981	10982	99.97	16508655	16627154	II	II
12662603	12663636	30877	29852	1034	1026	78.59	16508655	34350	II	cb25.NA_098
12666635	12683735	12995549	13012645	17101	17097	99.83	16508655	16627154	II	II
12683130	12694361	13016837	13028044	11232	11208	99.76	16508655	16627154	II	II
12684487	12689390	13011860	13016763	4904	4904	99.94	16508655	16627154	II	II
12694208	12700470	13027518	13033784	6263	6267	99.17	16508655	16627154	II	II
12697424	12698682	14508246	14506988	1259	1259	99.92	16508655	16627154	II	II
12697424	12698682	38211	39469	1259	1259	99.92	16508655	44065	II	cb25.NA_117
12700621	12753790	13034124	13087287	53170	53164	99.97	16508655	16627154	II	II
12704012	12705269	10421208	10419951	1258	1258	99.84	16508655	19495157	II	V
12704013	12705269	14508249	14506993	1257	1257	99.92	16508655	16627154	II	II
12704013	12705269	38208	39464	1257	1257	99.92	16508655	44065	II	cb25.NA_117
12704016	12706405	8363606	8361218	2390	2389	99.96	16508655	21540570	II	X
12732312	12733740	3041805	3040383	1429	1423	95.32	16508655	16627154	II	II
12732312	12733740	14522503	14521077	1429	1427	94.78	16508655	16627154	II	II
12732312	12733740	20018	21447	1429	1430	95.32	16508655	24739	II	cb25.NA_210
12735035	12736683	14520481	14518850	1649	1632	95.88	16508655	16627154	II	II
12735655	12736721	17089868	17088841	1067	1028	93.46	16508655	21540570	II	X
12752177	12753245	13172703	13171657	1069	1047	93.74	16508655	16627154	II	II
12752177	12753245	1768066	1767021	1069	1046	93.83	16508655	17485439	II	IV
12754206	12763841	13087836	13097471	9636	9636	100.00	16508655	16627154	II	II
12755320	12757255	1763257	1761319	1936	1939	96.30	16508655	17485439	II	IV
12759650	12761140	1762125	1760586	1491	1540	86.82	16508655	17485439	II	IV
12764860	12766131	13098110	13099381	1272	1272	100.00	16508655	16627154	II	II
12765587	12767207	5235348	5233725	1621	1624	99.02	16508655	21540570	II	X
12766622	12767679	13099805	13100862	1058	1058	100.00	16508655	16627154	II	II
12767976	12775803	13101976	13109823	7828	7848	99.55	16508655	16627154	II	II
12767976	12771195	13109244	13106002	3220	3243	99.26	16508655	16627154	II	II
12771982	12776100	13105215	13101100	4119	4116	99.66	16508655	16627154	II	II
12776562	12782225	16242783	16237112	5664	5672	98.84	16508655	21540570	II	X
12777166	12778554	21518026	21516585	1389	1442	91.33	16508655	21540570	II	X
12781189	12782361	2182829	2181656	1173	1174	85.36	16508655	21540570	II	X
12781317	12782703	16238156	16236770	1387	1387	97.77	16508655	21540570	II	X
12781763	12796989	1753701	1768985	15227	15285	99.37	16508655	17485439	II	IV
12785897	12787165	15592124	15590882	1269	1243	94.99	16508655	19495157	II	V
12785900	12787164	15617945	15616684	1265	1262	95.68	16508655	21540570	II	X
12785903	12787164	13403347	13402094	1262	1254	96.14	16508655	21540570	II	X
12785904	12787165	12863967	12862699	1262	1269	97.95	16508655	16627154	II	II
12785904	12787164	5815663	5814406	1261	1258	97.08	16508655	17485439	II	IV
12785904	12787164	13183425	13182161	1261	1265	97.08	16508655	17485439	II	IV
12785904	12787164	4986342	4985110	1261	1233	94.93	16508655	19495157	II	V
12785904	12787164	5849017	5847764	1261	1254	96.45	16508655	19495157	II	V
12785904	12787166	7938871	7937606	1263	1266	96.77	16508655	19495157	II	V
12785904	12787164	8700482	8699224	1261	1259	96.61	16508655	21540570	II	X
12785904	12787166	10108558	10107296	1263	1263	97.17	16508655	21540570	II	X
12785904	12787166	14246197	14244941	1263	1257	96.28	16508655	21540570	II	X
12785904	12787164	20018652	20017391	1261	1262	96.85	16508655	21540570	II	X
12785911	12787165	4842547	4841296	1255	1252	96.51	16508655	19495157	II	V
12788588	12790128	13094770	13093280	1541	1491	86.83	16508655	16627154	II	II
12789322	12791260	13090885	13088950	1939	1936	96.30	16508655	16627154	II	II
12793240	12794400	2222232	2221071	1161	1162	92.09	16508655	15455979	II	I
12793895	12800142	13170527	13176775	6248	6249	99.95	16508655	16627154	II	II
12795025	12796070	13086742	13085675	1046	1068	93.73	16508655	16627154	II	II
12797620	12798758	3159678	3160815	1139	1138	96.66	16508655	17485439	II	IV
12799628	12801790	13174254	13172091	2163	2164	99.95	16508655	16627154	II	II
12800260	12801790	1768985	1767455	1531	1531	100.00	16508655	17485439	II	IV
12801100	12803715	13176898	13179513	2616	2616	100.00	16508655	16627154	II	II
12803643	12804903	12694690	12693430	1261	1261	99.68	16508655	21540570	II	X
12803644	12804899	13632172	13630917	1256	1256	100.00	16508655	16627154	II	II
12803996	12812014	13179932	13187950	8019	8019	99.95	16508655	16627154	II	II
12806209	12813868	1	7659	7660	7659	99.97	16508655	7659	II	cb25.NA_262
12808591	12819940	13188328	13199676	11350	11349	99.99	16508655	16627154	II	II
12816082	12838545	13169526	13147063	22464	22464	100.00	16508655	16627154	II	II
12830635	12832186	524974	523417	1552	1558	96.73	16508655	19495157	II	V
12830637	12832217	21488931	21487358	1581	1574	90.19	16508655	21540570	II	X
12830640	12832216	12136849	12135276	1577	1574	96.15	16508655	15455979	II	I
12830640	12832215	12556231	12554662	1576	1570	88.41	16508655	14578851	II	III
12830640	12832216	2153523	2151937	1577	1587	90.87	16508655	17485439	II	IV
12830640	12832216	4822229	4820650	1577	1580	96.77	16508655	17485439	II	IV
12830640	12832204	5960471	5958975	1565	1497	86.77	16508655	19495157	II	V
12831195	12832216	846038	845027	1022	1012	95.69	16508655	17485439	II	IV
12838568	12865487	13146569	13119611	26920	26959	99.84	16508655	16627154	II	II
12865630	12874169	13119621	13111084	8540	8538	99.96	16508655	16627154	II	II
12874758	12877160	13210426	13208024	2403	2403	99.04	16508655	16627154	II	II
12877161	12881793	13207589	13202956	4633	4634	99.98	16508655	16627154	II	II
12878583	12879861	31797	30536	1279	1262	87.58	16508655	47958	II	cb25.NA_055
12878591	12879861	3150754	3152025	1271	1272	90.65	16508655	19495157	II	V
12878591	12879861	3155623	3156893	1271	1271	90.65	16508655	19495157	II	V
12878720	12879861	42384	41231	1142	1154	91.26	16508655	47958	II	cb25.NA_055
12880996	12891459	13209644	13220148	10464	10505	98.72	16508655	16627154	II	II
12881851	12883612	13202824	13201062	1762	1763	98.64	16508655	16627154	II	II
12888983	12890127	3714750	3715877	1145	1128	91.27	16508655	16627154	II	II
12889068	12892309	14542049	14538813	3242	3237	90.08	16508655	16627154	II	II
12892959	12895094	13217654	13219775	2136	2122	92.90	16508655	16627154	II	II
12893628	12897706	5977	1881	4079	4097	97.76	16508655	5978	II	cb25.NA_163
12897829	12899075	1247	1	1247	1247	100.00	16508655	5978	II	cb25.NA_163
12898488	12900491	14600605	14602609	2004	2005	91.02	16508655	16627154	II	II
12899055	12900060	14599384	14600385	1006	1002	88.97	16508655	16627154	II	II
12899338	12900440	839158	838055	1103	1104	93.30	16508655	16627154	II	II
12899515	12901831	2600747	2598397	2317	2351	84.63	16508655	21540570	II	X
12899838	12900917	2	1065	1080	1064	87.33	16508655	19600	II	cb25.NA_100
12900558	12901821	6994	5763	1264	1232	89.24	16508655	8201	II	cb25.NA_254
12905198	12907629	8200	5763	2432	2438	89.44	16508655	8201	II	cb25.NA_254
12906141	12908182	8201	6186	2042	2016	90.42	16508655	8201	II	cb25.NA_254
12906453	12914622	8201	2	8170	8200	97.50	16508655	8201	II	cb25.NA_254
12919822	12922221	13220249	13222650	2400	2402	97.76	16508655	16627154	II	II
12922181	12955555	13223033	13256404	33375	33372	99.96	16508655	16627154	II	II
12955664	12966265	13256712	13267310	10602	10599	99.97	16508655	16627154	II	II
12964686	12965793	11526260	11525159	1108	1102	97.92	16508655	21540570	II	X
12964702	12965791	20627001	20628084	1090	1084	97.71	16508655	21540570	II	X
12966957	13013756	13267622	13314417	46800	46796	99.93	16508655	16627154	II	II
12977709	12978913	14479296	14478096	1205	1201	83.09	16508655	16627154	II	II
13013409	13014585	13313743	13314918	1177	1176	98.64	16508655	16627154	II	II
13014663	13016075	13315253	13316665	1413	1413	100.00	16508655	16627154	II	II
13016297	13029105	13322354	13335161	12809	12808	99.99	16508655	16627154	II	II
13029181	13059961	13335471	13366180	30781	30710	99.73	16508655	16627154	II	II
13057777	13060444	13366282	13368949	2668	2668	100.00	16508655	16627154	II	II
13058615	13059643	9864266	9863241	1029	1026	95.67	16508655	19495157	II	V
13058616	13059634	2543471	2542455	1019	1017	95.43	16508655	15455979	II	I
13058617	13059642	11463906	11462881	1026	1026	96.52	16508655	15455979	II	I
13058617	13059642	14003080	14002050	1026	1031	96.15	16508655	14578851	II	III
13058617	13059641	12300672	12301700	1025	1029	96.33	16508655	17485439	II	IV
13058617	13059642	16676484	16675457	1026	1028	95.66	16508655	19495157	II	V
13058617	13059641	29629	30672	1025	1044	93.06	16508655	44065	II	cb25.NA_117
13058617	13059641	3138	4166	1025	1029	96.33	16508655	8930	II	cb25.NA_248
13060555	13081768	13369285	13390493	21214	21209	99.97	16508655	16627154	II	II
13075063	13078825	3763	1	3763	3763	100.00	16508655	3763	II	cb25.NA_327
13081873	13091808	13391001	13400935	9936	9935	99.95	16508655	16627154	II	II
13092477	13098671	13401298	13407494	6195	6197	99.94	16508655	16627154	II	II
13098911	13107801	13410078	13418968	8891	8891	100.00	16508655	16627154	II	II
13107983	13114507	13419311	13425832	6525	6522	99.86	16508655	16627154	II	II
13108160	13113253	1	5094	5094	5094	100.00	16508655	6097	II	cb25.NA_118
13114677	13116271	13428223	13429816	1595	1594	91.58	16508655	16627154	II	II
13114731	13116272	13426080	13427606	1542	1527	95.27	16508655	16627154	II	II
13115684	13117234	13426080	13427607	1551	1528	96.07	16508655	16627154	II	II
13116725	13118282	13426080	13427607	1558	1528	89.67	16508655	16627154	II	II
13116769	13132294	13427905	13443355	15526	15451	99.07	16508655	16627154	II	II
13116805	13118752	18514438	18516398	1948	1961	90.70	16508655	19495157	II	V
13117121	13118176	14334910	14335950	1056	1041	87.25	16508655	16627154	II	II
13117337	13118752	15353849	15355264	1416	1416	92.73	16508655	16627154	II	II
13117441	13118503	1064	1	1063	1064	93.45	16508655	13413	II	cb25.NA_092
13126286	13127552	13032004	13030737	1267	1268	99.76	16508655	16627154	II	II
13126291	13127551	863252	861992	1261	1261	99.84	16508655	21540570	II	X
13126295	13127550	8112963	8114218	1256	1256	99.92	16508655	15455979	II	I
13126295	13127550	13257422	13256165	1256	1258	99.44	16508655	15455979	II	I
13126295	13127551	13468803	13467548	1257	1256	99.92	16508655	16627154	II	II
13132394	13144358	13443664	13455626	11965	11963	99.97	16508655	16627154	II	II
13144653	13145911	372	1630	1259	1259	99.76	16508655	2576	II	cb25.NA_374
13144655	13145908	11971333	11970081	1254	1253	99.68	16508655	21540570	II	X
13145905	13147286	13455046	13453676	1382	1371	99.06	16508655	16627154	II	II
13145905	13147011	13337275	13336170	1107	1106	98.92	16508655	21540570	II	X
13146683	13148489	13457286	13459093	1807	1808	99.94	16508655	16627154	II	II
13148467	13167199	13459798	13478529	18733	18732	99.99	16508655	16627154	II	II
13156150	13157496	10108113	10106765	1347	1349	98.00	16508655	14578851	II	III
13156213	13157468	5521224	5519969	1256	1256	99.84	16508655	15455979	II	I
13156216	13157471	17310509	17309254	1256	1256	99.92	16508655	19495157	II	V
13156217	13157473	13438614	13437359	1257	1256	99.92	16508655	16627154	II	II
13167344	13242236	13478702	13553605	74893	74904	99.95	16508655	16627154	II	II
13234908	13236164	11532923	11531667	1257	1257	99.44	16508655	15455979	II	I
13234908	13236164	1176580	1175324	1257	1257	99.52	16508655	21540570	II	X
13234911	13236165	5333624	5332371	1255	1254	99.76	16508655	16627154	II	II
13234911	13236165	5339545	5338292	1255	1254	99.84	16508655	16627154	II	II
13234911	13236164	5440517	5439265	1254	1253	99.84	16508655	16627154	II	II
13241166	13344615	13553446	13656896	103450	103451	99.93	16508655	16627154	II	II
13241180	13242236	13553259	13554367	1057	1109	91.92	16508655	16627154	II	II
13314786	13316039	15133019	15131766	1254	1254	100.00	16508655	16627154	II	II
13345314	13361028	13658633	13674336	15715	15704	99.83	16508655	16627154	II	II
13361230	13364596	13674900	13678265	3367	3366	99.76	16508655	16627154	II	II
13364111	13365147	13756391	13755361	1037	1031	97.21	16508655	16627154	II	II
13364599	13414203	13685458	13735058	49605	49601	99.99	16508655	16627154	II	II
13418131	13419155	2955885	2954851	1025	1035	94.50	16508655	16627154	II	II
13423024	13424517	4492	5971	1494	1480	87.87	16508655	5978	II	cb25.NA_163
13432526	13433568	13588802	13587754	1043	1049	85.48	16508655	17485439	II	IV
13443505	13490978	13735159	13782631	47474	47473	99.99	16508655	16627154	II	II
13449470	13450729	16660846	16659587	1260	1260	99.84	16508655	19495157	II	V
13449473	13450733	9643497	9642238	1261	1260	99.44	16508655	21540570	II	X
13463707	13464743	3414940	3413919	1037	1022	89.69	16508655	19495157	II	V
13483471	13484727	13616164	13617412	1257	1249	99.36	16508655	15455979	II	I
13483474	13484732	12265480	12264223	1259	1258	99.68	16508655	19495157	II	V
13492344	13511236	13783632	13802521	18893	18890	99.95	16508655	16627154	II	II
13511295	13560168	13802884	13851754	48874	48871	99.98	16508655	16627154	II	II
13527840	13528869	5929072	5928083	1030	990	84.67	16508655	19495157	II	V
13543706	13544780	4566184	4565107	1075	1078	94.63	16508655	15455979	II	I
13543710	13544777	3046843	3045775	1068	1069	95.07	16508655	16627154	II	II
13543765	13544782	4827712	4826697	1018	1016	94.33	16508655	19495157	II	V
13555908	13557127	3335473	3334254	1220	1220	99.26	16508655	19495157	II	V
13556025	13557127	8745	7643	1103	1103	99.18	16508655	8745	II	cb25.NA_166
13556238	13580399	13852045	13876203	24162	24159	99.94	16508655	16627154	II	II
13557104	13560167	14891670	14888607	3064	3064	80.38	16508655	19495157	II	V
13557154	13558970	15501821	15500009	1817	1813	78.22	16508655	21540570	II	X
13557154	13558970	21529964	21528152	1817	1813	78.33	16508655	21540570	II	X
13557354	13560160	3334256	3331458	2807	2799	99.15	16508655	19495157	II	V
13557354	13558703	7645	6296	1350	1350	99.70	16508655	8745	II	cb25.NA_166
13558015	13560167	11554124	11551968	2153	2157	80.45	16508655	17485439	II	IV
13558326	13559939	5835074	5833460	1614	1615	95.42	16508655	21540570	II	X
13576645	13577828	7672902	7671719	1184	1184	97.64	16508655	21540570	II	X
13580140	13589218	13876670	13885748	9079	9079	99.98	16508655	16627154	II	II
13589041	13637025	13886821	13934800	47985	47980	99.98	16508655	16627154	II	II
13637107	13643878	13934897	13941669	6772	6773	99.99	16508655	16627154	II	II
13637777	13638795	13993113	13992139	1019	975	90.21	16508655	16627154	II	II
13644048	13658490	13941903	13956342	14443	14440	99.98	16508655	16627154	II	II
13653348	13654690	445911	447238	1343	1328	91.02	16508655	21540570	II	X
13653349	13654690	1115308	1113987	1342	1322	88.56	16508655	17485439	II	IV
13656588	13657613	9154604	9153624	1026	981	89.74	16508655	19495157	II	V
13658749	13693711	13960187	13995148	34963	34962	99.99	16508655	16627154	II	II
13668371	13669653	7651155	7649877	1283	1279	95.72	16508655	21540570	II	X
13688049	13689904	4932984	4931108	1856	1877	95.12	16508655	16627154	II	II
13688049	13689906	12522343	12520502	1858	1842	95.87	16508655	14578851	II	III
13688049	13689961	800766	798829	1913	1938	94.50	16508655	17485439	II	IV
13688049	13689904	5477185	5475349	1856	1837	93.63	16508655	19495157	II	V
13688049	13689905	12980648	12978783	1857	1866	95.67	16508655	19495157	II	V
13688049	13689195	5317	4154	1147	1164	94.27	16508655	5413	II	cb25.NA_056
13688049	13689906	3569	5410	1858	1842	95.87	16508655	6153	II	cb25.NA_281
13688722	13689904	15279164	15280365	1183	1202	94.30	16508655	16627154	II	II
13693823	13719775	13995464	14021416	25953	25953	100.00	16508655	16627154	II	II
13695128	13696353	12374097	12372876	1226	1222	95.31	16508655	15455979	II	I
13695128	13696350	997030	995802	1223	1229	94.02	16508655	17485439	II	IV
13695132	13696350	14451844	14450648	1219	1197	93.79	16508655	15455979	II	I
13695132	13696350	741412	740183	1219	1230	92.67	16508655	16627154	II	II
13695132	13696350	13924816	13923591	1219	1226	94.17	16508655	21540570	II	X
13695150	13696353	14632620	14631411	1204	1210	94.25	16508655	17485439	II	IV
13700332	13701395	883829	882774	1064	1056	94.59	16508655	17485439	II	IV
13719930	13721013	14021536	14022618	1084	1083	99.63	16508655	16627154	II	II
13720705	13722246	15531485	15533023	1542	1539	94.43	16508655	17485439	II	IV
13720705	13721805	18200688	18199591	1101	1098	94.67	16508655	19495157	II	V
13720874	13722154	1049107	1050385	1281	1279	96.18	16508655	15455979	II	I
13721464	13722515	15676190	15677252	1052	1063	93.23	16508655	16627154	II	II
13722555	13753458	14022311	14053213	30904	30903	99.99	16508655	16627154	II	II
13753837	13769443	14053582	14069188	15607	15607	99.99	16508655	16627154	II	II
13770726	13780711	14069322	14079308	9986	9987	99.94	16508655	16627154	II	II
13780991	13792233	14079319	14090560	11243	11242	99.99	16508655	16627154	II	II
13788830	13789984	4791	3637	1155	1155	100.00	16508655	4791	II	cb25.NA_028
13792350	13793773	1424	1	1424	1424	100.00	16508655	4791	II	cb25.NA_028
13793254	13825070	14092298	14124070	31817	31773	99.82	16508655	16627154	II	II
13805820	13807078	13543966	13542650	1259	1317	93.10	16508655	17485439	II	IV
13819168	13829212	14585115	14595158	10045	10044	99.99	16508655	15455979	II	I
13829247	13840846	14128277	14139876	11600	11600	100.00	16508655	16627154	II	II
13840939	13846089	14140339	14145489	5151	5151	100.00	16508655	16627154	II	II
13844004	13845316	14151507	14150196	1313	1312	99.92	16508655	16627154	II	II
13846430	13855427	14145965	14154959	8998	8995	99.89	16508655	16627154	II	II
13850663	13851975	14144716	14143404	1313	1313	100.00	16508655	16627154	II	II
13855617	13859185	14155304	14158822	3569	3519	97.87	16508655	16627154	II	II
13859356	13861479	14159410	14161532	2124	2123	99.95	16508655	16627154	II	II
13861754	13863107	14162050	14163385	1354	1336	96.23	16508655	16627154	II	II
13862825	13866835	14162935	14166943	4011	4009	99.95	16508655	16627154	II	II
13866950	13874284	14167891	14175222	7335	7332	99.85	16508655	16627154	II	II
13874330	13895324	14175904	14196896	20995	20993	99.97	16508655	16627154	II	II
13895454	13905356	14196997	14206896	9903	9900	99.76	16508655	16627154	II	II
13901093	13903477	14525372	14522977	2385	2396	93.79	16508655	16627154	II	II
13901262	13903477	15103947	15101749	2216	2199	93.67	16508655	16627154	II	II
13901360	13903477	14529035	14526905	2118	2131	93.58	16508655	16627154	II	II
13901445	13902603	14834283	14833129	1159	1155	94.77	16508655	16627154	II	II
13902463	13903556	3503	4598	1094	1096	92.37	16508655	4598	II	cb25.NA_021
13905439	13908628	14206570	14209759	3190	3190	99.78	16508655	16627154	II	II
13909488	13934108	14210084	14234704	24621	24621	99.98	16508655	16627154	II	II
13923030	13924201	15629274	15628097	1172	1178	96.02	16508655	21540570	II	X
13923030	13924201	3171	1994	1172	1178	96.02	16508655	6357	II	cb25.NA_272
13923032	13924113	8252639	8251553	1082	1087	91.54	16508655	19495157	II	V
13924601	13926167	15816555	15814987	1567	1569	99.04	16508655	16627154	II	II
13924601	13926167	2113004	2111450	1567	1555	98.40	16508655	17485439	II	IV
13924601	13926066	13503386	13501920	1466	1467	98.77	16508655	17485439	II	IV
13924601	13926167	3310338	3308773	1567	1566	99.11	16508655	19495157	II	V
13924601	13925624	3946316	3945295	1024	1022	99.02	16508655	19495157	II	V
13924601	13926166	7551271	7549706	1566	1566	98.66	16508655	19495157	II	V
13924601	13926166	16369383	16367819	1566	1565	99.04	16508655	21540570	II	X
13934315	13949347	14235872	14250916	15033	15045	99.53	16508655	16627154	II	II
13949256	13956568	14250481	14257790	7313	7310	99.90	16508655	16627154	II	II
13956847	13998907	14262101	14304153	42061	42053	99.96	16508655	16627154	II	II
13998930	14007625	14308930	14317625	8696	8696	100.00	16508655	16627154	II	II
14000337	14012682	12345	1	12346	12345	99.94	16508655	12345	II	cb25.NA_230
14003311	14004568	1821262	1820005	1258	1258	100.00	16508655	17485439	II	IV
14003312	14004569	3502466	3501209	1258	1258	99.92	16508655	15455979	II	I
14009037	14013392	14318626	14322983	4356	4358	99.15	16508655	16627154	II	II
14012035	14014786	14321449	14324207	2752	2759	95.98	16508655	16627154	II	II
14014173	14018289	14328400	14324310	4117	4091	99.17	16508655	16627154	II	II
14014937	14016524	14324310	14325896	1588	1587	99.87	16508655	16627154	II	II
14016702	14026605	14326074	14335950	9904	9877	99.52	16508655	16627154	II	II
14025799	14029397	14335001	14338607	3599	3607	99.31	16508655	16627154	II	II
14029392	14087285	14339172	14397061	57894	57890	99.98	16508655	16627154	II	II
14039069	14040241	14352275	14351109	1173	1167	91.91	16508655	16627154	II	II
14040988	14042120	14343751	14342656	1133	1096	81.29	16508655	16627154	II	II
14041330	14042697	14350020	14348575	1368	1446	86.33	16508655	16627154	II	II
14062908	14064170	5925699	5924439	1263	1261	99.37	16508655	16627154	II	II
14072522	14073990	3760542	3759078	1469	1465	97.48	16508655	17485439	II	IV
14072938	14073990	2950495	2951575	1053	1081	95.48	16508655	17485439	II	IV
14075731	14076852	4626030	4624893	1122	1138	95.12	16508655	14578851	II	III
14075731	14076852	4631359	4630225	1122	1135	95.30	16508655	14578851	II	III
14075732	14076852	16967605	16966458	1121	1148	96.08	16508655	19495157	II	V
14085079	14118370	14397572	14430857	33292	33286	99.97	16508655	16627154	II	II
14101637	14102792	3904293	3903109	1156	1185	95.13	16508655	19495157	II	V
14103315	14104862	3902042	3900488	1548	1555	97.50	16508655	19495157	II	V
14104515	14106094	614880	613398	1580	1483	91.97	16508655	15455979	II	I
14104967	14106093	3900488	3899384	1127	1105	95.83	16508655	19495157	II	V
14107866	14109476	14524731	14523133	1611	1599	92.88	16508655	16627154	II	II
14107866	14109476	14528661	14527061	1611	1601	93.32	16508655	16627154	II	II
14118473	14121367	14430898	14433792	2895	2895	100.00	16508655	16627154	II	II
14121836	14129537	14436061	14443763	7702	7703	99.96	16508655	16627154	II	II
14125567	14126925	6629232	6627925	1359	1308	86.01	16508655	21540570	II	X
14125569	14127425	5574683	5576524	1857	1842	86.96	16508655	19495157	II	V
14125918	14127972	6627925	6625861	2055	2065	84.26	16508655	21540570	II	X
14129083	14133080	13074853	13070856	3998	3998	100.00	16508655	15455979	II	I
14129083	14130511	20807985	20809413	1429	1429	100.00	16508655	21540570	II	X
14129518	14139544	15359	5343	10027	10017	97.65	16508655	34350	II	cb25.NA_098
14130373	14135853	9537	4080	5481	5458	88.24	16508655	25834	II	cb25.NA_080
14134954	14138183	16366	19594	3230	3229	98.48	16508655	19594	II	cb25.NA_018
14138780	14144342	8057949	8063513	5563	5565	97.45	16508655	14578851	II	III
14141754	14144342	21673	19081	2589	2593	90.99	16508655	24336	II	cb25.NA_194
14141966	14145552	20326631	20323046	3587	3586	99.86	16508655	21540570	II	X
14144860	14157020	20842737	20830591	12161	12147	99.17	16508655	21540570	II	X
14146277	14147371	15103322	15102229	1095	1094	94.98	16508655	16627154	II	II
14147365	14149374	14524976	14522977	2010	2000	93.32	16508655	16627154	II	II
14150170	14155212	1	5044	5043	5044	99.96	16508655	6174	II	cb25.NA_001
14156492	14157596	20831699	20830591	1105	1109	93.87	16508655	21540570	II	X
14156716	14161918	20831699	20826470	5203	5230	98.51	16508655	21540570	II	X
14162090	14174677	20826006	20813420	12588	12587	99.99	16508655	21540570	II	X
14174307	14177208	20813313	20810414	2902	2900	99.93	16508655	21540570	II	X
14177049	14179174	14785398	14783273	2126	2126	94.40	16508655	16627154	II	II
14179642	14180662	14443864	14444884	1021	1021	97.16	16508655	16627154	II	II
14179880	14181336	4769760	4768302	1457	1459	89.53	16508655	14578851	II	III
14179888	14181063	4768821	4767640	1176	1182	83.22	16508655	14578851	II	III
14179909	14181248	4099961	4098622	1340	1340	95.22	16508655	14578851	II	III
14180040	14181390	4770246	4768887	1351	1360	88.99	16508655	14578851	II	III
14180104	14181341	4710753	4711979	1238	1227	88.21	16508655	14578851	II	III
14180245	14181389	5651100	5649955	1145	1146	93.80	16508655	19495157	II	V
14180371	14181390	4770898	4769881	1020	1018	85.20	16508655	14578851	II	III
14180633	14191784	14444127	14455277	11152	11151	99.76	16508655	16627154	II	II
14191765	14201246	14454802	14464284	9482	9483	99.98	16508655	16627154	II	II
14201264	14211268	14464458	14474462	10005	10005	99.48	16508655	16627154	II	II
14210597	14223118	14473607	14486127	12522	12521	99.77	16508655	16627154	II	II
14215087	14216287	13279576	13278372	1201	1205	83.09	16508655	16627154	II	II
14219705	14221320	6809823	6808209	1616	1615	98.82	16508655	19495157	II	V
14219705	14221320	7474891	7473277	1616	1615	98.64	16508655	19495157	II	V
14223464	14236111	14486982	14499628	12648	12647	99.99	16508655	16627154	II	II
14224813	14226037	1647847	1646614	1225	1234	84.10	16508655	15455979	II	I
14227359	14228382	1644281	1643148	1024	1134	75.57	16508655	15455979	II	I
14231343	14232910	14499004	14497428	1568	1577	92.23	16508655	16627154	II	II
14233911	14235487	14496427	14494860	1577	1568	92.23	16508655	16627154	II	II
14236126	14244327	14500283	14508484	8202	8202	99.99	16508655	16627154	II	II
14238233	14264731	44065	17572	26499	26494	99.79	16508655	44065	II	cb25.NA_117
14242829	14244092	10419945	10421207	1264	1263	99.84	16508655	19495157	II	V
14242831	14244089	13031997	13030739	1259	1259	99.92	16508655	16627154	II	II
14242834	14244089	3585840	3584578	1256	1263	99.37	16508655	16627154	II	II
14242836	14244092	6662809	6661553	1257	1257	99.76	16508655	14578851	II	III
14242836	14244092	7982453	7981197	1257	1257	99.76	16508655	14578851	II	III
14251628	14252671	8916233	8915208	1044	1026	94.65	16508655	14578851	II	III
14251628	14252671	6226151	6225122	1044	1030	94.27	16508655	17485439	II	IV
14263926	14280356	18707	2280	16431	16428	99.73	16508655	44065	II	cb25.NA_117
14273949	14276413	14525372	14522908	2465	2465	94.71	16508655	16627154	II	II
14274216	14276413	14529035	14526834	2198	2202	94.16	16508655	16627154	II	II
14274283	14290425	14509485	14525622	16143	16138	99.97	16508655	16627154	II	II
14275315	14276341	3501	4519	1027	1019	93.09	16508655	4598	II	cb25.NA_021
14277912	14279221	1000013	998704	1310	1310	99.54	16508655	19495157	II	V
14277913	14279225	7840531	7839229	1313	1303	98.78	16508655	19495157	II	V
14277914	14279225	11460373	11459083	1312	1291	97.87	16508655	15455979	II	I
14281159	14282390	1232	1	1232	1232	100.00	16508655	44065	II	cb25.NA_117
14283349	14285768	2036749	2034322	2420	2428	98.07	16508655	14578851	II	III
14283349	14285282	3214544	3216473	1934	1930	97.37	16508655	17485439	II	IV
14283650	14285282	13070184	13068536	1633	1649	95.94	16508655	16627154	II	II
14285281	14286965	915154	913453	1685	1702	93.66	16508655	15455979	II	I
14285281	14287304	10662186	10660162	2024	2025	97.45	16508655	14578851	II	III
14285281	14286965	5886	7587	1685	1702	93.66	16508655	9677	II	cb25.NA_243
14285763	14286793	12967630	12966589	1031	1042	91.79	16508655	16627154	II	II
14285884	14287304	13067235	13065813	1421	1423	94.83	16508655	16627154	II	II
14287511	14289815	3146	5450	2305	2305	92.39	16508655	10380	II	cb25.NA_159
14287710	14289841	14511614	14509485	2132	2130	93.98	16508655	16627154	II	II
14287710	14290175	6220	8684	2466	2465	94.75	16508655	44065	II	cb25.NA_117
14287779	14290175	14205016	14202634	2397	2383	93.80	16508655	16627154	II	II
14287935	14289534	14421965	14420355	1600	1611	92.95	16508655	16627154	II	II
14288058	14289894	14712361	14710518	1837	1844	92.16	16508655	16627154	II	II
14288058	14289894	2569	725	1837	1845	92.21	16508655	4809	II	cb25.NA_049
14288286	14289329	5573	6619	1044	1047	90.10	16508655	10380	II	cb25.NA_159
14291004	14293026	14538688	14536663	2023	2026	88.48	16508655	16627154	II	II
14291857	14294051	22658	20476	2195	2183	88.49	16508655	30013	II	cb25.NA_047
14304840	14317819	14525723	14538711	12980	12989	99.58	16508655	16627154	II	II
14306022	14308152	14205016	14202901	2131	2116	93.54	16508655	16627154	II	II
14306301	14308138	14712361	14710518	1838	1844	92.00	16508655	16627154	II	II
14306301	14308138	2569	725	1838	1845	92.05	16508655	4809	II	cb25.NA_049
14313829	14316398	2570	1	2570	2570	100.00	16508655	2570	II	cb25.NA_375
14319547	14321302	659575	657818	1756	1758	89.24	16508655	15455979	II	I
14325828	14329094	14750141	14746891	3267	3251	87.21	16508655	17485439	II	IV
14330721	14332553	3393036	3391210	1833	1827	92.93	16508655	14578851	II	III
14330721	14332591	2180853	2178979	1871	1875	89.23	16508655	21540570	II	X
14330721	14334255	2182501	2178979	3535	3523	89.25	16508655	21540570	II	X
14332015	14333074	4765578	4766637	1060	1060	95.09	16508655	14578851	II	III
14332490	14334469	14602609	14600605	1980	2005	94.86	16508655	16627154	II	II
14334600	14335996	3609909	3608513	1397	1397	94.21	16508655	16627154	II	II
14336210	14338197	14602609	14600605	1988	2005	93.72	16508655	16627154	II	II
14337498	14339499	14602609	14600607	2002	2003	94.96	16508655	16627154	II	II
14338194	14339941	14602609	14600865	1748	1745	92.24	16508655	16627154	II	II
14338937	14346810	14600385	14592512	7874	7874	100.00	16508655	16627154	II	II
14347472	14363509	14591620	14575592	16038	16029	99.88	16508655	16627154	II	II
14362824	14363976	1	1153	1153	1153	94.97	16508655	4896	II	cb25.NA_298
14363367	14368931	14576275	14570715	5565	5561	99.77	16508655	16627154	II	II
14368347	14371233	14539157	14542041	2887	2885	91.37	16508655	16627154	II	II
14368347	14370157	3393011	3391206	1811	1806	91.41	16508655	14578851	II	III
14368704	14370477	869059	867284	1774	1776	91.92	16508655	16627154	II	II
14369177	14370410	3637862	3639093	1234	1232	90.80	16508655	16627154	II	II
14369740	14372093	3405565	3403217	2354	2349	87.91	16508655	14578851	II	III
14370704	14372787	3393285	3391210	2084	2076	90.96	16508655	14578851	II	III
14371289	14382442	14538813	14549988	11154	11176	98.00	16508655	16627154	II	II
14371511	14373470	4765579	4767527	1960	1949	90.92	16508655	14578851	II	III
14371647	14372732	15	1116	1086	1102	92.57	16508655	13831	II	cb25.NA_161
14371924	14373701	869059	867284	1778	1776	92.74	16508655	16627154	II	II
14373164	14374494	1746290	1744953	1331	1338	91.71	16508655	16627154	II	II
14382644	14384173	14550878	14552406	1530	1529	99.93	16508655	16627154	II	II
14382870	14383926	31014	29977	1057	1038	88.68	16508655	34350	II	cb25.NA_098
14382873	14384026	19	1243	1154	1225	85.55	16508655	11249	II	cb25.NA_123
14384376	14393738	14552617	14561978	9363	9362	99.93	16508655	16627154	II	II
14389501	14393529	14570614	14566586	4029	4029	100.00	16508655	16627154	II	II
14393998	14396529	14564644	14562114	2532	2531	99.96	16508655	16627154	II	II
14396529	14404415	10875	2988	7887	7888	99.95	16508655	10875	II	cb25.NA_014
14405713	14407762	2049	1	2050	2049	99.95	16508655	10875	II	cb25.NA_014
14406863	14408846	14540768	14538813	1984	1956	92.80	16508655	16627154	II	II
14406863	14408090	5651033	5649816	1228	1218	93.89	16508655	19495157	II	V
14423207	14424657	14602710	14604160	1451	1451	99.86	16508655	16627154	II	II
14424795	14427358	14604336	14606899	2564	2564	99.69	16508655	16627154	II	II
14427721	14454776	14607095	14634147	27056	27053	99.98	16508655	16627154	II	II
14454910	14456940	14634282	14636312	2031	2031	99.95	16508655	16627154	II	II
14457064	14462941	14636794	14642670	5878	5877	99.98	16508655	16627154	II	II
14457424	14459220	8373222	8375018	1797	1797	97.13	16508655	15455979	II	I
14457424	14459220	13769272	13767469	1797	1804	96.19	16508655	17485439	II	IV
14457425	14459220	8443515	8441720	1796	1796	97.56	16508655	14578851	II	III
14457425	14459220	9156945	9155094	1796	1852	91.97	16508655	14578851	II	III
14457938	14459220	6820229	6818952	1283	1278	96.59	16508655	19495157	II	V
14459219	14464452	19843411	19838198	5234	5214	99.24	16508655	21540570	II	X
14463507	14478299	14642818	14657608	14793	14791	99.97	16508655	16627154	II	II
14463980	14466791	1	2806	2812	2806	99.04	16508655	5887	II	cb25.NA_288
14466094	14469988	1987	5887	3895	3901	98.31	16508655	5887	II	cb25.NA_288
14474224	14475343	2358778	2357642	1120	1137	95.98	16508655	17485439	II	IV
14474224	14475343	2258	1120	1120	1139	96.15	16508655	47958	II	cb25.NA_055
14474731	14476761	16727756	16725712	2031	2045	96.15	16508655	19495157	II	V
14474766	14481690	1	6954	6925	6954	93.20	16508655	11577	II	cb25.NA_234
14475341	14481041	2356392	2350679	5701	5714	92.74	16508655	17485439	II	IV
14475373	14478722	68157	64809	3350	3349	95.76	16508655	79173	II	cb25.NA_037
14475988	14493416	9	17354	17429	17346	99.31	16508655	24336	II	cb25.NA_194
14479004	14481669	6335137	6332472	2666	2666	95.54	16508655	17485439	II	IV
14479012	14481690	64485	61797	2679	2689	91.16	16508655	79173	II	cb25.NA_037
14479530	14480969	6337955	6336516	1440	1440	99.38	16508655	17485439	II	IV
14482445	14484907	60869	58417	2463	2453	97.36	16508655	79173	II	cb25.NA_037
14483585	14484907	16722132	16720820	1323	1313	96.30	16508655	19495157	II	V
14483585	14484907	8545	9857	1323	1313	96.30	16508655	11577	II	cb25.NA_234
14483863	14484907	2339397	2338353	1045	1045	95.31	16508655	17485439	II	IV
14483863	14484907	2346879	2345836	1045	1044	95.22	16508655	17485439	II	IV
14490521	14491828	4906169	4904863	1308	1307	99.69	16508655	14578851	II	III
14490521	14491829	4124791	4123484	1309	1308	99.69	16508655	17485439	II	IV
14493470	14500096	17709	24336	6627	6628	99.80	16508655	24336	II	cb25.NA_194
14493996	14495772	1	1777	1777	1777	100.00	16508655	34350	II	cb25.NA_098
14495824	14496869	1	1046	1046	1046	98.38	16508655	2389	II	cb25.NA_125
14498292	14499410	4093	5212	1119	1120	99.91	16508655	34350	II	cb25.NA_098
14499183	14509992	17116891	17105973	10810	10919	96.65	16508655	21540570	II	X
14499664	14522607	5343	28252	22944	22910	99.59	16508655	34350	II	cb25.NA_098
14500503	14502997	8057930	8055426	2495	2505	98.25	16508655	14578851	II	III
14501010	14504237	19594	16366	3228	3229	97.99	16508655	19594	II	cb25.NA_018
14504453	14506718	16004	13739	2266	2266	97.84	16508655	19594	II	cb25.NA_018
14507386	14508578	13554225	13553032	1193	1194	97.15	16508655	21540570	II	X
14515754	14517006	3705577	3704276	1253	1302	85.16	16508655	19495157	II	V
14515754	14517006	22361	23662	1253	1302	85.16	16508655	24739	II	cb25.NA_210
14516275	14517416	5303362	5302196	1142	1167	83.97	16508655	19495157	II	V
14516275	14517390	20944177	20943080	1116	1098	81.37	16508655	21540570	II	X
14518958	14521803	11465311	11462464	2846	2848	97.97	16508655	17485439	II	IV
14522607	14528460	28500	34350	5854	5851	99.86	16508655	34350	II	cb25.NA_098
14523985	14525122	14552259	14551104	1138	1156	87.44	16508655	16627154	II	II
14528489	14529935	11249	9803	1447	1447	100.00	16508655	11249	II	cb25.NA_123
14530279	14539963	9686	1	9685	9686	99.83	16508655	11249	II	cb25.NA_123
14536536	14537712	14552291	14551107	1177	1185	89.30	16508655	16627154	II	II
14541032	14544559	15275972	15272441	3528	3532	99.63	16508655	17485439	II	IV
14544224	14555983	15270866	15259109	11760	11758	99.75	16508655	17485439	II	IV
14555677	14569073	15258440	15245044	13397	13397	99.66	16508655	17485439	II	IV
14557845	14562097	5874470	5870176	4253	4295	97.79	16508655	14578851	II	III
14562211	14569436	5870169	5862937	7226	7233	98.94	16508655	14578851	II	III
14566055	14569380	1	3326	3326	3326	99.58	16508655	5203	II	cb25.NA_189
14569433	14570712	14659286	14658007	1280	1280	99.38	16508655	16627154	II	II
14572160	14579591	14657709	14665173	7432	7465	99.36	16508655	16627154	II	II
14574118	14575659	14667234	14668775	1542	1542	98.12	16508655	16627154	II	II
14579084	14581688	14665278	14667882	2605	2605	98.00	16508655	16627154	II	II
14580880	14582552	14668917	14670588	1673	1672	99.76	16508655	16627154	II	II
14582362	14583926	14670167	14671732	1565	1566	99.68	16508655	16627154	II	II
14584669	14585707	2955885	2954851	1039	1035	89.88	16508655	16627154	II	II
14584924	14586543	12700953	12699336	1620	1618	90.07	16508655	16627154	II	II
14586131	14588094	12645362	12643396	1964	1967	91.73	16508655	15455979	II	I
14587955	14589918	12645362	12643396	1964	1967	91.52	16508655	15455979	II	I
14588417	14589817	3005679	3004277	1401	1403	92.10	16508655	16627154	II	II
14588870	14590694	14672733	14674566	1825	1834	91.26	16508655	16627154	II	II
14592870	14594662	14672733	14674525	1793	1793	97.32	16508655	16627154	II	II
14593014	14597331	14672733	14677064	4318	4332	96.13	16508655	16627154	II	II
14593669	14594847	4492	5663	1179	1172	89.42	16508655	5978	II	cb25.NA_163
14595796	14598697	14685612	14688510	2902	2899	99.00	16508655	16627154	II	II
14596616	14602544	14676141	14682073	5929	5933	99.19	16508655	16627154	II	II
14598140	14599303	14689512	14688347	1164	1166	99.83	16508655	16627154	II	II
14601881	14613527	14692524	14704169	11647	11646	99.93	16508655	16627154	II	II
14602075	14604425	14682261	14684611	2351	2351	100.00	16508655	16627154	II	II
14613522	14614676	14704562	14705716	1155	1155	100.00	16508655	16627154	II	II
14615067	14617673	14705730	14708337	2607	2608	99.62	16508655	16627154	II	II
14616648	14634064	14707004	14724419	17417	17416	99.90	16508655	16627154	II	II
14619437	14623117	1	3682	3681	3682	99.97	16508655	4809	II	cb25.NA_049
14620161	14622005	14525091	14523256	1845	1836	92.16	16508655	16627154	II	II
14620161	14622005	14529021	14527184	1845	1838	92.05	16508655	16627154	II	II
14624100	14625126	14865157	14864128	1027	1030	86.22	16508655	16627154	II	II
14634431	14636210	14724595	14726374	1780	1780	99.94	16508655	16627154	II	II
14636137	14641879	14726795	14732537	5743	5743	100.00	16508655	16627154	II	II
14643381	14682456	14732591	14771665	39076	39075	99.98	16508655	16627154	II	II
14681948	14690689	14771101	14779842	8742	8742	99.63	16508655	16627154	II	II
14690941	14694602	14779507	14783167	3662	3661	99.95	16508655	16627154	II	II
14700712	14703241	3	2533	2530	2531	88.43	16508655	9108	II	cb25.NA_247
14702186	14703671	15533410	15531909	1486	1502	89.45	16508655	16627154	II	II
14707974	14709172	12925576	12924382	1199	1195	89.10	16508655	15455979	II	I
14718835	14721517	14783273	14785903	2683	2631	92.22	16508655	16627154	II	II
14719751	14726541	14783273	14790059	6791	6787	97.21	16508655	16627154	II	II
14720562	14722409	14783276	14785130	1848	1855	97.36	16508655	16627154	II	II
14721114	14722409	14783268	14784562	1296	1295	95.76	16508655	16627154	II	II
14726586	14729434	14791612	14794465	2849	2854	99.44	16508655	16627154	II	II
14729255	14742752	14793665	14807167	13498	13503	99.86	16508655	16627154	II	II
14742414	14745576	14807399	14810560	3163	3162	99.97	16508655	16627154	II	II
14743114	14744149	14872156	14871157	1036	1000	94.89	16508655	16627154	II	II
14745851	14753760	14811138	14819046	7910	7909	99.99	16508655	16627154	II	II
14753821	14764398	14819672	14830247	10578	10576	99.98	16508655	16627154	II	II
14765118	14766186	14830836	14831904	1069	1069	100.00	16508655	16627154	II	II
14766102	14768317	14205199	14202986	2216	2214	93.68	16508655	16627154	II	II
14766206	14767306	4598	3500	1101	1099	99.55	16508655	4598	II	cb25.NA_021
14766284	14768273	20838222	20840232	1990	2011	93.41	16508655	21540570	II	X
14766285	14768317	14511542	14509503	2033	2040	93.61	16508655	16627154	II	II
14766285	14768317	6292	8332	2033	2041	93.66	16508655	44065	II	cb25.NA_117
14766285	14768317	3421	5458	2033	2038	91.99	16508655	10380	II	cb25.NA_159
14766440	14768028	14421965	14420355	1589	1611	92.75	16508655	16627154	II	II
14766585	14768317	14712338	14710589	1733	1750	92.01	16508655	16627154	II	II
14766585	14768317	2546	796	1733	1751	92.07	16508655	4809	II	cb25.NA_049
14766766	14767868	20840226	20841320	1103	1095	92.88	16508655	21540570	II	X
14767163	14769889	14833129	14835855	2727	2727	100.00	16508655	16627154	II	II
14767734	14771103	3364	1	3370	3364	99.67	16508655	4598	II	cb25.NA_021
14768315	14772607	14853275	14857563	4293	4289	99.35	16508655	16627154	II	II
14771991	14779514	14858371	14850850	7524	7522	99.97	16508655	16627154	II	II
14774303	14777089	1	2784	2787	2784	99.35	16508655	4598	II	cb25.NA_021
14775512	14777089	14835855	14834281	1578	1575	98.86	16508655	16627154	II	II
14779633	14791457	14849652	14837828	11825	11825	99.97	16508655	16627154	II	II
14785621	14794640	14858472	14867491	9020	9020	100.00	16508655	16627154	II	II
14791277	14792306	14715482	14714456	1030	1027	86.22	16508655	16627154	II	II
14794587	14821413	14867402	14894226	26827	26825	99.99	16508655	16627154	II	II
14823991	14825266	14896112	14897388	1276	1277	99.77	16508655	16627154	II	II
14825282	14831758	14898508	14904983	6477	6476	99.95	16508655	16627154	II	II
14831783	14833349	14905120	14906686	1567	1567	100.00	16508655	16627154	II	II
14833423	14839853	14907814	14914242	6431	6429	99.97	16508655	16627154	II	II
14841266	14852151	14915079	14925962	10886	10884	99.98	16508655	16627154	II	II
14852946	14854437	14926420	14927911	1492	1492	100.00	16508655	16627154	II	II
14854475	14874176	14929218	14948871	19702	19654	99.71	16508655	16627154	II	II
14874250	14890826	14949211	14965785	16577	16575	99.99	16508655	16627154	II	II
14891041	14908286	14966927	14984158	17246	17232	99.59	16508655	16627154	II	II
14907157	14908543	3499	2106	1387	1394	91.49	16508655	40913	II	cb25.fpc4366
14908540	14910291	14685057	14683310	1752	1748	92.81	16508655	17485439	II	IV
14909000	14910206	1248617	1247413	1207	1205	93.79	16508655	15455979	II	I
14909124	14910276	14983003	14984158	1153	1156	95.25	16508655	16627154	II	II
14909438	14913773	15074023	15078355	4336	4333	99.38	16508655	16627154	II	II
14914103	14916418	15078958	15081272	2316	2315	99.96	16508655	16627154	II	II
14916924	14935239	15081257	15099567	18316	18311	99.97	16508655	16627154	II	II
14934801	14940947	15098254	15104399	6147	6146	99.97	16508655	16627154	II	II
14938093	14940370	3218	5515	2278	2298	90.40	16508655	10380	II	cb25.NA_159
14938226	14940331	14511614	14509485	2106	2130	90.88	16508655	16627154	II	II
14938226	14940495	6220	8515	2270	2296	91.35	16508655	44065	II	cb25.NA_117
14938297	14940495	14205016	14202803	2199	2214	93.58	16508655	16627154	II	II
14938453	14940030	14421965	14420355	1578	1611	88.74	16508655	16627154	II	II
14938596	14940384	14712338	14710518	1789	1821	91.34	16508655	16627154	II	II
14938596	14940384	2546	725	1789	1822	91.39	16508655	4809	II	cb25.NA_049
14938777	14939870	20840226	20841320	1094	1095	94.98	16508655	21540570	II	X
14939318	14940444	6619	7746	1127	1128	94.60	16508655	10380	II	cb25.NA_159
14940965	14966438	15104729	15130199	25474	25471	99.96	16508655	16627154	II	II
14966500	14995706	15130853	15160054	29207	29202	99.98	16508655	16627154	II	II
14967414	14968667	13628324	13627072	1254	1253	99.92	16508655	16627154	II	II
14995859	15013871	15164134	15182137	18013	18004	99.80	16508655	16627154	II	II
15013235	15014295	15181085	15182137	1061	1053	92.76	16508655	16627154	II	II
15014426	15015492	1199781	1200847	1067	1067	93.06	16508655	15455979	II	I
15015890	15031979	15184462	15200551	16090	16090	100.00	16508655	16627154	II	II
15032299	15052203	15200987	15220889	19905	19903	99.96	16508655	16627154	II	II
15051690	15053848	15220263	15222412	2159	2150	98.05	16508655	16627154	II	II
15053340	15058011	15221696	15226366	4672	4671	98.55	16508655	16627154	II	II
15057954	15061527	15232279	15235850	3574	3572	99.94	16508655	16627154	II	II
15061548	15062960	5027859	5029244	1413	1386	90.46	16508655	21540570	II	X
15061642	15063247	15369659	15371254	1606	1596	96.16	16508655	16627154	II	II
15062933	15063989	15369659	15370715	1057	1057	99.53	16508655	16627154	II	II
15063589	15067290	15371408	15375122	3702	3715	99.19	16508655	16627154	II	II
15069724	15073047	15374446	15377768	3324	3323	99.94	16508655	16627154	II	II
15073197	15075376	15378289	15380466	2180	2178	99.59	16508655	16627154	II	II
15075394	15111795	15380771	15417169	36402	36399	99.98	16508655	16627154	II	II
15112299	15116614	15417335	15421650	4316	4316	100.00	16508655	16627154	II	II
15117512	15118747	15421809	15423044	1236	1236	100.00	16508655	16627154	II	II
15119557	15120772	15424278	15425493	1216	1216	100.00	16508655	16627154	II	II
15123008	15124793	15334271	15332486	1786	1786	99.89	16508655	16627154	II	II
15124563	15163483	15332275	15293362	38921	38914	99.98	16508655	16627154	II	II
15160214	15162175	15284353	15286275	1962	1923	96.14	16508655	16627154	II	II
15163597	15165597	15292701	15290700	2001	2002	99.95	16508655	16627154	II	II
15165800	15169253	15290244	15286791	3454	3454	100.00	16508655	16627154	II	II
15169755	15172341	15286410	15283825	2587	2586	99.96	16508655	16627154	II	II
15169890	15171813	15294670	15296630	1924	1961	96.09	16508655	16627154	II	II
15172368	15196382	15282671	15258660	24015	24012	99.85	16508655	16627154	II	II
15174675	15175876	7263492	7262285	1202	1208	96.53	16508655	15455979	II	I
15174675	15175813	13991341	13990201	1139	1141	95.91	16508655	16627154	II	II
15177254	15178512	7497800	7496544	1259	1257	99.60	16508655	19495157	II	V
15177254	15178509	8025713	8024460	1256	1254	99.44	16508655	21540570	II	X
15183468	15186302	2834	1	2835	2834	99.96	16508655	2834	II	cb25.NA_361
15196263	15197947	15258598	15256914	1685	1685	99.94	16508655	16627154	II	II
15197915	15203565	15256863	15251213	5651	5651	99.81	16508655	16627154	II	II
15198374	15203241	1	4866	4868	4866	99.77	16508655	5850	II	cb25.NA_290
15202949	15204178	5845	4616	1230	1230	99.67	16508655	5850	II	cb25.NA_290
15203756	15209398	15247744	15242106	5643	5639	99.68	16508655	16627154	II	II
15209148	15215216	15235951	15242051	6069	6101	99.39	16508655	16627154	II	II
15214955	15216172	15247324	15248542	1218	1219	99.18	16508655	16627154	II	II
15217036	15218699	15249345	15251008	1664	1664	100.00	16508655	16627154	II	II
15218996	15226767	15369554	15361778	7772	7777	99.86	16508655	16627154	II	II
15226843	15230447	15361939	15358335	3605	3605	99.81	16508655	16627154	II	II
15230705	15234038	15357495	15354129	3334	3367	97.22	16508655	16627154	II	II
15232888	15233957	15354922	15353850	1070	1073	97.20	16508655	16627154	II	II
15233412	15234485	15355275	15354202	1074	1074	97.02	16508655	16627154	II	II
15234211	15236625	15354124	15351710	2415	2415	99.92	16508655	16627154	II	II
15236441	15242471	15352027	15345997	6031	6031	99.95	16508655	16627154	II	II
15242481	15248189	15346089	15340390	5709	5700	99.49	16508655	16627154	II	II
15247495	15253179	15341175	15335497	5685	5679	99.40	16508655	16627154	II	II
15254905	15256142	2877467	2876217	1238	1251	89.37	16508655	19495157	II	V
15255960	15257290	1	1331	1331	1331	100.00	16508655	4443	II	cb25.NA_048
15256925	15258596	1430	3101	1672	1672	100.00	16508655	4443	II	cb25.NA_048
15259049	15260315	3177	4443	1267	1267	100.00	16508655	4443	II	cb25.NA_048
15266293	15268423	10380	8250	2131	2131	99.53	16508655	10380	II	cb25.NA_159
15269424	15277460	8035	1	8037	8035	99.88	16508655	10380	II	cb25.NA_159
15269715	15270842	15103896	15102770	1128	1127	94.60	16508655	16627154	II	II
15269761	15270842	14529035	14527951	1082	1085	93.39	16508655	16627154	II	II
15271946	15274315	14525077	14522709	2370	2369	92.43	16508655	16627154	II	II
15271946	15274315	14529007	14526635	2370	2373	92.14	16508655	16627154	II	II
15272003	15273173	14834283	14833129	1171	1155	92.75	16508655	16627154	II	II
15273031	15274040	3501	4519	1010	1019	91.45	16508655	4598	II	cb25.NA_021
15273735	15277898	15461006	15456848	4164	4159	99.81	16508655	16627154	II	II
15274315	15275647	518041	516744	1333	1298	96.40	16508655	17485439	II	IV
15277423	15278654	1469782	1468553	1232	1230	93.34	16508655	15455979	II	I
15278533	15282769	15456570	15452337	4237	4234	99.86	16508655	16627154	II	II
15282895	15292610	15451501	15441747	9716	9755	99.52	16508655	16627154	II	II
15289834	15308524	15444811	15426098	18691	18714	98.53	16508655	16627154	II	II
15291571	15292878	13337314	13335995	1308	1320	92.51	16508655	14578851	II	III
15291873	15292878	15570903	15569888	1006	1016	90.55	16508655	16627154	II	II
15308644	15312691	15461145	15465192	4048	4048	99.98	16508655	16627154	II	II
15314209	15323347	15467329	15476466	9139	9138	99.88	16508655	16627154	II	II
15323622	15326901	15477012	15480291	3280	3280	100.00	16508655	16627154	II	II
15327193	15331132	15480630	15484568	3940	3939	99.95	16508655	16627154	II	II
15331183	15336810	15485367	15490993	5628	5627	99.98	16508655	16627154	II	II
15337074	15339045	15490983	15492953	1972	1971	99.95	16508655	16627154	II	II
15339124	15356341	15493639	15510855	17218	17217	99.91	16508655	16627154	II	II
15355616	15356888	11859683	11858404	1273	1280	93.52	16508655	15455979	II	I
15355622	15356853	11858920	11857685	1232	1236	93.61	16508655	15455979	II	I
15355703	15356788	2586161	2585067	1086	1095	93.16	16508655	16627154	II	II
15356284	15358286	15510975	15512977	2003	2003	100.00	16508655	16627154	II	II
15358098	15359892	15513561	15515355	1795	1795	99.83	16508655	16627154	II	II
15360408	15375088	15530105	15515456	14681	14650	99.21	16508655	16627154	II	II
15377638	15379287	15517100	15515457	1650	1644	92.74	16508655	16627154	II	II
15379526	15381166	15517100	15515458	1641	1643	91.59	16508655	16627154	II	II
15384797	15386290	15533410	15531909	1494	1502	90.95	16508655	16627154	II	II
15388457	15389938	15533406	15531909	1482	1498	91.74	16508655	16627154	II	II
15391059	15392063	16499	17507	1005	1009	92.87	16508655	25520	II	cb25.NA_144
15392064	15413190	31036	9852	21127	21185	99.31	16508655	31037	II	cb25.NA_023
15412680	15414296	10922	9321	1617	1602	88.14	16508655	11140	II	cb25.NA_044
15412692	15414164	15533393	15531909	1473	1485	89.59	16508655	16627154	II	II
15413181	15414630	8481	7060	1450	1422	88.83	16508655	11140	II	cb25.NA_044
15413205	15414253	15531282	15530243	1049	1040	89.61	16508655	16627154	II	II
15414060	15416338	9204	6925	2279	2280	99.39	16508655	31037	II	cb25.NA_023
15416400	15422885	6486	1	6486	6486	100.00	16508655	31037	II	cb25.NA_023
15422122	15423339	2898	1678	1218	1221	99.51	16508655	11140	II	cb25.NA_044
15423359	15428361	2903	7914	5003	5012	99.82	16508655	11140	II	cb25.NA_044
15425000	15428861	4545	8398	3862	3854	99.02	16508655	11140	II	cb25.NA_044
15427119	15428322	1214	1	1204	1214	99.09	16508655	11140	II	cb25.NA_044
15427537	15428551	10124	11138	1015	1015	99.90	16508655	11140	II	cb25.NA_044
15427909	15429555	1144273	1145910	1647	1638	88.53	16508655	16627154	II	II
15428351	15429844	15531909	15533410	1494	1502	93.79	16508655	16627154	II	II
15428769	15430388	9372	10999	1620	1628	97.54	16508655	11140	II	cb25.NA_044
15428895	15438148	15531909	15541169	9254	9261	98.70	16508655	16627154	II	II
15428907	15430361	7060	8482	1455	1423	95.67	16508655	11140	II	cb25.NA_044
15429345	15430385	15530243	15531283	1041	1041	99.81	16508655	16627154	II	II
15438248	15447763	15541182	15550694	9516	9513	99.97	16508655	16627154	II	II
15448161	15454284	15551181	15557348	6124	6168	98.74	16508655	16627154	II	II
15451735	15453064	2925361	2924036	1330	1326	95.38	16508655	14578851	II	III
15453802	15458089	15557896	15562182	4288	4287	99.93	16508655	16627154	II	II
15458137	15463738	15562465	15568066	5602	5602	100.00	16508655	16627154	II	II
15464218	15465856	15568463	15570111	1639	1649	98.18	16508655	16627154	II	II
15465319	15470447	15570366	15575492	5129	5127	99.49	16508655	16627154	II	II
15470874	15480155	15575487	15584768	9282	9282	99.95	16508655	16627154	II	II
15480563	15481771	3574759	3573548	1209	1212	92.75	16508655	15455979	II	I
15481257	15501280	15648799	15668821	20024	20023	99.83	16508655	16627154	II	II
15482269	15483544	4301242	4299974	1276	1269	98.98	16508655	19495157	II	V
15482281	15483544	3633346	3632087	1264	1260	99.45	16508655	16627154	II	II
15482282	15483545	16872909	16871650	1264	1260	99.53	16508655	21540570	II	X
15482283	15483545	18894438	18893181	1263	1258	99.37	16508655	21540570	II	X
15482286	15483549	7957523	7956265	1264	1259	99.29	16508655	19495157	II	V
15482286	15483546	14687526	14688783	1261	1258	99.52	16508655	21540570	II	X
15482287	15483550	6050945	6049687	1264	1259	99.45	16508655	19495157	II	V
15502064	15507732	15669482	15675149	5669	5668	99.14	16508655	16627154	II	II
15506715	15509675	15674253	15677221	2961	2969	97.85	16508655	16627154	II	II
15506721	15507732	574470	573451	1012	1020	91.19	16508655	15455979	II	I
15508620	15509675	13336986	13335932	1056	1055	93.62	16508655	14578851	II	III
15509018	15518813	15677368	15687182	9796	9815	99.76	16508655	16627154	II	II
15518869	15522133	15687749	15691013	3265	3265	99.97	16508655	16627154	II	II
15522183	15532362	15691499	15701678	10180	10180	100.00	16508655	16627154	II	II
15533017	15551816	15702230	15721027	18800	18798	99.90	16508655	16627154	II	II
15534499	15535712	1291	2503	1214	1213	99.84	16508655	2504	II	cb25.NA_119
15551937	15564706	15721206	15733977	12770	12772	99.79	16508655	16627154	II	II
15565979	15582378	15734478	15750877	16400	16400	99.99	16508655	16627154	II	II
15580316	15581330	2743466	2742449	1015	1018	87.91	16508655	14578851	II	III
15582162	15584784	15751358	15753980	2623	2623	99.39	16508655	16627154	II	II
15584849	15586950	15754075	15756176	2102	2102	100.00	16508655	16627154	II	II
15587031	15595355	15756648	15764972	8325	8325	100.00	16508655	16627154	II	II
15595440	15597457	15765177	15767194	2018	2018	100.00	16508655	16627154	II	II
15597747	15599333	15767502	15769088	1587	1587	99.81	16508655	16627154	II	II
15599485	15661289	15774163	15835961	61805	61799	99.99	16508655	16627154	II	II
15640312	15641549	15875768	15874532	1238	1237	99.84	16508655	16627154	II	II
15640312	15641885	13720725	13719154	1574	1572	98.92	16508655	14578851	II	III
15661568	15672072	15835972	15846476	10505	10505	100.00	16508655	16627154	II	II
15672275	15723850	15847161	15898676	51576	51516	99.84	16508655	16627154	II	II
15694503	15695739	15875767	15874532	1237	1236	99.76	16508655	16627154	II	II
15694503	15696073	1767896	1766327	1571	1570	98.73	16508655	19495157	II	V
15699649	15700885	15816223	15814987	1237	1237	99.76	16508655	16627154	II	II
15699649	15700880	15870623	15869393	1232	1231	99.84	16508655	16627154	II	II
15699649	15700885	2112674	2111450	1237	1225	98.38	16508655	17485439	II	IV
15699649	15700784	13503056	13501920	1136	1137	98.86	16508655	17485439	II	IV
15699649	15700885	3310008	3308773	1237	1236	99.43	16508655	19495157	II	V
15699649	15700884	7550941	7549706	1236	1236	98.79	16508655	19495157	II	V
15699649	15700884	16369053	16367819	1236	1235	99.35	16508655	21540570	II	X
15722768	15725355	5288019	5285432	2588	2588	99.77	16508655	19495157	II	V
15723981	15725119	15898803	15899941	1139	1139	100.00	16508655	16627154	II	II
15723981	15725356	1592499	1591123	1376	1377	99.64	16508655	19495157	II	V
15725814	15727532	15900057	15901775	1719	1719	99.83	16508655	16627154	II	II
15727660	15729051	15901711	15903070	1392	1360	97.56	16508655	16627154	II	II
15727665	15729051	15901708	15903070	1387	1363	98.13	16508655	16627154	II	II
15729365	15746875	15903056	15920565	17511	17510	99.94	16508655	16627154	II	II
15747006	15753744	15921499	15928235	6739	6737	99.96	16508655	16627154	II	II
15753759	15758992	15928495	15933727	5234	5233	99.94	16508655	16627154	II	II
15759848	15776735	15933818	15950700	16888	16883	99.96	16508655	16627154	II	II
15776750	15782356	15951950	15957555	5607	5606	99.75	16508655	16627154	II	II
15782382	15788358	15958167	15964141	5977	5975	99.95	16508655	16627154	II	II
15784496	15785754	8112965	8114223	1259	1259	99.68	16508655	15455979	II	I
15788623	15800353	15963886	15975614	11731	11729	99.92	16508655	16627154	II	II
15800461	15806489	15976105	15982133	6029	6029	99.75	16508655	16627154	II	II
15806310	15808265	18199591	18201491	1956	1901	91.28	16508655	19495157	II	V
15806637	15808282	15585769	15587410	1646	1642	98.48	16508655	16627154	II	II
15808282	15816632	15588078	15596432	8351	8355	99.90	16508655	16627154	II	II
15813956	15815014	9504175	9503109	1059	1067	97.67	16508655	21540570	II	X
15813995	15815133	15694518	15693371	1139	1148	97.83	16508655	19495157	II	V
15814033	15815133	2241695	2240585	1101	1111	98.03	16508655	17485439	II	IV
15814073	15815133	15984437	15983301	1061	1137	93.23	16508655	16627154	II	II
15814073	15815076	7094827	7093832	1004	996	96.66	16508655	14578851	II	III
15814073	15815133	5027369	5026278	1061	1092	96.98	16508655	17485439	II	IV
15814073	15815133	15234284	15233192	1061	1093	97.07	16508655	21540570	II	X
15817393	15818650	3585839	3584578	1258	1262	99.52	16508655	16627154	II	II
15817394	15818650	14687527	14688781	1257	1255	99.60	16508655	21540570	II	X
15818022	15828008	15982259	15992248	9987	9990	99.68	16508655	16627154	II	II
15818649	15820143	15690806	15689281	1495	1526	97.25	16508655	19495157	II	V
15819064	15820200	15594929	15593772	1137	1158	98.19	16508655	16627154	II	II
15828136	15831043	15992459	15995365	2908	2907	99.97	16508655	16627154	II	II
15831238	15839374	15995376	16003510	8137	8135	99.50	16508655	16627154	II	II
15837755	15839373	4568787	4567172	1619	1616	99.44	16508655	17485439	II	IV
15838912	15860608	16005331	16027024	21697	21694	99.98	16508655	16627154	II	II
15860668	15903461	16027373	16070168	42794	42796	99.83	16508655	16627154	II	II
15872476	15875164	3853	1173	2689	2681	99.70	16508655	3853	II	cb25.NA_178
15903507	15910590	16070880	16077962	7084	7083	99.96	16508655	16627154	II	II
15910795	15926109	16077942	16093252	15315	15311	99.94	16508655	16627154	II	II
15926156	15927797	16093716	16095355	1642	1640	99.88	16508655	16627154	II	II
15927614	15928848	13553786	13552549	1235	1238	95.25	16508655	16627154	II	II
15928161	15953166	16095756	16120775	25006	25020	99.92	16508655	16627154	II	II
15953273	15954673	16121216	16122616	1401	1401	100.00	16508655	16627154	II	II
15954083	15956332	15600325	15602574	2250	2250	98.76	16508655	16627154	II	II
15957755	15961840	15598489	15602574	4086	4086	99.39	16508655	16627154	II	II
15958367	15990053	15598489	15630171	31687	31683	99.72	16508655	16627154	II	II
15960815	15962452	15598489	15600126	1638	1638	99.33	16508655	16627154	II	II
15990173	15993003	15630523	15633352	2831	2830	99.96	16508655	16627154	II	II
15993114	16006644	15634265	15647785	13531	13521	99.62	16508655	16627154	II	II
16006719	16014968	4408244	4416493	8250	8250	99.90	16508655	17485439	II	IV
16015368	16032572	16141325	16158528	17205	17204	99.99	16508655	16627154	II	II
16029923	16032069	3878574	3880718	2147	2145	99.58	16508655	15455979	II	I
16029924	16032074	11503508	11501358	2151	2151	99.49	16508655	16627154	II	II
16030771	16031967	16158539	16159739	1197	1201	99.67	16508655	16627154	II	II
16031296	16032912	16162088	16160472	1617	1617	99.69	16508655	16627154	II	II
16032901	16064129	16162089	16193313	31229	31225	99.99	16508655	16627154	II	II
16064131	16113829	16201617	16251312	49699	49696	99.99	16508655	16627154	II	II
16114345	16141284	16252659	16279602	26940	26944	99.96	16508655	16627154	II	II
16141285	16153982	16279952	16292647	12698	12696	99.98	16508655	16627154	II	II
16145928	16155185	16126488	16135747	9258	9260	99.92	16508655	16627154	II	II
16155368	16160207	16136064	16140903	4840	4840	100.00	16508655	16627154	II	II
16157480	16159141	16292658	16294319	1662	1662	100.00	16508655	16627154	II	II
16157602	16158732	13419395	13418266	1131	1130	99.03	16508655	21540570	II	X
16157609	16158726	646692	645575	1118	1118	99.91	16508655	14578851	II	III
16157609	16158727	13092444	13091326	1119	1119	99.73	16508655	17485439	II	IV
16157609	16158726	19449	18333	1118	1117	99.73	16508655	47958	II	cb25.NA_055
16160398	16189458	16295279	16324335	29061	29057	99.99	16508655	16627154	II	II
16189450	16210995	16324593	16346137	21546	21545	99.99	16508655	16627154	II	II
16210986	16233475	16347238	16369726	22490	22489	99.99	16508655	16627154	II	II
16233485	16235106	14484332	14482713	1622	1620	98.89	16508655	16627154	II	II
16233977	16356693	16370275	16492912	122717	122638	99.92	16508655	16627154	II	II
16356691	16359614	3002	35	2924	2968	96.40	16508655	3259	II	cb25.NA_343
16356702	16360921	16490666	16494969	4220	4304	92.86	16508655	16627154	II	II
16358805	16363131	16490648	16494969	4327	4322	95.35	16508655	16627154	II	II
16358870	16362180	3259	1	3311	3259	95.39	16508655	3259	II	cb25.NA_343
16365122	16369406	16490648	16494916	4285	4269	94.89	16508655	16627154	II	II
16367953	16372271	16490648	16494968	4319	4321	94.43	16508655	16627154	II	II
16368018	16371258	3259	35	3241	3225	94.85	16508655	3259	II	cb25.NA_343
16368913	16462221	16490648	16583949	93309	93302	99.80	16508655	16627154	II	II
16371150	16373237	3259	1258	2088	2002	92.20	16508655	3259	II	cb25.NA_343
16399188	16400460	13183428	13182142	1273	1287	95.89	16508655	17485439	II	IV
16399190	16400439	8700483	8699224	1250	1260	95.73	16508655	21540570	II	X
16399194	16400439	10108555	10107298	1246	1258	95.81	16508655	21540570	II	X
16399194	16400439	20018649	20017391	1246	1259	95.80	16508655	21540570	II	X
16403177	16404786	16165417	16163815	1610	1603	98.76	16508655	19495157	II	V
16462426	16485439	16584486	16607497	23014	23012	99.88	16508655	16627154	II	II
16478250	16497606	16607799	16627154	19357	19356	99.99	16508655	16627154	II	II
16489377	16491008	16899335	16897720	1632	1616	92.27	16508655	19495157	II	V
16489919	16491012	47378	48468	1094	1091	93.94	16508655	17485439	II	IV
16493576	16494646	10067	11126	1071	1060	88.93	16508655	11126	II	cb25.NA_236
16495013	16496132	16126387	16125268	1120	1120	100.00	16508655	16627154	II	II
16497996	16499595	16125216	16123617	1600	1600	99.94	16508655	16627154	II	II
16500159	16501775	639675	641275	1617	1601	97.59	16508655	21540570	II	X
7244	8540	2389	1093	1297	1297	100.00	14866565	2389	III	cb25.NA_125
7955	12744	3567768	3563028	4790	4741	98.23	14866565	19495157	III	V
8219	13468	24332	19081	5250	5252	96.61	14866565	24336	III	cb25.NA_194
8827	10042	5225	6439	1216	1215	99.59	14866565	6439	III	cb25.NA_051
8901	10019	5212	4093	1119	1120	98.84	14866565	34350	III	cb25.NA_098
9320	10638	18550206	18551533	1319	1328	81.37	14866565	19495157	III	V
9359	10574	13010098	13011304	1216	1207	88.32	14866565	15455979	III	I
11299	13468	17052415	17054585	2170	2171	96.96	14866565	19495157	III	V
11442	12487	1046	1	1046	1046	100.00	14866565	2389	III	cb25.NA_125
14121	18739	650993	646377	4619	4617	99.96	14866565	21540570	III	X
18774	25252	645744	639267	6479	6478	99.97	14866565	21540570	III	X
20852	21892	1	1041	1041	1041	100.00	14866565	3853	III	cb25.NA_178
23421	25032	14522949	14524561	1612	1613	97.12	14866565	14578851	III	III
25643	28089	1	2444	2447	2444	99.51	14866565	48291	III	cb25.NA_108
27431	29804	4159	1786	2374	2374	100.00	14866565	48291	III	cb25.NA_108
29146	50532	3501	24885	21387	21385	99.99	14866565	48291	III	cb25.NA_108
50830	67840	31260	48269	17011	17010	99.97	14866565	48291	III	cb25.NA_108
66144	67395	11243303	11242091	1252	1213	94.12	14866565	14578851	III	III
66144	67434	778806	777561	1291	1246	93.89	14866565	19495157	III	V
66144	67434	6181845	6180594	1291	1252	94.83	14866565	19495157	III	V
66144	67437	19202127	19200875	1294	1253	94.14	14866565	19495157	III	V
66144	67434	12801742	12800495	1291	1248	94.51	14866565	21540570	III	X
67911	75396	7485	1	7486	7485	99.99	14866565	7485	III	cb25.NA_263
71129	148238	1	77103	77110	77103	99.99	14866565	14578851	III	III
146443	148559	74989	77105	2117	2117	99.01	14866565	14578851	III	III
149054	202908	118595	172447	53855	53853	99.98	14866565	14578851	III	III
207794	290660	171882	254741	82867	82860	99.97	14866565	14578851	III	III
287740	291893	262037	257886	4154	4152	99.95	14866565	14578851	III	III
291322	295552	254415	258645	4231	4231	99.91	14866565	14578851	III	III
297014	299741	254547	251821	2728	2727	99.78	14866565	14578851	III	III
297014	367440	259312	329728	70427	70417	99.95	14866565	14578851	III	III
367543	373635	330101	336194	6093	6094	99.93	14866565	14578851	III	III
368196	376428	8233	1	8233	8233	100.00	14866565	8233	III	cb25.NA_253
369621	381591	336342	348313	11971	11972	99.97	14866565	14578851	III	III
381750	385735	348836	352821	3986	3986	100.00	14866565	14578851	III	III
385851	427786	353746	395684	41936	41939	99.94	14866565	14578851	III	III
427794	437344	395933	405483	9551	9551	100.00	14866565	14578851	III	III
438345	439553	3476968	3475730	1209	1239	94.54	14866565	17485439	III	IV
438655	450463	405920	417726	11809	11807	99.98	14866565	14578851	III	III
450564	485198	420701	455330	34635	34630	99.98	14866565	14578851	III	III
475120	476368	3892	2645	1249	1248	99.92	14866565	5063	III	cb25.NA_079
477341	479974	2634	1	2634	2634	100.00	14866565	5063	III	cb25.NA_079
478037	479499	108545	110006	1463	1462	99.93	14866565	14578851	III	III
485148	487987	455341	458180	2840	2840	99.93	14866565	14578851	III	III
488042	496019	459144	467121	7978	7978	99.97	14866565	14578851	III	III
496140	538073	468072	510000	41934	41929	99.99	14866565	14578851	III	III
538190	546889	510010	518708	8700	8699	99.97	14866565	14578851	III	III
547014	562086	519226	534296	15073	15071	99.91	14866565	14578851	III	III
556594	564433	534751	542589	7840	7839	99.90	14866565	14578851	III	III
564422	633733	543106	612414	69312	69309	99.98	14866565	14578851	III	III
633876	652772	613291	632185	18897	18895	99.99	14866565	14578851	III	III
652934	683617	632471	663150	30684	30680	99.98	14866565	14578851	III	III
683725	689273	663492	669038	5549	5547	99.06	14866565	14578851	III	III
688546	707894	667708	687054	19349	19347	99.93	14866565	14578851	III	III
707911	726269	687260	705617	18359	18358	99.99	14866565	14578851	III	III
726369	734074	705707	713412	7706	7706	99.96	14866565	14578851	III	III
734018	750326	713878	730183	16309	16306	99.98	14866565	14578851	III	III
750565	778733	730246	758409	28169	28164	99.96	14866565	14578851	III	III
774490	800139	758559	784209	25650	25651	99.99	14866565	14578851	III	III
800842	803971	784443	787572	3130	3130	100.00	14866565	14578851	III	III
804248	831383	788925	816056	27136	27132	99.99	14866565	14578851	III	III
809800	814284	681317	676771	4485	4547	96.07	14866565	21540570	III	X
831561	856042	816145	840624	24482	24480	99.91	14866565	14578851	III	III
831595	832636	7477864	7476819	1042	1046	90.85	14866565	16627154	III	II
831612	833357	514	2288	1746	1775	89.13	14866565	9108	III	cb25.NA_247
831681	833357	13429812	13428122	1677	1691	91.03	14866565	16627154	III	II
831992	833357	6054388	6055757	1366	1370	89.30	14866565	16627154	III	II
845092	846192	54	1153	1101	1100	87.87	14866565	4896	III	cb25.NA_298
856034	876006	840956	860926	19973	19971	99.97	14866565	14578851	III	III
876054	882634	112014	118595	6581	6582	99.89	14866565	14578851	III	III
876054	877850	862723	860926	1797	1798	99.67	14866565	14578851	III	III
883946	930738	863112	909896	46793	46785	99.98	14866565	14578851	III	III
905258	906459	1633510	1634711	1202	1202	100.00	14866565	14578851	III	III
908545	910749	1636885	1639089	2205	2205	100.00	14866565	14578851	III	III
930796	995146	910028	974371	64351	64344	99.97	14866565	14578851	III	III
978878	983555	1627831	1632509	4678	4679	99.98	14866565	14578851	III	III
995011	1002986	974946	982921	7976	7976	99.84	14866565	14578851	III	III
1003043	1009468	983452	989877	6426	6426	100.00	14866565	14578851	III	III
1009564	1025846	990201	1006483	16283	16283	100.00	14866565	14578851	III	III
1025919	1037383	1006769	1018231	11465	11463	99.96	14866565	14578851	III	III
1035181	1036443	11532925	11531663	1263	1263	99.53	14866565	15455979	III	I
1035184	1036443	4953763	4952504	1260	1260	99.84	14866565	17485439	III	IV
1035185	1036439	7800350	7799096	1255	1255	100.00	14866565	19495157	III	V
1038636	1044291	1019441	1025095	5656	5655	99.77	14866565	14578851	III	III
1043281	1044293	1026507	1025495	1013	1013	97.24	14866565	14578851	III	III
1044363	1049728	1026506	1031870	5366	5365	99.98	14866565	14578851	III	III
1049846	1060343	1031884	1042380	10498	10497	99.98	14866565	14578851	III	III
1060315	1065507	1042718	1047910	5193	5193	100.00	14866565	14578851	III	III
1065487	1079312	1047997	1061822	13826	13826	99.99	14866565	14578851	III	III
1079420	1095013	1062342	1077933	15594	15592	99.79	14866565	14578851	III	III
1095204	1121443	1078159	1104397	26240	26239	99.99	14866565	14578851	III	III
1121504	1135355	1104852	1118702	13852	13851	99.99	14866565	14578851	III	III
1135516	1146274	1119076	1129833	10759	10758	99.99	14866565	14578851	III	III
1146317	1151786	1131019	1136487	5470	5469	99.98	14866565	14578851	III	III
1147541	1163822	1640108	1656389	16282	16282	100.00	14866565	14578851	III	III
1157165	1177279	1144021	1164133	20115	20113	99.96	14866565	14578851	III	III
1170898	1177839	1	6942	6942	6942	100.00	14866565	6942	III	cb25.NA_266
1177439	1179617	1164133	1166263	2179	2131	97.16	14866565	14578851	III	III
1179768	1191627	1166928	1178784	11860	11857	99.97	14866565	14578851	III	III
1191704	1193249	1179618	1181163	1546	1546	100.00	14866565	14578851	III	III
1193773	1195157	1181407	1182791	1385	1385	100.00	14866565	14578851	III	III
1195390	1196855	1466	1	1466	1466	99.80	14866565	2480	III	cb25.NA_196
1197790	1216542	1183662	1202414	18753	18753	100.00	14866565	14578851	III	III
1216560	1292098	1202519	1278057	75539	75539	99.99	14866565	14578851	III	III
1292518	1294220	1278187	1279889	1703	1703	99.77	14866565	14578851	III	III
1294375	1298373	1280299	1284296	3999	3998	99.65	14866565	14578851	III	III
1298356	1311789	1284423	1297857	13434	13435	99.81	14866565	14578851	III	III
1311983	1371070	1297868	1356954	59088	59087	99.99	14866565	14578851	III	III
1371033	1393999	1357478	1380442	22967	22965	99.99	14866565	14578851	III	III
1394058	1395182	2749450	2748319	1125	1132	95.24	14866565	19495157	III	V
1395670	1406854	1382339	1393519	11185	11181	99.77	14866565	14578851	III	III
1406947	1429274	1393560	1415888	22328	22329	99.94	14866565	14578851	III	III
1429462	1442306	1416362	1429209	12845	12848	99.98	14866565	14578851	III	III
1442463	1449727	1429292	1436555	7265	7264	99.82	14866565	14578851	III	III
1450263	1456531	1436566	1442834	6269	6269	99.95	14866565	14578851	III	III
1456654	1461844	1443265	1448454	5191	5190	99.98	14866565	14578851	III	III
1461919	1466346	1449757	1454183	4428	4427	99.98	14866565	14578851	III	III
1466382	1477750	1454775	1466142	11369	11368	99.89	14866565	14578851	III	III
1477835	1483174	1466864	1472202	5340	5339	99.08	14866565	14578851	III	III
1482551	1528327	1471432	1517203	45777	45772	99.98	14866565	14578851	III	III
1528454	1533530	1517529	1522606	5077	5078	99.98	14866565	14578851	III	III
1534049	1547870	1523486	1537307	13822	13822	99.99	14866565	14578851	III	III
1547642	1554489	1657424	1664270	6848	6847	99.90	14866565	14578851	III	III
1548655	1573289	1538017	1562648	24635	24632	99.98	14866565	14578851	III	III
1573560	1576549	1563032	1566021	2990	2990	100.00	14866565	14578851	III	III
1576602	1610376	1566218	1599990	33775	33773	99.99	14866565	14578851	III	III
1610474	1634946	1600149	1624646	24473	24498	99.86	14866565	14578851	III	III
1635240	1637398	1624647	1626806	2159	2160	99.95	14866565	14578851	III	III
1637412	1654666	1664371	1681560	17255	17190	99.57	14866565	14578851	III	III
1656045	1678837	1682737	1705527	22793	22791	99.99	14866565	14578851	III	III
1679036	1693022	1705643	1719628	13987	13986	99.99	14866565	14578851	III	III
1685074	1686683	20863750	20862132	1610	1619	98.76	14866565	21540570	III	X
1685076	1686682	13122556	13120943	1607	1614	98.76	14866565	15455979	III	I
1693172	1726555	1719906	1753288	33384	33383	99.98	14866565	14578851	III	III
1727630	1758218	1754311	1784896	30589	30586	99.97	14866565	14578851	III	III
1758383	1768606	1785443	1795665	10224	10223	99.99	14866565	14578851	III	III
1768663	1770838	1796438	1798613	2176	2176	100.00	14866565	14578851	III	III
1771181	1773029	1798624	1800470	1849	1847	98.54	14866565	14578851	III	III
1772795	1774577	1799996	1801775	1783	1780	99.50	14866565	14578851	III	III
1774356	1782716	1802952	1811308	8361	8357	99.90	14866565	14578851	III	III
1782818	1793517	1812715	1823414	10700	10700	99.96	14866565	14578851	III	III
1793503	1816278	1824011	1846785	22776	22775	99.99	14866565	14578851	III	III
1816332	1820498	1847254	1851420	4167	4167	99.66	14866565	14578851	III	III
1820918	1854199	1852023	1885299	33282	33277	99.92	14866565	14578851	III	III
1849826	1856822	1885400	1892395	6997	6996	99.97	14866565	14578851	III	III
1857120	1871473	1892408	1906758	14354	14351	99.97	14866565	14578851	III	III
1872116	1875118	1906785	1909786	3003	3002	99.97	14866565	14578851	III	III
1875199	1876801	1910373	1911975	1603	1603	99.94	14866565	14578851	III	III
1876831	1886070	1912680	1921918	9240	9239	99.99	14866565	14578851	III	III
1886194	1891585	1921935	1927326	5392	5392	100.00	14866565	14578851	III	III
1891659	1896958	1928691	1933990	5300	5300	100.00	14866565	14578851	III	III
1898206	1903707	1934055	1939555	5502	5501	99.98	14866565	14578851	III	III
1904022	1925428	1939567	1960963	21407	21397	99.95	14866565	14578851	III	III
1927767	1958176	1964155	1994565	30410	30411	99.97	14866565	14578851	III	III
1958286	1993974	1994727	2030412	35689	35686	99.99	14866565	14578851	III	III
1994095	2030822	2031622	2068342	36728	36721	99.98	14866565	14578851	III	III
1996798	1999225	14520967	14518549	2428	2419	98.02	14866565	16627154	III	II
1997911	1999225	17089868	17088576	1315	1293	92.51	14866565	21540570	III	X
2030919	2037938	2068562	2075582	7020	7021	99.99	14866565	14578851	III	III
2037954	2087574	2076128	2125745	49621	49618	99.97	14866565	14578851	III	III
2087742	2089001	2126253	2127512	1260	1260	100.00	14866565	14578851	III	III
2089192	2125584	2127529	2163918	36393	36390	99.99	14866565	14578851	III	III
2125824	2193915	2164512	2232598	68092	68087	99.90	14866565	14578851	III	III
2135305	2136561	7719614	7720869	1257	1256	99.44	14866565	17485439	III	IV
2135307	2136563	1276816	1278065	1257	1250	98.81	14866565	21540570	III	X
2142526	2143742	20684795	20685979	1217	1185	93.28	14866565	21540570	III	X
2194860	2224317	2237179	2266634	29458	29456	99.94	14866565	14578851	III	III
2224219	2227510	2267182	2270473	3292	3292	100.00	14866565	14578851	III	III
2227967	2229137	2271971	2273141	1171	1171	99.91	14866565	14578851	III	III
2231286	2256056	2274280	2299049	24771	24770	99.99	14866565	14578851	III	III
2253286	2254376	12642727	12641650	1091	1078	92.96	14866565	21540570	III	X
2253451	2255758	1	2308	2308	2308	100.00	14866565	2308	III	cb25.NA_390
2255992	2271530	2299110	2314647	15539	15538	99.98	14866565	14578851	III	III
2271551	2299729	2315766	2343941	28179	28176	99.97	14866565	14578851	III	III
2299701	2312937	2366326	2379562	13237	13237	99.97	14866565	14578851	III	III
2313851	2315997	13950215	13948070	2147	2146	99.81	14866565	14578851	III	III
2313853	2316002	5795394	5793246	2150	2149	99.67	14866565	14578851	III	III
2313853	2315997	6423911	6421797	2145	2115	98.37	14866565	17485439	III	IV
2314244	2387647	2381155	2454551	73404	73397	99.98	14866565	14578851	III	III
2387885	2411380	2454576	2478069	23496	23494	99.98	14866565	14578851	III	III
2408912	2411262	21393267	21390919	2351	2349	94.48	14866565	21540570	III	X
2409510	2412698	21005762	21008945	3189	3184	90.66	14866565	21540570	III	X
2409627	2410745	6559754	6558635	1119	1120	90.39	14866565	14578851	III	III
2409627	2411865	2223	4445	2239	2223	88.33	14866565	4475	III	cb25.NA_306
2409628	2413366	5506252	5509981	3739	3730	90.88	14866565	19495157	III	V
2409628	2412876	16145243	16141994	3249	3250	90.51	14866565	21540570	III	X
2412277	2442547	2479070	2509339	30271	30270	99.99	14866565	14578851	III	III
2412285	2413362	21390731	21389655	1078	1077	94.72	14866565	21540570	III	X
2442802	2447817	2509296	2514308	5016	5013	99.84	14866565	14578851	III	III
2448857	2450138	2514703	2515984	1282	1282	100.00	14866565	14578851	III	III
2450530	2453621	2516085	2519176	3092	3092	100.00	14866565	14578851	III	III
2453993	2455202	2519458	2520666	1210	1209	99.92	14866565	14578851	III	III
2455244	2473920	2520761	2539434	18677	18674	99.94	14866565	14578851	III	III
2473955	2476909	2539830	2542784	2955	2955	100.00	14866565	14578851	III	III
2476965	2478573	2544392	2542785	1609	1608	99.94	14866565	14578851	III	III
2476965	2489177	2544644	2556857	12213	12214	99.97	14866565	14578851	III	III
2489386	2497886	2556853	2565353	8501	8501	99.92	14866565	14578851	III	III
2497837	2504138	2569077	2575379	6302	6303	99.76	14866565	14578851	III	III
2504767	2505778	2575973	2576984	1012	1012	100.00	14866565	14578851	III	III
2506981	2508314	2577866	2579201	1334	1336	99.03	14866565	14578851	III	III
2508040	2521615	2579517	2593090	13576	13574	99.78	14866565	14578851	III	III
2517639	2519263	5235346	5233722	1625	1625	99.63	14866565	21540570	III	X
2521782	2562892	2593319	2634425	41111	41107	99.98	14866565	14578851	III	III
2562531	2578817	2635025	2651307	16287	16283	99.58	14866565	14578851	III	III
2578904	2584725	2652339	2658160	5822	5822	100.00	14866565	14578851	III	III
2584776	2586180	2658413	2659817	1405	1405	99.29	14866565	14578851	III	III
2586694	2611310	2660058	2684674	24617	24617	99.93	14866565	14578851	III	III
2599025	2600284	4593244	4591986	1260	1259	99.76	14866565	15455979	III	I
2599026	2600284	3363920	3365178	1259	1259	99.92	14866565	17485439	III	IV
2599027	2600285	3502470	3501212	1259	1259	99.92	14866565	15455979	III	I
2599028	2600287	9963186	9961927	1260	1260	99.84	14866565	14578851	III	III
2599086	2600287	10573860	10575061	1202	1202	99.83	14866565	14578851	III	III
2602509	2604244	14677971	14676262	1736	1710	95.17	14866565	17485439	III	IV
2611408	2622180	2685591	2696362	10773	10772	99.93	14866565	14578851	III	III
2622346	2633712	2696250	2707611	11367	11362	99.96	14866565	14578851	III	III
2633831	2641239	2708142	2715550	7409	7409	100.00	14866565	14578851	III	III
2641419	2664929	2715649	2739158	23511	23510	99.99	14866565	14578851	III	III
2666764	2668240	2740539	2742015	1477	1477	100.00	14866565	14578851	III	III
2667994	2670122	2887326	2885199	2129	2128	98.54	14866565	14578851	III	III
2670997	2672199	2885582	2884382	1203	1201	98.34	14866565	14578851	III	III
2671742	2672906	1165	1	1165	1165	100.00	14866565	2613	III	cb25.NA_004
2672673	2681629	2883429	2874477	8957	8953	99.96	14866565	14578851	III	III
2678380	2681940	1	3561	3561	3561	99.94	14866565	3561	III	cb25.NA_333
2681020	2730987	2875430	2825481	49968	49950	99.93	14866565	14578851	III	III
2731173	2761006	2825291	2795459	29834	29833	99.73	14866565	14578851	III	III
2759701	2764924	2797362	2792139	5224	5224	99.73	14866565	14578851	III	III
2764920	2776421	2787806	2776306	11502	11501	99.78	14866565	14578851	III	III
2776550	2778642	2775938	2773848	2093	2091	99.52	14866565	14578851	III	III
2778690	2796061	2773988	2756618	17372	17371	99.97	14866565	14578851	III	III
2796170	2798302	2133	1	2133	2133	99.77	14866565	2133	III	cb25.NA_403
2796594	2804944	2756807	2748461	8351	8347	99.89	14866565	14578851	III	III
2805653	2808926	2742116	2745386	3274	3271	99.88	14866565	14578851	III	III
2805850	2807003	5779918	5778768	1154	1151	94.91	14866565	17485439	III	IV
2805850	2807003	5969822	5968635	1154	1188	92.45	14866565	19495157	III	V
2805850	2807006	6143059	6141899	1157	1161	93.87	14866565	19495157	III	V
2805853	2807003	16121990	16120811	1151	1180	92.18	14866565	19495157	III	V
2805986	2807003	15749829	15748815	1018	1015	87.91	14866565	16627154	III	II
2806796	2807890	2905489	2904395	1095	1095	100.00	14866565	14578851	III	III
2808957	2810412	2746091	2747545	1456	1455	99.59	14866565	14578851	III	III
2810771	2818864	2902530	2894439	8094	8092	99.98	14866565	14578851	III	III
2819024	2820657	2894301	2892668	1634	1634	99.82	14866565	14578851	III	III
2820705	2824122	2891777	2888360	3418	3418	99.91	14866565	14578851	III	III
2824009	2826706	2906938	2909527	2698	2590	82.57	14866565	14578851	III	III
2826118	2827149	2909714	2910693	1032	980	88.08	14866565	14578851	III	III
2829538	2832650	2906490	2909538	3113	3049	86.13	14866565	14578851	III	III
2829979	2832987	2906490	2909412	3009	2923	85.82	14866565	14578851	III	III
2833335	2847539	2909714	2923932	14205	14219	99.67	14866565	14578851	III	III
2837713	2838777	31790	30745	1065	1046	91.09	14866565	47958	III	cb25.NA_055
2852372	2853926	2924036	2925590	1555	1555	100.00	14866565	14578851	III	III
2852493	2853697	15555964	15554756	1205	1209	95.00	14866565	16627154	III	II
2853811	2855182	2925795	2927166	1372	1372	100.00	14866565	14578851	III	III
2855360	2860848	2927605	2933094	5489	5490	99.95	14866565	14578851	III	III
2860930	2895800	2934045	2968913	34871	34869	99.99	14866565	14578851	III	III
2896041	2945723	2969363	3019036	49683	49674	99.93	14866565	14578851	III	III
2931756	2932782	3003556	3002558	1027	999	87.66	14866565	14578851	III	III
2945690	2947922	3021129	3018897	2233	2233	99.78	14866565	14578851	III	III
2947783	2949070	3022312	3023599	1288	1288	99.61	14866565	14578851	III	III
2949215	2958868	3023637	3033287	9654	9651	99.94	14866565	14578851	III	III
2959704	2966128	3033929	3040352	6425	6424	99.98	14866565	14578851	III	III
2964074	2965091	3056855	3057872	1018	1018	100.00	14866565	14578851	III	III
2966289	2974887	3059187	3067783	8599	8597	99.97	14866565	14578851	III	III
2974282	2977816	3070708	3067178	3535	3531	93.93	14866565	14578851	III	III
2977173	2982414	3070066	3075306	5242	5241	99.96	14866565	14578851	III	III
2982816	2988925	3075351	3081459	6110	6109	99.95	14866565	14578851	III	III
2988960	3013499	3081858	3106399	24540	24542	99.87	14866565	14578851	III	III
3013608	3021044	3107175	3114611	7437	7437	100.00	14866565	14578851	III	III
3020730	3034680	3114224	3128172	13951	13949	99.94	14866565	14578851	III	III
3034663	3038026	4284	899	3364	3386	98.49	14866565	4301	III	cb25.NA_311
3034770	3037938	3128292	3131460	3169	3169	98.61	14866565	14578851	III	III
3036798	3038570	1783	3	1773	1781	97.59	14866565	4301	III	cb25.NA_311
3036990	3038132	3130320	3131462	1143	1143	97.55	14866565	14578851	III	III
3038654	3040804	2151	1	2151	2151	94.89	14866565	4301	III	cb25.NA_311
3039334	3041482	2151	3	2149	2149	95.07	14866565	4301	III	cb25.NA_311
3040422	3042572	2151	1	2151	2151	94.93	14866565	4301	III	cb25.NA_311
3041198	3043362	2151	3	2165	2149	94.87	14866565	4301	III	cb25.NA_311
3041564	3043324	14685057	14683295	1761	1763	92.17	14866565	17485439	III	IV
3041622	3043655	2151	158	2034	1994	93.85	14866565	4301	III	cb25.NA_311
3042276	3043655	14685057	14683676	1380	1382	92.47	14866565	17485439	III	IV
3043596	3046586	3056754	3053764	2991	2991	100.00	14866565	14578851	III	III
3046780	3050164	3053682	3050302	3385	3381	99.26	14866565	14578851	III	III
3050533	3059210	3049318	3040711	8678	8608	98.23	14866565	14578851	III	III
3059991	3061507	1033775	1032259	1517	1517	87.63	14866565	16627154	III	II
3062802	3064365	1	1565	1564	1565	99.74	14866565	10734	III	cb25.NA_096
3064127	3066775	1632	4279	2649	2648	99.96	14866565	10734	III	cb25.NA_096
3066778	3070276	4402	7900	3499	3499	99.97	14866565	10734	III	cb25.NA_096
3067488	3068489	11995034	11996036	1002	1003	97.22	14866565	15455979	III	I
3067488	3068489	11499028	11498023	1002	1006	97.02	14866565	14578851	III	III
3070071	3072576	10203	7695	2506	2509	98.88	14866565	10734	III	cb25.NA_096
3075880	3077828	1236631	1234664	1949	1968	91.24	14866565	15455979	III	I
3090345	3091630	20476	21762	1286	1287	93.25	14866565	30013	III	cb25.NA_047
3104095	3105400	1050419	1049107	1306	1313	94.46	14866565	15455979	III	I
3113190	3125202	20419	8448	12013	11972	99.65	14866565	20419	III	cb25.NA_093
3113190	3117887	20419	15722	4698	4698	99.98	14866565	20419	III	cb25.NA_093
3125320	3132068	8444	1699	6749	6746	99.91	14866565	20419	III	cb25.NA_093
3132318	3143849	13293342	13304871	11532	11530	99.73	14866565	14578851	III	III
3132318	3133808	1491	1	1491	1491	100.00	14866565	20419	III	cb25.NA_093
3143044	3176018	13304203	13337174	32975	32972	99.74	14866565	14578851	III	III
3174630	3176001	15532023	15533406	1372	1384	92.62	14866565	16627154	III	II
3174630	3175666	4388	3358	1037	1031	95.38	14866565	9678	III	cb25.NA_242
3174680	3175753	16535764	16534700	1074	1065	93.85	14866565	19495157	III	V
3176018	3190321	13337386	13351683	14304	14298	99.96	14866565	14578851	III	III
3190322	3214333	3435953	3411960	24012	23994	99.69	14866565	14578851	III	III
3213551	3219829	3412807	3406569	6279	6239	99.09	14866565	14578851	III	III
3214298	3222560	3132111	3140372	8263	8262	99.88	14866565	14578851	III	III
3222603	3237422	3141036	3155854	14820	14819	99.98	14866565	14578851	III	III
3234380	3237628	3156319	3159567	3249	3249	100.00	14866565	14578851	III	III
3237726	3248230	3159578	3170081	10505	10504	99.99	14866565	14578851	III	III
3247855	3249232	3172917	3171542	1378	1376	99.64	14866565	14578851	III	III
3249225	3263309	3170871	3184954	14085	14084	99.98	14866565	14578851	III	III
3252155	3253361	5161800	5163010	1207	1211	97.19	14866565	17485439	III	IV
3252155	3253355	17767630	17766460	1201	1171	95.34	14866565	19495157	III	V
3252159	3253355	11599460	11598264	1197	1197	97.51	14866565	17485439	III	IV
3255833	3304943	3184965	3234070	49111	49106	99.97	14866565	14578851	III	III
3304977	3307399	3234199	3236621	2423	2423	99.46	14866565	14578851	III	III
3306891	3308461	15665285	15663707	1571	1579	90.88	14866565	16627154	III	II
3307752	3310164	3236857	3239268	2413	2412	98.80	14866565	14578851	III	III
3308507	3310632	3249796	3251923	2126	2128	99.20	14866565	14578851	III	III
3310018	3318188	3251456	3259626	8171	8171	99.17	14866565	14578851	III	III
3310052	3311130	3238408	3239470	1079	1063	97.78	14866565	14578851	III	III
3317438	3337941	3258771	3279262	20504	20492	99.75	14866565	14578851	III	III
3339469	3352301	3279420	3292256	12833	12837	99.88	14866565	14578851	III	III
3352905	3368532	3292859	3308424	15628	15566	99.60	14866565	14578851	III	III
3368638	3374744	3308640	3314745	6107	6106	99.74	14866565	14578851	III	III
3374697	3377817	3314596	3317714	3121	3119	99.84	14866565	14578851	III	III
3378158	3380928	3317706	3320474	2771	2769	99.93	14866565	14578851	III	III
3380908	3382422	3320764	3322280	1515	1517	99.74	14866565	14578851	III	III
3382460	3386362	3323042	3326943	3903	3902	99.92	14866565	14578851	III	III
3386383	3403789	3327789	3345195	17407	17407	99.99	14866565	14578851	III	III
3403946	3419084	3345706	3360834	15139	15129	99.62	14866565	14578851	III	III
3418084	3419296	12057422	12058635	1213	1214	92.88	14866565	14578851	III	III
3418468	3451912	3359842	3393285	33445	33444	99.72	14866565	14578851	III	III
3426758	3428276	20678637	20680141	1519	1505	92.46	14866565	21540570	III	X
3427255	3428276	21188475	21187468	1022	1008	91.24	14866565	21540570	III	X
3439317	3440698	8534126	8532741	1382	1386	94.79	14866565	14578851	III	III
3439323	3440463	12897034	12898184	1141	1151	95.66	14866565	17485439	III	IV
3445349	3446852	4612	3111	1504	1502	95.46	14866565	54553	III	cb25.NA_124
3449849	3452097	14541070	14538814	2249	2257	91.22	14866565	16627154	III	II
3450130	3464500	3391210	3405567	14371	14358	98.37	14866565	14578851	III	III
3450708	3454516	3777	1	3809	3777	97.38	14866565	3777	III	cb25.NA_325
3450853	3452011	3777	2619	1159	1159	99.83	14866565	3777	III	cb25.NA_325
3463231	3464697	3777	2294	1467	1484	91.15	14866565	3777	III	cb25.NA_325
3470552	3472346	867284	869059	1795	1776	90.70	14866565	16627154	III	II
3470565	3473829	14542044	14538813	3265	3232	90.36	14866565	16627154	III	II
3471762	3473866	3391210	3393285	2105	2076	90.22	14866565	14578851	III	III
3477897	3490146	1	12248	12250	12248	99.98	14866565	54553	III	cb25.NA_124
3481007	3482509	3388213	3386711	1503	1503	95.46	14866565	14578851	III	III
3490182	3519631	13205	42651	29450	29447	99.98	14866565	54553	III	cb25.NA_124
3519737	3530774	43516	54553	11038	11038	99.97	14866565	54553	III	cb25.NA_124
3531719	3551435	3460351	3440642	19717	19710	99.92	14866565	14578851	III	III
3541459	3553679	3450612	3438449	12221	12164	99.53	14866565	14578851	III	III
3547026	3548308	7426379	7425135	1283	1245	89.49	14866565	15455979	III	I
3550997	3554187	3192	1	3191	3192	99.91	14866565	3192	III	cb25.NA_346
3553946	3556039	3438356	3436264	2094	2093	99.95	14866565	14578851	III	III
3556874	3557962	3461539	3460452	1089	1088	99.91	14866565	14578851	III	III
3558156	3568094	3461546	3471483	9939	9938	99.99	14866565	14578851	III	III
3568161	3610471	3472258	3514565	42311	42308	99.92	14866565	14578851	III	III
3568741	3570922	9066116	9063936	2182	2181	98.99	14866565	16627154	III	II
3589229	3590678	3504783	3503334	1450	1450	93.12	14866565	14578851	III	III
3599239	3600688	3494773	3493324	1450	1450	93.12	14866565	14578851	III	III
3610678	3633824	3514950	3538094	23147	23145	99.99	14866565	14578851	III	III
3623762	3624773	29479	30504	1012	1026	95.33	14866565	17485439	III	IV
3623763	3624773	5410600	5409564	1011	1037	93.97	14866565	15455979	III	I
3623763	3624773	3983028	3981997	1011	1032	92.76	14866565	14578851	III	III
3623763	3624773	13437878	13436835	1011	1044	93.04	14866565	19495157	III	V
3623763	3624773	14046852	14045809	1011	1044	93.04	14866565	19495157	III	V
3633953	3671252	3537840	3575191	37300	37352	99.74	14866565	14578851	III	III
3671403	3689037	3575484	3593117	17635	17634	99.95	14866565	14578851	III	III
3689259	3690363	3593911	3595015	1105	1105	99.64	14866565	14578851	III	III
3690309	3693630	3595026	3598346	3322	3321	99.97	14866565	14578851	III	III
3695006	3724608	3598728	3628328	29603	29601	99.91	14866565	14578851	III	III
3698973	3700281	7865232	7863924	1309	1309	99.85	14866565	16627154	III	II
3698974	3700283	7674304	7675613	1310	1310	99.62	14866565	17485439	III	IV
3698975	3700282	7385670	7384363	1308	1308	99.54	14866565	14578851	III	III
3698975	3700282	1630178	1628882	1308	1297	98.93	14866565	21540570	III	X
3724652	3731337	3628921	3635605	6686	6685	99.99	14866565	14578851	III	III
3731351	3732811	3636774	3638234	1461	1461	100.00	14866565	14578851	III	III
3732780	3740057	3638245	3645521	7278	7277	99.85	14866565	14578851	III	III
3737664	3740006	1	2343	2343	2343	99.96	14866565	2343	III	cb25.NA_386
3740131	3758187	3645969	3664030	18057	18062	99.91	14866565	14578851	III	III
3758195	3763650	3664615	3670070	5456	5456	100.00	14866565	14578851	III	III
3764684	3771351	3669986	3676654	6668	6669	99.91	14866565	14578851	III	III
3770983	3773987	3678661	3675657	3005	3005	99.80	14866565	14578851	III	III
3770983	3776884	5902	1	5902	5902	99.97	14866565	5902	III	cb25.NA_287
3773268	3777306	3678762	3682799	4039	4038	99.95	14866565	14578851	III	III
3778118	3798483	3682958	3703320	20366	20363	99.95	14866565	14578851	III	III
3799654	3802353	3704475	3707174	2700	2700	99.44	14866565	14578851	III	III
3802021	3806048	3706506	3710531	4028	4026	99.75	14866565	14578851	III	III
3806356	3807799	3712033	3710590	1444	1444	99.86	14866565	14578851	III	III
3806469	3852556	3712782	3758868	46088	46087	99.99	14866565	14578851	III	III
3852760	3893339	3758847	3799423	40580	40577	99.99	14866565	14578851	III	III
3893725	3913248	3799558	3819078	19524	19521	99.98	14866565	14578851	III	III
3913500	3916800	3819063	3822362	3301	3300	99.82	14866565	14578851	III	III
3916593	3926950	3834380	3844736	10358	10357	99.95	14866565	14578851	III	III
3928615	3940117	3846445	3857945	11503	11501	99.98	14866565	14578851	III	III
3940171	3964346	3858508	3882680	24176	24173	99.97	14866565	14578851	III	III
3964396	3986310	3882845	3904759	21915	21915	99.97	14866565	14578851	III	III
3986843	4002510	3905192	3920859	15668	15668	100.00	14866565	14578851	III	III
4002580	4025725	3921539	3944683	23146	23145	99.99	14866565	14578851	III	III
4017518	4028433	3822463	3833378	10916	10916	100.00	14866565	14578851	III	III
4021173	4028341	3945684	3952850	7169	7167	99.94	14866565	14578851	III	III
4026590	4027686	6720364	6719266	1097	1099	91.61	14866565	16627154	III	II
4026590	4027686	297637	298719	1097	1083	94.28	14866565	21540570	III	X
4026590	4027686	6119	7202	1097	1084	94.37	14866565	11946	III	cb25.NA_082
4026594	4027686	10490944	10489861	1093	1084	91.67	14866565	15455979	III	I
4028014	4042863	3952315	3967162	14850	14848	99.97	14866565	14578851	III	III
4042882	4094511	3967567	4019191	51630	51625	99.99	14866565	14578851	III	III
4057310	4058343	14812280	14811252	1034	1029	94.11	14866565	19495157	III	V
4057312	4058343	2846590	2845562	1032	1029	93.92	14866565	15455979	III	I
4057312	4058344	7099630	7098625	1033	1006	91.15	14866565	15455979	III	I
4057312	4058343	12112578	12111555	1032	1024	92.95	14866565	16627154	III	II
4057312	4058343	3529045	3528035	1032	1011	92.76	14866565	14578851	III	III
4057312	4058343	14003080	14002051	1032	1030	93.45	14866565	14578851	III	III
4057312	4058344	12300672	12301701	1033	1030	93.45	14866565	17485439	III	IV
4057312	4058343	9864264	9863243	1032	1022	93.99	14866565	19495157	III	V
4057312	4058344	3138	4167	1033	1030	93.45	14866565	8930	III	cb25.NA_248
4059114	4060622	4027449	4025940	1509	1510	96.16	14866565	14578851	III	III
4059255	4060621	4119916	4118576	1367	1341	90.88	14866565	14578851	III	III
4094542	4096460	4019299	4021217	1919	1919	100.00	14866565	14578851	III	III
4097271	4153955	4022779	4079458	56685	56680	99.99	14866565	14578851	III	III
4100433	4101942	3985305	3983798	1510	1508	96.10	14866565	14578851	III	III
4154133	4174009	4080054	4099938	19877	19885	99.81	14866565	14578851	III	III
4173202	4174653	4064783	4066235	1452	1453	96.42	14866565	16627154	III	II
4173313	4174638	3944946	3946272	1326	1327	95.48	14866565	21540570	III	X
4173554	4174653	3185113	3186224	1100	1112	96.95	14866565	19495157	III	V
4173639	4174659	6101	7123	1021	1023	93.17	14866565	19600	III	cb25.NA_100
4174009	4189356	4100051	4115397	15348	15347	99.95	14866565	14578851	III	III
4189520	4235420	4115648	4161544	45901	45897	99.99	14866565	14578851	III	III
4235563	4238974	4161958	4165369	3412	3412	100.00	14866565	14578851	III	III
4239057	4255057	4166370	4182369	16001	16000	99.99	14866565	14578851	III	III
4255227	4351806	4182867	4279434	96580	96568	99.98	14866565	14578851	III	III
4351862	4368790	4279941	4296869	16929	16929	100.00	14866565	14578851	III	III
4368974	4393347	4297993	4322363	24374	24371	99.93	14866565	14578851	III	III
4381934	4383586	16899335	16897724	1653	1612	90.20	14866565	19495157	III	V
4393615	4416303	4326394	4349082	22689	22689	100.00	14866565	14578851	III	III
4416655	4425855	4349454	4358653	9201	9200	99.91	14866565	14578851	III	III
4425438	4429014	1	3576	3577	3576	99.97	14866565	3576	III	cb25.NA_332
4425536	4432002	4358054	4364527	6467	6474	99.38	14866565	14578851	III	III
4432341	4584329	4365040	4517022	151989	151983	99.99	14866565	14578851	III	III
4450021	4451397	4490464	4489085	1377	1380	89.96	14866565	14578851	III	III
4499839	4501198	11990672	11989347	1360	1326	95.51	14866565	21540570	III	X
4499841	4500948	1798	2884	1108	1087	94.88	14866565	4259	III	cb25.NA_312
4499849	4501120	16994248	16992997	1272	1252	95.46	14866565	19495157	III	V
4499857	4501993	454865	452749	2137	2117	95.43	14866565	15455979	III	I
4500010	4501942	3027508	3029349	1933	1842	93.95	14866565	19495157	III	V
4541532	4542558	11463908	11462879	1027	1030	95.93	14866565	15455979	III	I
4541532	4542557	12293880	12292856	1026	1025	96.22	14866565	16627154	III	II
4541533	4542555	5008449	5007410	1023	1040	94.18	14866565	17485439	III	IV
4541533	4542557	14812279	14811250	1025	1030	96.52	14866565	19495157	III	V
4541534	4542556	9864264	9863242	1023	1023	97.17	14866565	19495157	III	V
4556390	4557769	4384096	4382720	1380	1377	89.96	14866565	14578851	III	III
4564062	4565737	35479	33809	1676	1671	88.28	14866565	36434	III	cb25.NA_084
4576522	4592234	15711	1	15713	15711	99.94	14866565	15711	III	cb25.NA_219
4581965	4583272	8255943	8254635	1308	1309	99.39	14866565	19495157	III	V
4581968	4583278	11626418	11625108	1311	1311	99.62	14866565	17485439	III	IV
4581972	4583291	3604003	3602685	1320	1319	98.03	14866565	14578851	III	III
4581972	4583279	5206933	5208238	1308	1306	99.46	14866565	17485439	III	IV
4584807	4602467	1	17661	17661	17661	99.97	14866565	36434	III	cb25.NA_084
4602837	4621594	17680	36434	18758	18755	99.98	14866565	36434	III	cb25.NA_084
4618671	4620683	6245634	6243569	2013	2066	84.34	14866565	21540570	III	X
4618969	4620639	4498429	4496755	1671	1675	88.22	14866565	14578851	III	III
4623375	4625817	4531853	4529412	2443	2442	99.84	14866565	14578851	III	III
4623877	4625214	35407	34066	1338	1342	90.25	14866565	36434	III	cb25.NA_084
4625435	4628529	4528761	4531853	3095	3093	99.94	14866565	14578851	III	III
4626423	4628027	6245299	6243687	1605	1613	85.05	14866565	21540570	III	X
4626441	4628024	4498393	4496830	1584	1564	84.30	14866565	14578851	III	III
4628546	4659501	4531996	4562953	30956	30958	99.98	14866565	14578851	III	III
4653589	4664227	4517123	4527760	10639	10638	99.99	14866565	14578851	III	III
4660634	4763206	4563384	4665948	102573	102565	99.98	14866565	14578851	III	III
4670401	4671513	7584658	7583581	1113	1078	91.65	14866565	14578851	III	III
4670401	4671514	15450630	15449526	1114	1105	87.66	14866565	19495157	III	V
4722144	4723281	14386628	14385507	1138	1122	95.21	14866565	16627154	III	II
4763234	4771474	4666061	4674300	8241	8240	99.95	14866565	14578851	III	III
4771574	4793140	4674872	4696438	21567	21567	100.00	14866565	14578851	III	III
4793703	4799758	4697729	4703783	6056	6055	99.98	14866565	14578851	III	III
4799911	4805648	4704915	4710652	5738	5738	99.88	14866565	14578851	III	III
4831222	4833505	4710753	4713037	2284	2285	87.78	14866565	14578851	III	III
4832359	4833737	1904169	1902781	1379	1389	84.43	14866565	19495157	III	V
4838374	4839492	12045683	12044565	1119	1119	94.73	14866565	16627154	III	II
4841679	4843641	4767525	4765579	1963	1947	92.31	14866565	14578851	III	III
4841739	4843256	14322967	14321449	1518	1519	90.99	14866565	16627154	III	II
4851822	4853800	12643381	12645362	1979	1982	91.23	14866565	15455979	III	I
4854603	4856263	2360013	2361677	1661	1665	92.31	14866565	17485439	III	IV
4855273	4856448	4064535	4063359	1176	1177	90.74	14866565	16627154	III	II
4855287	4856881	4066368	4064783	1595	1586	92.67	14866565	16627154	III	II
4855500	4856896	3608513	3609909	1397	1397	93.78	14866565	16627154	III	II
4855730	4857041	3516218	3514907	1312	1312	91.94	14866565	16627154	III	II
4855832	4856937	839155	838049	1106	1107	95.21	14866565	16627154	III	II
4858413	4859525	12045683	12044571	1113	1113	92.73	14866565	16627154	III	II
4860580	4916053	4767527	4712041	55474	55487	99.59	14866565	14578851	III	III
4860965	4862512	4767534	4765995	1548	1540	95.93	14866565	14578851	III	III
4914219	4915237	12645041	12644024	1019	1018	85.91	14866565	15455979	III	I
4914219	4915221	3005292	3004288	1003	1005	88.26	14866565	16627154	III	II
4914904	4917172	4713015	4710753	2269	2263	90.59	14866565	14578851	III	III
4915056	4916669	4712374	4710753	1614	1622	85.78	14866565	14578851	III	III
4915106	4916765	12048057	12046381	1660	1677	86.48	14866565	15455979	III	I
4915188	4918451	4713914	4710753	3264	3162	89.50	14866565	14578851	III	III
4915954	4917633	12048057	12046384	1680	1674	84.53	14866565	15455979	III	I
4919055	4920482	14321487	14322924	1428	1438	85.68	14866565	16627154	III	II
4919186	4920558	4098622	4099964	1373	1343	87.11	14866565	14578851	III	III
4919516	4920595	4065222	4066302	1080	1081	91.21	14866565	16627154	III	II
4920249	4921597	4098622	4099964	1349	1343	89.86	14866565	14578851	III	III
4921584	4934175	4767640	4780067	12592	12428	96.84	14866565	14578851	III	III
4922585	4925006	4767635	4769988	2422	2354	92.30	14866565	14578851	III	III
4934272	4937696	3427	3	3425	3425	99.94	14866565	3777	III	cb25.NA_324
4934617	4939717	4780292	4785392	5101	5101	99.98	14866565	14578851	III	III
4939749	4942224	4785817	4788292	2476	2476	100.00	14866565	14578851	III	III
4942392	4951072	4789029	4797708	8681	8680	99.99	14866565	14578851	III	III
4946117	4955991	4797809	4807682	9875	9874	99.96	14866565	14578851	III	III
4956247	4964111	4808825	4816687	7865	7863	99.40	14866565	14578851	III	III
4958227	4959482	14695860	14694605	1256	1256	99.76	14866565	21540570	III	X
4958228	4959488	14087510	14086250	1261	1261	99.60	14866565	19495157	III	V
4958228	4959484	13541682	13540426	1257	1257	99.76	14866565	21540570	III	X
4958228	4959482	15089021	15087767	1255	1255	99.84	14866565	21540570	III	X
4958228	4959488	20010507	20009248	1261	1260	99.60	14866565	21540570	III	X
4963418	4978143	4816195	4830918	14726	14724	99.93	14866565	14578851	III	III
4978560	4987823	4830858	4840120	9264	9263	99.91	14866565	14578851	III	III
4987920	5019547	4841571	4873122	31628	31552	99.72	14866565	14578851	III	III
5019701	5040638	4873213	4894149	20938	20937	99.99	14866565	14578851	III	III
5041980	5045241	1	3261	3262	3261	99.94	14866565	12460	III	cb25.NA_190
5045985	5053429	3907	11350	7445	7444	99.93	14866565	12460	III	cb25.NA_190
5055227	5056445	4896312	4895094	1219	1219	100.00	14866565	14578851	III	III
5056055	5059488	4894250	4897682	3434	3433	99.97	14866565	14578851	III	III
5056899	5058117	4902131	4900914	1219	1218	99.84	14866565	14578851	III	III
5059485	5092959	4898505	4931975	33475	33471	99.99	14866565	14578851	III	III
5065840	5067153	20957060	20955747	1314	1314	99.62	14866565	21540570	III	X
5065843	5067149	8060846	8062151	1307	1306	99.69	14866565	17485439	III	IV
5065843	5067160	7035099	7033783	1318	1317	99.62	14866565	21540570	III	X
5093578	5103106	4932520	4942046	9529	9527	99.96	14866565	14578851	III	III
5096244	5097475	2000	769	1232	1232	100.00	14866565	2000	III	cb25.NA_412
5103283	5148513	4942036	4987263	45231	45228	99.99	14866565	14578851	III	III
5150519	5194799	4998182	5042459	44281	44278	99.99	14866565	14578851	III	III
5161132	5163085	5132779	5130826	1954	1954	99.18	14866565	14578851	III	III
5194878	5236061	5043479	5084660	41184	41182	99.99	14866565	14578851	III	III
5236109	5349801	5084943	5198628	113693	113686	99.98	14866565	14578851	III	III
5281994	5283948	5010746	5008794	1955	1953	99.23	14866565	14578851	III	III
5285144	5286603	10774147	10772666	1460	1482	95.08	14866565	16627154	III	II
5302851	5304270	6500930	6502345	1420	1416	94.49	14866565	15455979	III	I
5302851	5304124	12507180	12505931	1274	1250	92.63	14866565	16627154	III	II
5352289	5355310	4988525	4991546	3022	3022	100.00	14866565	14578851	III	III
5356725	5376997	5200567	5220837	20273	20271	99.99	14866565	14578851	III	III
5377214	5425539	5220845	5269169	48326	48325	99.99	14866565	14578851	III	III
5425585	5477168	5270480	5322060	51584	51581	99.99	14866565	14578851	III	III
5477942	5499679	5322426	5344160	21738	21735	99.97	14866565	14578851	III	III
5499677	5511271	5345069	5356657	11595	11589	99.90	14866565	14578851	III	III
5511405	5573523	5356291	5418402	62119	62112	99.93	14866565	14578851	III	III
5572187	5573209	5040496	5039517	1023	980	92.39	14866565	16627154	III	II
5572187	5573413	5423068	5421862	1227	1207	95.38	14866565	14578851	III	III
5572187	5573312	6297805	6296683	1126	1123	95.06	14866565	21540570	III	X
5573441	5574789	5541341	5540012	1349	1330	95.14	14866565	15455979	III	I
5573464	5574785	5039473	5038131	1322	1343	90.05	14866565	16627154	III	II
5573553	5574788	4431208	4432445	1236	1238	96.85	14866565	16627154	III	II
5573553	5574788	9884161	9882922	1236	1240	92.69	14866565	14578851	III	III
5573555	5574788	5418318	5417067	1234	1252	95.47	14866565	14578851	III	III
5573581	5670018	5421862	5518291	96438	96430	99.99	14866565	14578851	III	III
5638682	5643315	4997181	4992549	4634	4633	99.87	14866565	14578851	III	III
5638910	5640150	88655	87436	1241	1220	97.66	14866565	19495157	III	V
5638912	5640136	11134171	11132948	1225	1224	99.84	14866565	17485439	III	IV
5638917	5640137	6079182	6077962	1221	1221	99.84	14866565	16627154	III	II
5638917	5640141	6679035	6677820	1225	1216	99.18	14866565	17485439	III	IV
5659866	5661672	9662996	9661218	1807	1779	92.27	14866565	16627154	III	II
5670252	5727530	5518275	5575549	57279	57275	99.99	14866565	14578851	III	III
5709607	5710926	4719932	4718611	1320	1322	97.28	14866565	19495157	III	V
5709608	5710931	6192804	6191482	1324	1323	97.58	14866565	15455979	III	I
5709608	5710933	16093826	16092498	1326	1329	97.45	14866565	19495157	III	V
5722143	5729699	6044340	6051898	7557	7559	99.33	14866565	14578851	III	III
5725166	5727327	6051898	6049734	2162	2165	97.65	14866565	14578851	III	III
5726908	5728424	6042813	6044329	1517	1517	99.01	14866565	14578851	III	III
5727538	5729794	5575346	5573091	2257	2256	99.69	14866565	14578851	III	III
5727538	5729794	6049523	6047268	2257	2256	99.73	14866565	14578851	III	III
5729171	5756408	5576908	5604141	27238	27234	99.99	14866565	14578851	III	III
5756512	5771647	5604482	5619616	15136	15135	99.99	14866565	14578851	III	III
5772531	5782284	5741996	5751750	9754	9755	99.99	14866565	14578851	III	III
5782388	5793607	5752082	5763301	11220	11220	99.93	14866565	14578851	III	III
5794073	5826117	5765044	5797080	32045	32037	99.97	14866565	14578851	III	III
5814463	5816094	7423764	7425392	1632	1629	98.77	14866565	21540570	III	X
5822056	5840603	5798081	5816627	18548	18547	99.99	14866565	14578851	III	III
5840698	5914378	5817087	5890760	73681	73674	99.97	14866565	14578851	III	III
5871477	5873027	7758669	7757126	1551	1544	91.94	14866565	15455979	III	I
5871935	5873020	5848209	5847230	1086	980	89.87	14866565	14578851	III	III
5886606	5889929	3326	1	3324	3326	99.04	14866565	5203	III	cb25.NA_189
5886911	5893784	15245044	15251908	6874	6865	98.33	14866565	17485439	III	IV
5893791	5898085	15252022	15256273	4295	4252	97.77	14866565	17485439	III	IV
5907034	5927747	5891471	5912184	20714	20714	99.98	14866565	14578851	III	III
5907419	5908728	5604938	5603630	1310	1309	99.69	14866565	19495157	III	V
5927855	5935908	5912656	5920709	8054	8054	100.00	14866565	14578851	III	III
5936078	5937654	5920801	5922377	1577	1577	100.00	14866565	14578851	III	III
5938120	6016676	5923357	6001907	78557	78551	99.99	14866565	14578851	III	III
6016772	6028550	6002327	6014105	11779	11779	99.99	14866565	14578851	III	III
6029564	6055026	6015106	6040567	25463	25462	99.99	14866565	14578851	III	III
6054758	6058675	6053648	6049734	3918	3915	99.59	14866565	14578851	III	III
6055089	6056267	6041624	6042802	1179	1179	100.00	14866565	14578851	III	III
6056509	6180658	6047363	6171503	124150	124141	99.91	14866565	14578851	III	III
6058256	6059772	6042813	6044329	1517	1517	99.93	14866565	14578851	III	III
6058886	6061052	5575346	5573186	2167	2161	97.51	14866565	14578851	III	III
6058886	6061052	6049523	6047363	2167	2161	97.47	14866565	14578851	III	III
6061294	6062472	6042802	6041624	1179	1179	99.66	14866565	14578851	III	III
6095985	6097241	5049423	5048167	1257	1257	99.76	14866565	15455979	III	I
6110023	6111292	6113145	6111878	1270	1268	99.53	14866565	17485439	III	IV
6110028	6111290	5891046	5889784	1263	1263	99.45	14866565	16627154	III	II
6110030	6111287	6050949	6049693	1258	1257	99.68	14866565	19495157	III	V
6111888	6112966	6103819	6102741	1079	1079	88.28	14866565	14578851	III	III
6130786	6133657	378	3249	2872	2872	100.00	14866565	3249	III	cb25.NA_344
6181410	6182532	6171659	6172780	1123	1122	99.91	14866565	14578851	III	III
6184803	6249427	6173268	6237889	64625	64622	99.99	14866565	14578851	III	III
6249563	6258071	6238370	6246878	8509	8509	100.00	14866565	14578851	III	III
6258311	6299602	6247584	6288874	41292	41291	99.99	14866565	14578851	III	III
6299710	6301063	7578417	7577036	1354	1382	95.44	14866565	19495157	III	V
6299713	6301061	9154613	9153253	1349	1361	90.71	14866565	19495157	III	V
6300460	6313414	6289812	6302766	12955	12955	99.95	14866565	14578851	III	III
6301884	6303103	10115087	10116302	1220	1216	84.17	14866565	17485439	III	IV
6313637	6353607	6302733	6342702	39971	39970	99.99	14866565	14578851	III	III
6353758	6370986	6342718	6359943	17229	17226	99.95	14866565	14578851	III	III
6362648	6407364	6364385	6409100	44717	44716	99.99	14866565	14578851	III	III
6407489	6415417	6409604	6417532	7929	7929	100.00	14866565	14578851	III	III
6416018	6442808	6417633	6444440	26791	26808	99.93	14866565	14578851	III	III
6443191	6482937	6445230	6484973	39747	39744	99.99	14866565	14578851	III	III
6482887	6541708	6486159	6544952	58822	58794	99.93	14866565	14578851	III	III
6500596	6501776	6506829	6505647	1181	1183	95.88	14866565	14578851	III	III
6502376	6503558	6505047	6503867	1183	1181	95.88	14866565	14578851	III	III
6541769	6557270	6545127	6560626	15502	15500	99.96	14866565	14578851	III	III
6550183	6551231	15863	16887	1049	1025	95.15	14866565	45587	III	cb25.NA_135
6550188	6551232	11604912	11603883	1045	1030	94.02	14866565	16627154	III	II
6550188	6551232	9864264	9863242	1045	1023	94.10	14866565	19495157	III	V
6554235	6555276	5382931	5383972	1042	1042	94.57	14866565	17485439	III	IV
6555279	6556516	742514	741278	1238	1237	91.39	14866565	17485439	III	IV
6555279	6556979	20736387	20738096	1701	1710	92.96	14866565	21540570	III	X
6555280	6556399	2477434	2476317	1120	1118	90.30	14866565	14578851	III	III
6555505	6556842	10771370	10770025	1338	1346	90.61	14866565	16627154	III	II
6557308	6566756	6560977	6570423	9449	9447	99.95	14866565	14578851	III	III
6566905	6570699	6570929	6574723	3795	3795	99.97	14866565	14578851	III	III
6570771	6587693	6575400	6592322	16923	16923	99.99	14866565	14578851	III	III
6587113	6588403	14026839	14025550	1291	1290	89.49	14866565	19495157	III	V
6587619	6594101	6592668	6599151	6483	6484	99.95	14866565	14578851	III	III
6594132	6628058	6599472	6633395	33927	33924	99.99	14866565	14578851	III	III
6618151	6619677	16117557	16116047	1527	1511	91.77	14866565	19495157	III	V
6618359	6619451	7386765	7385670	1093	1096	93.57	14866565	14578851	III	III
6628216	6667278	6635033	6674092	39063	39060	99.99	14866565	14578851	III	III
6628310	6629421	6634507	6633395	1112	1113	99.91	14866565	14578851	III	III
6651693	6652951	6662813	6661555	1259	1259	99.92	14866565	14578851	III	III
6651694	6652950	7601259	7600004	1257	1256	99.92	14866565	14578851	III	III
6651696	6652954	5119543	5120800	1259	1258	99.52	14866565	17485439	III	IV
6654742	6655999	8127912	8129167	1258	1256	99.44	14866565	17485439	III	IV
6654742	6656007	18619618	18620882	1266	1265	99.53	14866565	19495157	III	V
6667343	6706607	6674619	6713881	39265	39263	99.99	14866565	14578851	III	III
6706896	6730513	6713882	6737496	23618	23615	99.99	14866565	14578851	III	III
6730615	6755695	6737934	6763014	25081	25081	99.99	14866565	14578851	III	III
6752472	6753866	4018056	4016723	1395	1334	88.93	14866565	19495157	III	V
6752473	6753866	7263926	7262492	1394	1435	92.47	14866565	14578851	III	III
6752473	6753866	7578442	7576999	1394	1444	91.68	14866565	14578851	III	III
6755752	6885326	6770647	6900177	129575	129531	99.95	14866565	14578851	III	III
6838659	6839738	17307740	17308810	1080	1071	89.98	14866565	17485439	III	IV
6878571	6879811	10683566	10682307	1241	1260	94.86	14866565	21540570	III	X
6878572	6879810	11909696	11908435	1239	1262	94.46	14866565	16627154	III	II
6878572	6879810	9905225	9903965	1239	1261	95.00	14866565	21540570	III	X
6878578	6879816	5562796	5564074	1239	1279	94.14	14866565	17485439	III	IV
6878578	6879816	5695264	5693986	1239	1279	94.14	14866565	17485439	III	IV
6886204	6889896	6900726	6904418	3693	3693	100.00	14866565	14578851	III	III
6889908	6910700	6904632	6925424	20793	20793	99.98	14866565	14578851	III	III
6910784	6916893	6926044	6932158	6110	6115	99.75	14866565	14578851	III	III
6916869	6933651	6932194	6948976	16783	16783	99.98	14866565	14578851	III	III
6933676	6948158	6949161	6963643	14483	14483	99.99	14866565	14578851	III	III
6948180	6987788	6964580	7004186	39609	39607	99.99	14866565	14578851	III	III
6957892	6959041	6996508	6995349	1150	1160	89.66	14866565	16627154	III	II
6984696	6986765	6675074	6672989	2070	2086	93.53	14866565	17485439	III	IV
6987896	7003561	7004204	7019868	15666	15665	99.97	14866565	14578851	III	III
7003885	7045296	7019853	7061260	41412	41408	99.99	14866565	14578851	III	III
7045550	7055475	7062219	7072142	9926	9924	99.97	14866565	14578851	III	III
7058033	7068427	7073193	7083587	10395	10395	99.87	14866565	14578851	III	III
7068558	7071809	7086572	7089823	3252	3252	100.00	14866565	14578851	III	III
7072748	7076093	7089894	7093238	3346	3345	99.97	14866565	14578851	III	III
7074505	7075688	15232826	15231643	1184	1184	99.92	14866565	21540570	III	X
7077093	7096737	7093832	7113478	19645	19647	99.99	14866565	14578851	III	III
7096980	7145717	7114023	7162761	48738	48739	99.98	14866565	14578851	III	III
7146684	7172718	7162982	7189012	26035	26031	99.98	14866565	14578851	III	III
7155722	7156973	8951897	8950676	1252	1222	95.14	14866565	16627154	III	II
7155725	7156972	12948016	12946778	1248	1239	97.36	14866565	14578851	III	III
7164416	7165672	4953764	4952508	1257	1257	99.84	14866565	17485439	III	IV
7172778	7175505	7190086	7192813	2728	2728	100.00	14866565	14578851	III	III
7176600	7188424	7193225	7205047	11825	11823	99.97	14866565	14578851	III	III
7189317	7242523	7205651	7258858	53207	53208	99.98	14866565	14578851	III	III
7235139	7236957	7253292	7251473	1819	1820	92.85	14866565	14578851	III	III
7242683	7250867	7260255	7268437	8185	8183	99.96	14866565	14578851	III	III
7250901	7268116	7273024	7290239	17216	17216	99.98	14866565	14578851	III	III
7268161	7298721	7290615	7321174	30561	30560	99.99	14866565	14578851	III	III
7285859	7287258	8319917	8318523	1400	1395	97.50	14866565	14578851	III	III
7285859	7287258	11463864	11462467	1400	1398	97.29	14866565	17485439	III	IV
7285940	7287257	8086951	8088265	1318	1315	97.80	14866565	17485439	III	IV
7299747	7310067	7322109	7332427	10321	10319	99.97	14866565	14578851	III	III
7308523	7310680	7330280	7332437	2158	2158	99.12	14866565	14578851	III	III
7311808	7336155	5741161	5716814	24348	24348	100.00	14866565	14578851	III	III
7336480	7351004	5716098	5701575	14525	14524	99.99	14866565	14578851	III	III
7351148	7368832	5700425	5682742	17685	17684	99.99	14866565	14578851	III	III
7369196	7379442	5682731	5672484	10247	10248	99.95	14866565	14578851	III	III
7379440	7395880	5671539	5655101	16441	16439	99.99	14866565	14578851	III	III
7388279	7389547	12536990	12535722	1269	1269	99.45	14866565	17485439	III	IV
7388282	7389536	7181966	7180713	1255	1254	99.92	14866565	14578851	III	III
7388282	7389538	5632085	5630830	1257	1256	99.92	14866565	21540570	III	X
7396240	7411813	5654340	5638767	15574	15574	99.99	14866565	14578851	III	III
7397541	7398810	5411935	5410669	1270	1267	99.53	14866565	16627154	III	II
7397541	7398810	3931	2664	1270	1268	99.61	14866565	4396	III	cb25.NA_307
7397553	7398810	5332095	5333350	1258	1256	99.76	14866565	17485439	III	IV
7397553	7398810	21	1276	1258	1256	99.68	14866565	3770	III	cb25.NA_326
7397555	7398813	11753000	11751742	1259	1259	100.00	14866565	19495157	III	V
7397557	7398817	20354901	20356161	1261	1261	99.13	14866565	21540570	III	X
7411935	7419669	5638756	5631023	7735	7734	99.99	14866565	14578851	III	III
7420573	7429578	5629621	5620617	9006	9005	99.99	14866565	14578851	III	III
7432505	7434816	7332540	7334851	2312	2312	97.84	14866565	14578851	III	III
7434573	7441142	7333967	7340539	6570	6573	99.63	14866565	14578851	III	III
7441247	7449684	7341360	7349797	8438	8438	100.00	14866565	14578851	III	III
7449733	7486347	7350283	7386894	36615	36612	99.99	14866565	14578851	III	III
7483814	7485122	5206931	5208237	1309	1307	99.47	14866565	17485439	III	IV
7483816	7485123	11626414	11625107	1308	1308	99.62	14866565	17485439	III	IV
7485122	7486218	6624788	6623696	1097	1093	93.66	14866565	14578851	III	III
7485122	7486214	9635242	9634158	1093	1085	94.17	14866565	14578851	III	III
7485122	7486173	11324540	11323488	1052	1053	94.15	14866565	14578851	III	III
7485122	7486214	11624609	11623521	1093	1089	94.26	14866565	17485439	III	IV
7486894	7489832	7389499	7392435	2939	2937	99.93	14866565	14578851	III	III
7489962	7498847	7392502	7401387	8886	8886	100.00	14866565	14578851	III	III
7492586	7493590	10748553	10747556	1005	998	97.21	14866565	16627154	III	II
7495812	7498908	1420	4516	3097	3097	100.00	14866565	13345	III	cb25.NA_191
7496175	7497387	1	1213	1213	1213	100.00	14866565	13345	III	cb25.NA_191
7498968	7507645	4668	13345	8678	8678	100.00	14866565	13345	III	cb25.NA_191
7500047	7525178	7402083	7427212	25132	25130	99.99	14866565	14578851	III	III
7501217	7502560	13559860	13558451	1344	1410	89.65	14866565	21540570	III	X
7525187	7560906	7430786	7466504	35720	35719	99.99	14866565	14578851	III	III
7547517	7548552	15044475	15045510	1036	1036	99.81	14866565	17485439	III	IV
7560999	7602852	7468763	7510614	41854	41852	99.99	14866565	14578851	III	III
7603200	7628812	7511382	7536994	25613	25613	99.99	14866565	14578851	III	III
7629603	7757768	7537681	7665811	128166	128131	99.95	14866565	14578851	III	III
7667636	7668636	12833886	12832891	1001	996	93.93	14866565	19495157	III	V
7668876	7670365	4458687	4457190	1490	1498	93.38	14866565	15455979	III	I
7668967	7670366	8623184	8621809	1400	1376	91.81	14866565	19495157	III	V
7675505	7676582	4574263	4573151	1078	1113	91.65	14866565	14578851	III	III
7691927	7693181	12256017	12254763	1255	1255	99.84	14866565	15455979	III	I
7759191	7778035	7665970	7684813	18845	18844	99.97	14866565	14578851	III	III
7776429	7778636	194	2402	2208	2209	99.28	14866565	2402	III	cb25.NA_383
7778360	7899886	7682344	7803859	121527	121516	99.98	14866565	14578851	III	III
7900019	7905643	7803871	7809494	5625	5624	99.40	14866565	14578851	III	III
7905695	7970946	7810000	7875249	65252	65250	99.99	14866565	14578851	III	III
7910668	7911777	4984059	4982954	1110	1106	95.14	14866565	21540570	III	X
7927353	7928618	4255682	4256858	1266	1177	88.51	14866565	16627154	III	II
7966953	7980714	7875575	7889336	13762	13762	99.99	14866565	14578851	III	III
7969532	7970589	4456108	4455027	1058	1082	89.91	14866565	17485439	III	IV
7981633	8007292	7889732	7915389	25660	25658	99.99	14866565	14578851	III	III
8007259	8045998	12593028	12631762	38740	38735	99.94	14866565	17485439	III	IV
8010077	8011184	7917445	7918552	1108	1108	100.00	14866565	14578851	III	III
8046040	8064308	7919826	7938094	18269	18269	99.98	14866565	14578851	III	III
8061620	8063239	12348765	12347146	1620	1620	99.63	14866565	21540570	III	X
8064399	8076627	7938481	7950709	12229	12229	99.99	14866565	14578851	III	III
8076715	8078112	7951437	7952834	1398	1398	99.79	14866565	14578851	III	III
8079468	8090688	7954272	7965489	11221	11218	99.97	14866565	14578851	III	III
8090950	8117515	7965704	7992267	26566	26564	99.99	14866565	14578851	III	III
8101033	8106719	16356315	16362001	5687	5687	99.88	14866565	19495157	III	V
8106440	8107699	11195794	11194535	1260	1260	99.29	14866565	15455979	III	I
8106444	8107703	13776380	13775122	1260	1259	99.76	14866565	16627154	III	II
8106444	8107715	15633286	15632016	1272	1271	99.45	14866565	19495157	III	V
8108274	8109343	7780241	7781315	1070	1075	81.23	14866565	17485439	III	IV
8117682	8121337	7992646	7996299	3656	3654	99.92	14866565	14578851	III	III
8121357	8170153	7997096	8045888	48797	48793	99.99	14866565	14578851	III	III
8170373	8177333	8045971	8052930	6961	6960	99.99	14866565	14578851	III	III
8177520	8179010	8054424	8052934	1491	1491	100.00	14866565	14578851	III	III
8179406	8188055	1	8662	8650	8662	99.72	14866565	15512	III	cb25.NA_220
8189533	8196157	8889	15512	6625	6624	99.98	14866565	15512	III	cb25.NA_220
8191060	8200709	1	9649	9650	9649	99.92	14866565	19594	III	cb25.NA_018
8193798	8195092	4432458	4433751	1295	1294	96.46	14866565	16627154	III	II
8193799	8195092	7651155	7649877	1294	1279	87.02	14866565	21540570	III	X
8193916	8195092	5980311	5979149	1177	1163	95.92	14866565	19495157	III	V
8200797	8202329	10582	12115	1533	1534	99.87	14866565	19594	III	cb25.NA_018
8202286	8208001	10203	4505	5716	5699	88.77	14866565	25834	III	cb25.NA_080
8202435	8203686	12398	13649	1252	1252	100.00	14866565	19594	III	cb25.NA_018
8202963	8212109	14480	5348	9147	9133	97.47	14866565	34350	III	cb25.NA_098
8203183	8204376	13553032	13554225	1194	1194	100.00	14866565	21540570	III	X
8205044	8207310	13739	16004	2267	2266	99.96	14866565	19594	III	cb25.NA_018
8207526	8210761	16366	19594	3236	3229	99.47	14866565	19594	III	cb25.NA_018
8208764	8216914	8055426	8063513	8151	8088	97.96	14866565	14578851	III	III
8214327	8216914	21673	19081	2588	2593	90.04	14866565	24336	III	cb25.NA_194
8214539	8217881	20326631	20323288	3343	3344	98.95	14866565	21540570	III	X
8214749	8216914	17052419	17054585	2166	2167	91.63	14866565	19495157	III	V
8217460	8246042	8064121	8092699	28583	28579	99.98	14866565	14578851	III	III
8218444	8220536	15	2106	2093	2092	99.67	14866565	2106	III	cb25.NA_407
8246205	8314750	8093544	8162086	68546	68543	99.95	14866565	14578851	III	III
8314756	8316060	8162668	8163972	1305	1305	100.00	14866565	14578851	III	III
8316925	8355816	8164200	8203090	38892	38891	99.99	14866565	14578851	III	III
8320105	8321130	9702793	9701734	1026	1060	93.13	14866565	15455979	III	I
8355597	8356670	8204264	8203191	1074	1074	100.00	14866565	14578851	III	III
8356929	8377694	8204274	8225039	20766	20766	99.98	14866565	14578851	III	III
8371401	8372752	7377967	7376622	1352	1346	97.19	14866565	16627154	III	II
8377930	8420239	8225616	8267924	42310	42309	99.99	14866565	14578851	III	III
8379189	8380459	10866020	10864740	1271	1281	96.33	14866565	19495157	III	V
8379190	8380459	7824798	7823572	1270	1227	92.46	14866565	15455979	III	I
8379190	8380459	9113393	9112120	1270	1274	95.85	14866565	16627154	III	II
8379190	8380459	7419762	7418485	1270	1278	96.56	14866565	19495157	III	V
8379253	8380459	12182018	12180809	1207	1210	95.87	14866565	19495157	III	V
8379343	8380463	8645937	8644822	1121	1116	94.59	14866565	17485439	III	IV
8379353	8380459	11306898	11305789	1107	1110	96.94	14866565	19495157	III	V
8379402	8380463	2915168	2914102	1062	1067	94.94	14866565	14578851	III	III
8379456	8380459	13037518	13036511	1004	1008	96.13	14866565	16627154	III	II
8420263	8427367	8268043	8275147	7105	7105	100.00	14866565	14578851	III	III
8427375	8434399	8276442	8283465	7025	7024	99.99	14866565	14578851	III	III
8434576	8461169	8284031	8310623	26594	26593	99.99	14866565	14578851	III	III
8461201	8470359	8311384	8320541	9159	9158	99.96	14866565	14578851	III	III
8468330	8470068	27456	25716	1739	1741	97.37	14866565	34350	III	cb25.NA_098
8468333	8469873	16431732	16430192	1541	1541	97.67	14866565	16627154	III	II
8468334	8470024	4187989	4186294	1691	1696	97.88	14866565	17485439	III	IV
8468337	8470068	5638356	5636619	1732	1738	97.99	14866565	15455979	III	I
8468337	8470032	7250080	7251760	1696	1681	95.78	14866565	21540570	III	X
8468340	8469802	16442196	16443664	1463	1469	97.21	14866565	19495157	III	V
8468341	8469735	7309711	7308313	1395	1399	97.43	14866565	14578851	III	III
8468342	8470068	15793888	15792156	1727	1733	97.46	14866565	17485439	III	IV
8468350	8469672	703498	702178	1323	1321	97.82	14866565	17485439	III	IV
8468476	8470068	5106502	5104905	1593	1598	97.56	14866565	17485439	III	IV
8468779	8470065	9890509	9889217	1287	1293	95.67	14866565	19495157	III	V
8470860	8485834	8320880	8335860	14975	14981	99.78	14866565	14578851	III	III
8484341	8485888	6097	4553	1548	1545	92.81	14866565	6829	III	cb25.NA_066
8484341	8485931	1588	1	1591	1588	91.32	14866565	2506	III	cb25.NA_378
8484436	8486858	2506	1	2423	2506	88.73	14866565	2506	III	cb25.NA_378
8484610	8486101	8334361	8335860	1492	1500	94.91	14866565	14578851	III	III
8484835	8488823	4500	596	3989	3905	91.36	14866565	6829	III	cb25.NA_066
8485709	8487408	6828	5139	1700	1690	92.02	14866565	6829	III	cb25.NA_066
8487212	8489130	6828	4950	1919	1879	93.37	14866565	6829	III	cb25.NA_066
8487212	8488926	2506	792	1715	1715	94.23	14866565	2506	III	cb25.NA_378
8489134	8493597	4500	1	4464	4500	92.20	14866565	6829	III	cb25.NA_066
8492387	8494666	6828	4553	2280	2276	92.77	14866565	6829	III	cb25.NA_066
8492441	8493935	8334361	8335858	1495	1498	91.02	14866565	14578851	III	III
8493005	8495468	2506	1	2464	2506	91.75	14866565	2506	III	cb25.NA_378
8493110	8495341	6828	4553	2232	2276	91.66	14866565	6829	III	cb25.NA_066
8494460	8495985	2506	981	1526	1526	93.59	14866565	2506	III	cb25.NA_378
8494748	8497246	2506	2	2499	2505	90.88	14866565	2506	III	cb25.NA_378
8495341	8499243	3897	1	3903	3897	91.78	14866565	6829	III	cb25.NA_066
8495461	8498623	4500	1254	3163	3247	92.71	14866565	6829	III	cb25.NA_066
8499685	8504199	4500	1	4515	4500	91.04	14866565	6829	III	cb25.NA_066
8499992	8502286	6828	4553	2295	2276	91.45	14866565	6829	III	cb25.NA_066
8504672	8506987	6828	4553	2316	2276	91.02	14866565	6829	III	cb25.NA_066
8505860	8508112	6828	4553	2253	2276	91.77	14866565	6829	III	cb25.NA_066
8506583	8509067	2506	1	2485	2506	89.60	14866565	2506	III	cb25.NA_378
8506661	8512623	6828	733	5963	6096	91.08	14866565	6829	III	cb25.NA_066
8506987	8508588	3195	1585	1602	1611	91.80	14866565	6829	III	cb25.NA_066
8508878	8510499	1583	1	1622	1583	91.62	14866565	6829	III	cb25.NA_066
8509615	8512351	4500	1764	2737	2737	91.31	14866565	6829	III	cb25.NA_066
8510107	8512166	4500	2465	2060	2036	91.78	14866565	6829	III	cb25.NA_066
8512805	8542169	8335961	8365319	29365	29359	99.96	14866565	14578851	III	III
8542265	8623382	8365481	8446592	81118	81112	99.97	14866565	14578851	III	III
8574646	8575921	10428687	10427412	1276	1276	97.42	14866565	14578851	III	III
8574646	8575921	1317174	1315903	1276	1272	96.56	14866565	21540570	III	X
8574646	8575917	20035738	20034473	1272	1266	96.86	14866565	21540570	III	X
8618341	8619851	12650539	12649036	1511	1504	97.23	14866565	19495157	III	V
8618345	8620304	292571	294567	1960	1997	94.40	14866565	17485439	III	IV
8618346	8620304	225538	227517	1959	1980	94.03	14866565	17485439	III	IV
8618386	8620304	15054220	15056137	1919	1918	96.99	14866565	17485439	III	IV
8618509	8620304	14638950	14637155	1796	1796	97.56	14866565	16627154	III	II
8618675	8619902	16163816	16162565	1228	1252	94.90	14866565	19495157	III	V
8623400	8718184	8449533	8544312	94785	94780	99.98	14866565	14578851	III	III
8692372	8693862	8522696	8521279	1491	1418	94.97	14866565	14578851	III	III
8695149	8696566	8519992	8518503	1418	1490	94.90	14866565	14578851	III	III
8701043	8702247	4467247	4466079	1205	1169	90.75	14866565	15455979	III	I
8701043	8702247	3035069	3033847	1205	1223	95.10	14866565	16627154	III	II
8701043	8702251	11775368	11774146	1209	1223	95.35	14866565	19495157	III	V
8701043	8702247	13951277	13950054	1205	1224	95.92	14866565	19495157	III	V
8704022	8705380	8041542	8040188	1359	1355	87.44	14866565	19495157	III	V
8704022	8705889	20515	18603	1868	1913	85.16	14866565	25210	III	cb25.NA_209
8706613	8707998	3382060	3380679	1386	1382	94.79	14866565	14578851	III	III
8706627	8707714	3754371	3753280	1088	1092	95.82	14866565	16627154	III	II
8706627	8707789	7980751	7979576	1163	1176	96.09	14866565	19495157	III	V
8706627	8707771	15277026	15275877	1145	1150	94.84	14866565	19495157	III	V
8718387	8795900	8544338	8621848	77514	77511	99.99	14866565	14578851	III	III
8742462	8743665	11243303	11242091	1204	1213	97.28	14866565	14578851	III	III
8742462	8743704	778806	777561	1243	1246	96.96	14866565	19495157	III	V
8742462	8743705	6181845	6180593	1244	1253	97.61	14866565	19495157	III	V
8742462	8743704	12801742	12800495	1243	1248	97.76	14866565	21540570	III	X
8796591	8889982	8629474	8722852	93392	93379	99.99	14866565	14578851	III	III
8890105	8942221	8722845	8774953	52117	52109	99.98	14866565	14578851	III	III
8942436	8947283	8775790	8780635	4848	4846	99.92	14866565	14578851	III	III
8947259	8971194	8785095	8809028	23936	23934	99.99	14866565	14578851	III	III
8963270	8964768	11094611	11093138	1499	1474	90.37	14866565	17485439	III	IV
8963271	8964739	1074754	1076225	1469	1472	92.14	14866565	19495157	III	V
8963272	8964759	10045611	10044117	1488	1495	92.14	14866565	15455979	III	I
8963272	8964767	3941056	3939558	1496	1499	90.83	14866565	16627154	III	II
8963422	8964520	11324607	11323505	1099	1103	94.59	14866565	14578851	III	III
8971426	9008843	8811694	8849110	37418	37417	99.99	14866565	14578851	III	III
9008903	9033074	8850326	8874499	24172	24174	99.97	14866565	14578851	III	III
9033634	9036267	8874728	8877361	2634	2634	100.00	14866565	14578851	III	III
9033640	9044800	8905736	8894576	11161	11161	99.96	14866565	14578851	III	III
9045816	9056243	8894349	8883920	10428	10430	99.79	14866565	14578851	III	III
9056461	9060098	8883369	8879732	3638	3638	99.95	14866565	14578851	III	III
9060200	9061263	8879721	8878660	1064	1062	99.34	14866565	14578851	III	III
9061097	9064895	8910556	8906759	3799	3798	99.89	14866565	14578851	III	III
9064917	9101696	8914031	8950802	36780	36772	99.97	14866565	14578851	III	III
9066095	9067121	11604912	11603883	1027	1030	96.61	14866565	16627154	III	II
9066095	9067121	14003080	14002050	1027	1031	96.71	14866565	14578851	III	III
9066095	9067122	16676484	16675456	1028	1029	96.71	14866565	19495157	III	V
9066095	9067120	29629	30672	1026	1044	94.65	14866565	44065	III	cb25.NA_117
9067852	9068894	7611312	7610264	1043	1049	95.73	14866565	15455979	III	I
9067873	9068881	15002789	15003804	1009	1016	88.13	14866565	16627154	III	II
9067885	9068894	6405759	6404690	1010	1070	88.88	14866565	21540570	III	X
9069526	9071558	8920671	8918639	2033	2033	91.08	14866565	14578851	III	III
9089464	9090653	8942237	8941049	1190	1189	99.75	14866565	14578851	III	III
9090146	9091601	10288910	10287390	1456	1521	94.48	14866565	16627154	III	II
9090208	9091898	13341218	13339499	1691	1720	95.32	14866565	21540570	III	X
9090337	9091642	2119787	2118418	1306	1370	94.61	14866565	19495157	III	V
9090408	9091488	5824355	5823211	1081	1145	93.29	14866565	21540570	III	X
9091940	9093128	8939762	8938573	1189	1190	99.75	14866565	14578851	III	III
9103217	9113111	8951987	8961880	9895	9894	99.98	14866565	14578851	III	III
9113098	9142588	8963042	8992583	29491	29542	99.76	14866565	14578851	III	III
9120029	9121755	10509007	10507266	1727	1742	88.81	14866565	17485439	III	IV
9142650	9168748	8993204	9019300	26099	26097	99.99	14866565	14578851	III	III
9148596	9150140	8147505	8145962	1545	1544	95.41	14866565	19495157	III	V
9148804	9150683	12142972	12141099	1880	1874	95.00	14866565	19495157	III	V
9149553	9150682	6899519	6898393	1130	1127	93.47	14866565	21540570	III	X
9149559	9150683	7104839	7103720	1125	1120	95.38	14866565	19495157	III	V
9168447	9169462	13955466	13954441	1016	1026	92.36	14866565	16627154	III	II
9169017	9181121	9019639	9031741	12105	12103	99.98	14866565	14578851	III	III
9182187	9184206	9032467	9034486	2020	2020	99.85	14866565	14578851	III	III
9183779	9184987	9038230	9037020	1209	1211	99.09	14866565	14578851	III	III
9184287	9194308	9034754	9044774	10022	10021	99.97	14866565	14578851	III	III
9194635	9254556	9044761	9104677	59922	59917	99.98	14866565	14578851	III	III
9209205	9210716	9511513	9510006	1512	1508	93.37	14866565	16627154	III	II
9209205	9210716	9635468	9633962	1512	1507	93.70	14866565	14578851	III	III
9209205	9210654	11624835	11623387	1450	1449	93.29	14866565	17485439	III	IV
9209364	9210472	11324607	11323505	1109	1103	94.33	14866565	14578851	III	III
9209584	9210719	4137615	4136472	1136	1144	94.18	14866565	19495157	III	V
9255184	9274171	9104775	9123760	18988	18986	99.99	14866565	14578851	III	III
9262520	9263767	7756873	7755628	1248	1246	94.00	14866565	15455979	III	I
9262605	9263877	6899751	6901033	1273	1283	91.60	14866565	15455979	III	I
9273936	9355784	9124462	9206259	81849	81798	99.92	14866565	14578851	III	III
9303092	9304408	10406	9069	1317	1338	92.38	14866565	79173	III	cb25.NA_037
9304405	9306420	225538	227517	2016	1980	95.03	14866565	17485439	III	IV
9304405	9306420	292572	294567	2016	1996	95.81	14866565	17485439	III	IV
9304405	9305948	12650534	12649036	1544	1499	92.94	14866565	19495157	III	V
9304445	9306420	15054220	15056137	1976	1918	91.73	14866565	17485439	III	IV
9304522	9306420	9770498	9768629	1899	1870	94.94	14866565	14578851	III	III
9304568	9306420	14638950	14637155	1853	1796	92.02	14866565	16627154	III	II
9304746	9305999	16163816	16162565	1254	1252	95.46	14866565	19495157	III	V
9304876	9306420	9763607	9762093	1545	1515	94.99	14866565	14578851	III	III
9352239	9358979	9207273	9214009	6741	6737	99.67	14866565	14578851	III	III
9354932	9356189	863246	861989	1258	1258	99.76	14866565	21540570	III	X
9359598	9360865	9214127	9215394	1268	1268	99.92	14866565	14578851	III	III
9360955	9414653	9251493	9305131	53699	53639	99.88	14866565	14578851	III	III
9396431	9397632	16550341	16549149	1202	1193	97.17	14866565	19495157	III	V
9396598	9398157	15859349	15857799	1560	1551	95.60	14866565	21540570	III	X
9396598	9398157	15862813	15861264	1560	1550	95.54	14866565	21540570	III	X
9397073	9399266	10286122	10283935	2194	2188	97.01	14866565	17485439	III	IV
9397073	9398087	10311869	10310865	1015	1005	95.99	14866565	17485439	III	IV
9397604	9399266	10283229	10281572	1663	1658	96.83	14866565	17485439	III	IV
9398041	9399188	10310201	10309050	1148	1152	98.18	14866565	17485439	III	IV
9414545	9449499	9216395	9251347	34955	34953	99.98	14866565	14578851	III	III
9443682	9514876	9306132	9377334	71195	71203	99.96	14866565	14578851	III	III
9514918	9533102	9378063	9396243	18185	18181	99.98	14866565	14578851	III	III
9533526	9535983	9396761	9399218	2458	2458	100.00	14866565	14578851	III	III
9533623	9534932	7861386	7860051	1310	1336	92.44	14866565	19495157	III	V
9533859	9535017	4154536	4153335	1159	1202	93.43	14866565	15455979	III	I
9535981	9572925	9399371	9436314	36945	36944	99.99	14866565	14578851	III	III
9573223	9599156	9437054	9462987	25934	25934	100.00	14866565	14578851	III	III
9600450	9618944	9464159	9482653	18495	18495	99.99	14866565	14578851	III	III
9618604	9619925	9485934	9484613	1322	1322	99.92	14866565	14578851	III	III
9619911	9621533	9482991	9484612	1623	1622	99.94	14866565	14578851	III	III
9621921	9639302	9486547	9503929	17382	17383	99.99	14866565	14578851	III	III
9639430	9673580	9504029	9538176	34151	34148	99.98	14866565	14578851	III	III
9673680	9686917	9538400	9551636	13238	13237	99.99	14866565	14578851	III	III
9687039	9688638	9553239	9551641	1600	1599	98.69	14866565	14578851	III	III
9687039	9689570	9554139	9556669	2532	2531	99.64	14866565	14578851	III	III
9689895	9702086	9556945	9569136	12192	12192	100.00	14866565	14578851	III	III
9702369	9742781	9569955	9610364	40413	40410	99.99	14866565	14578851	III	III
9702992	9704347	12789528	12788185	1356	1344	92.74	14866565	16627154	III	II
9702995	9704219	12611734	12610522	1225	1213	93.65	14866565	19495157	III	V
9702995	9704219	13144566	13143354	1225	1213	93.57	14866565	19495157	III	V
9702996	9704133	11251867	11250725	1138	1143	95.72	14866565	14578851	III	III
9702996	9704347	18749312	18747967	1352	1346	94.12	14866565	19495157	III	V
9703060	9704343	13516106	13514842	1284	1265	94.04	14866565	17485439	III	IV
9723430	9724456	12293879	12292853	1027	1027	97.48	14866565	16627154	III	II
9723431	9724452	2846590	2845562	1022	1029	98.06	14866565	15455979	III	I
9723431	9724452	3317463	3318488	1022	1026	97.66	14866565	17485439	III	IV
9723431	9724452	6674837	6673811	1022	1027	97.28	14866565	17485439	III	IV
9723431	9724452	6329062	6328054	1022	1009	95.43	14866565	19495157	III	V
9723431	9724452	15640706	15639680	1022	1027	97.37	14866565	19495157	III	V
9723431	9724452	7305	8330	1022	1026	98.34	14866565	30404	III	cb25.NA_205
9742776	9765839	9613545	9636607	23064	23063	99.99	14866565	14578851	III	III
9763194	9764701	5780629	5779173	1508	1457	91.57	14866565	15455979	III	I
9763194	9764700	9060840	9059330	1507	1511	93.63	14866565	14578851	III	III
9763194	9764701	9978013	9976488	1508	1526	93.89	14866565	14578851	III	III
9763194	9764327	2679	1565	1134	1115	92.41	14866565	19495157	III	V
9763194	9764385	6813494	6812300	1192	1195	94.60	14866565	19495157	III	V
9763390	9764474	7386761	7385670	1085	1092	94.08	14866565	14578851	III	III
9766020	9811177	9636738	9681892	45158	45155	99.99	14866565	14578851	III	III
9811750	9822402	9682047	9692697	10653	10651	99.98	14866565	14578851	III	III
9822050	9823345	9696656	9697951	1296	1296	99.92	14866565	14578851	III	III
9823376	9824506	9700018	9698888	1131	1131	100.00	14866565	14578851	III	III
9825406	9890127	9698888	9763607	64722	64720	99.98	14866565	14578851	III	III
9827265	9828512	10497575	10496300	1248	1276	87.12	14866565	19495157	III	V
9884236	10028699	9764252	9908697	144464	144446	99.98	14866565	14578851	III	III
9888600	9890483	13769283	13767423	1884	1861	93.18	14866565	17485439	III	IV
9888613	9890483	8443515	8441674	1871	1842	93.79	14866565	14578851	III	III
9888613	9890483	9156945	9155048	1871	1898	94.94	14866565	14578851	III	III
9889118	9890483	6820229	6818906	1366	1324	92.49	14866565	19495157	III	V
9890480	9892106	2919929	2918301	1627	1629	98.53	14866565	16627154	III	II
9986964	9988221	7390947	7392205	1258	1259	99.60	14866565	17485439	III	IV
9986966	9988222	7020632	7019376	1257	1257	100.00	14866565	17485439	III	IV
10028781	10035655	9908954	9915827	6875	6874	99.99	14866565	14578851	III	III
10035870	10063113	9917163	9944405	27244	27243	99.99	14866565	14578851	III	III
10048093	10049349	15139051	15137794	1257	1258	99.60	14866565	17485439	III	IV
10048093	10049350	11228241	11226985	1258	1257	99.60	14866565	21540570	III	X
10063262	10066437	9944884	9948059	3176	3176	100.00	14866565	14578851	III	III
10066972	10068711	9948070	9949809	1740	1740	100.00	14866565	14578851	III	III
10068883	10084070	10657527	10642341	15188	15187	99.99	14866565	14578851	III	III
10078266	10105989	10641340	10613619	27724	27722	99.97	14866565	14578851	III	III
10099604	10134886	10612618	10577425	35283	35194	99.74	14866565	14578851	III	III
10134492	10135748	2658253	2656997	1257	1257	99.76	14866565	17485439	III	IV
10134493	10135749	1355	99	1257	1257	100.00	14866565	14578851	III	III
10134493	10135749	2913	4169	1257	1257	100.00	14866565	7485	III	cb25.NA_263
10134494	10135749	8874259	8873005	1256	1255	99.92	14866565	21540570	III	X
10134495	10135749	8314341	8315595	1255	1255	100.00	14866565	15455979	III	I
10134495	10135750	5661445	5662700	1256	1256	99.92	14866565	14578851	III	III
10134495	10135748	9963183	9961930	1254	1254	100.00	14866565	14578851	III	III
10134495	10135750	10135520	10134266	1256	1255	99.84	14866565	21540570	III	X
10134550	10135748	10573860	10575058	1199	1199	100.00	14866565	14578851	III	III
10135029	10138462	10577293	10573860	3434	3434	99.74	14866565	14578851	III	III
10135641	10207398	9960308	10032058	71758	71751	99.99	14866565	14578851	III	III
10137262	10138518	15633286	15632030	1257	1257	99.92	14866565	19495157	III	V
10137264	10138522	889534	888277	1259	1258	99.76	14866565	21540570	III	X
10151812	10153319	1074745	1076225	1508	1481	91.90	14866565	19495157	III	V
10151814	10153287	11624846	11623385	1474	1462	92.68	14866565	17485439	III	IV
10151822	10153339	10045612	10044117	1518	1496	92.62	14866565	15455979	III	I
10151822	10153347	9635469	9633962	1526	1508	93.89	14866565	14578851	III	III
10151823	10153351	9511513	9510002	1529	1512	92.81	14866565	16627154	III	II
10151823	10152999	13706689	13705512	1177	1178	90.52	14866565	17485439	III	IV
10151982	10153174	11324607	11323406	1193	1202	91.84	14866565	14578851	III	III
10152199	10153347	4625212	4624088	1149	1125	93.92	14866565	15455979	III	I
10152204	10153352	4137602	4136470	1149	1133	94.36	14866565	19495157	III	V
10152230	10153347	10018373	10017251	1118	1123	91.26	14866565	16627154	III	II
10207470	10235158	10037164	10064850	27689	27687	99.99	14866565	14578851	III	III
10235315	10332509	10065488	10162673	97195	97186	99.95	14866565	14578851	III	III
10276593	10277942	13468826	13467481	1350	1346	98.00	14866565	16627154	III	II
10287284	10288438	27456	26296	1155	1161	97.16	14866565	34350	III	cb25.NA_098
10287287	10288438	16431732	16430580	1152	1153	97.50	14866565	16627154	III	II
10287291	10288438	1165914	1164766	1148	1149	97.66	14866565	15455979	III	I
10287291	10288438	5638356	5637203	1148	1154	97.40	14866565	15455979	III	I
10287304	10288438	703498	702366	1135	1133	97.20	14866565	17485439	III	IV
10327195	10348605	10163074	10184481	21411	21408	99.99	14866565	14578851	III	III
10348793	10354002	10185066	10190269	5210	5204	97.90	14866565	14578851	III	III
10353350	10354542	10191840	10193032	1193	1193	99.83	14866565	14578851	III	III
10357494	10384651	10193102	10220257	27158	27156	99.97	14866565	14578851	III	III
10383136	10384488	10222666	10221315	1353	1352	99.93	14866565	14578851	III	III
10384737	10401495	10222666	10239422	16759	16757	99.99	14866565	14578851	III	III
10396687	10398027	10237922	10236549	1341	1374	91.55	14866565	14578851	III	III
10398621	10399995	10235955	10234616	1375	1340	91.55	14866565	14578851	III	III
10401551	10457109	10239671	10295225	55559	55555	99.97	14866565	14578851	III	III
10429687	10430946	14164682	14163424	1260	1259	99.52	14866565	17485439	III	IV
10457132	10469760	10295378	10308009	12629	12632	99.91	14866565	14578851	III	III
10459343	10460603	3585841	3584574	1261	1268	99.29	14866565	16627154	III	II
10459346	10460607	4953761	4952499	1262	1263	99.84	14866565	17485439	III	IV
10470323	10472332	10308999	10311009	2010	2011	99.80	14866565	14578851	III	III
10472380	10476584	10311372	10315576	4205	4205	100.00	14866565	14578851	III	III
10476710	10508587	10316048	10347922	31878	31875	99.99	14866565	14578851	III	III
10508628	10512727	10348248	10352346	4100	4099	99.93	14866565	14578851	III	III
10512776	10532861	10354811	10374896	20086	20086	100.00	14866565	14578851	III	III
10532870	10541208	10375414	10383752	8339	8339	100.00	14866565	14578851	III	III
10541240	10546820	10384279	10389859	5581	5581	99.82	14866565	14578851	III	III
10546981	10579496	10390180	10422695	32516	32516	99.98	14866565	14578851	III	III
10577045	10578123	10422675	10421588	1079	1088	98.99	14866565	14578851	III	III
10578389	10579476	10421322	10420244	1088	1079	98.99	14866565	14578851	III	III
10579550	10585085	10423210	10428744	5536	5535	99.98	14866565	14578851	III	III
10581954	10583211	7209619	7208349	1258	1271	82.71	14866565	15455979	III	I
10583752	10585028	8399133	8397858	1277	1276	97.50	14866565	14578851	III	III
10583753	10585028	16567344	16566080	1276	1265	96.01	14866565	19495157	III	V
10583758	10585029	5971669	5970402	1272	1268	96.70	14866565	16627154	III	II
10583758	10585028	2862052	2860786	1271	1267	97.17	14866565	19495157	III	V
10583758	10585028	6237451	6238713	1271	1263	96.31	14866565	21540570	III	X
10583758	10585029	54923	53665	1272	1259	96.23	14866565	85292	III	cb25.fpc4095
10585309	10587146	10433259	10435098	1838	1840	98.59	14866565	14578851	III	III
10587448	10607436	10435145	10455137	19989	19993	99.98	14866565	14578851	III	III
10587483	10589502	18900297	18898279	2020	2019	97.58	14866565	21540570	III	X
10598409	10599518	19943443	19942354	1110	1090	94.69	14866565	21540570	III	X
10607507	10612446	10455591	10460529	4940	4939	99.98	14866565	14578851	III	III
10611692	10633072	10484335	10462958	21381	21378	99.92	14866565	14578851	III	III
10612416	10615528	9959307	9956160	3113	3148	97.52	14866565	14578851	III	III
10613023	10614058	10460922	10461957	1036	1036	100.00	14866565	14578851	III	III
10615909	10617498	9955910	9954326	1590	1585	97.11	14866565	14578851	III	III
10617666	10618746	9954162	9953063	1081	1100	95.28	14866565	14578851	III	III
10621488	10622715	9951137	9949910	1228	1228	99.10	14866565	14578851	III	III
10621488	10623380	10465860	10467752	1893	1893	99.63	14866565	14578851	III	III
10628277	10630169	10472648	10474540	1893	1893	99.63	14866565	14578851	III	III
10628942	10638340	9949910	9959307	9399	9398	99.93	14866565	14578851	III	III
10632095	10633194	10477282	10478362	1100	1081	95.28	14866565	14578851	III	III
10633358	10634942	10478529	10480118	1585	1590	97.11	14866565	14578851	III	III
10635192	10646498	10480499	10491769	11307	11271	99.23	14866565	14578851	III	III
10636698	10637733	10461957	10460922	1036	1036	99.71	14866565	14578851	III	III
10646706	10649484	10492051	10494828	2779	2778	99.96	14866565	14578851	III	III
10649564	10673606	10495041	10519028	24043	23988	99.73	14866565	14578851	III	III
10673761	10717733	10520407	10564376	43973	43970	99.99	14866565	14578851	III	III
10717840	10721667	10569035	10572859	3828	3825	99.69	14866565	14578851	III	III
10865466	10889584	10657629	10681745	24119	24117	99.99	14866565	14578851	III	III
10867986	10869532	20005	21562	1547	1558	95.77	14866565	24739	III	cb25.NA_210
10867999	10869533	3041805	3040267	1535	1539	95.23	14866565	16627154	III	II
10867999	10870023	14522503	14520480	2025	2024	97.45	14866565	16627154	III	II
10868339	10869377	7112929	7111882	1039	1048	94.11	14866565	15455979	III	I
10868445	10869532	3707475	3706376	1088	1100	94.82	14866565	19495157	III	V
10883892	10886178	7462920	7465225	2287	2306	95.16	14866565	21540570	III	X
10889673	10891943	10682698	10684968	2271	2271	100.00	14866565	14578851	III	III
10892054	10911623	10685992	10705559	19570	19568	99.99	14866565	14578851	III	III
10899083	10900330	5471768	5470523	1248	1246	97.68	14866565	19495157	III	V
10899083	10900330	167425	168675	1248	1251	97.60	14866565	21540570	III	X
10899083	10900330	47865	46573	1248	1293	94.13	14866565	48291	III	cb25.NA_108
10899084	10900328	3069369	3070615	1245	1247	97.43	14866565	19495157	III	V
10899084	10900330	14569883	14568637	1247	1247	97.68	14866565	21540570	III	X
10899085	10900330	2979245	2980488	1246	1244	97.68	14866565	19495157	III	V
10901550	10904717	13316720	13313588	3168	3133	90.81	14866565	17485439	III	IV
10911815	10916657	10706142	10710983	4843	4842	99.98	14866565	14578851	III	III
10916732	10938597	10711476	10733336	21866	21861	99.98	14866565	14578851	III	III
10936133	10937355	6260731	6259517	1223	1215	93.69	14866565	19495157	III	V
10938688	10941206	10733727	10736245	2519	2519	99.88	14866565	14578851	III	III
10941366	10943130	10736877	10738638	1765	1762	99.83	14866565	14578851	III	III
10941796	10943964	21515186	21513037	2169	2150	98.39	14866565	21540570	III	X
10943628	10944811	21513005	21511837	1184	1169	97.89	14866565	21540570	III	X
10943878	10954809	10742065	10752970	10932	10906	99.72	14866565	14578851	III	III
10944260	10945572	10739089	10740403	1313	1315	99.85	14866565	14578851	III	III
10945698	10947133	10740555	10741964	1436	1410	98.19	14866565	14578851	III	III
10947957	10949021	13623317	13622256	1065	1062	91.57	14866565	17485439	III	IV
10947959	10948998	5016296	5015291	1040	1006	88.40	14866565	15455979	III	I
10953815	10955309	5180913	5182463	1495	1551	91.83	14866565	17485439	III	IV
10953819	10955519	13537849	13536081	1701	1769	88.73	14866565	16627154	III	II
10953910	10955108	13412989	13411791	1199	1199	93.24	14866565	21540570	III	X
10953949	10955307	7567429	7566068	1359	1362	93.87	14866565	19495157	III	V
10954188	10955345	10937785	10936631	1158	1155	92.86	14866565	17485439	III	IV
10954310	10955418	11408390	11407307	1109	1084	90.81	14866565	14578851	III	III
10954340	10955787	20465421	20466886	1448	1466	89.43	14866565	21540570	III	X
10954597	10955656	2196	1137	1060	1060	99.81	14866565	2196	III	cb25.NA_035
10955345	10963064	10753121	10760839	7720	7719	99.99	14866565	14578851	III	III
10956259	10957332	1074	1	1074	1074	100.00	14866565	2196	III	cb25.NA_035
10963131	10965043	10761540	10763450	1913	1911	99.90	14866565	14578851	III	III
10965536	10967339	13474603	13476406	1804	1804	99.67	14866565	17485439	III	IV
10967894	10986160	13475567	13493872	18267	18306	99.66	14866565	17485439	III	IV
10984111	10985418	1985388	1984056	1308	1333	97.60	14866565	19495157	III	V
10986210	10989462	13494329	13497580	3253	3252	99.91	14866565	17485439	III	IV
10989134	10990536	13497824	13499226	1403	1403	100.00	14866565	17485439	III	IV
10990514	11025059	13306598	13341155	34546	34558	99.92	14866565	17485439	III	IV
10997506	11000639	10698654	10695487	3134	3168	90.85	14866565	14578851	III	III
11005078	11083252	13321158	13399339	78175	78182	99.96	14866565	17485439	III	IV
11015929	11017496	10280414	10278848	1568	1567	97.90	14866565	17485439	III	IV
11076415	11128183	13405277	13457036	51769	51760	99.97	14866565	17485439	III	IV
11128263	11131518	13457162	13460416	3256	3255	99.97	14866565	17485439	III	IV
11131622	11139228	13461040	13468646	7607	7607	100.00	14866565	17485439	III	IV
11139354	11144321	13468636	13473602	4968	4967	99.92	14866565	17485439	III	IV
11172854	11174316	10768124	10766662	1463	1463	99.93	14866565	14578851	III	III
11178446	11179490	10768225	10769268	1045	1044	99.43	14866565	14578851	III	III
11179528	11188047	10769443	10777960	8520	8518	99.89	14866565	14578851	III	III
11188592	11190344	10778470	10780222	1753	1753	100.00	14866565	14578851	III	III
11190642	11192662	10781258	10783278	2021	2021	99.95	14866565	14578851	III	III
11192731	11200462	10783824	10791562	7732	7739	99.79	14866565	14578851	III	III
11200472	11202131	10791669	10793327	1660	1659	99.94	14866565	14578851	III	III
11202194	11213823	10793841	10805412	11630	11572	99.28	14866565	14578851	III	III
11213986	11215930	1945	1	1945	1945	100.00	14866565	1945	III	cb25.NA_419
11216078	11231237	10806770	10821928	15160	15159	99.99	14866565	14578851	III	III
11231463	11247104	10822757	10838398	15642	15642	99.99	14866565	14578851	III	III
11250008	11279620	10839359	10868966	29613	29608	99.96	14866565	14578851	III	III
11275364	11279156	10868977	10872770	3793	3794	99.95	14866565	14578851	III	III
11280211	11341432	10880955	10942170	61222	61216	99.99	14866565	14578851	III	III
11341505	11351500	10942909	10952885	9996	9977	99.61	14866565	14578851	III	III
11350678	11353468	10956228	10953439	2791	2790	99.71	14866565	14578851	III	III
11353399	11371350	10953264	10971213	17952	17950	99.94	14866565	14578851	III	III
11371632	11373205	10971414	10972987	1574	1574	100.00	14866565	14578851	III	III
11373825	11420732	10973530	11020432	46908	46903	99.99	14866565	14578851	III	III
11402332	11403588	3793304	3794560	1257	1257	99.60	14866565	19495157	III	V
11420898	11429433	11021615	11030149	8536	8535	99.94	14866565	14578851	III	III
11429567	11470103	11030117	11070650	40537	40534	99.99	14866565	14578851	III	III
11470346	11518597	11072213	11120461	48252	48249	99.99	14866565	14578851	III	III
11518646	11538307	11121090	11140750	19662	19661	99.99	14866565	14578851	III	III
11538595	11563307	11142947	11167658	24713	24712	99.99	14866565	14578851	III	III
11564508	11582940	11167716	11186147	18433	18432	99.99	14866565	14578851	III	III
11583090	11589629	11186302	11192839	6540	6538	99.97	14866565	14578851	III	III
11589689	11633979	11193895	11238181	44291	44287	99.99	14866565	14578851	III	III
11634128	11661613	11239051	11266534	27486	27484	99.98	14866565	14578851	III	III
11637168	11638380	8569615	8568412	1213	1204	97.28	14866565	14578851	III	III
11637168	11638378	3069409	3070615	1211	1207	97.03	14866565	19495157	III	V
11645803	11646945	9571719	9570582	1143	1138	95.72	14866565	14578851	III	III
11645803	11646946	575481	574368	1144	1114	92.68	14866565	19495157	III	V
11661720	11672716	11266545	11277541	10997	10997	100.00	14866565	14578851	III	III
11672787	11679188	11278510	11284911	6402	6402	100.00	14866565	14578851	III	III
11679176	11683505	11285299	11289628	4330	4330	99.86	14866565	14578851	III	III
11683488	11696324	11290113	11302947	12837	12835	99.98	14866565	14578851	III	III
11697375	11707442	11304638	11314702	10068	10065	99.97	14866565	14578851	III	III
11707533	11715641	11314974	11323083	8109	8110	99.40	14866565	14578851	III	III
11715445	11726121	11322566	11333312	10677	10747	99.22	14866565	14578851	III	III
11716285	11717484	2653989	2652824	1200	1166	92.28	14866565	16627154	III	II
11716285	11717487	9977840	9976648	1203	1193	91.92	14866565	14578851	III	III
11716384	11717487	8802356	8801258	1104	1099	94.68	14866565	14578851	III	III
11716384	11717487	9060596	9059489	1104	1108	94.33	14866565	14578851	III	III
11726190	11730856	11333963	11338629	4667	4667	99.98	14866565	14578851	III	III
11728990	11730301	3730747	3729452	1312	1296	94.30	14866565	15455979	III	I
11728990	11730301	724	2019	1312	1296	94.30	14866565	4721	III	cb25.NA_301
11728992	11730301	2303512	2302196	1310	1317	96.05	14866565	15455979	III	I
11728993	11730066	9774018	9772960	1074	1059	95.53	14866565	16627154	III	II
11731209	11736596	11338642	11344029	5388	5388	100.00	14866565	14578851	III	III
11737324	11776194	11344130	11382998	38871	38869	99.99	14866565	14578851	III	III
11762014	11763297	13779225	13777968	1284	1258	84.76	14866565	17485439	III	IV
11776342	11778133	11383009	11384800	1792	1792	100.00	14866565	14578851	III	III
11778053	11839034	11385121	11446097	60982	60977	99.99	14866565	14578851	III	III
11834825	11835858	15659447	15658434	1034	1014	94.69	14866565	19495157	III	V
11834825	11835858	20694244	20695282	1034	1039	94.17	14866565	21540570	III	X
11834826	11835858	12453429	12452386	1033	1044	95.31	14866565	14578851	III	III
11839042	11847528	11446375	11454858	8487	8484	99.75	14866565	14578851	III	III
11844938	11846705	11454989	11456757	1768	1769	99.77	14866565	14578851	III	III
11847115	11868273	11457240	11478412	21159	21173	99.91	14866565	14578851	III	III
11848276	11877622	11458400	11487761	29347	29362	99.93	14866565	14578851	III	III
11877828	11907135	11487829	11517135	29308	29307	99.98	14866565	14578851	III	III
11888022	11889027	2315657	2314652	1006	1006	95.34	14866565	16627154	III	II
11888022	11889027	6113	5112	1006	1002	97.02	14866565	10734	III	cb25.NA_096
11888023	11889029	13734152	13733150	1007	1003	92.29	14866565	16627154	III	II
11888023	11889026	2052230	2051232	1004	999	97.61	14866565	19495157	III	V
11888023	11889027	2626146	2627130	1005	985	94.43	14866565	19495157	III	V
11888023	11889026	5046497	5045513	1004	985	91.08	14866565	19495157	III	V
11888023	11889026	870452	869459	1004	994	96.81	14866565	21540570	III	X
11888023	11889026	9424	10425	1004	1002	98.11	14866565	38777	III	cb25.NA_204
11900294	11908622	255	8583	8329	8329	99.89	14866565	8583	III	cb25.NA_250
11904968	11908619	11517924	11521580	3652	3657	99.15	14866565	14578851	III	III
11908933	11913786	11521126	11525995	4854	4870	99.65	14866565	14578851	III	III
11913968	11951312	11527132	11564480	37345	37349	99.77	14866565	14578851	III	III
11941228	11942327	6682781	6681668	1100	1114	93.62	14866565	17485439	III	IV
11941231	11942319	12155710	12154601	1089	1110	91.63	14866565	15455979	III	I
11941232	11942326	11782414	11781307	1095	1108	94.69	14866565	14578851	III	III
11951364	11953041	11565189	11566866	1678	1678	99.94	14866565	14578851	III	III
11953173	11971030	11566877	11584731	17858	17855	99.97	14866565	14578851	III	III
11971021	11983269	11585192	11597439	12249	12248	99.70	14866565	14578851	III	III
11982623	11992991	11596490	11606857	10369	10368	99.73	14866565	14578851	III	III
11993125	12001055	11607342	11615271	7931	7930	99.41	14866565	14578851	III	III
11999766	12003392	11614302	11617935	3627	3634	98.84	14866565	14578851	III	III
12004034	12012525	11618673	11627162	8492	8490	99.96	14866565	14578851	III	III
12013540	12018511	11627302	11632263	4972	4962	99.60	14866565	14578851	III	III
12017837	12019167	15532967	15531637	1331	1331	93.32	14866565	17485439	III	IV
12018055	12019167	1248617	1247505	1113	1113	93.90	14866565	15455979	III	I
12018501	12028290	11631597	11641383	9790	9787	99.77	14866565	14578851	III	III
12028307	12031021	11641834	11644547	2715	2714	99.93	14866565	14578851	III	III
12031154	12076574	11644417	11689846	45421	45430	99.87	14866565	14578851	III	III
12044894	12046175	15665944	15664663	1282	1282	95.17	14866565	21540570	III	X
12044899	12046175	8114215	8115483	1277	1269	95.31	14866565	15455979	III	I
12044903	12046173	2867488	2866217	1271	1272	95.29	14866565	21540570	III	X
12044904	12046176	14848592	14847334	1273	1259	93.50	14866565	21540570	III	X
12044995	12046175	12796833	12795651	1181	1183	94.60	14866565	21540570	III	X
12053133	12054757	6923	5302	1625	1622	99.32	14866565	11071	III	cb25.NA_237
12072391	12076574	11689947	11694129	4184	4183	99.93	14866565	14578851	III	III
12076635	12083545	11694508	11701418	6911	6911	100.00	14866565	14578851	III	III
12083595	12099312	11701865	11717580	15718	15716	99.96	14866565	14578851	III	III
12099343	12101233	11718485	11720375	1891	1891	100.00	14866565	14578851	III	III
12101339	12138910	11720508	11758081	37572	37574	99.99	14866565	14578851	III	III
12138928	12145481	11758316	11764868	6554	6553	99.69	14866565	14578851	III	III
12139157	12168217	11765315	11794376	29061	29062	99.98	14866565	14578851	III	III
12145329	12146789	16431729	16430270	1461	1460	97.61	14866565	16627154	III	II
12145329	12146789	27450	25986	1461	1465	97.21	14866565	34350	III	cb25.NA_098
12145330	12146789	5638356	5636893	1460	1464	97.68	14866565	15455979	III	I
12145340	12146789	15793883	15792430	1450	1454	97.80	14866565	17485439	III	IV
12155151	12156258	11555488	11554394	1108	1095	94.69	14866565	14578851	III	III
12155151	12156257	3324	4426	1107	1103	98.01	14866565	17485439	III	IV
12155151	12156257	1493003	1491901	1107	1103	98.01	14866565	17485439	III	IV
12168073	12187356	11798298	11817575	19284	19278	99.95	14866565	14578851	III	III
12171205	12174116	2912	1	2912	2912	100.00	14866565	2912	III	cb25.NA_357
12187307	12189548	11818232	11820473	2242	2242	99.82	14866565	14578851	III	III
12189329	12192783	11820850	11824295	3455	3446	97.81	14866565	14578851	III	III
12192849	12193997	11823352	11824510	1149	1159	93.14	14866565	14578851	III	III
12194146	12211957	11824789	11842598	17812	17810	99.99	14866565	14578851	III	III
12212053	12240843	11843108	11871896	28791	28789	99.98	14866565	14578851	III	III
12241040	12282747	11871717	11913422	41708	41706	99.97	14866565	14578851	III	III
12260262	12261517	13696582	13695328	1256	1255	99.04	14866565	14578851	III	III
12260262	12261517	4301228	4299974	1256	1255	99.52	14866565	19495157	III	V
12260264	12261522	5958443	5957185	1259	1259	99.44	14866565	16627154	III	II
12278135	12300821	11916636	11939321	22687	22686	99.99	14866565	14578851	III	III
12300853	12354248	11939724	11993121	53396	53398	99.96	14866565	14578851	III	III
12353787	12356908	1	3122	3122	3122	99.46	14866565	3122	III	cb25.NA_352
12353837	12356649	11992457	11995266	2813	2810	99.22	14866565	14578851	III	III
12356937	12366111	11996356	12005530	9175	9175	100.00	14866565	14578851	III	III
12366303	12401415	12005513	12040622	35113	35110	99.97	14866565	14578851	III	III
12401267	12402793	12040275	12041799	1527	1525	99.61	14866565	14578851	III	III
12402863	12419584	12041986	12058635	16722	16650	99.54	14866565	14578851	III	III
12418501	12419994	15533410	15531909	1494	1502	92.59	14866565	16627154	III	II
12418761	12420198	15631863	15630425	1438	1439	92.57	14866565	17485439	III	IV
12418764	12420871	22658	20565	2108	2094	91.71	14866565	30013	III	cb25.NA_047
12418918	12420223	12057329	12058634	1306	1306	95.79	14866565	14578851	III	III
12419234	12420289	14335934	14334876	1056	1059	89.71	14866565	16627154	III	II
12419294	12420871	14794674	14793097	1578	1578	92.81	14866565	17485439	III	IV
12419375	12420609	2877467	2876220	1235	1248	92.63	14866565	19495157	III	V
12419764	12420871	22658	21525	1108	1134	91.19	14866565	30013	III	cb25.NA_047
12420108	12422636	12059121	12061649	2529	2529	98.18	14866565	14578851	III	III
12422074	12423674	1236271	1234667	1601	1605	90.53	14866565	15455979	III	I
12422557	12423563	18578976	18577972	1007	1005	93.85	14866565	19495157	III	V
12422918	12424129	524004	525196	1212	1193	90.57	14866565	16627154	III	II
12423740	12426218	12062145	12064623	2479	2479	97.50	14866565	14578851	III	III
12423844	12425794	12062145	12064095	1951	1951	94.21	14866565	14578851	III	III
12424430	12430571	12062475	12068622	6142	6148	97.94	14866565	14578851	III	III
12424814	12426025	1248617	1247406	1212	1212	92.08	14866565	15455979	III	I
12425051	12426574	12062144	12063668	1524	1525	95.80	14866565	14578851	III	III
12427209	12428405	13949521	13950706	1197	1186	95.34	14866565	17485439	III	IV
12430590	12433594	12069491	12072494	3005	3004	99.83	14866565	14578851	III	III
12432996	12434645	1116	2754	1650	1639	93.43	14866565	19923	III	cb25.NA_213
12433842	12437758	12072778	12076694	3917	3917	100.00	14866565	14578851	III	III
12437905	12442602	12077916	12082611	4698	4696	99.72	14866565	14578851	III	III
12442211	12443395	21663	20476	1185	1188	93.12	14866565	30013	III	cb25.NA_047
12443146	12448883	12082884	12088620	5738	5737	99.53	14866565	14578851	III	III
12448286	12465522	12087880	12105114	17237	17235	99.58	14866565	14578851	III	III
12465599	12468043	12105461	12107905	2445	2445	100.00	14866565	14578851	III	III
12468118	12477147	12108416	12117445	9030	9030	99.97	14866565	14578851	III	III
12477324	12518123	12117656	12158464	40800	40809	99.94	14866565	14578851	III	III
12499334	12500556	5288029	5286807	1223	1223	99.75	14866565	19495157	III	V
12499337	12504612	1596366	1591114	5276	5253	99.24	14866565	19495157	III	V
12499339	12503643	12023182	12018862	4305	4321	99.38	14866565	15455979	III	I
12499339	12504456	14829218	14824101	5118	5118	99.71	14866565	17485439	III	IV
12499340	12504602	19843415	19838197	5263	5219	98.97	14866565	21540570	III	X
12499344	12502614	6109804	6106562	3271	3243	98.96	14866565	19495157	III	V
12499736	12501270	4539	3005	1535	1535	99.54	14866565	4539	III	cb25.NA_111
12500290	12504602	7023095	7018816	4313	4280	99.00	14866565	19495157	III	V
12501895	12503996	1	2093	2102	2093	99.43	14866565	2093	III	cb25.NA_409
12502014	12503310	2915	1619	1297	1297	99.85	14866565	4539	III	cb25.NA_111
12503225	12504605	5286806	5285428	1381	1379	99.64	14866565	19495157	III	V
12518179	12520352	12161541	12159368	2174	2174	99.95	14866565	14578851	III	III
12521475	12522675	12164522	12165722	1201	1201	100.00	14866565	14578851	III	III
12522752	12568966	12166994	12213207	46215	46214	99.98	14866565	14578851	III	III
12569166	12589550	12213102	12233484	20385	20383	99.94	14866565	14578851	III	III
12589480	12658499	12233286	12302302	69020	69017	99.97	14866565	14578851	III	III
12634635	12637698	12362517	12365575	3064	3059	99.51	14866565	14578851	III	III
12658831	12662845	312	4324	4015	4013	99.95	14866565	6760	III	cb25.NA_020
12663076	12677562	12300340	12314818	14487	14479	99.68	14866565	14578851	III	III
12664621	12665678	1	1057	1058	1057	99.91	14866565	6760	III	cb25.NA_020
12664932	12666986	3578	5631	2055	2054	99.95	14866565	6760	III	cb25.NA_020
12666416	12667582	12313606	12312442	1167	1165	99.57	14866565	14578851	III	III
12667424	12668464	5720	6760	1041	1041	100.00	14866565	6760	III	cb25.NA_020
12675179	12676344	12304845	12303679	1166	1167	99.74	14866565	14578851	III	III
12677234	12712967	12314415	12350121	35734	35707	99.71	14866565	14578851	III	III
12677234	12687563	12314415	12324752	10330	10338	99.62	14866565	14578851	III	III
12702948	12723615	12340103	12360769	20668	20667	99.98	14866565	14578851	III	III
12723677	12780198	12369135	12425652	56522	56518	99.99	14866565	14578851	III	III
12733151	12736509	12365676	12369034	3359	3359	99.97	14866565	14578851	III	III
12735786	12737043	13816889	13815632	1258	1258	99.52	14866565	14578851	III	III
12735786	12737044	12265484	12264227	1259	1258	99.52	14866565	19495157	III	V
12735788	12737045	1639325	1638069	1258	1257	99.76	14866565	17485439	III	IV
12735789	12737049	1350027	1348765	1261	1263	99.21	14866565	17485439	III	IV
12780252	12781964	12426394	12428105	1713	1712	99.88	14866565	14578851	III	III
12781646	12783835	12430855	12428666	2190	2190	99.95	14866565	14578851	III	III
12783470	12788483	12429791	12434804	5014	5014	100.00	14866565	14578851	III	III
12787681	12789044	12422405	12421043	1364	1363	87.34	14866565	14578851	III	III
12788479	12821804	12435448	12468771	33326	33324	99.96	14866565	14578851	III	III
12805419	12806462	11442922	11441890	1044	1033	95.31	14866565	14578851	III	III
12805419	12806462	6066404	6065387	1044	1018	92.26	14866565	19495157	III	V
12821847	12829814	12469452	12477418	7968	7967	99.97	14866565	14578851	III	III
12829835	12846204	12477071	12493431	16370	16361	99.91	14866565	14578851	III	III
12835279	12836536	21369134	21367878	1258	1257	99.76	14866565	21540570	III	X
12835280	12836537	1989933	1988672	1258	1262	99.13	14866565	16627154	III	II
12835282	12836538	19110477	19109222	1257	1256	99.84	14866565	19495157	III	V
12846814	12849807	12498283	12501276	2994	2994	100.00	14866565	14578851	III	III
12849905	12852203	12501358	12503656	2299	2299	100.00	14866565	14578851	III	III
12851907	12875387	12503667	12527144	23481	23478	99.97	14866565	14578851	III	III
12868002	12874154	6153	1	6153	6153	99.98	14866565	6153	III	cb25.NA_281
12868745	12870586	13991343	13989486	1842	1858	95.87	14866565	16627154	III	II
12868745	12870693	7074840	7072862	1949	1979	96.97	14866565	19495157	III	V
12868745	12870693	7508280	7506302	1949	1979	96.97	14866565	19495157	III	V
12868747	12870691	7263492	7261511	1945	1982	95.02	14866565	15455979	III	I
12875416	12888813	12527563	12540961	13398	13399	99.95	14866565	14578851	III	III
12877689	12889010	12542096	12553420	11322	11325	99.60	14866565	14578851	III	III
12888556	12953184	12552883	12617527	64629	64645	99.89	14866565	14578851	III	III
12888748	12889884	12540621	12541753	1137	1133	97.63	14866565	14578851	III	III
12890751	12891833	3567313	3566240	1083	1074	96.03	14866565	17485439	III	IV
12933118	12995754	12597431	12660092	62637	62662	99.93	14866565	14578851	III	III
12957677	12958978	8255937	8254635	1302	1303	99.62	14866565	19495157	III	V
12957678	12958980	5604938	5603636	1303	1303	99.85	14866565	19495157	III	V
12995506	12996994	12660478	12658991	1489	1488	99.93	14866565	14578851	III	III
12997473	12998695	12661393	12662615	1223	1223	100.00	14866565	14578851	III	III
12998743	13022409	12663255	12686922	23667	23668	99.85	14866565	14578851	III	III
13012320	13022106	12687621	12697405	9787	9785	99.97	14866565	14578851	III	III
13022465	13043487	12697380	12718401	21023	21022	99.99	14866565	14578851	III	III
13043869	13058454	12718695	12733278	14586	14584	99.97	14866565	14578851	III	III
13047581	13049203	6282622	6281004	1623	1619	99.14	14866565	19495157	III	V
13047581	13049198	17441600	17439985	1618	1616	99.57	14866565	21540570	III	X
13047582	13049197	4567172	4568786	1616	1615	99.63	14866565	17485439	III	IV
13047582	13049198	10958533	10956916	1617	1618	99.44	14866565	17485439	III	IV
13047582	13049197	11476910	11475297	1616	1614	99.38	14866565	19495157	III	V
13058475	13072012	12733704	12747241	13538	13538	100.00	14866565	14578851	III	III
13073282	13078826	12748405	12753949	5545	5545	100.00	14866565	14578851	III	III
13079099	13085747	12852005	12845356	6649	6650	99.74	14866565	14578851	III	III
13083844	13085085	1509457	1510729	1242	1273	94.44	14866565	16627154	III	II
13083844	13086029	2241638	2239446	2186	2193	98.54	14866565	17485439	III	IV
13083899	13085125	12842839	12844062	1227	1224	99.59	14866565	14578851	III	III
13087456	13098279	12844473	12833651	10824	10823	99.94	14866565	14578851	III	III
13087868	13089091	12845978	12847204	1224	1227	99.51	14866565	14578851	III	III
13087868	13089091	15690627	15689394	1224	1234	97.81	14866565	19495157	III	V
13098372	13108413	12832659	12822619	10042	10041	99.99	14866565	14578851	III	III
13100491	13101579	11251862	11250766	1089	1097	91.83	14866565	14578851	III	III
13100491	13101579	12611728	12610650	1089	1079	91.38	14866565	19495157	III	V
13100491	13101579	13144560	13143482	1089	1079	91.29	14866565	19495157	III	V
13100491	13101579	13328079	13326984	1089	1096	90.91	14866565	19495157	III	V
13100492	13101579	12789518	12788440	1088	1079	91.35	14866565	16627154	III	II
13110804	13130371	12822146	12802578	19568	19569	99.99	14866565	14578851	III	III
13130453	13146416	12802175	12786214	15964	15962	99.99	14866565	14578851	III	III
13146888	13171236	12785569	12761220	24349	24350	99.99	14866565	14578851	III	III
13171377	13174703	12761019	12757693	3327	3327	100.00	14866565	14578851	III	III
13176064	13177196	12757329	12756197	1133	1133	100.00	14866565	14578851	III	III
13179332	13187626	1	8295	8295	8295	100.00	14866565	8468	III	cb25.NA_251
13188457	13191832	12856512	12853139	3376	3374	99.53	14866565	14578851	III	III
13191882	13197814	12856392	12862323	5933	5932	99.95	14866565	14578851	III	III
13198545	13200955	12862969	12865378	2411	2410	99.96	14866565	14578851	III	III
13201586	13217817	12865440	12881670	16232	16231	99.99	14866565	14578851	III	III
13217952	13238174	12882295	12902515	20223	20221	99.99	14866565	14578851	III	III
13238226	13306016	12904858	12972631	67791	67774	99.94	14866565	14578851	III	III
13280164	13281402	7173268	7172021	1239	1248	97.36	14866565	14578851	III	III
13306134	13309409	12973032	12976307	3276	3276	100.00	14866565	14578851	III	III
13309454	13327101	12976478	12994124	17648	17647	99.99	14866565	14578851	III	III
13327894	13336354	12994940	13003400	8461	8461	99.94	14866565	14578851	III	III
13336477	13383736	13004442	13051699	47260	47258	99.97	14866565	14578851	III	III
13383804	13403978	13051582	13071751	20175	20170	99.92	14866565	14578851	III	III
13404341	13417432	13072582	13085673	13092	13092	100.00	14866565	14578851	III	III
13417450	13428468	13086395	13097412	11019	11018	99.99	14866565	14578851	III	III
13428584	13444052	13097645	13113110	15469	15466	99.94	14866565	14578851	III	III
13435367	13436624	2114487	2113236	1258	1252	99.13	14866565	16627154	III	II
13435367	13436624	7808914	7810171	1258	1258	99.60	14866565	19495157	III	V
13444152	13446272	13113366	13115486	2121	2121	100.00	14866565	14578851	III	III
13447007	13465381	13116129	13134504	18375	18376	99.89	14866565	14578851	III	III
13465491	13467560	13134515	13136584	2070	2070	99.95	14866565	14578851	III	III
13467720	13468878	13137855	13139013	1159	1159	100.00	14866565	14578851	III	III
13470202	13473176	13139749	13142722	2975	2974	99.97	14866565	14578851	III	III
13473312	13481340	13144022	13152050	8029	8029	99.93	14866565	14578851	III	III
13481654	13507451	13152230	13178025	25798	25796	99.99	14866565	14578851	III	III
13507308	13547301	13178460	13218451	39994	39992	99.98	14866565	14578851	III	III
13547453	13551866	13218671	13223084	4414	4414	99.95	14866565	14578851	III	III
13552050	13574372	13224139	13246458	22323	22320	99.95	14866565	14578851	III	III
13561029	13562286	13816885	13815628	1258	1258	99.84	14866565	14578851	III	III
13561029	13562287	7800349	7799091	1259	1259	99.84	14866565	19495157	III	V
13569458	13571207	2093645	2091896	1750	1750	98.17	14866565	21540570	III	X
13574645	13586238	13246547	13258139	11594	11593	99.98	14866565	14578851	III	III
13586971	13588008	1330	293	1038	1038	100.00	14866565	3119	III	cb25.NA_107
13588158	13589488	13259648	13260977	1331	1330	99.92	14866565	14578851	III	III
13589859	13614581	13261946	13286659	24723	24714	99.81	14866565	14578851	III	III
13609629	13610661	13978270	13977235	1033	1036	97.21	14866565	14578851	III	III
13609629	13610661	2468	3503	1033	1036	97.21	14866565	10200	III	cb25.NA_038
13609632	13610658	7299680	7298645	1027	1036	96.53	14866565	15455979	III	I
13609632	13610658	6554587	6553545	1027	1043	94.57	14866565	14578851	III	III
13609632	13610659	13437878	13436834	1028	1045	94.95	14866565	19495157	III	V
13609632	13610659	14046852	14045808	1028	1045	94.95	14866565	19495157	III	V
13615592	13616662	13260709	13259648	1071	1062	98.97	14866565	14578851	III	III
13616812	13617849	293	1330	1038	1038	100.00	14866565	3119	III	cb25.NA_107
13618265	13619483	1514	2747	1219	1234	94.03	14866565	3119	III	cb25.NA_107
13619124	13624660	13286799	13292341	5537	5543	98.59	14866565	14578851	III	III
13627849	13638653	13430991	13420191	10805	10801	99.94	14866565	14578851	III	III
13638773	13646153	13419745	13412365	7381	7381	99.97	14866565	14578851	III	III
13641924	13649877	7953	1	7954	7953	99.99	14866565	7967	III	cb25.NA_257
13644627	13650472	13431092	13436933	5846	5842	99.20	14866565	14578851	III	III
13651181	13658745	13437868	13445431	7565	7564	99.99	14866565	14578851	III	III
13654394	13675858	1	21462	21465	21462	99.98	14866565	21462	III	cb25.NA_211
13676762	13677980	13351784	13353002	1219	1219	100.00	14866565	14578851	III	III
13679763	13709832	13354840	13384909	30070	30070	99.96	14866565	14578851	III	III
13711011	13714743	13384639	13388372	3733	3734	99.97	14866565	14578851	III	III
13714836	13722339	13390335	13397838	7504	7504	100.00	14866565	14578851	III	III
13722356	13730369	13397962	13405976	8014	8015	99.99	14866565	14578851	III	III
13724905	13728122	2955	6173	3218	3219	98.73	14866565	6173	III	cb25.NA_278
13728532	13731489	2957	1	2958	2957	99.97	14866565	6173	III	cb25.NA_278
13730868	13737027	13406107	13412264	6160	6158	99.97	14866565	14578851	III	III
13737100	13751606	13445532	13460037	14507	14506	99.94	14866565	14578851	III	III
13751292	13752390	13461270	13462369	1099	1100	99.82	14866565	14578851	III	III
13752434	13753767	13460915	13459582	1334	1334	99.93	14866565	14578851	III	III
13753657	13782171	13463610	13492123	28515	28514	99.91	14866565	14578851	III	III
13769347	13770604	11228245	11226989	1258	1257	99.44	14866565	21540570	III	X
13769351	13770610	10553905	10552646	1260	1260	99.52	14866565	15455979	III	I
13769351	13770605	2356390	2357644	1255	1255	99.44	14866565	17485439	III	IV
13769351	13770609	19110477	19109220	1259	1258	99.36	14866565	19495157	III	V
13769351	13770604	12591141	12592393	1254	1253	99.44	14866565	21540570	III	X
13769351	13770609	17830838	17829581	1259	1258	99.44	14866565	21540570	III	X
13782194	13813115	13492477	13523423	30922	30947	99.91	14866565	14578851	III	III
13793144	13836081	13503426	13546387	42938	42962	99.93	14866565	14578851	III	III
13835746	13841323	13545964	13551541	5578	5578	99.95	14866565	14578851	III	III
13841602	13844601	13551564	13554562	3000	2999	99.97	14866565	14578851	III	III
13844717	13853684	13556436	13565400	8968	8965	99.91	14866565	14578851	III	III
13844717	13846707	1	1991	1991	1991	100.00	14866565	1991	III	cb25.NA_413
13853560	13878462	13569654	13594552	24903	24899	99.92	14866565	14578851	III	III
13878491	13918671	13594956	13635133	40181	40178	99.98	14866565	14578851	III	III
13918711	13920072	13634854	13636214	1362	1361	99.85	14866565	14578851	III	III
13920130	13937070	13635784	13652721	16941	16938	99.86	14866565	14578851	III	III
13936918	13937994	13636214	13635140	1077	1075	99.81	14866565	14578851	III	III
13937475	13938764	13653004	13654292	1290	1289	99.92	14866565	14578851	III	III
13938420	13946409	13654596	13662585	7990	7990	100.00	14866565	14578851	III	III
13940294	13947588	13677172	13684465	7295	7294	99.99	14866565	14578851	III	III
13947626	13959785	13664014	13676171	12160	12158	99.94	14866565	14578851	III	III
13950421	13995271	13685043	13729887	44851	44845	99.96	14866565	14578851	III	III
13960704	13961961	13193128	13191871	1258	1258	99.68	14866565	17485439	III	IV
13960708	13961965	3877759	3876502	1258	1258	99.92	14866565	16627154	III	II
13960708	13961965	1362	2619	1258	1258	99.92	14866565	5267	III	cb25.NA_295
13984535	13986107	15816559	15814987	1573	1573	98.92	14866565	16627154	III	II
13984535	13986108	3310342	3308772	1574	1571	98.86	14866565	19495157	III	V
13984536	13986006	13503389	13501920	1471	1470	99.25	14866565	17485439	III	IV
13995313	14002953	13730392	13738033	7641	7642	99.27	14866565	14578851	III	III
14003016	14006292	13738599	13741873	3277	3275	99.94	14866565	14578851	III	III
14006135	14011153	13742009	13747024	5019	5016	99.86	14866565	14578851	III	III
14010717	14014509	13747621	13751413	3793	3793	100.00	14866565	14578851	III	III
14014640	14024334	13751136	13760828	9695	9693	99.83	14866565	14578851	III	III
14024897	14034798	13760942	13770839	9902	9898	99.96	14866565	14578851	III	III
14034785	14114437	13770886	13850540	79653	79655	99.97	14866565	14578851	III	III
14062837	14066985	4155	1	4149	4155	98.82	14866565	4155	III	cb25.NA_315
14079526	14080781	10269069	10267814	1256	1256	99.84	14866565	14578851	III	III
14079526	14080781	14581120	14579864	1256	1257	99.68	14866565	17485439	III	IV
14079528	14080787	7865183	7863924	1260	1260	99.68	14866565	21540570	III	X
14079528	14080781	13703414	13702162	1254	1253	99.60	14866565	21540570	III	X
14114553	14141262	13851005	13877711	26710	26707	99.97	14866565	14578851	III	III
14134695	14136005	5928084	5926775	1311	1310	99.31	14866565	19495157	III	V
14134697	14136007	11460375	11459086	1311	1290	97.64	14866565	15455979	III	I
14134699	14136006	2737094	2735787	1308	1308	99.92	14866565	16627154	III	II
14141419	14180695	13878239	13917511	39277	39273	99.96	14866565	14578851	III	III
14181389	14182557	13918147	13919319	1169	1173	98.98	14866565	14578851	III	III
14182673	14188438	13919954	13925719	5766	5766	100.00	14866565	14578851	III	III
14188548	14190747	13925788	13927987	2200	2200	100.00	14866565	14578851	III	III
14190879	14195496	13928372	13932989	4618	4618	99.98	14866565	14578851	III	III
14195675	14218972	13933113	13956408	23298	23296	99.99	14866565	14578851	III	III
14210632	14212780	11503507	11501359	2149	2149	99.58	14866565	16627154	III	II
14221208	14237490	13958946	13975227	16283	16282	99.99	14866565	14578851	III	III
14231459	14236184	10200	5476	4726	4725	99.98	14866565	10200	III	cb25.NA_038
14237560	14242974	5431	16	5415	5416	99.98	14866565	10200	III	cb25.NA_038
14237614	14243098	13975361	13980845	5485	5485	100.00	14866565	14578851	III	III
14239487	14240520	12293882	12292858	1034	1025	96.71	14866565	16627154	III	II
14239488	14240523	13282740	13281713	1036	1028	95.86	14866565	14578851	III	III
14239489	14240520	14003082	14002051	1032	1032	98.55	14866565	14578851	III	III
14239489	14240520	3317461	3318488	1032	1028	97.77	14866565	17485439	III	IV
14239489	14240520	15640708	15639680	1032	1029	96.71	14866565	19495157	III	V
14239490	14240520	7099631	7098626	1031	1006	94.57	14866565	15455979	III	I
14239490	14240520	1161722	1160700	1031	1023	95.28	14866565	17485439	III	IV
14239491	14240513	2543470	2542455	1023	1016	96.98	14866565	15455979	III	I
14239491	14240520	2846590	2845562	1030	1029	98.16	14866565	15455979	III	I
14239491	14240520	5014479	5013455	1030	1025	97.97	14866565	15455979	III	I
14239491	14240520	9864264	9863243	1030	1022	97.09	14866565	19495157	III	V
14239491	14240520	14812278	14811252	1030	1027	97.28	14866565	19495157	III	V
14243216	14272177	13986290	14015257	28962	28968	99.94	14866565	14578851	III	III
14258968	14260001	5229477	5228449	1034	1029	97.29	14866565	19495157	III	V
14258969	14260004	12674472	12673441	1036	1032	97.21	14866565	16627154	III	II
14258969	14259999	13365861	13364836	1031	1026	96.15	14866565	16627154	III	II
14258969	14259999	13368147	13367122	1031	1026	96.15	14866565	16627154	III	II
14258970	14260001	13978267	13977236	1032	1032	98.55	14866565	14578851	III	III
14258970	14259999	15530002	15528979	1030	1024	96.03	14866565	19495157	III	V
14258970	14260001	2471	3502	1032	1032	98.55	14866565	10200	III	cb25.NA_038
14272853	14293252	14016325	14036722	20400	20398	99.97	14866565	14578851	III	III
14293489	14311749	14036715	14054953	18261	18239	99.82	14866565	14578851	III	III
14311893	14324859	14055126	14068093	12967	12968	99.99	14866565	14578851	III	III
14312387	14313503	10257265	10256141	1117	1125	92.78	14866565	19495157	III	V
14317321	14325647	1	8326	8327	8326	99.96	14866565	12634	III	cb25.NA_173
14325750	14329866	8519	12634	4117	4116	99.61	14866565	12634	III	cb25.NA_173
14325820	14369187	14068633	14111994	43368	43362	99.99	14866565	14578851	III	III
14369362	14389793	14112092	14132521	20432	20430	99.99	14866565	14578851	III	III
14389974	14399088	14133237	14142350	9115	9114	99.99	14866565	14578851	III	III
14399192	14428133	14142524	14171471	28942	28948	99.91	14866565	14578851	III	III
14423096	14424862	16494153	16492371	1767	1783	95.29	14866565	19495157	III	V
14425119	14426590	16492822	16491346	1472	1477	97.09	14866565	19495157	III	V
14479353	14507409	14255428	14283481	28057	28054	99.97	14866565	14578851	III	III
14507519	14521531	14284407	14298418	14013	14012	99.99	14866565	14578851	III	III
14521588	14553664	14299195	14331270	32077	32076	99.99	14866565	14578851	III	III
14553935	14571066	14331813	14348942	17132	17130	99.95	14866565	14578851	III	III
14571040	14626140	14348644	14403741	55101	55098	99.98	14866565	14578851	III	III
14618436	14645189	14404742	14431494	26754	26753	99.97	14866565	14578851	III	III
14645054	14650353	14431966	14437202	5300	5237	98.66	14866565	14578851	III	III
14650231	14651361	14436075	14437202	1131	1128	95.67	14866565	14578851	III	III
14650483	14651566	14436075	14437155	1084	1081	95.30	14866565	14578851	III	III
14650729	14661735	14437369	14448374	11007	11006	99.99	14866565	14578851	III	III
14661785	14665039	14448587	14451841	3255	3255	100.00	14866565	14578851	III	III
14665273	14675163	14452846	14462735	9891	9890	99.97	14866565	14578851	III	III
14675264	14711854	14462746	14499333	36591	36588	99.99	14866565	14578851	III	III
14713418	14715226	14501383	14503191	1809	1809	100.00	14866565	14578851	III	III
14715348	14733104	14503260	14521015	17757	17756	99.98	14866565	14578851	III	III
14725611	14753104	14254078	14226593	27494	27486	99.85	14866565	14578851	III	III
14753274	14775055	14226609	14204830	21782	21780	99.99	14866565	14578851	III	III
14775098	14794861	14204010	14184246	19764	19765	99.98	14866565	14578851	III	III
14792393	14793649	5119544	5120799	1257	1256	99.44	14866565	17485439	III	IV
14792393	14793649	16045402	16044146	1257	1257	99.52	14866565	19495157	III	V
14792393	14793649	8800824	8799569	1257	1256	99.44	14866565	21540570	III	X
14792393	14793649	1610	354	1257	1257	98.81	14866565	2681	III	cb25.NA_368
14794810	14798116	14183556	14180251	3307	3306	99.97	14866565	14578851	III	III
14798198	14806735	14180109	14171572	8538	8538	100.00	14866565	14578851	III	III
14804023	14810770	14578851	14572105	6748	6747	99.99	14866565	14578851	III	III
14810936	14860592	14571357	14521702	49657	49656	99.92	14866565	14578851	III	III
14857735	14859347	639487	641098	1613	1612	97.12	14866565	21540570	III	X
7582	13456	5869	1	5875	5869	99.47	17393183	5869	IV	cb25.NA_289
10767	17958	1	7188	7192	7188	99.64	17393183	8253	IV	cb25.fpc4500
13494	14646	17110838	17111988	1153	1151	98.53	17393183	17485439	IV	IV
15208	16807	16125216	16123617	1600	1600	99.81	17393183	16627154	IV	II
16248	17979	1	1731	1732	1731	99.60	17393183	2231	IV	cb25.NA_394
18062	19116	7188	8241	1055	1054	99.72	17393183	8253	IV	cb25.fpc4500
18286	170352	512329	360291	152067	152039	99.98	17393183	17485439	IV	IV
170205	187300	354795	337701	17096	17095	99.96	17393183	17485439	IV	IV
191055	207680	334120	317496	16626	16625	99.99	17393183	17485439	IV	IV
208070	211330	317234	313974	3261	3261	100.00	17393183	17485439	IV	IV
211443	264667	313157	259939	53225	53219	99.99	17393183	17485439	IV	IV
230034	232029	9156945	9154931	1996	2015	95.76	17393183	14578851	IV	III
264819	301377	259148	222599	36559	36550	99.95	17393183	17485439	IV	IV
276887	278111	9173037	9171841	1225	1197	96.33	17393183	19495157	IV	V
296457	298436	9156945	9154931	1980	2015	94.98	17393183	14578851	IV	III
296457	298436	13769271	13767306	1980	1966	93.51	17393183	17485439	IV	IV
301324	303476	216563	214412	2153	2152	99.95	17393183	17485439	IV	IV
303313	304749	214341	212905	1437	1437	99.86	17393183	17485439	IV	IV
304794	320386	212648	197058	15593	15591	99.99	17393183	17485439	IV	IV
320405	404971	196263	111709	84567	84555	99.96	17393183	17485439	IV	IV
362278	363898	253029	254651	1621	1623	99.63	17393183	15455979	IV	I
362278	363902	4546116	4544493	1625	1624	99.26	17393183	21540570	IV	X
362279	363898	3796364	3794746	1620	1619	99.88	17393183	16627154	IV	II
362279	363898	2590735	2589115	1620	1621	99.44	17393183	14578851	IV	III
362279	363898	7937024	7935406	1620	1619	99.63	17393183	14578851	IV	III
362279	363900	316769	315147	1622	1623	99.51	17393183	19495157	IV	V
362279	363898	1533075	1531455	1620	1621	99.69	17393183	19495157	IV	V
362280	363898	6305539	6307157	1619	1619	99.44	17393183	15455979	IV	I
362280	363908	12093055	12091435	1629	1621	99.32	17393183	16627154	IV	II
397943	400732	15875964	15873155	2790	2810	94.81	17393183	17485439	IV	IV
399378	400732	15868944	15867602	1355	1343	95.28	17393183	17485439	IV	IV
405339	448341	106765	63771	43003	42995	99.98	17393183	17485439	IV	IV
432324	433806	6348829	6347351	1483	1479	95.46	17393183	19495157	IV	V
433811	434923	3066969	3068087	1113	1119	94.25	17393183	17485439	IV	IV
448322	450722	63366	60968	2401	2399	99.71	17393183	17485439	IV	IV
450755	456857	59572	53470	6103	6103	100.00	17393183	17485439	IV	IV
456907	460876	53071	49104	3970	3968	99.95	17393183	17485439	IV	IV
460932	466133	48941	43740	5202	5202	99.63	17393183	17485439	IV	IV
461405	462495	16620560	16619467	1091	1094	93.94	17393183	16627154	IV	II
461409	462418	3022182	3021150	1010	1033	91.82	17393183	15455979	IV	I
461412	462495	4312605	4311503	1084	1103	90.22	17393183	14578851	IV	III
461456	462495	7215978	7214938	1040	1041	94.48	17393183	17485439	IV	IV
466396	467990	44190	42598	1595	1593	99.87	17393183	17485439	IV	IV
468099	476613	41789	33276	8515	8514	99.99	17393183	17485439	IV	IV
476687	492764	33172	17097	16078	16076	99.98	17393183	17485439	IV	IV
479353	480382	2846593	2845560	1030	1034	97.10	17393183	15455979	IV	I
479354	480382	9864266	9863241	1029	1026	96.80	17393183	19495157	IV	V
493041	510033	16993	1	16993	16993	99.98	17393183	17485439	IV	IV
494078	495256	9173032	9171841	1179	1192	96.92	17393183	19495157	IV	V
505142	582838	1491435	1569140	77697	77706	99.94	17393183	17485439	IV	IV
505608	506703	12155708	12154601	1096	1108	94.57	17393183	15455979	IV	I
505608	506710	11782413	11781307	1103	1107	98.01	17393183	14578851	IV	III
505608	506709	3258092	3259197	1102	1106	97.83	17393183	17485439	IV	IV
583221	597578	1569241	1583597	14358	14357	99.99	17393183	17485439	IV	IV
597072	598300	1346	2575	1229	1230	93.24	17393183	19923	IV	cb25.NA_213
597667	601785	1583703	1587822	4119	4120	99.93	17393183	17485439	IV	IV
602761	674698	512430	584362	71938	71933	99.97	17393183	17485439	IV	IV
607073	608859	2882945	2881210	1787	1736	96.09	17393183	16627154	IV	II
607073	608859	3072004	3070271	1787	1734	95.91	17393183	16627154	IV	II
607076	608373	15459095	15460426	1298	1332	96.32	17393183	16627154	IV	II
607076	608373	1814	3146	1298	1333	96.10	17393183	10380	IV	cb25.NA_159
659463	661277	576501	574655	1815	1847	97.46	17393183	17485439	IV	IV
663252	664509	990244	988987	1258	1258	99.68	17393183	16627154	IV	II
663253	664509	1821264	1820008	1257	1257	99.76	17393183	17485439	IV	IV
663253	664509	12490113	12488858	1257	1256	99.60	17393183	17485439	IV	IV
663253	664509	15850632	15849376	1257	1257	99.68	17393183	21540570	IV	X
663253	664507	22108	23362	1255	1255	99.68	17393183	26062	IV	cb25.NA_032
664992	666838	570942	569128	1847	1815	97.46	17393183	17485439	IV	IV
668797	677608	584485	593294	8812	8810	99.98	17393183	17485439	IV	IV
678108	702076	593305	617272	23969	23968	99.99	17393183	17485439	IV	IV
700882	702117	859336	858181	1236	1156	87.99	17393183	17485439	IV	IV
702130	704680	617483	620033	2551	2551	100.00	17393183	17485439	IV	IV
705551	711202	620485	626136	5652	5652	99.96	17393183	17485439	IV	IV
711384	755458	627204	671275	44075	44072	99.98	17393183	17485439	IV	IV
755514	794457	671623	710564	38944	38942	99.99	17393183	17485439	IV	IV
786069	787390	8319854	8318532	1322	1323	97.89	17393183	14578851	IV	III
786072	787390	11463798	11462476	1319	1323	97.44	17393183	17485439	IV	IV
792190	794229	2345	306	2040	2040	99.80	17393183	2944	IV	cb25.NA_356
795414	796979	728547	730112	1566	1566	100.00	17393183	17485439	IV	IV
797092	799359	710564	708298	2268	2267	99.91	17393183	17485439	IV	IV
799087	802029	1	2944	2943	2944	99.97	17393183	2944	IV	cb25.NA_356
801438	813798	728919	741266	12361	12348	99.81	17393183	17485439	IV	IV
814029	841175	742996	770106	27147	27111	99.82	17393183	17485439	IV	IV
841193	861487	771053	791343	20295	20291	99.95	17393183	17485439	IV	IV
861623	875959	798095	812429	14337	14335	99.99	17393183	17485439	IV	IV
862415	864667	7074839	7072602	2253	2238	95.11	17393183	19495157	IV	V
862415	864667	7508279	7506042	2253	2238	95.11	17393183	19495157	IV	V
862416	864389	7263492	7261511	1974	1982	96.68	17393183	15455979	IV	I
875965	884934	812540	821508	8970	8969	99.92	17393183	17485439	IV	IV
885383	906673	821653	842942	21291	21290	99.96	17393183	17485439	IV	IV
906633	953000	843319	889694	46368	46376	99.87	17393183	17485439	IV	IV
908341	909352	13153392	13154413	1012	1022	95.69	17393183	16627154	IV	II
946080	947135	14003036	14001973	1056	1064	94.59	17393183	16627154	IV	II
953331	956673	889830	893172	3343	3343	100.00	17393183	17485439	IV	IV
956746	979806	893547	916615	23061	23069	99.93	17393183	17485439	IV	IV
979941	988394	917083	925535	8454	8453	99.99	17393183	17485439	IV	IV
988512	1043630	925574	980689	55119	55116	99.99	17393183	17485439	IV	IV
1043750	1074306	981566	1012116	30557	30551	99.97	17393183	17485439	IV	IV
1074388	1090438	1012816	1028865	16051	16050	99.99	17393183	17485439	IV	IV
1090552	1096392	1029427	1035267	5841	5841	100.00	17393183	17485439	IV	IV
1096372	1146776	1035983	1086383	50405	50401	99.97	17393183	17485439	IV	IV
1146760	1155095	1087584	1095921	8336	8338	99.68	17393183	17485439	IV	IV
1146837	1150085	1	3249	3249	3249	100.00	17393183	3249	IV	cb25.NA_345
1155610	1182236	1096461	1123085	26627	26625	99.99	17393183	17485439	IV	IV
1173036	1174371	3822830	3824108	1336	1279	85.29	17393183	19495157	IV	V
1173137	1174458	13952544	13951203	1322	1342	88.56	17393183	16627154	IV	II
1182445	1188223	1123544	1129321	5779	5778	99.98	17393183	17485439	IV	IV
1183181	1184816	7803414	7801779	1636	1636	99.27	17393183	16627154	IV	II
1183191	1184813	4569076	4567511	1623	1566	94.90	17393183	21540570	IV	X
1183192	1184813	9772117	9770496	1622	1622	98.52	17393183	14578851	IV	III
1183192	1184813	18227983	18226372	1622	1612	97.41	17393183	19495157	IV	V
1189265	1192138	1130185	1133058	2874	2874	99.97	17393183	17485439	IV	IV
1193123	1196883	1133789	1137548	3761	3760	99.97	17393183	17485439	IV	IV
1196937	1198699	1138666	1140428	1763	1763	99.60	17393183	17485439	IV	IV
1198783	1221851	1140375	1163442	23069	23068	99.96	17393183	17485439	IV	IV
1222937	1235557	1165129	1177747	12621	12619	99.98	17393183	17485439	IV	IV
1235683	1242805	1177758	1184880	7123	7123	99.97	17393183	17485439	IV	IV
1242700	1268561	1187752	1213610	25862	25859	99.96	17393183	17485439	IV	IV
1243126	1244200	10490944	10489865	1075	1080	90.72	17393183	15455979	IV	I
1268586	1348529	1214892	1294828	79944	79937	99.99	17393183	17485439	IV	IV
1295416	1296683	1244943	1243680	1268	1264	85.92	17393183	17485439	IV	IV
1297375	1298638	1242988	1241721	1264	1268	85.87	17393183	17485439	IV	IV
1345514	1347512	19941048	19939045	1999	2004	93.79	17393183	21540570	IV	X
1348573	1367201	1302905	1321528	18629	18624	99.97	17393183	17485439	IV	IV
1367238	1370167	1321782	1324711	2930	2930	100.00	17393183	17485439	IV	IV
1370311	1372592	1325464	1327745	2282	2282	100.00	17393183	17485439	IV	IV
1372629	1403035	1328066	1358483	30407	30418	99.91	17393183	17485439	IV	IV
1393316	1394576	12382506	12381246	1261	1261	99.60	17393183	14578851	IV	III
1403154	1419454	1358983	1375284	16301	16302	99.98	17393183	17485439	IV	IV
1419737	1434298	1375954	1390514	14562	14561	99.99	17393183	17485439	IV	IV
1434403	1460400	1391770	1417766	25998	25997	99.99	17393183	17485439	IV	IV
1448036	1449538	1408839	1407337	1503	1503	99.07	17393183	17485439	IV	IV
1449970	1451472	1406905	1405403	1503	1503	99.07	17393183	17485439	IV	IV
1460901	1464037	1417777	1420917	3137	3141	99.81	17393183	17485439	IV	IV
1465176	1471499	1422300	1428621	6324	6322	99.95	17393183	17485439	IV	IV
1466989	1468086	12155709	12154601	1098	1109	93.60	17393183	15455979	IV	I
1466989	1468093	11782414	11781307	1105	1108	97.11	17393183	14578851	IV	III
1471532	1483697	1428810	1440975	12166	12166	100.00	17393183	17485439	IV	IV
1483762	1496900	1441645	1454783	13139	13139	100.00	17393183	17485439	IV	IV
1497188	1532223	1455400	1490434	35036	35035	99.99	17393183	17485439	IV	IV
1518241	1519502	21231644	21230376	1262	1269	96.15	17393183	21540570	IV	X
1528076	1534654	1589258	1595835	6579	6578	99.98	17393183	17485439	IV	IV
1534581	1537371	1596721	1599514	2791	2794	99.79	17393183	17485439	IV	IV
1537568	1549050	1599525	1611006	11483	11482	99.99	17393183	17485439	IV	IV
1537951	1538986	7099632	7098619	1036	1014	95.46	17393183	15455979	IV	I
1537952	1538979	1161722	1160699	1028	1024	95.76	17393183	17485439	IV	IV
1537952	1538978	6674838	6673811	1027	1028	97.47	17393183	17485439	IV	IV
1537952	1538979	15640707	15639679	1028	1029	97.57	17393183	19495157	IV	V
1537953	1538978	2846590	2845562	1026	1029	98.06	17393183	15455979	IV	I
1537953	1538978	12293878	12292858	1026	1021	97.76	17393183	16627154	IV	II
1537953	1538978	15868	16887	1026	1020	96.70	17393183	45587	IV	cb25.NA_135
1544252	1561480	25117	7889	17229	17229	99.99	17393183	25117	IV	cb25.NA_033
1561521	1563160	7509	5870	1640	1640	100.00	17393183	25117	IV	cb25.NA_033
1563201	1567604	4404	1	4404	4404	99.89	17393183	25117	IV	cb25.NA_033
1564122	1565769	11000072	10998425	1648	1648	99.76	17393183	15455979	IV	I
1564123	1565769	2671970	2670324	1647	1647	99.88	17393183	15455979	IV	I
1564124	1565775	6202533	6200883	1652	1651	99.76	17393183	15455979	IV	I
1564171	1604871	1612007	1652778	40701	40772	99.75	17393183	17485439	IV	IV
1590228	1591486	12401668	12400410	1259	1259	99.52	17393183	16627154	IV	II
1590231	1591488	12382502	12381245	1258	1258	99.84	17393183	14578851	IV	III
1604830	1639830	1652970	1687967	35001	34998	99.99	17393183	17485439	IV	IV
1632654	1633911	2561155	2559899	1258	1257	99.44	17393183	17485439	IV	IV
1639945	1676742	1688943	1725738	36798	36796	99.99	17393183	17485439	IV	IV
1676568	1687023	1726745	1737198	10456	10454	99.88	17393183	17485439	IV	IV
1687253	1694667	1737882	1745297	7415	7416	99.99	17393183	17485439	IV	IV
1694879	1699878	1745308	1750289	5000	4982	98.68	17393183	17485439	IV	IV
1718625	1720853	2228	1	2229	2228	99.96	17393183	2262	IV	cb25.NA_393
1718815	1744249	1769086	1794519	25435	25434	99.97	17393183	17485439	IV	IV
1726762	1728018	16933373	16932118	1257	1256	99.84	17393183	17485439	IV	IV
1726762	1728018	7925144	7923888	1257	1257	99.92	17393183	21540570	IV	X
1726763	1728025	372	1634	1263	1263	99.84	17393183	2576	IV	cb25.NA_374
1726765	1728022	4735245	4733988	1258	1258	99.84	17393183	19495157	IV	V
1726765	1728022	5632085	5630829	1258	1257	99.84	17393183	21540570	IV	X
1744268	1772124	1794849	1822703	27857	27855	99.99	17393183	17485439	IV	IV
1769425	1770682	979222	977966	1258	1257	99.76	17393183	15455979	IV	I
1769425	1770682	1963656	1962400	1258	1257	99.68	17393183	19495157	IV	V
1769426	1770683	14314568	14313311	1258	1258	100.00	17393183	16627154	IV	II
1769426	1770682	1982751	1981496	1257	1256	99.92	17393183	17485439	IV	IV
1769427	1770682	7865185	7863930	1256	1256	99.92	17393183	21540570	IV	X
1769428	1770683	660197	658942	1256	1256	100.00	17393183	16627154	IV	II
1769428	1770682	14508247	14506993	1255	1255	100.00	17393183	16627154	IV	II
1769428	1770682	12649041	12647787	1255	1255	100.00	17393183	19495157	IV	V
1769428	1770682	38210	39464	1255	1255	100.00	17393183	44065	IV	cb25.NA_117
1769429	1770686	9559445	9558188	1258	1258	99.92	17393183	21540570	IV	X
1772349	1783314	1822852	1833815	10966	10964	99.98	17393183	17485439	IV	IV
1783403	1802307	1834841	1853744	18905	18904	99.99	17393183	17485439	IV	IV
1799417	1800434	6160034	6159036	1018	999	92.77	17393183	15455979	IV	I
1799417	1800438	11442904	11441885	1022	1020	94.27	17393183	14578851	IV	III
1799417	1800434	6045402	6044393	1018	1010	93.28	17393183	19495157	IV	V
1799417	1800434	7382910	7381896	1018	1015	93.08	17393183	21540570	IV	X
1802431	1805397	1853755	1856722	2967	2968	99.97	17393183	17485439	IV	IV
1805515	1835458	1858364	1888263	29944	29900	99.79	17393183	17485439	IV	IV
1835715	1866944	1888921	1920146	31230	31226	99.99	17393183	17485439	IV	IV
1867034	1886950	1921440	1941375	19917	19936	99.83	17393183	17485439	IV	IV
1887055	1898101	1941824	1952870	11047	11047	99.97	17393183	17485439	IV	IV
1898138	1965604	1953114	2020574	67467	67461	99.99	17393183	17485439	IV	IV
1901659	1903348	8186944	8185284	1690	1661	90.12	17393183	21540570	IV	X
1902285	1903342	5797289	5796231	1058	1059	93.44	17393183	21540570	IV	X
1947403	1949041	2006979	2005342	1639	1638	99.51	17393183	17485439	IV	IV
1950370	1952008	2004013	2002376	1639	1638	99.51	17393183	17485439	IV	IV
1965704	1967433	2021102	2022831	1730	1730	99.65	17393183	17485439	IV	IV
1967506	1971111	2023018	2026622	3606	3605	99.94	17393183	17485439	IV	IV
1971125	1988733	2026845	2044451	17609	17607	99.97	17393183	17485439	IV	IV
1988753	1990731	2044968	2046945	1979	1978	99.95	17393183	17485439	IV	IV
1990221	1991802	2048346	2049926	1582	1581	99.94	17393183	17485439	IV	IV
1992026	1997557	2050266	2055794	5532	5529	99.95	17393183	17485439	IV	IV
1997446	2002206	2056052	2060812	4761	4761	99.98	17393183	17485439	IV	IV
2002198	2011358	2061840	2071000	9161	9161	100.00	17393183	17485439	IV	IV
2011510	2081489	2071481	2141417	69980	69937	99.92	17393183	17485439	IV	IV
2042471	2043607	5295734	5294586	1137	1149	92.06	17393183	19495157	IV	V
2042614	2043617	5600565	5599554	1004	1012	88.18	17393183	21540570	IV	X
2051520	2053075	14226762	14225197	1556	1566	98.40	17393183	16627154	IV	II
2051520	2052745	15875768	15874532	1226	1237	98.46	17393183	16627154	IV	II
2051525	2053078	15869393	15870956	1554	1564	98.53	17393183	16627154	IV	II
2075219	2078939	4026444	4022649	3721	3796	87.58	17393183	17485439	IV	IV
2075460	2076920	2145584	2144091	1461	1494	88.54	17393183	17485439	IV	IV
2075678	2076824	2151085	2149918	1147	1168	85.39	17393183	17485439	IV	IV
2081575	2091127	2141626	2151177	9553	9552	99.99	17393183	17485439	IV	IV
2081597	2084040	4021943	4019497	2444	2447	97.87	17393183	17485439	IV	IV
2084035	2085748	4018701	4016992	1714	1710	92.39	17393183	17485439	IV	IV
2084040	2085534	2136849	2135389	1495	1461	88.61	17393183	17485439	IV	IV
2087733	2090462	4016992	4014234	2730	2759	93.07	17393183	17485439	IV	IV
2089868	2091035	2136753	2135607	1168	1147	85.39	17393183	17485439	IV	IV
2089868	2091035	4018600	4017422	1168	1179	91.46	17393183	17485439	IV	IV
2091153	2127960	2151483	2188285	36808	36803	99.99	17393183	17485439	IV	IV
2092026	2093122	3567313	3566240	1097	1074	92.54	17393183	17485439	IV	IV
2104659	2106235	4014234	4012640	1577	1595	89.31	17393183	17485439	IV	IV
2120326	2122036	11456049	11454390	1711	1660	89.22	17393183	15455979	IV	I
2121008	2122034	10853550	10852526	1027	1025	92.82	17393183	19495157	IV	V
2128169	2141744	2189200	2202774	13576	13575	99.99	17393183	17485439	IV	IV
2141853	2177240	2203060	2238445	35388	35386	99.99	17393183	17485439	IV	IV
2178388	2179646	12649044	12647786	1259	1259	99.92	17393183	19495157	IV	V
2178389	2179645	3421174	3419919	1257	1256	99.76	17393183	15455979	IV	I
2178392	2179646	2673648	2672395	1255	1254	99.92	17393183	14578851	IV	III
2178392	2179650	10269067	10267809	1259	1259	99.92	17393183	14578851	IV	III
2179644	2180939	2241339	2240032	1296	1308	92.94	17393183	17485439	IV	IV
2179644	2180858	15694125	15692923	1215	1203	98.60	17393183	19495157	IV	V
2181791	2184445	15691922	15689268	2655	2655	99.36	17393183	19495157	IV	V
2182183	2187752	2239446	2245015	5570	5570	100.00	17393183	17485439	IV	IV
2182465	2184375	12845356	12847259	1911	1904	98.12	17393183	14578851	IV	III
2182561	2184320	1513828	1515586	1760	1759	99.32	17393183	16627154	IV	II
2187806	2196293	2247427	2255912	8488	8486	99.98	17393183	17485439	IV	IV
2196366	2206442	2256746	2266820	10077	10075	99.98	17393183	17485439	IV	IV
2206456	2223752	2266958	2284253	17297	17296	99.99	17393183	17485439	IV	IV
2223761	2266260	2284547	2327042	42500	42496	99.98	17393183	17485439	IV	IV
2247821	2248883	13175340	13174256	1063	1085	93.83	17393183	16627154	IV	II
2247821	2248883	4702120	4701053	1063	1068	92.69	17393183	17485439	IV	IV
2264259	2265511	15027621	15028878	1253	1258	99.28	17393183	17485439	IV	IV
2266295	2271947	2327442	2333094	5653	5653	100.00	17393183	17485439	IV	IV
2272038	2273507	2333105	2334574	1470	1470	100.00	17393183	17485439	IV	IV
2272947	2277767	8335	3457	4821	4879	93.38	17393183	15455979	IV	I
2273099	2280652	2341508	2349060	7554	7553	99.97	17393183	17485439	IV	IV
2273612	2274923	2851	1474	1312	1378	93.47	17393183	2851	IV	cb25.NA_110
2273675	2280419	2334602	2341345	6745	6744	99.99	17393183	17485439	IV	IV
2274084	2280369	13002199	13008470	6286	6272	94.93	17393183	15455979	IV	I
2275219	2276625	1404	1	1407	1404	92.61	17393183	2851	IV	cb25.NA_110
2275979	2276983	18544590	18545601	1005	1012	82.60	17393183	19495157	IV	V
2277425	2278469	32162	31118	1045	1045	95.50	17393183	40913	IV	cb25.fpc4366
2277427	2278471	8846	7803	1045	1044	95.22	17393183	24336	IV	cb25.NA_194
2280359	2281621	10108053	10106790	1263	1264	99.45	17393183	14578851	IV	III
2280364	2281626	889538	888278	1263	1261	99.68	17393183	21540570	IV	X
2280365	2281624	12694692	12693433	1260	1260	99.84	17393183	21540570	IV	X
2280366	2281621	2357645	2356390	1256	1256	99.60	17393183	17485439	IV	IV
2280366	2281488	1123	1	1123	1123	100.00	17393183	47958	IV	cb25.NA_055
2280368	2281622	14508246	14506992	1255	1255	100.00	17393183	16627154	IV	II
2280368	2281625	15133019	15131762	1258	1258	99.92	17393183	16627154	IV	II
2280368	2281625	10421204	10419947	1258	1258	99.92	17393183	19495157	IV	V
2280368	2281623	21068601	21067346	1256	1256	99.92	17393183	21540570	IV	X
2280368	2281622	38211	39465	1255	1255	100.00	17393183	44065	IV	cb25.NA_117
2281467	2282515	2349501	2350548	1049	1048	99.81	17393183	17485439	IV	IV
2281619	2285289	13008468	13012120	3671	3653	95.70	17393183	15455979	IV	I
2281790	2287576	5779	9	5787	5771	92.20	17393183	24336	IV	cb25.NA_194
2282508	2291745	2350679	2359912	9238	9234	99.90	17393183	17485439	IV	IV
2285265	2288223	14657608	14654650	2959	2959	96.28	17393183	16627154	IV	II
2285679	2288223	13013486	13016029	2545	2544	96.82	17393183	15455979	IV	I
2285712	2287280	18552777	18554345	1569	1569	94.77	17393183	19495157	IV	V
2288217	2289474	2545191	2543935	1258	1257	99.84	17393183	21540570	IV	X
2288218	2289474	8713538	8712283	1257	1256	99.92	17393183	17485439	IV	IV
2288221	2289477	16357199	16355943	1257	1257	99.84	17393183	21540570	IV	X
2288221	2289477	3146	4402	1257	1257	99.68	17393183	7406	IV	cb25.NA_099
2288354	2328660	1	40304	40307	40304	99.99	17393183	47958	IV	cb25.NA_055
2289473	2290611	14654652	14653534	1139	1119	95.81	17393183	16627154	IV	II
2306692	2307804	7685524	7684395	1113	1130	88.72	17393183	15455979	IV	I
2318886	2320145	7419767	7418485	1260	1283	92.29	17393183	19495157	IV	V
2318888	2320149	9113396	9112115	1262	1282	92.45	17393183	16627154	IV	II
2318891	2320146	10866019	10864739	1256	1281	92.43	17393183	19495157	IV	V
2318954	2320145	12182018	12180809	1192	1210	91.90	17393183	19495157	IV	V
2319053	2320145	11306898	11305789	1093	1110	92.44	17393183	19495157	IV	V
2319100	2320145	2915170	2914106	1046	1065	91.09	17393183	14578851	IV	III
2326353	2328730	13831	11455	2378	2377	99.96	17393183	13831	IV	cb25.NA_161
2329050	2336326	40464	47739	7277	7276	99.99	17393183	47958	IV	cb25.NA_055
2329816	2330973	9113394	9112248	1158	1147	89.94	17393183	16627154	IV	II
2329816	2330973	7419763	7418613	1158	1151	89.70	17393183	19495157	IV	V
2329817	2330971	13204889	13206030	1155	1142	91.34	17393183	16627154	IV	II
2329817	2330973	10866019	10864868	1157	1152	90.05	17393183	19495157	IV	V
2329969	2330973	8645937	8644953	1005	985	87.90	17393183	17485439	IV	IV
2331068	2342153	11100	15	11086	11086	99.80	17393183	13831	IV	cb25.NA_161
2341050	2343589	14541321	14538813	2540	2509	93.75	17393183	16627154	IV	II
2341484	2342583	1118	15	1100	1104	96.67	17393183	13831	IV	cb25.NA_161
2342960	2344037	2797487	2798556	1078	1070	95.18	17393183	19495157	IV	V
2343594	2344827	2586199	2584978	1234	1222	95.79	17393183	21540570	IV	X
2343602	2344948	2590380	2589048	1347	1333	96.44	17393183	21540570	IV	X
2346409	2348073	2360013	2361677	1665	1665	97.30	17393183	17485439	IV	IV
2346753	2357476	2360013	2370732	10724	10720	99.70	17393183	17485439	IV	IV
2347074	2348419	4767527	4766188	1346	1340	93.46	17393183	14578851	IV	III
2347288	2348417	12643381	12644509	1130	1129	93.83	17393183	15455979	IV	I
2347374	2348416	4767527	4766487	1043	1041	92.43	17393183	14578851	IV	III
2358140	2367819	2371021	2380699	9680	9679	99.99	17393183	17485439	IV	IV
2368025	2428260	2381298	2441527	60236	60230	99.97	17393183	17485439	IV	IV
2392295	2393488	3350617	3351806	1194	1190	98.32	17393183	17485439	IV	IV
2428382	2451805	2445817	2469240	23424	23424	100.00	17393183	17485439	IV	IV
2452799	2494635	2470007	2511842	41837	41836	99.99	17393183	17485439	IV	IV
2494754	2513624	2511964	2530832	18871	18869	99.99	17393183	17485439	IV	IV
2498970	2500460	15828527	15827010	1491	1518	97.89	17393183	17485439	IV	IV
2504643	2505683	5908085	5907050	1041	1036	93.22	17393183	17485439	IV	IV
2504643	2505682	9796373	9795362	1040	1012	93.37	17393183	19495157	IV	V
2505682	2506758	7063891	7062798	1077	1094	97.81	17393183	17485439	IV	IV
2510697	2518953	1	8257	8257	8257	99.99	17393183	8257	IV	cb25.NA_252
2513977	2521568	2530923	2538512	7592	7590	99.93	17393183	17485439	IV	IV
2522787	2525015	2538527	2540755	2229	2229	99.91	17393183	17485439	IV	IV
2525194	2542107	2541340	2558253	16914	16914	99.99	17393183	17485439	IV	IV
2535401	2536634	9275877	9274690	1234	1188	88.11	17393183	15455979	IV	I
2535401	2536403	13398378	13397385	1003	994	88.77	17393183	19495157	IV	V
2542206	2604162	2558857	2620798	61957	61942	99.94	17393183	17485439	IV	IV
2543248	2544505	1682048	1680792	1258	1257	99.44	17393183	17485439	IV	IV
2543248	2544509	8800828	8799568	1262	1261	99.45	17393183	21540570	IV	X
2604353	2633576	2621007	2650227	29224	29221	99.98	17393183	17485439	IV	IV
2616037	2617291	2658250	2656996	1255	1255	100.00	17393183	17485439	IV	IV
2633666	2641655	2650780	2658769	7990	7990	100.00	17393183	17485439	IV	IV
2639882	2641136	2633944	2632690	1255	1255	99.84	17393183	17485439	IV	IV
2639883	2641136	2561155	2559903	1254	1253	99.60	17393183	17485439	IV	IV
2639883	2641139	5332099	5333353	1257	1255	99.60	17393183	17485439	IV	IV
2639883	2641139	25	1279	1257	1255	99.52	17393183	3770	IV	cb25.NA_326
2641616	2666796	2658870	2684051	25181	25182	99.90	17393183	17485439	IV	IV
2650655	2651770	15319667	15318545	1116	1123	93.51	17393183	21540570	IV	X
2666909	2746201	2685145	2764440	79293	79296	99.78	17393183	17485439	IV	IV
2672434	2673706	3150753	3152025	1273	1273	89.25	17393183	19495157	IV	V
2672434	2673706	3155622	3156893	1273	1272	89.25	17393183	19495157	IV	V
2672434	2673707	2814794	2813504	1274	1291	93.19	17393183	21540570	IV	X
2721107	2722142	11703030	11701991	1036	1040	93.96	17393183	15455979	IV	I
2725562	2726969	6563225	6564624	1408	1400	90.35	17393183	17485439	IV	IV
2725938	2726965	4836821	4835786	1028	1036	92.23	17393183	21540570	IV	X
2725938	2726965	9618482	9617450	1028	1033	91.09	17393183	21540570	IV	X
2725950	2726965	39404	40428	1016	1025	92.33	17393183	21540570	IV	X
2748051	2754342	2764440	2758151	6292	6290	99.94	17393183	17485439	IV	IV
2753711	2754838	3146648	3145521	1128	1128	100.00	17393183	17485439	IV	IV
2754343	2755476	3141342	3142475	1134	1134	99.91	17393183	17485439	IV	IV
2754990	2763048	3145426	3137370	8059	8057	99.98	17393183	17485439	IV	IV
2763090	2765234	3137006	3134862	2145	2145	100.00	17393183	17485439	IV	IV
2765340	2799507	3134851	3100693	34168	34159	99.93	17393183	17485439	IV	IV
2783125	2784347	4543169	4541942	1223	1228	93.24	17393183	17485439	IV	IV
2790897	2791937	9389989	9388927	1041	1063	91.04	17393183	17485439	IV	IV
2790900	2792262	10406	9025	1363	1382	91.79	17393183	79173	IV	cb25.NA_037
2790901	2791950	8555797	8554727	1050	1071	88.63	17393183	16627154	IV	II
2799687	2805021	3099829	3094494	5335	5336	99.96	17393183	17485439	IV	IV
2805061	2812622	3093874	3086313	7562	7562	100.00	17393183	17485439	IV	IV
2812874	2814050	3085931	3084755	1177	1177	100.00	17393183	17485439	IV	IV
2813149	2815733	14826684	14824101	2585	2584	99.65	17393183	17485439	IV	IV
2813149	2815879	1593852	1591123	2731	2730	99.67	17393183	19495157	IV	V
2813149	2815882	7021536	7018813	2734	2724	99.20	17393183	19495157	IV	V
2813149	2815878	19840926	19838198	2730	2729	99.71	17393183	21540570	IV	X
2813172	2815273	1	2093	2102	2093	99.38	17393183	2093	IV	cb25.NA_409
2814496	2847275	3084355	3051581	32780	32775	99.98	17393183	17485439	IV	IV
2814503	2815878	5286806	5285432	1376	1375	99.71	17393183	19495157	IV	V
2830767	2831886	77186	78298	1120	1113	94.34	17393183	17485439	IV	IV
2831221	2832240	16891546	16890550	1020	997	95.00	17393183	21540570	IV	X
2847235	2871839	3051419	3026819	24605	24601	99.98	17393183	17485439	IV	IV
2871365	2872428	2633417	2634501	1064	1085	90.64	17393183	19495157	IV	V
2871365	2872366	11498205	11497195	1002	1011	89.78	17393183	21540570	IV	X
2871916	2881789	3026479	3016606	9874	9874	99.99	17393183	17485439	IV	IV
2881938	2887319	3015862	3010481	5382	5382	99.98	17393183	17485439	IV	IV
2887530	2890394	3010320	3007454	2865	2867	99.16	17393183	17485439	IV	IV
2891371	2905975	3007299	2992697	14605	14603	99.99	17393183	17485439	IV	IV
2906177	2913339	2991351	2984189	7163	7163	100.00	17393183	17485439	IV	IV
2913425	2919948	2983854	2977329	6524	6526	99.88	17393183	17485439	IV	IV
2919813	2950004	2975556	2945371	30192	30186	99.97	17393183	17485439	IV	IV
2921946	2922956	3419332	3420341	1011	1010	97.73	17393183	17485439	IV	IV
2943407	2944661	4438867	4437643	1255	1225	95.55	17393183	17485439	IV	IV
2943800	2944880	14383766	14382715	1081	1052	95.38	17393183	16627154	IV	II
2950388	2951761	2940340	2938966	1374	1375	99.93	17393183	17485439	IV	IV
2951174	2952429	13883290	13882036	1256	1255	99.60	17393183	17485439	IV	IV
2951911	2969437	2938612	2921086	17527	17527	99.97	17393183	17485439	IV	IV
2954897	2956139	5131970	5133207	1243	1238	93.06	17393183	17485439	IV	IV
2969335	2978560	2913991	2904766	9226	9226	99.96	17393183	17485439	IV	IV
2969811	2976708	2920900	2914002	6898	6899	99.78	17393183	17485439	IV	IV
2978535	2999331	2904556	2883763	20797	20794	99.99	17393183	17485439	IV	IV
2991985	2999980	2882747	2874752	7996	7996	99.96	17393183	17485439	IV	IV
2999995	3064618	2874395	2809777	64624	64619	99.98	17393183	17485439	IV	IV
3004676	3005937	12732723	12731433	1262	1291	92.75	17393183	16627154	IV	II
3004679	3005931	10785191	10783900	1253	1292	94.74	17393183	16627154	IV	II
3044838	3047303	7423352	7425844	2466	2493	97.60	17393183	21540570	IV	X
3045607	3047304	6258843	6257147	1698	1697	99.41	17393183	19495157	IV	V
3064677	3098998	2808926	2774607	34322	34320	99.99	17393183	17485439	IV	IV
3099059	3101475	2774328	2771912	2417	2417	100.00	17393183	17485439	IV	IV
3101807	3108898	2771632	2764541	7092	7092	100.00	17393183	17485439	IV	IV
3187484	3196848	3440009	3430646	9365	9364	99.99	17393183	17485439	IV	IV
3196974	3204226	3430528	3423276	7253	7253	99.99	17393183	17485439	IV	IV
3204237	3210198	3423136	3417176	5962	5961	99.98	17393183	17485439	IV	IV
3207032	3208135	4964842	4963727	1104	1116	95.98	17393183	15455979	IV	I
3207032	3208135	1583166	1582066	1104	1101	94.36	17393183	19495157	IV	V
3207032	3208135	16841841	16840734	1104	1108	94.27	17393183	19495157	IV	V
3207032	3208135	16864436	16863320	1104	1117	95.35	17393183	19495157	IV	V
3207033	3208042	2972415	2973425	1010	1011	97.73	17393183	17485439	IV	IV
3210279	3223237	3416959	3404001	12959	12959	100.00	17393183	17485439	IV	IV
3223345	3227166	3403861	3400041	3822	3821	99.87	17393183	17485439	IV	IV
3227320	3250428	3399269	3376162	23109	23108	99.99	17393183	17485439	IV	IV
3250466	3289602	3376059	3336925	39137	39135	99.99	17393183	17485439	IV	IV
3261339	3262539	16496936	16495736	1201	1201	99.75	17393183	19495157	IV	V
3274719	3275909	2406756	2405563	1191	1194	98.41	17393183	17485439	IV	IV
3283239	3284423	2867444	2866257	1185	1188	94.03	17393183	21540570	IV	X
3289645	3294374	3336105	3331378	4730	4728	99.89	17393183	17485439	IV	IV
3294448	3360674	3330406	3264186	66227	66221	99.97	17393183	17485439	IV	IV
3306366	3307395	5229477	5228449	1030	1029	97.57	17393183	19495157	IV	V
3306366	3307397	15636489	15635457	1032	1033	97.00	17393183	19495157	IV	V
3306367	3307393	6554588	6553545	1027	1044	94.38	17393183	14578851	IV	III
3306367	3307399	29479	30509	1033	1031	97.68	17393183	17485439	IV	IV
3306368	3307379	5657651	5656642	1012	1010	97.04	17393183	17485439	IV	IV
3353122	3354140	3234082	3235073	1019	992	83.82	17393183	17485439	IV	IV
3356954	3397964	3263493	3222487	41011	41007	99.99	17393183	17485439	IV	IV
3360109	3361251	3149112	3150254	1143	1143	99.13	17393183	17485439	IV	IV
3360109	3361251	30021	31162	1143	1142	99.04	17393183	33679	IV	cb25.NA_019
3361251	3362359	12003152	12004256	1109	1105	94.96	17393183	15455979	IV	I
3361251	3362356	11555487	11554395	1106	1093	94.23	17393183	14578851	IV	III
3361251	3362356	3325	4426	1106	1102	97.83	17393183	17485439	IV	IV
3361251	3362356	1425215	1424113	1106	1103	96.93	17393183	17485439	IV	IV
3361251	3362356	1493002	1491901	1106	1102	97.83	17393183	17485439	IV	IV
3361251	3362356	5737179	5736078	1106	1102	97.83	17393183	17485439	IV	IV
3361284	3362356	8052231	8051168	1073	1064	96.37	17393183	21540570	IV	X
3364610	3366571	4134775	4132815	1962	1961	94.23	17393183	17485439	IV	IV
3364610	3366289	17392295	17390632	1680	1664	93.23	17393183	21540570	IV	X
3365447	3366546	4156168	4155075	1100	1094	94.33	17393183	19495157	IV	V
3365448	3366571	13882714	13881603	1124	1112	93.31	17393183	21540570	IV	X
3369290	3370297	14126708	14125695	1008	1014	94.40	17393183	21540570	IV	X
3383171	3384327	2868513	2869714	1157	1202	87.79	17393183	17485439	IV	IV
3398135	3416601	3219021	3200556	18467	18466	99.99	17393183	17485439	IV	IV
3400684	3402613	14520481	14518549	1930	1933	97.32	17393183	16627154	IV	II
3401304	3402613	17089868	17088576	1310	1293	92.06	17393183	21540570	IV	X
3416642	3435678	3200235	3181205	19037	19031	99.74	17393183	17485439	IV	IV
3422270	3423478	3193399	3194607	1209	1209	90.94	17393183	17485439	IV	IV
3435714	3438686	3179938	3176965	2973	2974	99.90	17393183	17485439	IV	IV
3436006	3437170	3180042	3181206	1165	1165	98.97	17393183	17485439	IV	IV
3439726	3454758	3176796	3161764	15033	15033	99.97	17393183	17485439	IV	IV
3454818	3469057	3160991	3146749	14240	14243	99.89	17393183	17485439	IV	IV
3454994	3456131	13175391	13174253	1138	1139	96.66	17393183	16627154	IV	II
3454994	3455998	1896536	1895610	1005	927	87.97	17393183	17485439	IV	IV
3454999	3456137	4702166	4701044	1139	1123	95.26	17393183	17485439	IV	IV
3463038	3471378	33679	25340	8341	8340	99.89	17393183	33679	IV	cb25.NA_019
3465552	3466709	10047040	10045881	1158	1160	98.97	17393183	16627154	IV	II
3470062	3472790	26299	23571	2729	2729	97.47	17393183	33679	IV	cb25.NA_019
3472842	3495922	23076	1	23081	23076	99.98	17393183	33679	IV	cb25.NA_019
3484586	3487246	12573320	12570663	2661	2658	97.60	17393183	16627154	IV	II
3484593	3487250	4823987	4821386	2658	2602	93.68	17393183	19495157	IV	V
3495715	3516547	3460938	3440110	20833	20829	99.93	17393183	17485439	IV	IV
3508803	3524916	3461039	3477152	16114	16114	99.85	17393183	17485439	IV	IV
3523493	3525051	15536407	15534852	1559	1556	96.29	17393183	19495157	IV	V
3523495	3524639	3954194	3953065	1145	1130	93.46	17393183	19495157	IV	V
3524369	3532615	3477301	3485547	8247	8247	99.95	17393183	17485439	IV	IV
3532660	3538741	3485686	3491767	6082	6082	100.00	17393183	17485439	IV	IV
3532691	3538851	3542455	3536295	6161	6161	99.98	17393183	17485439	IV	IV
3535060	3536068	7032091	7031089	1009	1003	96.13	17393183	15455979	IV	I
3535060	3536068	7887998	7886996	1009	1003	96.13	17393183	15455979	IV	I
3535060	3536066	1892964	1891964	1007	1001	92.35	17393183	16627154	IV	II
3535060	3536065	10971164	10970171	1006	994	94.07	17393183	16627154	IV	II
3535060	3536066	9154611	9153618	1007	994	94.44	17393183	14578851	IV	III
3535060	3536066	3108324	3109293	1007	970	90.86	17393183	17485439	IV	IV
3535060	3536067	3816364	3815375	1008	990	95.63	17393183	17485439	IV	IV
3535060	3536074	5142179	5143176	1015	998	93.61	17393183	17485439	IV	IV
3535060	3536066	8076207	8077205	1007	999	94.17	17393183	17485439	IV	IV
3539078	3556259	3533755	3516599	17182	17157	99.80	17393183	17485439	IV	IV
3555276	3557033	3516503	3514767	1758	1737	95.05	17393183	17485439	IV	IV
3556458	3557789	3516077	3514767	1332	1311	97.00	17393183	17485439	IV	IV
3557322	3558629	3516074	3514767	1308	1308	94.57	17393183	17485439	IV	IV
3558196	3580959	3514630	3491868	22764	22763	99.99	17393183	17485439	IV	IV
3574992	3576004	6466786	6465770	1013	1017	96.67	17393183	17485439	IV	IV
3574992	3576004	6529221	6530237	1013	1017	96.67	17393183	17485439	IV	IV
3574997	3576000	9386605	9385600	1004	1006	98.21	17393183	17485439	IV	IV
3581360	3596106	3693523	3678778	14747	14746	99.89	17393183	17485439	IV	IV
3596917	3607889	3678080	3667109	10973	10972	99.97	17393183	17485439	IV	IV
3597552	3598810	5333629	5332372	1259	1258	99.68	17393183	16627154	IV	II
3607925	3613995	6068	1	6071	6068	99.34	17393183	6068	IV	cb25.NA_285
3608280	3618779	3666978	3656484	10500	10495	99.74	17393183	17485439	IV	IV
3618760	3625669	3656231	3649324	6910	6908	99.93	17393183	17485439	IV	IV
3621220	3622894	2271247	2269532	1675	1716	95.00	17393183	21540570	IV	X
3625647	3668611	3647236	3604275	42965	42962	99.95	17393183	17485439	IV	IV
3668663	3675609	3604044	3597098	6947	6947	100.00	17393183	17485439	IV	IV
3675767	3677145	3596790	3595413	1379	1378	99.78	17393183	17485439	IV	IV
3677350	3695726	3594717	3576340	18377	18378	99.99	17393183	17485439	IV	IV
3697216	3703150	3573285	3567335	5935	5951	98.88	17393183	17485439	IV	IV
3697216	3699927	3696335	3693624	2712	2712	99.08	17393183	17485439	IV	IV
3701249	3702531	3542578	3543860	1283	1283	100.00	17393183	17485439	IV	IV
3703209	3712082	3544275	3553148	8874	8874	100.00	17393183	17485439	IV	IV
3712131	3717674	3554226	3559769	5544	5544	99.98	17393183	17485439	IV	IV
3713719	3714731	454344	453331	1013	1014	97.24	17393183	15455979	IV	I
3717845	3732918	3559780	3574848	15074	15069	99.87	17393183	17485439	IV	IV
3724305	3725379	12556160	12555078	1075	1083	96.12	17393183	14578851	IV	III
3724305	3725379	2153452	2152356	1075	1097	92.63	17393183	17485439	IV	IV
3724305	3725377	4822158	4821064	1073	1095	87.35	17393183	17485439	IV	IV
3724305	3725379	524897	523801	1075	1097	87.93	17393183	19495157	IV	V
3724305	3725379	18463175	18462106	1075	1070	92.71	17393183	21540570	IV	X
3724305	3725379	21488857	21487765	1075	1093	88.16	17393183	21540570	IV	X
3726019	3727316	3543854	3542556	1298	1299	99.38	17393183	17485439	IV	IV
3728644	3774711	3693624	3739691	46068	46068	99.99	17393183	17485439	IV	IV
3775109	3804018	3740083	3769073	28910	28991	99.70	17393183	17485439	IV	IV
3793625	3794852	4438871	4437643	1228	1229	98.13	17393183	17485439	IV	IV
3794022	3795486	14383766	14382299	1465	1468	97.41	17393183	16627154	IV	II
3804012	3818076	3770304	3784365	14065	14062	99.94	17393183	17485439	IV	IV
3819884	3827084	3786208	3793409	7201	7202	99.99	17393183	17485439	IV	IV
3827289	3833560	3793422	3799693	6272	6272	100.00	17393183	17485439	IV	IV
3833703	3889296	3800377	3855981	55594	55605	99.86	17393183	17485439	IV	IV
3848707	3850091	1965255	1963864	1385	1392	94.00	17393183	16627154	IV	II
3889975	3903366	3857035	3870427	13392	13393	99.90	17393183	17485439	IV	IV
3902118	3903368	11593860	11592623	1251	1238	92.78	17393183	21540570	IV	X
3903599	3916394	3870736	3883530	12796	12795	99.99	17393183	17485439	IV	IV
3912118	3915590	1	3473	3473	3473	99.68	17393183	3473	IV	cb25.NA_337
3914103	3915472	3886240	3884873	1370	1368	99.85	17393183	17485439	IV	IV
3916127	3919318	3884435	3881240	3192	3196	99.69	17393183	17485439	IV	IV
3917833	3919318	3473	1986	1486	1488	99.87	17393183	3473	IV	cb25.NA_337
3917951	4001535	3884873	3968425	83585	83553	99.91	17393183	17485439	IV	IV
4001882	4003616	3968957	3970691	1735	1735	100.00	17393183	17485439	IV	IV
4003615	4006486	3971051	3973922	2872	2872	100.00	17393183	17485439	IV	IV
4006929	4019237	3974703	3987014	12309	12312	99.88	17393183	17485439	IV	IV
4020105	4024879	3987617	3992390	4775	4774	98.99	17393183	17485439	IV	IV
4025083	4077208	3993008	4045130	52126	52123	99.98	17393183	17485439	IV	IV
4044718	4046312	2166562	2164963	1595	1600	88.73	17393183	17485439	IV	IV
4046312	4049071	2150512	2147783	2760	2730	93.10	17393183	17485439	IV	IV
4049071	4050780	2145798	2144086	1710	1713	92.39	17393183	17485439	IV	IV
4049115	4050292	2140053	2138868	1178	1186	90.83	17393183	17485439	IV	IV
4049283	4050775	4026193	4024692	1493	1502	93.88	17393183	17485439	IV	IV
4049501	4050734	2151085	2149883	1234	1203	90.06	17393183	17485439	IV	IV
4051576	4054022	2144091	2141648	2447	2444	97.87	17393183	17485439	IV	IV
4054728	4058523	2138868	2135148	3796	3721	87.58	17393183	17485439	IV	IV
4056771	4058272	4018696	4017204	1502	1493	93.88	17393183	17485439	IV	IV
4058512	4060268	21531234	21529486	1757	1749	98.81	17393183	21540570	IV	X
4058520	4060268	15503087	15501343	1749	1745	99.20	17393183	21540570	IV	X
4058524	4060268	1617981	1616239	1745	1743	99.20	17393183	16627154	IV	II
4058746	4060051	3250	1946	1306	1305	99.08	17393183	3250	IV	cb25.NA_109
4060267	4062636	1593043	1595415	2370	2373	98.48	17393183	16627154	IV	II
4060267	4062636	1615505	1613136	2370	2370	98.78	17393183	16627154	IV	II
4060267	4062641	15500609	15498238	2375	2372	98.86	17393183	21540570	IV	X
4060267	4062645	21528752	21526375	2379	2378	98.32	17393183	21540570	IV	X
4060966	4062636	5834332	5832595	1671	1738	87.15	17393183	21540570	IV	X
4077311	4095865	4045772	4064323	18555	18552	99.98	17393183	17485439	IV	IV
4095900	4097758	4066701	4064843	1859	1859	100.00	17393183	17485439	IV	IV
4097223	4099117	4068051	4069943	1895	1893	99.84	17393183	17485439	IV	IV
4099319	4130567	4070732	4101979	31249	31248	99.97	17393183	17485439	IV	IV
4130563	4132423	4102559	4104418	1861	1860	99.95	17393183	17485439	IV	IV
4132528	4213086	4105134	4185684	80559	80551	99.98	17393183	17485439	IV	IV
4150879	4152187	8210101	8211408	1309	1308	99.69	17393183	17485439	IV	IV
4150880	4152188	15767	14459	1309	1309	99.69	17393183	24336	IV	cb25.NA_194
4152216	4153313	5037595	5036504	1098	1092	94.49	17393183	21540570	IV	X
4156683	4157905	4543166	4541941	1223	1226	96.42	17393183	17485439	IV	IV
4156684	4157900	6517505	6516293	1217	1213	85.08	17393183	21540570	IV	X
4160212	4162173	3253877	3255838	1962	1962	94.28	17393183	17485439	IV	IV
4175396	4176634	6327514	6326264	1239	1251	95.61	17393183	19495157	IV	V
4175396	4176523	14125819	14124686	1128	1134	90.78	17393183	21540570	IV	X
4185631	4188686	471055	474117	3056	3063	97.66	17393183	21540570	IV	X
4185631	4188686	652229	655292	3056	3064	97.40	17393183	21540570	IV	X
4185631	4188686	6859995	6856941	3056	3055	98.11	17393183	21540570	IV	X
4185806	4187414	7693279	7691673	1609	1607	98.14	17393183	19495157	IV	V
4212624	4213940	11465725	11464409	1317	1317	98.03	17393183	17485439	IV	IV
4213358	4231452	4185695	4203790	18095	18096	99.97	17393183	17485439	IV	IV
4213957	4215652	8320206	8318516	1696	1691	97.88	17393183	14578851	IV	III
4214187	4215650	11772946	11771486	1464	1461	97.68	17393183	14578851	IV	III
4214327	4215652	8086951	8088273	1326	1323	97.96	17393183	17485439	IV	IV
4214497	4215652	10118606	10117456	1156	1151	97.84	17393183	14578851	IV	III
4302507	4336097	4214987	4248525	33591	33539	99.79	17393183	17485439	IV	IV
4336152	4343702	4249141	4256691	7551	7551	99.99	17393183	17485439	IV	IV
4343748	4345830	4256881	4258963	2083	2083	100.00	17393183	17485439	IV	IV
4344903	4345980	4260241	4259165	1078	1077	98.98	17393183	17485439	IV	IV
4346170	4348089	4259063	4260982	1920	1920	100.00	17393183	17485439	IV	IV
4349529	4350606	5653074	5651995	1078	1080	97.14	17393183	15455979	IV	I
4349640	4350754	4262834	4263948	1115	1115	99.82	17393183	17485439	IV	IV
4350880	4355198	4263959	4268277	4319	4319	100.00	17393183	17485439	IV	IV
4355251	4372839	4269572	4287157	17589	17586	99.98	17393183	17485439	IV	IV
4372953	4411437	4287813	4326294	38485	38482	99.99	17393183	17485439	IV	IV
4390417	4391527	8147503	8146393	1111	1111	91.28	17393183	19495157	IV	V
4411470	4412917	4326559	4328005	1448	1447	99.93	17393183	17485439	IV	IV
4412939	4419131	4328576	4334766	6193	6191	99.97	17393183	17485439	IV	IV
4419008	4439140	4336606	4356736	20133	20131	99.98	17393183	17485439	IV	IV
4422475	4424183	4335079	4336787	1709	1709	99.77	17393183	17485439	IV	IV
4438417	4440031	12068154	12066539	1615	1616	98.82	17393183	14578851	IV	III
4438417	4440032	3293946	3292329	1616	1618	98.95	17393183	19495157	IV	V
4438417	4440034	6809824	6808206	1618	1619	99.20	17393183	19495157	IV	V
4438418	4440033	8262315	8260701	1616	1615	99.20	17393183	19495157	IV	V
4438418	4440034	5657282	5655671	1617	1612	99.44	17393183	21540570	IV	X
4438418	4440034	6097202	6095587	1617	1616	99.63	17393183	21540570	IV	X
4439509	4441981	4357687	4360159	2473	2473	100.00	17393183	17485439	IV	IV
4441981	4458893	4360362	4377280	16913	16919	99.95	17393183	17485439	IV	IV
4459064	4460931	4378178	4380043	1868	1866	99.89	17393183	17485439	IV	IV
4461534	4465616	4380707	4384788	4083	4082	99.98	17393183	17485439	IV	IV
4463390	4464636	4387224	4385978	1247	1247	99.68	17393183	17485439	IV	IV
4465747	4469418	4384844	4388514	3672	3671	99.97	17393183	17485439	IV	IV
4466882	4468128	4383808	4382563	1247	1246	99.60	17393183	17485439	IV	IV
4469700	4481247	4389537	4401083	11548	11547	99.99	17393183	17485439	IV	IV
4481330	4507633	4416954	4443255	26304	26302	99.99	17393183	17485439	IV	IV
4502021	4503245	2950714	2951968	1225	1255	95.55	17393183	17485439	IV	IV
4502021	4503249	3759908	3758681	1229	1228	98.13	17393183	17485439	IV	IV
4502025	4503246	6817270	6816064	1222	1207	96.57	17393183	19495157	IV	V
4507632	4531539	4445126	4469032	23908	23907	99.97	17393183	17485439	IV	IV
4531609	4562246	4469447	4500077	30638	30631	99.98	17393183	17485439	IV	IV
4562373	4582534	4500703	4520862	20162	20160	99.99	17393183	17485439	IV	IV
4582578	4596425	4521209	4535082	13848	13874	99.75	17393183	17485439	IV	IV
4596399	4611323	4535297	4550221	14925	14925	100.00	17393183	17485439	IV	IV
4603043	4604268	4130508	4129286	1226	1223	96.42	17393183	17485439	IV	IV
4603044	4604271	3115846	3117068	1228	1223	93.24	17393183	17485439	IV	IV
4603045	4604246	15180436	15179240	1202	1197	84.81	17393183	21540570	IV	X
4603046	4604268	484552	485771	1223	1220	89.80	17393183	17485439	IV	IV
4603046	4604270	3431466	3432685	1225	1220	90.12	17393183	17485439	IV	IV
4603046	4604150	6307543	6306442	1105	1102	89.70	17393183	17485439	IV	IV
4603046	4604278	14296099	14294882	1233	1218	88.82	17393183	21540570	IV	X
4603046	4604267	17230178	17228984	1222	1195	86.47	17393183	21540570	IV	X
4603146	4604267	7806225	7805117	1122	1109	89.85	17393183	21540570	IV	X
4611352	4612734	1665	283	1383	1383	99.86	17393183	1665	IV	cb25.NA_430
4612755	4622301	4551150	4560696	9547	9547	99.93	17393183	17485439	IV	IV
4622338	4634685	4562297	4574638	12348	12342	99.85	17393183	17485439	IV	IV
4627210	4628592	1618836	1617454	1383	1383	99.86	17393183	19495157	IV	V
4627212	4628828	16526516	16524907	1617	1610	98.95	17393183	16627154	IV	II
4627212	4628827	3846753	3845139	1616	1615	99.63	17393183	17485439	IV	IV
4627212	4628827	10958533	10956917	1616	1617	99.57	17393183	17485439	IV	IV
4627212	4628827	6282621	6281011	1616	1611	99.44	17393183	19495157	IV	V
4627212	4628827	11476910	11475297	1616	1614	99.63	17393183	19495157	IV	V
4627212	4628827	17411091	17409482	1616	1610	99.07	17393183	19495157	IV	V
4627212	4628827	17441599	17439986	1616	1614	99.44	17393183	21540570	IV	X
4627459	4628827	13086094	13084727	1369	1368	98.39	17393183	15455979	IV	I
4634731	4659507	4575328	4600102	24777	24775	99.99	17393183	17485439	IV	IV
4635128	4636144	3690070	3689055	1017	1016	98.23	17393183	19495157	IV	V
4659590	4665210	4600612	4606233	5621	5622	99.98	17393183	17485439	IV	IV
4665256	4669457	4608119	4612319	4202	4201	99.98	17393183	17485439	IV	IV
4665387	4666464	4607320	4606244	1078	1077	99.91	17393183	17485439	IV	IV
4669478	4673611	4612420	4616552	4134	4133	99.98	17393183	17485439	IV	IV
4673709	4709735	4617144	4653164	36027	36021	99.98	17393183	17485439	IV	IV
4680812	4683223	4404833	4407243	2412	2411	99.96	17393183	17485439	IV	IV
4709772	4715148	4654748	4660124	5377	5377	100.00	17393183	17485439	IV	IV
4710073	4711867	16353201	16351415	1795	1787	87.26	17393183	19495157	IV	V
4715246	4717837	4661917	4664509	2592	2593	99.96	17393183	17485439	IV	IV
4715331	4716693	4661514	4660152	1363	1363	99.93	17393183	17485439	IV	IV
4717882	4797764	4664658	4744536	79883	79879	99.99	17393183	17485439	IV	IV
4754271	4755393	3159672	3160810	1123	1139	95.26	17393183	17485439	IV	IV
4754280	4755347	2309668	2308606	1068	1063	92.69	17393183	17485439	IV	IV
4797921	4812438	4744577	4759091	14518	14515	99.98	17393183	17485439	IV	IV
4812536	4818586	4759102	4765152	6051	6051	100.00	17393183	17485439	IV	IV
4818842	4824871	4765167	4771198	6030	6032	99.92	17393183	17485439	IV	IV
4824940	4826499	4771537	4773096	1560	1560	99.87	17393183	17485439	IV	IV
4827135	4857857	4773689	4804412	30723	30724	99.99	17393183	17485439	IV	IV
4858057	4860499	4806864	4804423	2443	2442	99.92	17393183	17485439	IV	IV
4860561	4862403	4806865	4808706	1843	1842	99.95	17393183	17485439	IV	IV
4862426	4863751	4809288	4810613	1326	1326	100.00	17393183	17485439	IV	IV
4863862	4876073	4810876	4823087	12212	12212	100.00	17393183	17485439	IV	IV
4873636	4875215	13153392	13154968	1580	1577	96.77	17393183	16627154	IV	II
4876132	4883503	4823805	4831176	7372	7372	100.00	17393183	17485439	IV	IV
4877003	4923838	4831529	4878412	46836	46884	99.83	17393183	17485439	IV	IV
4924792	4926465	26656	24983	1674	1674	87.83	17393183	33679	IV	cb25.NA_019
4954162	4956078	4878528	4880444	1917	1917	90.20	17393183	17485439	IV	IV
4954390	4956080	2906492	2908158	1691	1667	91.55	17393183	14578851	IV	III
4954604	4962437	4878529	4886341	7834	7813	97.06	17393183	17485439	IV	IV
4960684	4961815	9130570	9129444	1132	1127	95.08	17393183	19495157	IV	V
4960684	4961821	19051464	19050335	1138	1130	95.34	17393183	21540570	IV	X
4962604	4980977	4886499	4904843	18374	18345	98.80	17393183	17485439	IV	IV
4980366	4982261	4902949	4904846	1896	1898	93.31	17393183	17485439	IV	IV
4994061	4995777	2909530	2907796	1717	1735	86.18	17393183	14578851	IV	III
4994118	4995777	24983	26642	1660	1660	88.61	17393183	33679	IV	cb25.NA_019
4995210	5028576	4917847	4951211	33367	33365	99.90	17393183	17485439	IV	IV
5028677	5044203	4951955	4967481	15527	15527	100.00	17393183	17485439	IV	IV
5029226	5030483	493355	494611	1258	1257	99.68	17393183	21540570	IV	X
5029229	5030487	12208336	12207078	1259	1259	99.76	17393183	17485439	IV	IV
5029230	5030485	13547534	13546279	1256	1256	99.68	17393183	16627154	IV	II
5029230	5030486	7181966	7180711	1257	1256	99.76	17393183	14578851	IV	III
5044248	5065256	4967798	4988805	21009	21008	99.99	17393183	17485439	IV	IV
5064044	5065366	4990628	4989306	1323	1323	98.26	17393183	17485439	IV	IV
5065421	5066753	4988928	4987593	1333	1336	98.28	17393183	17485439	IV	IV
5065541	5086686	4989416	5010559	21146	21144	99.97	17393183	17485439	IV	IV
5073788	5074894	9024000	9022889	1107	1112	97.22	17393183	19495157	IV	V
5073990	5075120	11419237	11418098	1131	1140	96.50	17393183	15455979	IV	I
5077572	5078730	8365535	8366685	1159	1151	97.85	17393183	15455979	IV	I
5077572	5078730	8370423	8371572	1159	1150	97.42	17393183	15455979	IV	I
5077572	5078730	28779	29926	1159	1148	96.38	17393183	38777	IV	cb25.NA_204
5077576	5078726	3382981	3381837	1151	1145	95.51	17393183	16627154	IV	II
5077599	5078734	158700	157573	1136	1128	96.58	17393183	16627154	IV	II
5083533	5084576	3983033	3981996	1044	1038	93.57	17393183	14578851	IV	III
5083535	5084575	2391894	2390848	1041	1047	93.73	17393183	19495157	IV	V
5083537	5084576	4475249	4474227	1040	1023	94.18	17393183	14578851	IV	III
5083537	5084575	7002365	7001339	1039	1027	93.81	17393183	14578851	IV	III
5083537	5084575	1600934	1599909	1039	1026	93.61	17393183	17485439	IV	IV
5083537	5084575	13437878	13436835	1039	1044	95.79	17393183	19495157	IV	V
5083537	5084575	14046852	14045809	1039	1044	95.79	17393183	19495157	IV	V
5083537	5084575	15530002	15528979	1039	1024	93.42	17393183	19495157	IV	V
5083537	5084575	875	1905	1039	1031	94.01	17393183	6620	IV	cb25.NA_269
5086801	5097681	5011656	5022536	10881	10881	100.00	17393183	17485439	IV	IV
5096004	5097942	1509512	1511441	1939	1930	97.17	17393183	16627154	IV	II
5096004	5097811	5027276	5025468	1808	1809	99.67	17393183	17485439	IV	IV
5096004	5097942	15234191	15232276	1939	1916	98.35	17393183	21540570	IV	X
5097936	5099202	8127908	8129172	1267	1265	99.45	17393183	17485439	IV	IV
5097940	5099196	18619618	18620873	1257	1256	99.60	17393183	19495157	IV	V
5100476	5128645	5025468	5053636	28170	28169	99.99	17393183	17485439	IV	IV
5100606	5102284	5022536	5020859	1679	1678	99.76	17393183	17485439	IV	IV
5128699	5148499	5054061	5073861	19801	19801	100.00	17393183	17485439	IV	IV
5136193	5138784	12573311	12570664	2592	2648	96.20	17393183	16627154	IV	II
5136193	5138784	4823986	4821391	2592	2596	91.59	17393183	19495157	IV	V
5149053	5158328	5073874	5083155	9276	9282	99.89	17393183	17485439	IV	IV
5150585	5154826	1905	6147	4242	4243	99.98	17393183	6147	IV	cb25.NA_104
5158542	5160032	1	1491	1491	1491	100.00	17393183	1491	IV	cb25.NA_434
5160095	5184358	5085217	5109477	24264	24261	99.97	17393183	17485439	IV	IV
5178272	5181382	11465725	11462602	3111	3124	96.99	17393183	17485439	IV	IV
5179784	5181382	8320250	8318658	1599	1593	97.87	17393183	14578851	IV	III
5180058	5181382	11772946	11771626	1325	1321	98.04	17393183	14578851	IV	III
5180198	5181382	8086951	8088132	1185	1182	98.23	17393183	17485439	IV	IV
5180368	5181382	10118606	10117596	1015	1011	98.13	17393183	14578851	IV	III
5184571	5185629	1	1059	1059	1059	100.00	17393183	2040	IV	cb25.NA_139
5196527	5199697	1	3171	3171	3171	99.75	17393183	3171	IV	cb25.NA_348
5209122	5211152	5	2026	2031	2022	93.43	17393183	2179	IV	cb25.NA_397
5221199	5223200	5	2026	2002	2022	90.42	17393183	2179	IV	cb25.NA_397
5250651	5252653	5	2026	2003	2022	90.44	17393183	2179	IV	cb25.NA_397
5259090	5261285	5	2179	2196	2175	90.53	17393183	2179	IV	cb25.NA_397
5267338	5279577	5561656	5549416	12240	12241	99.94	17393183	17485439	IV	IV
5268011	5269030	1262	2281	1020	1020	100.00	17393183	2281	IV	cb25.NA_149
5279633	5288609	5549013	5540037	8977	8977	100.00	17393183	17485439	IV	IV
5288653	5327751	5539698	5500601	39099	39098	99.99	17393183	17485439	IV	IV
5327793	5333473	5500073	5494393	5681	5681	99.96	17393183	17485439	IV	IV
5333582	5343802	5494283	5484064	10221	10220	99.99	17393183	17485439	IV	IV
5334005	5335076	1477524	1476452	1072	1073	97.48	17393183	17485439	IV	IV
5334005	5335080	5815480	5814405	1076	1076	98.33	17393183	17485439	IV	IV
5334005	5335079	13183236	13182161	1075	1076	97.58	17393183	17485439	IV	IV
5334005	5335079	4842363	4841297	1075	1067	96.28	17393183	19495157	IV	V
5334005	5335080	5848827	5847763	1076	1065	96.75	17393183	19495157	IV	V
5334005	5335079	10108366	10107298	1075	1069	97.40	17393183	21540570	IV	X
5334005	5335080	20018462	20017390	1076	1073	97.21	17393183	21540570	IV	X
5334026	5335079	15591936	15590883	1054	1054	97.91	17393183	19495157	IV	V
5344086	5352491	5483248	5474845	8406	8404	99.94	17393183	17485439	IV	IV
5352520	5383504	5474569	5443607	30985	30963	99.79	17393183	17485439	IV	IV
5378536	5380117	5443406	5441825	1582	1582	100.00	17393183	17485439	IV	IV
5380228	5390691	5441717	5431255	10464	10463	99.99	17393183	17485439	IV	IV
5390742	5392437	1	1695	1696	1695	99.53	17393183	1695	IV	cb25.NA_429
5392413	5401127	5430224	5421510	8715	8715	100.00	17393183	17485439	IV	IV
5398291	5401125	5420509	5417675	2835	2835	99.96	17393183	17485439	IV	IV
5401174	5429740	5417335	5388773	28567	28563	99.94	17393183	17485439	IV	IV
5412777	5413920	7123536	7122498	1144	1039	86.30	17393183	17485439	IV	IV
5426037	5432357	6319	1	6321	6319	99.97	17393183	6321	IV	cb25.NA_273
5428451	5430578	5102	7247	2128	2146	98.93	17393183	25727	IV	cb25.NA_207
5428452	5430578	2091094	2088985	2127	2110	98.87	17393183	16627154	IV	II
5428452	5430578	5795395	5793251	2127	2145	98.84	17393183	14578851	IV	III
5428452	5430578	5800455	5798311	2127	2145	98.84	17393183	14578851	IV	III
5428453	5430578	16158025	16155881	2126	2145	98.83	17393183	16627154	IV	II
5428453	5430579	13950213	13948069	2127	2145	98.88	17393183	14578851	IV	III
5429122	5430578	13787744	13786287	1457	1458	99.79	17393183	16627154	IV	II
5429302	5435161	5387772	5381912	5860	5861	99.91	17393183	17485439	IV	IV
5433102	5434143	6558631	6557591	1042	1041	94.47	17393183	14578851	IV	III
5433103	5434194	10483279	10482192	1092	1088	94.07	17393183	17485439	IV	IV
5433106	5434192	2530319	2529234	1087	1086	94.14	17393183	15455979	IV	I
5433106	5434195	8554727	8553628	1090	1100	97.37	17393183	16627154	IV	II
5433106	5434183	7166837	7165764	1078	1074	94.27	17393183	17485439	IV	IV
5433106	5434187	9193809	9192741	1082	1069	94.83	17393183	17485439	IV	IV
5433106	5434187	834755	833660	1082	1096	96.17	17393183	19495157	IV	V
5433106	5434187	20912925	20911858	1082	1068	93.45	17393183	21540570	IV	X
5433164	5434187	9188694	9187673	1024	1022	93.34	17393183	14578851	IV	III
5435323	5442178	5381818	5374963	6856	6856	100.00	17393183	17485439	IV	IV
5442217	5457973	5374553	5358796	15757	15758	99.99	17393183	17485439	IV	IV
5458185	5488355	5357921	5327754	30171	30168	99.98	17393183	17485439	IV	IV
5480265	5484034	3770	1	3770	3770	99.97	17393183	3770	IV	cb25.NA_326
5482755	5484011	7712606	7711348	1257	1259	99.60	17393183	21540570	IV	X
5482759	5484014	5651771	5653028	1256	1258	99.76	17393183	14578851	IV	III
5488475	5546281	5326882	5269140	57807	57743	99.87	17393183	17485439	IV	IV
5545483	5547040	5267498	5269055	1558	1558	99.74	17393183	17485439	IV	IV
5545948	5547040	1	1093	1093	1093	99.91	17393183	1998	IV	cb25.NA_130
5547385	5562406	5268093	5253074	15022	15020	99.99	17393183	17485439	IV	IV
5558756	5562251	5249324	5252819	3496	3496	100.00	17393183	17485439	IV	IV
5562547	5577965	5249324	5233906	15419	15419	99.99	17393183	17485439	IV	IV
5577980	5608399	5233437	5203018	30420	30420	99.90	17393183	17485439	IV	IV
5603179	5604485	4515972	4514665	1307	1308	99.54	17393183	14578851	IV	III
5603179	5604485	8954	10261	1307	1308	99.54	17393183	15711	IV	cb25.NA_219
5603180	5604487	7385670	7384362	1308	1309	99.54	17393183	14578851	IV	III
5608443	5649890	5196219	5154776	41448	41444	99.99	17393183	17485439	IV	IV
5608443	5610011	5201448	5203016	1569	1569	98.28	17393183	17485439	IV	IV
5622121	5623558	18940472	18939061	1438	1412	90.46	17393183	21540570	IV	X
5622121	5623179	18978840	18977788	1059	1053	89.52	17393183	21540570	IV	X
5622153	5623798	16431305	16432824	1646	1520	87.55	17393183	19495157	IV	V
5636924	5638045	5663050	5661949	1122	1102	93.35	17393183	15455979	IV	I
5636924	5638046	8707994	8706875	1123	1120	94.84	17393183	17485439	IV	IV
5636926	5638046	10540536	10539418	1121	1119	95.12	17393183	15455979	IV	I
5641655	5642865	3175005	3173799	1211	1207	97.19	17393183	14578851	IV	III
5641657	5642870	14930690	14929504	1214	1187	94.98	17393183	15455979	IV	I
5641657	5642864	11409212	11408009	1208	1204	96.94	17393183	17485439	IV	IV
5641657	5642867	15857803	15856593	1211	1211	96.88	17393183	21540570	IV	X
5641661	5642861	11139750	11138552	1201	1199	96.51	17393183	17485439	IV	IV
5641661	5642861	7212859	7214062	1201	1204	97.35	17393183	21540570	IV	X
5641661	5642861	13044673	13043477	1201	1197	96.43	17393183	21540570	IV	X
5649969	5669489	5154310	5134789	19521	19522	99.93	17393183	17485439	IV	IV
5657169	5659054	9065733	9063853	1886	1881	97.68	17393183	16627154	IV	II
5661110	5662188	10678656	10677560	1079	1097	92.24	17393183	16627154	IV	II
5669661	5690800	5134489	5113351	21140	21139	99.99	17393183	17485439	IV	IV
5670943	5672180	2934384	2935626	1238	1243	93.06	17393183	17485439	IV	IV
5683350	5684608	6659769	6658512	1259	1258	99.52	17393183	14578851	IV	III
5683354	5684612	12421537	12420280	1259	1258	99.92	17393183	19495157	IV	V
5691366	5704852	5569620	5583105	13487	13486	99.99	17393183	17485439	IV	IV
5705443	5735510	5583261	5613328	30068	30068	99.99	17393183	17485439	IV	IV
5735731	5747089	5613325	5624682	11359	11358	99.99	17393183	17485439	IV	IV
5747205	5757208	5624790	5634790	10004	10001	99.96	17393183	17485439	IV	IV
5757201	5768526	5635960	5647285	11326	11326	99.96	17393183	17485439	IV	IV
5776279	5783515	5648286	5655522	7237	7237	99.85	17393183	17485439	IV	IV
5783858	5789184	5656635	5661896	5327	5262	98.46	17393183	17485439	IV	IV
5783865	5784874	2846576	2845562	1010	1015	97.44	17393183	15455979	IV	I
5783865	5784874	12293864	12292858	1010	1007	97.23	17393183	16627154	IV	II
5783865	5784874	3529031	3528035	1010	997	95.65	17393183	14578851	IV	III
5783865	5784874	14003066	14002051	1010	1016	97.34	17393183	14578851	IV	III
5783865	5784876	12300686	12301702	1012	1017	97.35	17393183	17485439	IV	IV
5783865	5784874	9864250	9863243	1010	1008	97.52	17393183	19495157	IV	V
5783865	5784876	3152	4168	1012	1017	97.35	17393183	8930	IV	cb25.NA_248
5783867	5784874	13282721	13281716	1008	1006	95.94	17393183	14578851	IV	III
5783867	5784874	16676468	16675458	1008	1011	97.23	17393183	19495157	IV	V
5785546	5787175	3520854	3519228	1630	1627	99.14	17393183	19495157	IV	V
5785557	5787174	5657283	5655674	1618	1610	99.44	17393183	21540570	IV	X
5789194	5813935	5662564	5687338	24742	24775	99.84	17393183	17485439	IV	IV
5796530	5797647	9416590	9415473	1118	1118	99.82	17393183	15455979	IV	I
5796530	5797647	2927184	2926067	1118	1118	99.64	17393183	16627154	IV	II
5812607	5813945	5568586	5567249	1339	1338	99.93	17393183	17485439	IV	IV
5814189	5818582	5567050	5562657	4394	4394	100.00	17393183	17485439	IV	IV
5814253	5827288	5691075	5704109	13036	13035	99.82	17393183	17485439	IV	IV
5815348	5816693	5688730	5690074	1346	1345	99.78	17393183	17485439	IV	IV
5817165	5818443	6894667	6893429	1279	1239	94.14	17393183	14578851	IV	III
5817170	5818443	5161702	5160456	1274	1247	94.27	17393183	19495157	IV	V
5817171	5818443	7526428	7525178	1273	1251	95.13	17393183	15455979	IV	I
5817171	5818443	7531103	7529853	1273	1251	95.13	17393183	15455979	IV	I
5827330	5834701	5704405	5711776	7372	7372	100.00	17393183	17485439	IV	IV
5834880	5839989	5712405	5717514	5110	5110	99.98	17393183	17485439	IV	IV
5840048	5857985	5722659	5740596	17938	17938	99.99	17393183	17485439	IV	IV
5853464	5854578	11782416	11781298	1115	1119	97.95	17393183	14578851	IV	III
5853467	5854569	12004253	12003151	1103	1103	96.02	17393183	15455979	IV	I
5857963	5926625	5741460	5810119	68663	68660	99.98	17393183	17485439	IV	IV
5895273	5896423	2743466	2742313	1151	1154	94.91	17393183	14578851	IV	III
5895274	5897225	8337933	8335954	1952	1980	94.82	17393183	19495157	IV	V
5895274	5897225	3214	1237	1952	1978	94.52	17393183	25210	IV	cb25.NA_209
5896140	5897224	4162926	4164049	1085	1124	92.65	17393183	16627154	IV	II
5896140	5897224	4318666	4319789	1085	1124	92.65	17393183	16627154	IV	II
5896142	5897224	2270	1146	1083	1125	92.13	17393183	4384	IV	cb25.NA_309
5926676	5967825	5810241	5851388	41150	41148	99.99	17393183	17485439	IV	IV
5930840	5931916	5492786	5493861	1077	1076	98.42	17393183	17485439	IV	IV
5930841	5932096	16522170	16520925	1256	1246	96.28	17393183	16627154	IV	II
5968417	5996354	5851640	5879575	27938	27936	99.99	17393183	17485439	IV	IV
5996251	6032630	5886007	5922382	36380	36376	99.98	17393183	17485439	IV	IV
6017250	6018251	12348032	12347033	1002	1000	94.44	17393183	15455979	IV	I
6029777	6032493	5925928	5923212	2717	2717	99.82	17393183	17485439	IV	IV
6032710	6041376	5925953	5934619	8667	8667	100.00	17393183	17485439	IV	IV
6041417	6055282	5935173	5949036	13866	13864	99.99	17393183	17485439	IV	IV
6055389	6120665	5952084	6017354	65277	65271	99.98	17393183	17485439	IV	IV
6055587	6056638	5946046	5944979	1052	1068	78.45	17393183	17485439	IV	IV
6115503	6151058	6019155	6054707	35556	35553	99.99	17393183	17485439	IV	IV
6135086	6136365	12795248	12793957	1280	1292	92.00	17393183	17485439	IV	IV
6135086	6136363	1643343	1642060	1278	1284	89.38	17393183	21540570	IV	X
6135087	6136122	7059979	7058925	1036	1055	92.43	17393183	19495157	IV	V
6151278	6214178	6054652	6117544	62901	62893	99.97	17393183	17485439	IV	IV
6208512	6209779	6102145	6100877	1268	1269	99.45	17393183	14578851	IV	III
6208516	6209770	11003286	11002035	1255	1252	99.60	17393183	14578851	IV	III
6208516	6209770	6779926	6778673	1255	1254	99.84	17393183	17485439	IV	IV
6208516	6209771	6785650	6786904	1256	1255	99.92	17393183	17485439	IV	IV
6214198	6229426	6118004	6133231	15229	15228	99.99	17393183	17485439	IV	IV
6229365	6285482	6135811	6191926	56118	56116	99.99	17393183	17485439	IV	IV
6235240	6237206	6146163	6144201	1967	1963	99.80	17393183	17485439	IV	IV
6237756	6239718	6143651	6141686	1963	1966	99.75	17393183	17485439	IV	IV
6243890	6245365	6155758	6154331	1476	1428	92.98	17393183	17485439	IV	IV
6243910	6244929	6409916	6408882	1020	1035	86.13	17393183	17485439	IV	IV
6247886	6249313	6151810	6150335	1428	1476	92.98	17393183	17485439	IV	IV
6284025	6287879	6196071	6192218	3855	3854	99.90	17393183	17485439	IV	IV
6287304	6335334	6193594	6241616	48031	48023	99.98	17393183	17485439	IV	IV
6288328	6289785	6191926	6190469	1458	1458	99.86	17393183	17485439	IV	IV
6318837	6319866	29629	30672	1030	1044	94.27	17393183	44065	IV	cb25.NA_117
6321634	6323775	2091095	2088984	2142	2112	97.86	17393183	16627154	IV	II
6321635	6323775	5795395	5793250	2141	2146	99.39	17393183	14578851	IV	III
6321635	6323775	5800455	5798310	2141	2146	99.39	17393183	14578851	IV	III
6321635	6323774	6423912	6421797	2140	2116	98.69	17393183	17485439	IV	IV
6321635	6323780	5103	7253	2146	2151	99.44	17393183	25727	IV	cb25.NA_207
6321636	6323775	16158025	16155880	2140	2146	99.44	17393183	16627154	IV	II
6322374	6323376	4325190	4324184	1003	1007	98.91	17393183	16627154	IV	II
6322503	6323774	5387772	5386496	1272	1277	99.06	17393183	17485439	IV	IV
6335424	6373709	6242705	6280989	38286	38285	99.99	17393183	17485439	IV	IV
6374024	6383137	6281609	6290722	9114	9114	99.98	17393183	17485439	IV	IV
6383151	6414496	6291254	6322580	31346	31327	99.77	17393183	17485439	IV	IV
6398340	6399441	4543048	4541944	1102	1105	89.70	17393183	17485439	IV	IV
6415687	6429957	6322035	6336320	14271	14286	99.60	17393183	17485439	IV	IV
6417747	6419970	2226	1	2224	2226	99.60	17393183	25834	IV	cb25.NA_080
6418304	6423323	13214	8162	5020	5053	90.93	17393183	24336	IV	cb25.NA_194
6418304	6423323	36480	31475	5020	5006	90.53	17393183	40913	IV	cb25.fpc4366
6419503	6423312	3573617	3569815	3810	3803	91.67	17393183	19495157	IV	V
6426109	6429545	13008711	13012120	3437	3410	89.91	17393183	15455979	IV	I
6426109	6428774	5689	3025	2666	2665	95.73	17393183	24336	IV	cb25.NA_194
6426809	6428248	6336516	6337955	1440	1440	100.00	17393183	17485439	IV	IV
6427415	6428773	14204	15563	1359	1360	86.14	17393183	38484	IV	cb25.NA_022
6428380	6429462	6338291	6339374	1083	1084	99.63	17393183	17485439	IV	IV
6428548	6429671	1118	1	1124	1118	91.75	17393183	15455979	IV	I
6429098	6431849	2743	4	2752	2740	95.46	17393183	24336	IV	cb25.NA_194
6429521	6432250	14657608	14654891	2730	2718	93.66	17393183	16627154	IV	II
6429968	6432247	18552777	18555050	2280	2274	89.25	17393183	19495157	IV	V
6430038	6431617	6339803	6341384	1580	1582	99.68	17393183	17485439	IV	IV
6430180	6432270	4	2094	2091	2091	97.94	17393183	6439	IV	cb25.NA_051
6431624	6491731	6341633	6401735	60108	60103	99.99	17393183	17485439	IV	IV
6465947	6466949	6382871	6381868	1003	1004	93.15	17393183	17485439	IV	IV
6471863	6472866	6376955	6375953	1004	1003	93.15	17393183	17485439	IV	IV
6491839	6494508	6402031	6404701	2670	2671	99.93	17393183	17485439	IV	IV
6494550	6505120	6407537	6418100	10571	10564	99.91	17393183	17485439	IV	IV
6495900	6496934	8181539	8182562	1035	1024	85.63	17393183	17485439	IV	IV
6505207	6544325	6418651	6457763	39119	39113	99.98	17393183	17485439	IV	IV
6508351	6510469	12830033	12832152	2119	2120	98.64	17393183	15455979	IV	I
6508355	6510470	6230058	6227920	2116	2139	98.64	17393183	17485439	IV	IV
6544730	6547482	6457774	6460526	2753	2753	99.89	17393183	17485439	IV	IV
6547477	6553706	6461351	6467538	6230	6188	99.17	17393183	17485439	IV	IV
6550281	6585144	6531894	6497032	34864	34863	99.99	17393183	17485439	IV	IV
6551938	6552954	3496823	3497835	1017	1013	96.67	17393183	17485439	IV	IV
6551939	6552952	14374725	14373737	1014	989	94.20	17393183	15455979	IV	I
6551943	6552952	2628217	2629217	1010	1001	96.55	17393183	19495157	IV	V
6551943	6552953	14032895	14031887	1011	1009	97.23	17393183	21540570	IV	X
6551943	6552952	18768405	18767399	1010	1007	97.43	17393183	21540570	IV	X
6585286	6588087	6496586	6493786	2802	2801	99.96	17393183	17485439	IV	IV
6588447	6613977	6493166	6467639	25531	25528	99.99	17393183	17485439	IV	IV
6614154	6673752	6592514	6532923	59599	59592	99.99	17393183	17485439	IV	IV
6642044	6643877	4838024	4836187	1834	1838	94.25	17393183	21540570	IV	X
6642048	6643073	12134909	12133880	1026	1030	94.49	17393183	17485439	IV	IV
6642048	6643242	6648816	6647617	1195	1200	93.60	17393183	19495157	IV	V
6642048	6643062	15764088	15763077	1015	1012	91.78	17393183	21540570	IV	X
6642051	6643443	2745210	2743812	1393	1399	89.82	17393183	17485439	IV	IV
6673761	6703549	6592889	6622670	29789	29782	99.98	17393183	17485439	IV	IV
6694160	6695418	7651155	7649877	1259	1279	91.65	17393183	21540570	IV	X
6694341	6695418	4432675	4433751	1078	1077	86.86	17393183	16627154	IV	II
6694341	6695418	5980213	5979149	1078	1065	86.10	17393183	19495157	IV	V
6703668	6705786	6623118	6625235	2119	2118	99.95	17393183	17485439	IV	IV
6707146	6801317	6626236	6720392	94172	94157	99.97	17393183	17485439	IV	IV
6726661	6727918	2556461	2555204	1258	1258	99.84	17393183	21540570	IV	X
6753909	6755994	7003163	7001094	2086	2070	93.53	17393183	14578851	IV	III
6754731	6755758	1600934	1599908	1028	1027	97.47	17393183	17485439	IV	IV
6754731	6755740	6716445	6715431	1010	1015	92.29	17393183	17485439	IV	IV
6762588	6763697	12003150	12004253	1110	1104	94.22	17393183	15455979	IV	I
6762588	6763702	11555489	11554390	1115	1100	93.53	17393183	14578851	IV	III
6762589	6763697	3324	4426	1109	1103	91.65	17393183	17485439	IV	IV
6762589	6763697	1493003	1491901	1109	1103	91.65	17393183	17485439	IV	IV
6802567	6813146	6720986	6731563	10580	10578	99.97	17393183	17485439	IV	IV
6813487	6819915	6731915	6738340	6429	6426	99.95	17393183	17485439	IV	IV
6819971	6842026	6738468	6760520	22056	22053	99.99	17393183	17485439	IV	IV
6828680	6833370	6119	1429	4691	4691	99.23	17393183	6154	IV	cb25.NA_280
6830061	6833370	19942351	19939046	3310	3306	96.87	17393183	21540570	IV	X
6830354	6831524	6840334	6839168	1171	1167	98.12	17393183	19495157	IV	V
6842006	6844552	6760601	6763148	2547	2548	99.88	17393183	17485439	IV	IV
6844043	6846160	6788388	6790505	2118	2118	100.00	17393183	17485439	IV	IV
6845703	6848473	4440	1671	2771	2770	99.96	17393183	4440	IV	cb25.NA_183
6847350	6848370	6791621	6792641	1021	1021	100.00	17393183	17485439	IV	IV
6847937	6849202	6761883	6763148	1266	1266	99.76	17393183	17485439	IV	IV
6848799	6850301	1503	1	1503	1503	100.00	17393183	4440	IV	cb25.NA_183
6849711	6865947	6763695	6779926	16237	16232	99.96	17393183	17485439	IV	IV
6864689	6865946	11689363	11688107	1258	1257	99.52	17393183	19495157	IV	V
6864689	6865947	12271557	12270299	1259	1259	99.76	17393183	19495157	IV	V
6864692	6865949	11002034	11003288	1258	1255	99.60	17393183	14578851	IV	III
6864693	6865947	6113136	6111882	1255	1255	100.00	17393183	17485439	IV	IV
6864693	6872925	6786903	6778673	8233	8231	99.96	17393183	17485439	IV	IV
6871671	6873409	6785650	6787387	1739	1738	99.83	17393183	17485439	IV	IV
6873373	6888636	6801450	6816710	15264	15261	99.98	17393183	17485439	IV	IV
6880525	6881612	10678658	10677560	1088	1099	92.59	17393183	16627154	IV	II
6880527	6881598	9389985	9388923	1072	1063	94.16	17393183	17485439	IV	IV
6888685	6909530	6817300	6838144	20846	20845	99.98	17393183	17485439	IV	IV
6909554	6912440	6838386	6841272	2887	2887	99.97	17393183	17485439	IV	IV
6912626	6914033	6841435	6842842	1408	1408	100.00	17393183	17485439	IV	IV
6914087	6989999	6847326	6923234	75913	75909	99.99	17393183	17485439	IV	IV
6914804	6920469	6794784	6800449	5666	5666	100.00	17393183	17485439	IV	IV
6959157	6960232	9774019	9772957	1076	1063	96.47	17393183	16627154	IV	II
6959158	6960489	2303511	2302174	1332	1338	97.24	17393183	15455979	IV	I
6959158	6960489	13653582	13652254	1332	1329	95.00	17393183	17485439	IV	IV
6959158	6960489	13739372	13738040	1332	1333	95.21	17393183	17485439	IV	IV
6959158	6960489	15517486	15518814	1332	1329	96.40	17393183	19495157	IV	V
6959256	6960550	7699789	7701077	1295	1289	93.73	17393183	17485439	IV	IV
6959453	6960489	1957	925	1037	1033	94.44	17393183	1957	IV	cb25.NA_417
6990014	7001752	6923679	6935417	11739	11739	100.00	17393183	17485439	IV	IV
7001909	7044593	6936824	6979501	42685	42678	99.94	17393183	17485439	IV	IV
7044465	7068144	6979937	7003615	23680	23679	99.99	17393183	17485439	IV	IV
7066153	7067169	7005579	7006595	1017	1017	100.00	17393183	17485439	IV	IV
7068243	7069544	7007695	7008996	1302	1302	100.00	17393183	17485439	IV	IV
7069135	7070222	7004481	7005568	1088	1088	100.00	17393183	17485439	IV	IV
7069630	7072157	7010136	7012663	2528	2528	99.88	17393183	17485439	IV	IV
7072204	7080684	7013267	7021747	8481	8481	100.00	17393183	17485439	IV	IV
7078310	7079567	660200	658943	1258	1258	99.84	17393183	16627154	IV	II
7078313	7079569	9868226	9866971	1257	1256	99.92	17393183	14578851	IV	III
7078314	7079569	17310507	17309252	1256	1256	99.92	17393183	19495157	IV	V
7079032	7080773	7023155	7024896	1742	1742	100.00	17393183	17485439	IV	IV
7081574	7084178	7025495	7028097	2605	2603	99.92	17393183	17485439	IV	IV
7084221	7088424	7028432	7032634	4204	4203	99.98	17393183	17485439	IV	IV
7088638	7145579	7032618	7089557	56942	56940	99.99	17393183	17485439	IV	IV
7118819	7119913	2523966	2522890	1095	1077	97.81	17393183	17485439	IV	IV
7137337	7138624	7086739	7085439	1288	1301	89.81	17393183	17485439	IV	IV
7141461	7142761	7082602	7081315	1301	1288	89.81	17393183	17485439	IV	IV
7145631	7151695	7089669	7095733	6065	6065	99.98	17393183	17485439	IV	IV
7152329	7154356	7097715	7099742	2028	2028	99.65	17393183	17485439	IV	IV
7154361	7156329	7097714	7095747	1969	1968	99.95	17393183	17485439	IV	IV
7158260	7180222	7101621	7123536	21963	21916	99.72	17393183	17485439	IV	IV
7179181	7180231	4493614	4492469	1051	1146	81.42	17393183	14578851	IV	III
7179183	7180240	5404592	5405753	1058	1162	86.94	17393183	17485439	IV	IV
7180364	7281080	7124154	7224866	100717	100713	99.99	17393183	17485439	IV	IV
7221975	7223048	5382891	5383968	1074	1078	94.27	17393183	17485439	IV	IV
7221975	7223048	12642717	12641648	1074	1070	93.69	17393183	21540570	IV	X
7221975	7223052	17164892	17163856	1078	1037	92.61	17393183	21540570	IV	X
7270607	7272191	16899335	16897768	1585	1568	92.98	17393183	19495157	IV	V
7271151	7272191	47378	48417	1041	1040	94.39	17393183	17485439	IV	IV
7281410	7284516	8361353	8358247	3107	3107	100.00	17393183	17485439	IV	IV
7284545	7299490	8357921	8342979	14946	14943	99.97	17393183	17485439	IV	IV
7299684	7327136	8342198	8314791	27453	27408	99.54	17393183	17485439	IV	IV
7325979	7361793	8316125	8280314	35815	35812	99.85	17393183	17485439	IV	IV
7362402	7367834	8280303	8274871	5433	5433	99.96	17393183	17485439	IV	IV
7362728	7369590	8273682	8266820	6863	6863	99.99	17393183	17485439	IV	IV
7369658	7392152	8266254	8243762	22495	22493	99.96	17393183	17485439	IV	IV
7391226	7397418	6194	1	6193	6194	99.81	17393183	6194	IV	cb25.NA_276
7392772	7564518	8245685	8073947	171747	171739	99.94	17393183	17485439	IV	IV
7427041	7428350	24637	25945	1310	1309	99.69	17393183	38484	IV	cb25.NA_022
7427043	7428351	6596924	6595616	1309	1309	99.85	17393183	16627154	IV	II
7427043	7428351	16776422	16777729	1309	1308	99.85	17393183	17485439	IV	IV
7427043	7428350	7491720	7490413	1308	1308	99.77	17393183	19495157	IV	V
7427043	7428351	4123	2814	1309	1310	99.77	17393183	6147	IV	cb25.NA_282
7427044	7428352	4124790	4123483	1309	1308	99.69	17393183	17485439	IV	IV
7427045	7428352	3079058	3080365	1308	1308	99.39	17393183	19495157	IV	V
7455893	7457270	6409915	6408545	1378	1371	82.32	17393183	17485439	IV	IV
7455909	7458248	8177389	8179638	2340	2250	90.99	17393183	17485439	IV	IV
7458817	7461066	8180207	8182546	2250	2340	90.99	17393183	17485439	IV	IV
7509295	7510547	11532920	11531667	1253	1254	99.52	17393183	15455979	IV	I
7550187	7551512	27456	26128	1326	1329	97.37	17393183	34350	IV	cb25.NA_098
7550190	7551512	16431732	16430412	1323	1321	97.74	17393183	16627154	IV	II
7550191	7551514	4187989	4186664	1324	1326	98.04	17393183	17485439	IV	IV
7550194	7551363	1165914	1164747	1170	1168	97.95	17393183	15455979	IV	I
7550198	7551514	15793889	15792570	1317	1320	98.03	17393183	17485439	IV	IV
7550199	7551514	7309710	7308394	1316	1317	97.80	17393183	14578851	IV	III
7550202	7551514	16442201	16443516	1313	1316	97.72	17393183	19495157	IV	V
7550332	7551514	5106502	5105319	1183	1184	98.14	17393183	17485439	IV	IV
7564653	7768691	8072350	7868322	204039	204029	99.99	17393183	17485439	IV	IV
7663311	7664710	6977320	6978602	1400	1283	87.82	17393183	15455979	IV	I
7674691	7677672	1	2979	2982	2979	99.90	17393183	4264	IV	cb25.NA_162
7678076	7679102	3238	4264	1027	1027	100.00	17393183	4264	IV	cb25.NA_162
7678457	7680233	8337724	8335955	1777	1770	98.93	17393183	19495157	IV	V
7678457	7680233	3005	1238	1777	1768	98.42	17393183	25210	IV	cb25.NA_209
7722288	7723348	9405478	9404359	1061	1120	89.86	17393183	21540570	IV	X
7768684	7769943	16045408	16044149	1260	1260	99.52	17393183	19495157	IV	V
7768684	7769943	1616	357	1260	1260	98.81	17393183	2681	IV	cb25.NA_368
7769942	7801710	7868323	7836556	31769	31768	99.96	17393183	17485439	IV	IV
7798267	7799874	7694083	7695703	1608	1621	93.25	17393183	17485439	IV	IV
7798275	7849799	7834634	7783117	51525	51518	99.98	17393183	17485439	IV	IV
7799872	7802151	7695933	7698228	2280	2296	97.00	17393183	17485439	IV	IV
7849812	7932426	7782398	7699788	82615	82611	99.95	17393183	17485439	IV	IV
7911345	7912603	3142165	3143423	1259	1259	99.44	17393183	19495157	IV	V
7931133	7932524	11338141	11336765	1392	1377	93.26	17393183	14578851	IV	III
7931137	7932524	196939	198337	1388	1399	94.05	17393183	15455979	IV	I
7931137	7932524	1178818	1180211	1388	1394	94.25	17393183	19495157	IV	V
7931138	7932524	3165352	3163972	1387	1381	96.41	17393183	16627154	IV	II
7931138	7932524	17532791	17531434	1387	1358	95.26	17393183	19495157	IV	V
7931199	7932524	12768667	12770011	1326	1345	92.19	17393183	15455979	IV	I
7931262	7932524	5924591	5923338	1263	1254	96.21	17393183	19495157	IV	V
7932583	7940428	7699805	7691959	7846	7847	99.94	17393183	17485439	IV	IV
7932908	7933970	10280120	10278953	1063	1168	89.08	17393183	17485439	IV	IV
7934120	7935370	8461392	8460130	1251	1263	94.78	17393183	17485439	IV	IV
7934160	7936452	7830760	7833039	2293	2280	97.13	17393183	17485439	IV	IV
7934598	7936452	7836556	7838394	1855	1839	96.93	17393183	17485439	IV	IV
7936682	7939212	7833037	7835555	2531	2519	95.25	17393183	17485439	IV	IV
7936682	7938302	7838392	7839999	1621	1608	92.07	17393183	17485439	IV	IV
7936946	7938325	8458252	8456889	1380	1364	94.01	17393183	17485439	IV	IV
7940024	7941816	7689986	7691778	1793	1793	100.00	17393183	17485439	IV	IV
7941787	7942892	7691959	7693062	1106	1104	99.82	17393183	17485439	IV	IV
7943822	7946581	7688985	7686228	2760	2758	99.71	17393183	17485439	IV	IV
7946719	8003764	7685335	7628295	57046	57041	99.99	17393183	17485439	IV	IV
7956442	7957751	3604005	3602695	1310	1311	98.32	17393183	14578851	IV	III
8003826	8006298	7627992	7625520	2473	2473	100.00	17393183	17485439	IV	IV
8006559	8014117	7624989	7617432	7559	7558	99.99	17393183	17485439	IV	IV
8014225	8018275	7617259	7613209	4051	4051	100.00	17393183	17485439	IV	IV
8018427	8024208	7613124	7607343	5782	5782	100.00	17393183	17485439	IV	IV
8024442	8038248	7606783	7592978	13807	13806	99.99	17393183	17485439	IV	IV
8027993	8030017	3010904	3012869	2025	1966	95.32	17393183	19495157	IV	V
8037366	8040976	7592614	7589004	3611	3611	95.65	17393183	17485439	IV	IV
8038595	8039919	1319	1	1325	1319	96.23	17393183	3388	IV	cb25.NA_198
8040501	8044118	7592614	7588996	3618	3619	94.58	17393183	17485439	IV	IV
8042299	8044814	1	2515	2516	2515	96.22	17393183	2515	IV	cb25.NA_377
8044580	8045894	1319	9	1315	1311	96.96	17393183	3388	IV	cb25.NA_198
8045148	8046464	1321	9	1317	1313	98.41	17393183	3388	IV	cb25.NA_198
8045918	8047934	2018	2	2017	2017	98.22	17393183	2018	IV	cb25.NA_410
8046488	8048504	2018	2	2017	2017	97.77	17393183	2018	IV	cb25.NA_410
8049710	8052224	2	2515	2515	2514	96.86	17393183	2515	IV	cb25.NA_377
8049994	8052509	1	2515	2516	2515	98.61	17393183	2515	IV	cb25.NA_377
8051331	8054948	7592614	7588996	3618	3619	95.63	17393183	17485439	IV	IV
8052560	8055074	2	2515	2515	2514	96.34	17393183	2515	IV	cb25.NA_377
8052756	8058093	7592614	7587277	5338	5338	97.60	17393183	17485439	IV	IV
8058239	8206581	7587266	7438930	148343	148337	99.99	17393183	17485439	IV	IV
8185576	8186730	1893351	1892204	1155	1148	89.40	17393183	16627154	IV	II
8185581	8186718	4261081	4262229	1138	1149	91.10	17393183	16627154	IV	II
8206666	8237940	7438284	7407011	31275	31274	99.97	17393183	17485439	IV	IV
8238394	8247318	7406491	7397568	8925	8924	99.98	17393183	17485439	IV	IV
8252857	8262084	8368405	8377633	9228	9229	99.91	17393183	17485439	IV	IV
8258353	8430530	7397134	7224967	172178	172168	99.97	17393183	17485439	IV	IV
8266811	8267863	13623305	13622249	1053	1057	91.24	17393183	17485439	IV	IV
8300339	8301612	9615134	9613879	1274	1256	92.57	17393183	21540570	IV	X
8300431	8301612	12796833	12795651	1182	1183	94.12	17393183	21540570	IV	X
8426948	8432512	8368304	8362740	5565	5565	99.96	17393183	17485439	IV	IV
8435619	8445723	8378711	8388812	10105	10102	99.97	17393183	17485439	IV	IV
8440423	8441682	14087510	14086251	1260	1260	99.84	17393183	19495157	IV	V
8445757	8501051	8389684	8444977	55295	55294	99.99	17393183	17485439	IV	IV
8472941	8474199	14625199	14623939	1259	1261	79.59	17393183	21540570	IV	X
8472943	8474199	5278377	5277107	1257	1271	86.36	17393183	15455979	IV	I
8495919	8520142	8452396	8476632	24224	24237	99.91	17393183	17485439	IV	IV
8500412	8501775	7694060	7695439	1364	1380	94.01	17393183	17485439	IV	IV
8503658	8504918	7697015	7698268	1261	1254	94.70	17393183	17485439	IV	IV
8522180	8538920	8476643	8493383	16741	16741	100.00	17393183	17485439	IV	IV
8538966	8553316	8493876	8508225	14351	14350	99.99	17393183	17485439	IV	IV
8553564	8572557	8509299	8528288	18994	18990	99.98	17393183	17485439	IV	IV
8572850	8596005	8528289	8551441	23156	23153	99.98	17393183	17485439	IV	IV
8596103	8607200	8551612	8562709	11098	11098	100.00	17393183	17485439	IV	IV
8607550	8609511	8562959	8564920	1962	1962	100.00	17393183	17485439	IV	IV
8609704	8633044	8565634	8588972	23341	23339	99.98	17393183	17485439	IV	IV
8611335	8612621	20967742	20966481	1287	1262	81.52	17393183	21540570	IV	X
8631171	8632660	8590589	8589101	1490	1489	99.93	17393183	17485439	IV	IV
8638877	8640750	8588972	8587099	1874	1874	99.89	17393183	17485439	IV	IV
8639261	8642350	8589101	8592189	3090	3089	99.97	17393183	17485439	IV	IV
8642428	8671434	8593129	8622083	29007	28955	99.82	17393183	17485439	IV	IV
8671570	8680184	8622094	8630707	8615	8614	99.99	17393183	17485439	IV	IV
8680248	8706230	8631016	8656996	25983	25981	99.99	17393183	17485439	IV	IV
8694055	8695171	8228149	8227029	1117	1121	94.68	17393183	14578851	IV	III
8706213	8739493	8657579	8690857	33281	33279	99.99	17393183	17485439	IV	IV
8739502	8749609	8691350	8701458	10108	10109	99.97	17393183	17485439	IV	IV
8749722	8783273	8701409	8734957	33552	33549	99.99	17393183	17485439	IV	IV
8755189	8756308	5166619	5167741	1120	1123	94.84	17393183	17485439	IV	IV
8760590	8761850	3877766	3876506	1261	1261	99.84	17393183	16627154	IV	II
8760590	8761850	1355	2615	1261	1261	99.84	17393183	5267	IV	cb25.NA_295
8760594	8761850	10269070	10267814	1257	1257	99.92	17393183	14578851	IV	III
8760594	8761850	14581121	14579864	1257	1258	99.76	17393183	17485439	IV	IV
8760594	8761851	7479516	7480772	1258	1257	99.76	17393183	21540570	IV	X
8760594	8761850	9559448	9558192	1257	1257	99.92	17393183	21540570	IV	X
8760595	8761850	16660844	16659589	1256	1256	100.00	17393183	19495157	IV	V
8760597	8761858	15745477	15744222	1262	1256	99.45	17393183	21540570	IV	X
8783460	8854291	8735265	8806092	70832	70828	99.99	17393183	17485439	IV	IV
8794424	8795573	9405817	9404682	1150	1136	94.36	17393183	17485439	IV	IV
8854603	8998382	8806815	8950623	143780	143809	99.94	17393183	17485439	IV	IV
8998385	9134095	8951279	9086983	135711	135705	99.98	17393183	17485439	IV	IV
9125186	9126552	9081184	9079819	1367	1366	96.52	17393183	17485439	IV	IV
9126930	9128295	9079441	9078075	1366	1367	96.52	17393183	17485439	IV	IV
9134229	9175826	9087139	9128735	41598	41597	99.99	17393183	17485439	IV	IV
9175835	9213116	9129474	9166782	37282	37309	99.93	17393183	17485439	IV	IV
9193156	9223616	9146795	9177280	30461	30486	99.90	17393183	17485439	IV	IV
9223561	9259131	9177331	9212897	35571	35567	99.98	17393183	17485439	IV	IV
9234663	9236440	9196911	9195134	1778	1778	99.94	17393183	17485439	IV	IV
9238967	9240041	1265318	1264236	1075	1083	93.85	17393183	15455979	IV	I
9241367	9243144	9190209	9188433	1778	1777	99.78	17393183	17485439	IV	IV
9259189	9288377	9213637	9242824	29189	29188	99.99	17393183	17485439	IV	IV
9288424	9316683	9242950	9271209	28260	28260	99.94	17393183	17485439	IV	IV
9316883	9325658	9271303	9280076	8776	8774	99.97	17393183	17485439	IV	IV
9323435	9326144	9287677	9284894	2710	2784	94.37	17393183	17485439	IV	IV
9324627	9325686	9281710	9280650	1060	1061	96.61	17393183	17485439	IV	IV
9328823	9330054	19452282	19453519	1232	1238	98.22	17393183	19495157	IV	V
9328845	9330052	16072044	16070831	1208	1214	98.11	17393183	19495157	IV	V
9333291	9334797	9280650	9282156	1507	1507	99.87	17393183	17485439	IV	IV
9333319	9334351	9280076	9279047	1033	1030	96.42	17393183	17485439	IV	IV
9335069	9344221	9282144	9291295	9153	9152	99.99	17393183	17485439	IV	IV
9338836	9340602	9279613	9277855	1767	1759	98.81	17393183	17485439	IV	IV
9339847	9351623	9291396	9303171	11777	11776	99.96	17393183	17485439	IV	IV
9351710	9362234	9304576	9315099	10525	10524	99.99	17393183	17485439	IV	IV
9353673	9354697	4297452	4296450	1025	1003	86.99	17393183	19495157	IV	V
9353856	9354955	17157585	17156469	1100	1117	88.75	17393183	19495157	IV	V
9362296	9371566	9315204	9324474	9271	9271	100.00	17393183	17485439	IV	IV
9371806	9416450	9325397	9370040	44645	44644	99.99	17393183	17485439	IV	IV
9417226	9418307	9370669	9371750	1082	1082	99.91	17393183	17485439	IV	IV
9418638	9445285	9371777	9398421	26648	26645	99.99	17393183	17485439	IV	IV
9422753	9424666	11843888	11841981	1914	1908	91.47	17393183	17485439	IV	IV
9432463	9433468	14374722	14373740	1006	983	95.24	17393183	15455979	IV	I
9432463	9433468	3496827	3497830	1006	1004	98.21	17393183	17485439	IV	IV
9432463	9433468	2628216	2629214	1006	999	97.42	17393183	19495157	IV	V
9432463	9433468	13152403	13151397	1006	1007	97.62	17393183	19495157	IV	V
9432463	9433468	14032896	14031891	1006	1006	98.61	17393183	21540570	IV	X
9432463	9433468	30918	29914	1006	1005	98.12	17393183	79173	IV	cb25.NA_037
9435786	9436854	10971239	10970166	1069	1074	93.93	17393183	16627154	IV	II
9435786	9436849	3816440	3815377	1064	1064	94.60	17393183	17485439	IV	IV
9435786	9436849	5142103	5143167	1064	1065	93.99	17393183	17485439	IV	IV
9435786	9436849	6809673	6808603	1064	1071	94.25	17393183	17485439	IV	IV
9435786	9436859	8076131	8077215	1074	1085	96.04	17393183	17485439	IV	IV
9435790	9436849	1893034	1891965	1060	1070	93.42	17393183	16627154	IV	II
9435790	9436849	9154680	9153619	1060	1062	95.03	17393183	14578851	IV	III
9435790	9436853	3108256	3109296	1064	1041	91.13	17393183	17485439	IV	IV
9435795	9436849	1966157	1965094	1055	1064	94.56	17393183	19495157	IV	V
9435795	9436849	9509021	9508001	1055	1021	90.35	17393183	19495157	IV	V
9445338	9463798	9398837	9417297	18461	18461	100.00	17393183	17485439	IV	IV
9451182	9452249	7329336	7328272	1068	1065	90.14	17393183	15455979	IV	I
9451182	9452249	7379221	7378163	1068	1059	91.28	17393183	15455979	IV	I
9451182	9452308	7851698	7850578	1127	1121	90.94	17393183	15455979	IV	I
9451182	9452318	7073540	7072416	1137	1125	89.59	17393183	16627154	IV	II
9451182	9452318	6854224	6853092	1137	1133	89.51	17393183	14578851	IV	III
9451182	9452250	11617129	11616069	1069	1061	89.91	17393183	17485439	IV	IV
9451182	9452252	8766060	8765003	1071	1058	89.31	17393183	19495157	IV	V
9451182	9452308	9805468	9804358	1127	1111	89.73	17393183	19495157	IV	V
9451183	9452318	8747377	8746228	1136	1150	94.36	17393183	17485439	IV	IV
9451184	9452318	5711664	5710530	1135	1135	89.33	17393183	15455979	IV	I
9463873	9579410	9417702	9533263	115538	115562	99.94	17393183	17485439	IV	IV
9579258	9598202	9538236	9557178	18945	18943	99.99	17393183	17485439	IV	IV
9598149	9609711	9557233	9568796	11563	11564	99.96	17393183	17485439	IV	IV
9604000	9609612	20842838	20848449	5613	5612	99.89	17393183	21540570	IV	X
9610078	9643101	9569053	9602077	33024	33025	99.97	17393183	17485439	IV	IV
9643953	9645497	9602276	9603820	1545	1545	100.00	17393183	17485439	IV	IV
9645602	9655035	9604264	9613697	9434	9434	100.00	17393183	17485439	IV	IV
9655225	9704285	9613681	9662751	49061	49071	99.94	17393183	17485439	IV	IV
9705227	9726375	9664295	9685439	21149	21145	99.96	17393183	17485439	IV	IV
9726476	9746364	9685887	9705772	19889	19886	99.98	17393183	17485439	IV	IV
9746481	9764620	9706229	9724369	18140	18141	99.99	17393183	17485439	IV	IV
9764654	9795169	9728527	9759042	30516	30516	99.99	17393183	17485439	IV	IV
9795016	9804697	9759527	9769208	9682	9682	100.00	17393183	17485439	IV	IV
9804737	9860380	9770450	9826087	55644	55638	99.96	17393183	17485439	IV	IV
9860874	9873977	9826151	9839257	13104	13107	99.80	17393183	17485439	IV	IV
9873935	9962659	9840333	9929048	88725	88716	99.92	17393183	17485439	IV	IV
9962828	9967222	9929619	9934013	4395	4395	100.00	17393183	17485439	IV	IV
9967290	9976048	9934114	9942872	8759	8759	100.00	17393183	17485439	IV	IV
9976238	10003945	9942856	9970561	27708	27706	99.99	17393183	17485439	IV	IV
10005129	10053209	9973051	10021129	48081	48079	99.99	17393183	17485439	IV	IV
10006646	10007655	14618144	14617145	1010	1000	95.67	17393183	17485439	IV	IV
10006646	10007655	160661	161678	1010	1018	92.77	17393183	21540570	IV	X
10006646	10007655	21494166	21493133	1010	1034	93.59	17393183	21540570	IV	X
10007657	10008694	9244647	9243617	1038	1031	89.42	17393183	15455979	IV	I
10053268	10062635	10021563	10030929	9368	9367	99.99	17393183	17485439	IV	IV
10063646	10075529	11884	1	11884	11884	99.95	17393183	11884	IV	cb25.NA_233
10064036	10065234	10031536	10032734	1199	1199	100.00	17393183	17485439	IV	IV
10075621	10082218	11884	5286	6598	6599	99.85	17393183	11884	IV	cb25.NA_233
10076685	10078202	3284	1767	1518	1518	100.00	17393183	3284	IV	cb25.NA_075
10077912	10087801	10033735	10043624	9890	9890	100.00	17393183	17485439	IV	IV
10080064	10081453	1390	1	1390	1390	99.50	17393183	3284	IV	cb25.NA_075
10086943	10089031	9405692	9403567	2089	2126	92.44	17393183	15455979	IV	I
10087857	10090329	10043743	10046215	2473	2473	100.00	17393183	17485439	IV	IV
10090460	10102583	10046671	10058794	12124	12124	100.00	17393183	17485439	IV	IV
10102665	10107764	10179241	10184340	5100	5100	100.00	17393183	17485439	IV	IV
10107806	10109453	10184453	10186100	1648	1648	100.00	17393183	17485439	IV	IV
10110268	10142218	10186960	10218908	31951	31949	99.99	17393183	17485439	IV	IV
10142345	10155440	10218991	10232086	13096	13096	100.00	17393183	17485439	IV	IV
10155560	10187077	10233211	10264727	31518	31517	99.99	17393183	17485439	IV	IV
10180766	10227766	10119515	10166512	47001	46998	99.99	17393183	17485439	IV	IV
10184373	10187875	684728	681201	3503	3528	98.07	17393183	21540570	IV	X
10218714	10219962	10161177	10159933	1249	1245	81.18	17393183	17485439	IV	IV
10221187	10222431	10158708	10157460	1245	1249	81.18	17393183	17485439	IV	IV
10228943	10236430	10166523	10174010	7488	7488	99.96	17393183	17485439	IV	IV
10236750	10238242	10175229	10176721	1493	1493	100.00	17393183	17485439	IV	IV
10238190	10240488	10176842	10179140	2299	2299	100.00	17393183	17485439	IV	IV
10245104	10250910	10119414	10113608	5807	5807	100.00	17393183	17485439	IV	IV
10248216	10249431	6292455	6291236	1216	1220	84.17	17393183	14578851	IV	III
10252573	10254944	10111469	10109098	2372	2372	99.96	17393183	17485439	IV	IV
10255492	10291520	10108955	10072928	36029	36028	99.99	17393183	17485439	IV	IV
10291521	10294937	10072631	10069215	3417	3417	99.97	17393183	17485439	IV	IV
10295140	10301567	10068759	10062332	6428	6428	100.00	17393183	17485439	IV	IV
10301592	10304475	10061794	10058911	2884	2884	100.00	17393183	17485439	IV	IV
10305951	10324352	10264828	10283229	18402	18402	100.00	17393183	17485439	IV	IV
10319971	10321537	13333592	13332025	1567	1568	97.90	17393183	17485439	IV	IV
10320076	10321243	7698418	7699480	1168	1063	89.08	17393183	17485439	IV	IV
10321989	10327999	10283229	10289239	6011	6011	99.90	17393183	17485439	IV	IV
10322694	10324269	19090080	19088483	1576	1598	95.43	17393183	21540570	IV	X
10322695	10324882	9289800	9287608	2188	2193	97.19	17393183	14578851	IV	III
10322773	10323924	10309050	10310201	1152	1152	100.00	17393183	17485439	IV	IV
10323221	10324882	7961910	7960244	1662	1667	97.78	17393183	19495157	IV	V
10323221	10324882	7966380	7964715	1662	1666	97.72	17393183	19495157	IV	V
10323254	10324291	5810942	5809928	1038	1015	94.90	17393183	14578851	IV	III
10323878	10335602	10310865	10322589	11725	11725	100.00	17393183	17485439	IV	IV
10335720	10354179	10323031	10341490	18460	18460	100.00	17393183	17485439	IV	IV
10354330	10362584	10342201	10350455	8255	8255	100.00	17393183	17485439	IV	IV
10362663	10372101	10351208	10360645	9439	9438	99.99	17393183	17485439	IV	IV
10372066	10425747	10361026	10414679	53682	53654	99.85	17393183	17485439	IV	IV
10373471	10374874	4635	3189	1404	1447	84.60	17393183	19495157	IV	V
10373768	10374917	4137617	4136471	1150	1147	87.90	17393183	19495157	IV	V
10425837	10458819	10414690	10447669	32983	32980	99.99	17393183	17485439	IV	IV
10458947	10484661	10447666	10473378	25715	25713	99.99	17393183	17485439	IV	IV
10484828	10490107	10474607	10479884	5280	5278	99.96	17393183	17485439	IV	IV
10490668	10516007	10480936	10506275	25340	25340	99.98	17393183	17485439	IV	IV
10491929	10493012	1265316	1264233	1084	1084	93.13	17393183	15455979	IV	I
10491932	10493009	14431846	14430766	1078	1081	92.18	17393183	17485439	IV	IV
10494737	10495751	2522889	2521854	1015	1036	93.08	17393183	17485439	IV	IV
10516504	10564527	10506286	10554302	48024	48017	99.99	17393183	17485439	IV	IV
10517484	10519225	8971699	8969973	1742	1727	88.81	17393183	14578851	IV	III
10530293	10531461	10523013	10521845	1169	1169	96.01	17393183	17485439	IV	IV
10532065	10533233	10521241	10520073	1169	1169	96.01	17393183	17485439	IV	IV
10565225	10615543	10554861	10605176	50319	50316	99.97	17393183	17485439	IV	IV
10615882	10619265	10606123	10609506	3384	3384	99.94	17393183	17485439	IV	IV
10619485	10726811	10609653	10716956	107327	107304	99.91	17393183	17485439	IV	IV
10724537	10726131	10722204	10720610	1595	1595	100.00	17393183	17485439	IV	IV
10726846	10730313	10720422	10716957	3468	3466	99.94	17393183	17485439	IV	IV
10729253	10737640	10290243	10298630	8388	8388	99.98	17393183	17485439	IV	IV
10737709	10746681	10299075	10308049	8973	8975	99.71	17393183	17485439	IV	IV
10745241	10746711	10729123	10730593	1471	1471	100.00	17393183	17485439	IV	IV
10746847	10763710	10730604	10747463	16864	16860	99.97	17393183	17485439	IV	IV
10763810	10766511	10747858	10750559	2702	2702	99.96	17393183	17485439	IV	IV
10766508	10897561	10751390	10882431	131054	131042	99.99	17393183	17485439	IV	IV
10897732	10946828	10882442	10931536	49097	49095	99.99	17393183	17485439	IV	IV
10946985	10971799	10936045	10960859	24815	24815	99.99	17393183	17485439	IV	IV
10947552	10949099	13471877	13470295	1548	1583	88.15	17393183	21540570	IV	X
10947552	10948725	18940447	18939284	1174	1164	89.70	17393183	21540570	IV	X
10947552	10948572	18978815	18977788	1021	1028	89.82	17393183	21540570	IV	X
10971843	11057070	10961699	11046923	85228	85225	99.98	17393183	17485439	IV	IV
10980544	10981810	15595997	15594728	1267	1270	88.65	17393183	19495157	IV	V
10980551	10981811	5027136	5025881	1261	1256	82.08	17393183	15455979	IV	I
11043027	11044093	6854221	6853162	1067	1060	90.72	17393183	14578851	IV	III
11043028	11044151	7329332	7328214	1124	1119	91.10	17393183	15455979	IV	I
11043028	11044089	7851694	7850640	1062	1055	91.76	17393183	15455979	IV	I
11043028	11044412	11617125	11615756	1385	1370	90.50	17393183	17485439	IV	IV
11057132	11063063	11047265	11053195	5932	5931	99.83	17393183	17485439	IV	IV
11061075	11062457	11055742	11054362	1383	1381	92.41	17393183	17485439	IV	IV
11063187	11180239	11053195	11170238	117053	117044	99.99	17393183	17485439	IV	IV
11064354	11065734	11052589	11051208	1381	1382	92.26	17393183	17485439	IV	IV
11072474	11073698	16828576	16827328	1225	1249	86.24	17393183	21540570	IV	X
11072474	11073683	20526349	20527545	1210	1197	85.39	17393183	21540570	IV	X
11103132	11104147	8802604	8801595	1016	1010	93.82	17393183	14578851	IV	III
11142944	11144164	1019623	1018402	1221	1222	99.75	17393183	15455979	IV	I
11142945	11144169	4995727	4996951	1225	1225	99.92	17393183	14578851	IV	III
11142945	11144169	5488410	5487186	1225	1225	99.76	17393183	14578851	IV	III
11148548	11149753	17767628	17766456	1206	1173	94.28	17393183	19495157	IV	V
11148550	11149754	11599460	11598259	1205	1202	96.94	17393183	17485439	IV	IV
11180413	11224552	11170696	11214833	44140	44138	99.99	17393183	17485439	IV	IV
11225214	11351848	11219971	11346596	126635	126626	99.99	17393183	17485439	IV	IV
11344640	11351921	11347597	11354878	7282	7282	100.00	17393183	17485439	IV	IV
11352055	11415632	11355238	11418811	63578	63574	99.93	17393183	17485439	IV	IV
11404828	11406032	5161801	5163008	1205	1208	97.02	17393183	17485439	IV	IV
11404831	11406028	11599460	11598264	1198	1197	98.33	17393183	17485439	IV	IV
11415749	11420216	11418912	11423379	4468	4468	100.00	17393183	17485439	IV	IV
11420392	11472109	11423687	11475401	51718	51715	99.99	17393183	17485439	IV	IV
11459170	11461020	5638355	5636503	1851	1853	98.22	17393183	15455979	IV	I
11459170	11460709	16431727	16430192	1540	1536	98.38	17393183	16627154	IV	II
11459170	11460860	4187985	4186294	1691	1692	97.70	17393183	17485439	IV	IV
11459170	11462018	27448	24604	2849	2845	97.76	17393183	34350	IV	cb25.NA_098
11459174	11461076	15793888	15791984	1903	1905	97.27	17393183	17485439	IV	IV
11459308	11462432	5106502	5103393	3125	3110	96.83	17393183	17485439	IV	IV
11459609	11461020	9890509	9889098	1412	1412	95.40	17393183	19495157	IV	V
11472717	11577930	11475327	11580536	105214	105210	99.99	17393183	17485439	IV	IV
11544140	11545906	5788612	5786873	1767	1740	88.70	17393183	19495157	IV	V
11549314	11551517	16381602	16379403	2204	2200	97.10	17393183	21540570	IV	X
11577972	11602757	11580982	11605766	24786	24785	99.99	17393183	17485439	IV	IV
11595249	11596451	11139755	11138552	1203	1204	96.94	17393183	17485439	IV	IV
11595249	11596451	13044678	13043477	1203	1202	96.85	17393183	21540570	IV	X
11595249	11596458	16799485	16798279	1210	1207	97.03	17393183	21540570	IV	X
11595249	11596449	17247768	17246571	1201	1198	97.51	17393183	21540570	IV	X
11595251	11596455	7212856	7214066	1205	1211	97.77	17393183	21540570	IV	X
11595254	11596451	14930686	14929512	1198	1175	95.51	17393183	15455979	IV	I
11595254	11596451	3174999	3173803	1198	1197	97.59	17393183	14578851	IV	III
11595254	11596451	11409208	11408012	1198	1197	98.33	17393183	17485439	IV	IV
11595254	11596451	15857799	15856599	1198	1201	97.18	17393183	21540570	IV	X
11602995	11670758	11606719	11674476	67764	67758	99.99	17393183	17485439	IV	IV
11612047	11613402	11034251	11032882	1356	1370	90.76	17393183	17485439	IV	IV
11612357	11613434	6995954	6994873	1078	1082	92.00	17393183	16627154	IV	II
11614184	11615565	7377967	7376607	1382	1361	94.45	17393183	16627154	IV	II
11619663	11621115	16117497	16116046	1453	1452	94.25	17393183	19495157	IV	V
11621385	11622695	3998218	3996908	1311	1311	99.77	17393183	19495157	IV	V
11621387	11622695	7865230	7863922	1309	1309	99.62	17393183	16627154	IV	II
11621387	11622693	12443793	12442487	1307	1307	99.69	17393183	16627154	IV	II
11621387	11622697	4515971	4514661	1311	1311	99.62	17393183	14578851	IV	III
11621387	11622697	8955	10265	1311	1311	99.62	17393183	15711	IV	cb25.NA_219
11621401	11622693	12912742	12911452	1293	1291	99.77	17393183	16627154	IV	II
11668074	11670773	1	2699	2700	2699	99.96	17393183	3866	IV	cb25.NA_182
11670880	11678203	11674710	11682032	7324	7323	99.99	17393183	17485439	IV	IV
11672896	11673990	2772	3866	1095	1095	100.00	17393183	3866	IV	cb25.NA_182
11678253	11688379	11682310	11692436	10127	10127	99.99	17393183	17485439	IV	IV
11688983	11691988	11698708	11695704	3006	3005	99.83	17393183	17485439	IV	IV
11690875	11697674	11692818	11699616	6800	6799	99.97	17393183	17485439	IV	IV
11693761	11694874	11693931	11692818	1114	1114	99.82	17393183	17485439	IV	IV
11697803	11707791	11699627	11709614	9989	9988	99.96	17393183	17485439	IV	IV
11707889	11713172	11710007	11715290	5284	5284	100.00	17393183	17485439	IV	IV
11713695	11802096	11715861	11804259	88402	88399	99.99	17393183	17485439	IV	IV
11802184	11909860	11805052	11912721	107677	107670	99.99	17393183	17485439	IV	IV
11839116	11840172	7744805	7743649	1057	1157	87.45	17393183	15455979	IV	I
11839116	11841023	9377804	9375892	1908	1913	91.42	17393183	17485439	IV	IV
11839116	11841024	13666520	13664603	1909	1918	92.57	17393183	17485439	IV	IV
11910546	11947161	11912735	11949346	36616	36612	99.51	17393183	17485439	IV	IV
11946979	11950698	11945596	11949314	3720	3719	94.09	17393183	17485439	IV	IV
11950698	11989258	11949496	11988055	38561	38560	99.99	17393183	17485439	IV	IV
11989262	11993017	11989089	11992844	3756	3756	99.79	17393183	17485439	IV	IV
11992970	12071704	11993331	12072056	78735	78726	99.99	17393183	17485439	IV	IV
12061702	12062718	14374726	14373734	1017	993	94.31	17393183	15455979	IV	I
12061702	12062717	13152407	13151392	1016	1016	96.17	17393183	19495157	IV	V
12061704	12062716	2628214	2629218	1013	1005	96.65	17393183	19495157	IV	V
12061704	12062716	18768408	18767398	1013	1011	96.95	17393183	21540570	IV	X
12071663	12152060	12072176	12152569	80398	80394	99.99	17393183	17485439	IV	IV
12133143	12134398	9618698	9617450	1256	1249	92.70	17393183	21540570	IV	X
12133369	12134398	6563595	6564620	1030	1026	94.49	17393183	17485439	IV	IV
12133369	12134398	3597	4630	1030	1034	93.94	17393183	10727	IV	cb25.NA_240
12151749	12153301	3647995	3649548	1553	1554	99.68	17393183	17485439	IV	IV
12153197	12155557	12161231	12163591	2361	2361	100.00	17393183	17485439	IV	IV
12155574	12269247	12164108	12277770	113674	113663	99.99	17393183	17485439	IV	IV
12183020	12184402	13706684	13705229	1383	1456	88.92	17393183	17485439	IV	IV
12198548	12199806	4953765	4952507	1259	1259	99.76	17393183	17485439	IV	IV
12198552	12199808	10135520	10134265	1257	1256	99.68	17393183	21540570	IV	X
12211111	12212534	12223935	12222426	1424	1510	93.84	17393183	17485439	IV	IV
12213899	12215408	12221062	12219639	1510	1424	93.84	17393183	17485439	IV	IV
12264489	12273145	8678	21	8657	8658	99.93	17393183	8930	IV	cb25.NA_248
12266510	12292831	12304190	12277871	26322	26320	99.99	17393183	17485439	IV	IV
12266854	12268341	3548	2032	1488	1517	85.32	17393183	79173	IV	cb25.NA_037
12268948	12270091	10589448	10588311	1144	1138	95.72	17393183	19495157	IV	V
12268998	12270014	5657653	5656642	1017	1012	96.95	17393183	17485439	IV	IV
12268998	12270029	4693	3669	1032	1025	98.64	17393183	79173	IV	cb25.NA_037
12268999	12270028	7299681	7298645	1030	1037	97.31	17393183	15455979	IV	I
12269000	12270028	5006082	5005057	1029	1026	97.96	17393183	15455979	IV	I
12269000	12270028	13365860	13364836	1029	1025	96.33	17393183	16627154	IV	II
12269000	12270028	13368146	13367122	1029	1025	96.33	17393183	16627154	IV	II
12269000	12270029	13978267	13977237	1030	1031	97.77	17393183	14578851	IV	III
12269000	12270028	29480	30504	1029	1025	97.67	17393183	17485439	IV	IV
12269000	12270029	6226151	6225121	1030	1031	97.28	17393183	17485439	IV	IV
12269000	12270028	16752615	16753640	1029	1026	97.86	17393183	17485439	IV	IV
12269000	12270029	5229475	5228450	1030	1026	97.67	17393183	19495157	IV	V
12269000	12270029	2471	3501	1030	1031	97.77	17393183	10200	IV	cb25.NA_038
12289942	12290988	11721698	11720652	1047	1047	95.24	17393183	21540570	IV	X
12290001	12291061	13860357	13859307	1061	1051	95.59	17393183	19495157	IV	V
12293012	12298211	1	5199	5200	5199	99.98	17393183	79173	IV	cb25.NA_037
12295043	12296559	12276864	12275376	1517	1489	85.27	17393183	17485439	IV	IV
12295043	12296559	12302359	12303846	1517	1488	85.32	17393183	17485439	IV	IV
12295043	12296559	4825	6312	1517	1488	85.32	17393183	8930	IV	cb25.NA_248
12295160	12296263	12697667	12696554	1104	1114	81.36	17393183	17485439	IV	IV
12296680	12297703	14003081	14002051	1024	1031	97.29	17393183	14578851	IV	III
12296680	12297703	3317462	3318488	1024	1027	97.96	17393183	17485439	IV	IV
12296680	12297705	12300671	12301702	1026	1032	98.74	17393183	17485439	IV	IV
12296680	12297705	3137	4168	1026	1032	98.74	17393183	8930	IV	cb25.NA_248
12296681	12297703	2846590	2845562	1023	1029	97.77	17393183	15455979	IV	I
12296681	12297703	5014479	5013455	1023	1025	97.47	17393183	15455979	IV	I
12296681	12297703	11463906	11462882	1023	1025	96.98	17393183	15455979	IV	I
12296681	12297703	3529045	3528035	1023	1011	95.53	17393183	14578851	IV	III
12296681	12297703	16676484	16675458	1023	1027	97.67	17393183	19495157	IV	V
12296681	12297704	29629	30673	1024	1045	94.94	17393183	44065	IV	cb25.NA_117
12297963	12313986	5872	21896	16024	16025	99.99	17393183	79173	IV	cb25.NA_037
12301113	12302507	1893352	1891954	1395	1399	91.56	17393183	16627154	IV	II
12301114	12302364	9081061	9079801	1251	1261	93.46	17393183	16627154	IV	II
12301115	12302496	3107931	3109293	1382	1363	91.79	17393183	17485439	IV	IV
12301115	12302496	8075829	8077205	1382	1377	92.86	17393183	17485439	IV	IV
12301119	12302304	4261081	4262294	1186	1214	92.39	17393183	16627154	IV	II
12301159	12302496	9154934	9153618	1338	1317	92.38	17393183	14578851	IV	III
12301212	12302497	6809894	6808601	1286	1294	92.63	17393183	17485439	IV	IV
12301365	12302495	5142036	5143167	1131	1132	93.21	17393183	17485439	IV	IV
12313841	12315526	17002664	17004348	1686	1685	99.70	17393183	19495157	IV	V
12314038	12315524	22026	23510	1487	1485	99.53	17393183	79173	IV	cb25.NA_037
12314977	12324120	12444899	12454040	9144	9142	99.84	17393183	17485439	IV	IV
12324120	12338931	12455107	12469915	14812	14809	99.84	17393183	17485439	IV	IV
12336862	12340223	3362	1	3362	3362	99.91	17393183	3362	IV	cb25.NA_338
12338653	12352022	12469462	12482814	13370	13353	99.68	17393183	17485439	IV	IV
12353132	12387644	12483428	12517940	34513	34513	99.96	17393183	17485439	IV	IV
12358559	12359815	309877	308621	1257	1257	99.76	17393183	19495157	IV	V
12358559	12359815	1261628	1260372	1257	1257	99.76	17393183	21540570	IV	X
12387726	12419325	12518633	12550230	31600	31598	99.99	17393183	17485439	IV	IV
12404815	12406084	5661433	5662701	1270	1269	99.53	17393183	14578851	IV	III
12404827	12406082	8112964	8114219	1256	1256	99.92	17393183	15455979	IV	I
12404828	12406087	12082466	12081207	1260	1260	99.68	17393183	16627154	IV	II
12404828	12406084	13157139	13155884	1257	1256	99.28	17393183	21540570	IV	X
12404828	12406084	17149847	17151103	1257	1257	99.68	17393183	21540570	IV	X
12404833	12406084	1989924	1988671	1252	1254	98.96	17393183	16627154	IV	II
12419968	12426384	12551066	12557481	6417	6416	99.97	17393183	17485439	IV	IV
12426549	12462293	12557492	12593250	35745	35759	99.91	17393183	17485439	IV	IV
12461657	12533938	12633020	12705296	72282	72277	99.97	17393183	17485439	IV	IV
12503630	12504916	21175071	21173788	1287	1284	98.91	17393183	21540570	IV	X
12525196	12526309	3252	2149	1114	1104	81.36	17393183	79173	IV	cb25.NA_037
12534007	12593594	12709892	12769475	59588	59584	99.99	17393183	17485439	IV	IV
12549669	12550804	3437514	3436376	1136	1139	92.82	17393183	19495157	IV	V
12589837	12591031	914309	913138	1195	1172	92.05	17393183	15455979	IV	I
12589837	12591031	6731	7902	1195	1172	92.05	17393183	9677	IV	cb25.NA_243
12593748	12640615	12769790	12816656	46868	46867	99.99	17393183	17485439	IV	IV
12617916	12619208	6040015	6038736	1293	1280	92.08	17393183	17485439	IV	IV
12617917	12619207	12814653	12813360	1291	1294	97.30	17393183	17485439	IV	IV
12618160	12619169	12817975	12816963	1010	1013	97.04	17393183	17485439	IV	IV
12637318	12638325	6301684	6300677	1008	1008	89.72	17393183	15455979	IV	I
12637319	12638612	12795247	12793958	1294	1290	97.30	17393183	17485439	IV	IV
12637319	12638371	7059979	7058925	1053	1055	96.12	17393183	19495157	IV	V
12637319	12638611	1643342	1642060	1293	1283	90.80	17393183	21540570	IV	X
12637357	12638369	12816963	12817975	1013	1013	100.00	17393183	17485439	IV	IV
12638547	12641951	12818578	12821981	3405	3404	99.97	17393183	17485439	IV	IV
12642362	12672537	12822103	12852229	30176	30127	99.75	17393183	17485439	IV	IV
12658002	12659005	3515910	3514907	1004	1004	92.45	17393183	16627154	IV	II
12672683	12677318	12852794	12857428	4636	4635	99.94	17393183	17485439	IV	IV
12677941	12682837	12857859	12862755	4897	4897	100.00	17393183	17485439	IV	IV
12682831	12716700	12862816	12896629	33870	33814	99.77	17393183	17485439	IV	IV
12711330	12713407	454819	452728	2078	2092	95.99	17393183	15455979	IV	I
12711330	12712658	7647694	7646351	1329	1344	94.94	17393183	19495157	IV	V
12711546	12712878	5793259	5791922	1333	1338	96.57	17393183	21540570	IV	X
12711901	12713651	8073	9820	1751	1748	96.36	17393183	26062	IV	cb25.NA_032
12715668	12719350	12899278	12895596	3683	3683	100.00	17393183	17485439	IV	IV
12716762	12717912	3381825	3380685	1151	1141	95.66	17393183	14578851	IV	III
12718317	12730645	12898246	12910572	12329	12327	99.98	17393183	17485439	IV	IV
12733883	12753427	12910673	12930218	19545	19546	99.98	17393183	17485439	IV	IV
12740658	12742125	8004859	8003502	1468	1358	87.28	17393183	14578851	IV	III
12740660	12741752	5885679	5884559	1093	1121	91.53	17393183	19495157	IV	V
12753520	12755764	12932453	12930209	2245	2245	99.96	17393183	17485439	IV	IV
12753520	12777265	12932960	12956699	23746	23740	99.93	17393183	17485439	IV	IV
12777240	12779273	12956460	12958485	2034	2026	98.23	17393183	17485439	IV	IV
12779335	12788824	12958989	12968478	9490	9490	99.96	17393183	17485439	IV	IV
12788924	12795480	12969036	12975592	6557	6557	100.00	17393183	17485439	IV	IV
12795549	12811355	12981968	12997773	15807	15806	99.99	17393183	17485439	IV	IV
12811593	12820479	12998664	13007550	8887	8887	99.99	17393183	17485439	IV	IV
12820655	12876423	13007550	13063312	55769	55763	99.98	17393183	17485439	IV	IV
12876419	12903398	13063568	13090546	26980	26979	99.99	17393183	17485439	IV	IV
12902781	12903937	11683674	11682521	1157	1154	97.75	17393183	19495157	IV	V
12903414	12930863	13090801	13118246	27450	27446	99.89	17393183	17485439	IV	IV
12903936	12905058	9416595	9415473	1123	1123	99.38	17393183	15455979	IV	I
12903941	12905058	2927184	2926067	1118	1118	99.29	17393183	16627154	IV	II
12920207	12921822	6258829	6257214	1616	1616	99.75	17393183	15455979	IV	I
12920207	12921832	13122554	13120932	1626	1623	98.89	17393183	15455979	IV	I
12930750	12938264	13118432	13125946	7515	7515	100.00	17393183	17485439	IV	IV
12936279	12952137	13130319	13146176	15859	15858	99.98	17393183	17485439	IV	IV
12942233	12943293	15838996	15837962	1061	1035	90.76	17393183	21540570	IV	X
12952265	13030216	13146176	13224118	77952	77943	99.96	17393183	17485439	IV	IV
12988235	12989521	16522191	16520919	1287	1273	95.89	17393183	16627154	IV	II
12988254	12989510	1759162	1757910	1257	1253	97.22	17393183	17485439	IV	IV
12988254	12989520	16436048	16434781	1267	1268	96.31	17393183	21540570	IV	X
12988254	12989518	21231647	21230380	1265	1268	96.46	17393183	21540570	IV	X
12997953	12999216	22100	23362	1264	1263	99.53	17393183	26062	IV	cb25.NA_032
12997965	12999222	13696580	13695324	1258	1257	98.89	17393183	14578851	IV	III
13028598	13031237	13221481	13224119	2640	2639	97.77	17393183	17485439	IV	IV
13029720	13032358	13221481	13224118	2639	2638	97.92	17393183	17485439	IV	IV
13032576	13035214	13221481	13224118	2639	2638	97.92	17393183	17485439	IV	IV
13034514	13036739	13221481	13223705	2226	2225	97.39	17393183	17485439	IV	IV
13035092	13053567	13224220	13242694	18476	18475	99.98	17393183	17485439	IV	IV
13053653	13085368	13242939	13274652	31716	31714	99.96	17393183	17485439	IV	IV
13085516	13093676	13274950	13283110	8161	8161	100.00	17393183	17485439	IV	IV
13094858	13107733	13284670	13297547	12876	12878	99.82	17393183	17485439	IV	IV
13107809	13116484	13298130	13306803	8676	8674	99.92	17393183	17485439	IV	IV
13116483	13118049	14226761	14225197	1567	1565	98.98	17393183	16627154	IV	II
13116483	13118052	13720724	13719155	1570	1570	99.36	17393183	14578851	IV	III
13116483	13118052	1767896	1766328	1570	1569	98.66	17393183	19495157	IV	V
13116583	13120347	13501920	13505684	3765	3765	99.89	17393183	17485439	IV	IV
13120437	13153805	13505769	13539129	33369	33361	99.98	17393183	17485439	IV	IV
13129508	13130776	575693	574433	1269	1261	91.20	17393183	19495157	IV	V
13129511	13130776	9571929	9570646	1266	1284	94.12	17393183	14578851	IV	III
13154645	13161723	13539616	13546694	7079	7079	99.97	17393183	17485439	IV	IV
13155568	13156598	5380735	5379688	1031	1048	91.79	17393183	16627154	IV	II
13155568	13156591	11237848	11236820	1024	1029	92.01	17393183	16627154	IV	II
13157680	13158996	14106121	14104863	1317	1259	93.10	17393183	16627154	IV	II
13161708	13172423	13548189	13558904	10716	10716	100.00	17393183	17485439	IV	IV
13172548	13185916	13561903	13575270	13369	13368	99.98	17393183	17485439	IV	IV
13174463	13175585	6292490	6291374	1123	1117	87.18	17393183	14578851	IV	III
13186341	13187783	13575599	13577041	1443	1443	100.00	17393183	17485439	IV	IV
13187907	13189145	13577476	13578714	1239	1239	100.00	17393183	17485439	IV	IV
13189240	13208721	13579137	13598615	19482	19479	99.97	17393183	17485439	IV	IV
13197859	13198908	2802138	2801089	1050	1050	86.31	17393183	19495157	IV	V
13197861	13198907	15424543	15425589	1047	1047	89.62	17393183	19495157	IV	V
13197889	13198907	15423328	15424357	1019	1030	90.03	17393183	19495157	IV	V
13208794	13232038	13598863	13622107	23245	23245	100.00	17393183	17485439	IV	IV
13232095	13245758	13622226	13635889	13664	13664	100.00	17393183	17485439	IV	IV
13232118	13233186	13002857	13001818	1069	1040	90.10	17393183	16627154	IV	II
13232118	13233174	7387626	7388678	1057	1053	91.24	17393183	17485439	IV	IV
13232125	13233186	10747182	10746118	1062	1065	91.57	17393183	14578851	IV	III
13232125	13233185	4891672	4890623	1061	1050	91.74	17393183	19495157	IV	V
13232125	13233184	7211716	7210666	1060	1051	92.19	17393183	19495157	IV	V
13246397	13252087	13636260	13641950	5691	5691	100.00	17393183	17485439	IV	IV
13252277	13253998	13642042	13643763	1722	1722	100.00	17393183	17485439	IV	IV
13254144	13255192	13643890	13644936	1049	1047	99.62	17393183	17485439	IV	IV
13256907	13260502	13646148	13649743	3596	3596	100.00	17393183	17485439	IV	IV
13260501	13269414	13650879	13659791	8914	8913	99.99	17393183	17485439	IV	IV
13260953	13262909	1	1957	1957	1957	99.90	17393183	1957	IV	cb25.NA_417
13261865	13263207	12768655	12770012	1343	1358	93.19	17393183	15455979	IV	I
13261877	13263206	1178880	1180211	1330	1332	95.67	17393183	19495157	IV	V
13261899	13263207	11338074	11336764	1309	1311	95.67	17393183	14578851	IV	III
13261940	13263206	5924591	5923338	1267	1254	93.66	17393183	19495157	IV	V
13271785	13279031	13659802	13667034	7247	7233	99.32	17393183	17485439	IV	IV
13276600	13278517	11843889	11841981	1918	1909	92.62	17393183	17485439	IV	IV
13279050	13326830	13681806	13729582	47781	47777	99.99	17393183	17485439	IV	IV
13289821	13291129	16929901	16928598	1309	1304	99.08	17393183	17485439	IV	IV
13302476	13303931	12192932	12191551	1456	1382	88.85	17393183	17485439	IV	IV
13302759	13303933	2653814	2652669	1175	1146	90.85	17393183	16627154	IV	II
13326904	13329161	13733777	13736034	2258	2258	100.00	17393183	17485439	IV	IV
13329324	13336444	13736763	13743883	7121	7121	99.96	17393183	17485439	IV	IV
13330588	13331934	12768654	12770011	1347	1358	93.47	17393183	15455979	IV	I
13330664	13331935	5924591	5923337	1272	1255	93.96	17393183	19495157	IV	V
13336603	13353947	13743466	13760809	17345	17344	99.99	17393183	17485439	IV	IV
13353896	13355931	13760910	13762945	2036	2036	100.00	17393183	17485439	IV	IV
13356029	13366964	13762956	13773891	10936	10936	100.00	17393183	17485439	IV	IV
13360376	13361885	12650537	12649036	1510	1502	96.63	17393183	19495157	IV	V
13360377	13362346	292570	294569	1970	2000	93.64	17393183	17485439	IV	IV
13360379	13362344	225538	227517	1966	1980	93.51	17393183	17485439	IV	IV
13360419	13362345	15054220	15056138	1927	1919	95.67	17393183	17485439	IV	IV
13360496	13362356	9770498	9768616	1861	1883	93.12	17393183	14578851	IV	III
13360836	13362356	9763607	9762080	1521	1528	93.48	17393183	14578851	IV	III
13363470	13364729	7525961	7524703	1260	1259	99.76	17393183	19495157	IV	V
13363472	13364727	14909457	14908202	1256	1256	100.00	17393183	21540570	IV	X
13363473	13364729	13105680	13104424	1257	1257	99.76	17393183	14578851	IV	III
13363473	13364729	19623418	19622162	1257	1257	99.92	17393183	21540570	IV	X
13363498	13364729	17134645	17133414	1232	1232	99.76	17393183	21540570	IV	X
13366992	13375092	13777960	13786058	8101	8099	99.98	17393183	17485439	IV	IV
13367007	13368257	5797289	5796037	1251	1253	94.12	17393183	21540570	IV	X
13375184	13383203	13786359	13794433	8020	8075	99.29	17393183	17485439	IV	IV
13383524	13405895	13794444	13816815	22372	22372	99.92	17393183	17485439	IV	IV
13402491	13404072	2153524	2151938	1582	1587	88.40	17393183	17485439	IV	IV
13402491	13404072	4822230	4820651	1582	1580	89.67	17393183	17485439	IV	IV
13402491	13404079	18463247	18461683	1589	1565	86.11	17393183	21540570	IV	X
13402492	13404072	12136849	12135277	1581	1573	89.36	17393183	15455979	IV	I
13402492	13404074	12556231	12554660	1583	1572	87.55	17393183	14578851	IV	III
13402492	13404045	524968	523418	1554	1551	90.26	17393183	19495157	IV	V
13402492	13404061	5960471	5958975	1570	1497	90.66	17393183	19495157	IV	V
13402492	13404072	21488928	21487360	1581	1569	93.03	17393183	21540570	IV	X
13403055	13404072	846038	845028	1018	1011	88.58	17393183	17485439	IV	IV
13406709	13412429	13817692	13823412	5721	5721	100.00	17393183	17485439	IV	IV
13412476	13456763	13823528	13867806	44288	44279	99.98	17393183	17485439	IV	IV
13423667	13424930	12892516	12891267	1264	1250	95.89	17393183	17485439	IV	IV
13423667	13424986	17013996	17012690	1320	1307	96.07	17393183	17485439	IV	IV
13423667	13424986	74934	73630	1320	1305	95.69	17393183	79173	IV	cb25.NA_037
13456931	13462429	13868519	13874016	5499	5498	99.98	17393183	17485439	IV	IV
13462405	13482715	13875207	13895502	20311	20296	99.89	17393183	17485439	IV	IV
13469235	13470490	16357201	16355946	1256	1256	99.84	17393183	21540570	IV	X
13482811	13486783	13895513	13899484	3973	3972	99.92	17393183	17485439	IV	IV
13486952	13492781	13899938	13905768	5830	5831	99.91	17393183	17485439	IV	IV
13493530	13496954	14065592	14069014	3425	3423	99.94	17393183	17485439	IV	IV
13497363	13508159	14065598	14054803	10797	10796	99.95	17393183	17485439	IV	IV
13508131	13534586	14053849	14027397	26456	26453	99.98	17393183	17485439	IV	IV
13534743	13556316	14026554	14004981	21574	21574	99.98	17393183	17485439	IV	IV
13538326	13539396	2224092	2223063	1071	1030	92.74	17393183	21540570	IV	X
13557325	13558682	14004458	14003101	1358	1358	100.00	17393183	17485439	IV	IV
13558780	13584453	14002739	13977069	25674	25671	99.98	17393183	17485439	IV	IV
13584563	13590136	13976601	13971028	5574	5574	100.00	17393183	17485439	IV	IV
13590355	13609944	13970382	13950796	19590	19587	99.95	17393183	17485439	IV	IV
13609770	13619011	13951274	13942034	9242	9241	99.84	17393183	17485439	IV	IV
13610338	13611523	12066458	12065262	1186	1197	95.34	17393183	14578851	IV	III
13610342	13611519	6741284	6740129	1178	1156	93.98	17393183	21540570	IV	X
13620850	13628960	13939240	13931130	8111	8111	100.00	17393183	17485439	IV	IV
13629598	13634651	13930656	13925603	5054	5054	100.00	17393183	17485439	IV	IV
13634882	13640007	13924851	13919726	5126	5126	99.96	17393183	17485439	IV	IV
13640249	13644937	13919146	13914458	4689	4689	99.89	17393183	17485439	IV	IV
13644891	13646154	13914169	13912908	1264	1262	98.42	17393183	17485439	IV	IV
13646300	13651040	13912873	13908134	4741	4740	99.94	17393183	17485439	IV	IV
13650979	13652035	1	1057	1057	1057	99.81	17393183	2362	IV	cb25.NA_180
13652082	13653513	13907300	13905869	1432	1432	99.86	17393183	17485439	IV	IV
13653172	13654449	1085	2362	1278	1278	99.92	17393183	2362	IV	cb25.NA_180
13654574	13656410	15533023	15531204	1837	1820	93.90	17393183	17485439	IV	IV
13654638	13655948	1050419	1049111	1311	1309	95.42	17393183	15455979	IV	I
13654862	13657142	15441743	15444004	2281	2262	91.11	17393183	16627154	IV	II
13655460	13656620	1	1153	1161	1153	92.59	17393183	4896	IV	cb25.NA_298
13656568	13657850	14128698	14127416	1283	1283	100.00	17393183	17485439	IV	IV
13657942	13663752	14126914	14121084	5811	5831	99.50	17393183	17485439	IV	IV
13663751	13668472	14120918	14116197	4722	4722	100.00	17393183	17485439	IV	IV
13668675	13675454	14114992	14108215	6780	6778	99.93	17393183	17485439	IV	IV
13675657	13697903	14107647	14085401	22247	22247	99.99	17393183	17485439	IV	IV
13675689	13678976	3288	1	3288	3288	100.00	17393183	3288	IV	cb25.NA_342
13697500	13699141	16616050	16617691	1642	1642	91.24	17393183	19495157	IV	V
13697647	13698851	14084173	14082978	1205	1196	94.52	17393183	17485439	IV	IV
13698145	13709775	14084171	14072544	11631	11628	99.71	17393183	17485439	IV	IV
13698192	13699220	14762733	14761698	1029	1036	92.58	17393183	16627154	IV	II
13709836	13712738	14072289	14069387	2903	2903	100.00	17393183	17485439	IV	IV
13713968	13715003	3358	4394	1036	1037	94.61	17393183	9678	IV	cb25.NA_242
13714868	13718787	18699815	18695898	3920	3918	99.95	17393183	19495157	IV	V
13719419	13721067	18695444	18693795	1649	1650	99.82	17393183	19495157	IV	V
13721281	13740384	18693788	18674685	19104	19104	99.99	17393183	19495157	IV	V
13740350	13743878	18631253	18627721	3529	3533	99.58	17393183	19495157	IV	V
13742243	13743571	18668090	18666761	1329	1330	99.77	17393183	19495157	IV	V
13743879	13747800	14128799	14132719	3922	3921	99.95	17393183	17485439	IV	IV
13747893	13750353	14133195	14135655	2461	2461	99.92	17393183	17485439	IV	IV
13750588	13765515	14135656	14150581	14928	14926	99.95	17393183	17485439	IV	IV
13765400	13771723	14150284	14156606	6324	6323	99.98	17393183	17485439	IV	IV
13768640	13769670	7738068	7737115	1031	954	80.62	17393183	19495157	IV	V
13771800	13776799	14157544	14162543	5000	5000	100.00	17393183	17485439	IV	IV
13777300	13787841	14162534	14173073	10542	10540	99.98	17393183	17485439	IV	IV
13778186	13779443	6584774	6583517	1258	1258	99.84	17393183	16627154	IV	II
13778189	13779449	9868226	9866967	1261	1260	99.76	17393183	14578851	IV	III
13778190	13779449	10269067	10267808	1260	1260	99.60	17393183	14578851	IV	III
13788030	13790492	14173084	14175546	2463	2463	99.23	17393183	17485439	IV	IV
13790626	13858304	14175377	14243050	67679	67674	99.93	17393183	17485439	IV	IV
13814953	13819881	4929	1	4929	4929	99.41	17393183	6154	IV	cb25.NA_280
13815144	13818453	19942351	19939046	3310	3306	96.86	17393183	21540570	IV	X
13815436	13816606	6840334	6839168	1171	1167	98.55	17393183	19495157	IV	V
13831476	13833092	6258831	6257215	1617	1617	99.81	17393183	15455979	IV	I
13850067	13851120	18643494	18644547	1054	1054	99.81	17393183	19495157	IV	V
13852414	13853726	16929904	16928597	1313	1308	99.09	17393183	17485439	IV	IV
13853338	13854751	18644738	18646151	1414	1414	100.00	17393183	19495157	IV	V
13858842	13881495	14243425	14266075	22654	22651	99.98	17393183	17485439	IV	IV
13863076	13866663	3587	1	3588	3587	99.97	17393183	3587	IV	cb25.NA_331
13881777	13885180	14266939	14270342	3404	3404	99.97	17393183	17485439	IV	IV
13885412	13898494	14270774	14283855	13083	13082	99.99	17393183	17485439	IV	IV
13898613	13901068	14283866	14286321	2456	2456	99.92	17393183	17485439	IV	IV
13901108	13924193	14289938	14313021	23086	23084	99.98	17393183	17485439	IV	IV
13909456	13910715	10517948	10516738	1260	1211	85.76	17393183	16627154	IV	II
13909639	13910715	5163206	5162118	1077	1089	86.29	17393183	16627154	IV	II
13921634	13925636	4002	1	4003	4002	99.93	17393183	4002	IV	cb25.NA_317
13925292	13926381	18647457	18646370	1090	1088	99.45	17393183	19495157	IV	V
13926558	13941954	18647348	18662742	15397	15395	99.99	17393183	19495157	IV	V
13927982	13928991	3496826	3497833	1010	1008	96.84	17393183	17485439	IV	IV
13927982	13928992	13152404	13151393	1011	1012	96.05	17393183	19495157	IV	V
13927982	13929000	14032897	14031881	1019	1017	97.25	17393183	21540570	IV	X
13927982	13928993	18768407	18767397	1012	1011	96.25	17393183	21540570	IV	X
13927982	13928990	30919	29912	1009	1008	96.83	17393183	79173	IV	cb25.NA_037
13933751	13934930	18658052	18656866	1180	1187	97.73	17393183	19495157	IV	V
13936077	13937263	18655719	18654540	1187	1180	97.73	17393183	19495157	IV	V
13942002	13944899	18662848	18665760	2898	2913	97.50	17393183	19495157	IV	V
13945588	13946732	11850738	11849585	1145	1154	91.95	17393183	14578851	IV	III
13945827	13947411	14794674	14793090	1585	1585	94.14	17393183	17485439	IV	IV
13946973	13960265	14313122	14326414	13293	13293	99.62	17393183	17485439	IV	IV
13960006	13965396	14326059	14331449	5391	5391	100.00	17393183	17485439	IV	IV
13965449	13998521	14331680	14364770	33073	33091	99.93	17393183	17485439	IV	IV
13999308	14005286	14365057	14371036	5979	5980	99.97	17393183	17485439	IV	IV
14005417	14011518	14372374	14378476	6102	6103	99.87	17393183	17485439	IV	IV
14006214	14030067	14378577	14402426	23854	23850	99.94	17393183	17485439	IV	IV
14024922	14025966	3445191	3446160	1045	970	85.39	17393183	17485439	IV	IV
14024922	14025966	3463703	3462734	1045	970	85.39	17393183	17485439	IV	IV
14024922	14025966	19764297	19763254	1045	1044	93.98	17393183	21540570	IV	X
14030162	14031860	14404121	14402423	1699	1699	100.00	17393183	17485439	IV	IV
14032182	14033449	14404222	14405489	1268	1268	100.00	17393183	17485439	IV	IV
14033579	14034695	14405742	14406858	1117	1117	100.00	17393183	17485439	IV	IV
14034644	14042298	14407463	14415115	7655	7653	99.88	17393183	17485439	IV	IV
14042588	14063798	14415125	14436333	21211	21209	99.99	17393183	17485439	IV	IV
14058225	14059314	2530324	2529236	1090	1089	96.08	17393183	15455979	IV	I
14058226	14059311	834759	833660	1086	1100	92.64	17393183	19495157	IV	V
14058227	14059314	8554730	8553634	1088	1097	93.00	17393183	16627154	IV	II
14058230	14059311	9193809	9192741	1082	1069	92.63	17393183	17485439	IV	IV
14058230	14059311	10483276	10482200	1082	1077	92.18	17393183	17485439	IV	IV
14058230	14059311	6686476	6685396	1082	1081	96.69	17393183	19495157	IV	V
14063857	14066302	14436826	14439270	2446	2445	99.92	17393183	17485439	IV	IV
14066884	14074140	14439296	14446546	7257	7251	98.97	17393183	17485439	IV	IV
14073990	14083487	14446193	14455691	9498	9499	99.92	17393183	17485439	IV	IV
14083864	14087132	14456313	14459579	3269	3267	99.94	17393183	17485439	IV	IV
14087507	14091296	14459569	14463358	3790	3790	100.00	17393183	17485439	IV	IV
14091462	14121107	14463369	14493011	29646	29643	99.98	17393183	17485439	IV	IV
14094623	14095737	2202523	2201358	1115	1166	94.09	17393183	21540570	IV	X
14121077	14127822	14492773	14499517	6746	6745	99.96	17393183	17485439	IV	IV
14127935	14137120	18876	9692	9186	9185	99.84	17393183	18876	IV	cb25.NA_168
14141522	14149821	8298	1	8300	8298	99.98	17393183	18876	IV	cb25.NA_168
14149621	14156020	14506118	14499723	6400	6396	99.91	17393183	17485439	IV	IV
14156086	14162466	14499653	14506033	6381	6381	99.97	17393183	17485439	IV	IV
14162450	14177463	14506796	14521809	15014	15014	99.98	17393183	17485439	IV	IV
14177763	14179999	14521820	14524057	2237	2238	99.82	17393183	17485439	IV	IV
14179814	14183462	14524377	14528025	3649	3649	99.97	17393183	17485439	IV	IV
14183452	14198184	14528555	14543286	14733	14732	99.91	17393183	17485439	IV	IV
14189445	14191100	14121765	14120111	1656	1655	99.52	17393183	14578851	IV	III
14189445	14191093	2855534	2853895	1649	1640	99.09	17393183	19495157	IV	V
14189446	14191094	21183079	21181432	1649	1648	99.64	17393183	21540570	IV	X
14198558	14204268	14544221	14549930	5711	5710	99.98	17393183	17485439	IV	IV
14205681	14209622	14551785	14555726	3942	3942	99.97	17393183	17485439	IV	IV
14209186	14210641	14564102	14562647	1456	1456	100.00	17393183	17485439	IV	IV
14212760	14215552	14560612	14557820	2793	2793	99.79	17393183	17485439	IV	IV
14214217	14215552	14683184	14681849	1336	1336	99.93	17393183	17485439	IV	IV
14214827	14226379	14671636	14683184	11553	11549	99.97	17393183	17485439	IV	IV
14219457	14221166	2677608	2675873	1710	1736	95.17	17393183	14578851	IV	III
14223070	14227986	14555846	14560762	4917	4917	99.96	17393183	17485439	IV	IV
14229520	14251596	14560811	14582885	22077	22075	99.98	17393183	17485439	IV	IV
14251626	14253402	14583051	14584827	1777	1777	100.00	17393183	17485439	IV	IV
14253479	14256610	14585322	14588452	3132	3131	99.97	17393183	17485439	IV	IV
14256563	14280477	14588463	14612371	23915	23909	99.96	17393183	17485439	IV	IV
14276564	14278574	2011	1	2011	2011	100.00	17393183	2011	IV	cb25.NA_411
14280576	14305139	14613332	14637893	24564	24562	99.96	17393183	17485439	IV	IV
14284384	14285955	16559847	16558250	1572	1598	94.37	17393183	19495157	IV	V
14284389	14285955	5495765	5494157	1567	1609	95.47	17393183	21540570	IV	X
14305412	14313950	14638302	14646838	8539	8537	99.92	17393183	17485439	IV	IV
14313351	14314874	5444946	5443416	1524	1531	98.04	17393183	19495157	IV	V
14313351	14314638	5494581	5493285	1288	1297	97.69	17393183	19495157	IV	V
14313981	14328979	14647328	14662324	14999	14997	99.98	17393183	17485439	IV	IV
14314897	14317017	3076935	3079059	2121	2125	97.37	17393183	19495157	IV	V
14318644	14320234	5446566	5445000	1591	1567	93.96	17393183	19495157	IV	V
14318644	14320234	5496200	5494635	1591	1566	93.89	17393183	19495157	IV	V
14329039	14337060	14662594	14670618	8022	8025	99.85	17393183	17485439	IV	IV
14337613	14340172	3	2537	2560	2535	88.29	17393183	9108	IV	cb25.NA_247
14354065	14355837	14683295	14685065	1773	1771	94.37	17393183	17485439	IV	IV
14354417	14361442	14683295	14690316	7026	7022	98.98	17393183	17485439	IV	IV
14364518	14367461	14692044	14694989	2944	2946	99.93	17393183	17485439	IV	IV
14367732	14369043	6596925	6595615	1312	1311	99.70	17393183	16627154	IV	II
14367732	14369041	3680414	3681722	1310	1309	99.54	17393183	17485439	IV	IV
14367732	14369041	7491721	7490413	1310	1309	99.62	17393183	19495157	IV	V
14367732	14369043	4124	2813	1312	1312	99.62	17393183	6147	IV	cb25.NA_282
14367733	14369043	16776422	16777730	1311	1309	99.69	17393183	17485439	IV	IV
14367734	14369041	20563942	20565246	1308	1305	99.24	17393183	21540570	IV	X
14368613	14375513	14696259	14703127	6901	6869	99.52	17393183	17485439	IV	IV
14375106	14380783	14703284	14708962	5678	5679	99.98	17393183	17485439	IV	IV
14381131	14390147	14709524	14718516	9017	8993	99.62	17393183	17485439	IV	IV
14390193	14398557	14718764	14727130	8365	8367	99.96	17393183	17485439	IV	IV
14398557	14419877	14727255	14748583	21321	21329	99.64	17393183	17485439	IV	IV
14418174	14421058	14747214	14750078	2885	2865	92.24	17393183	17485439	IV	IV
14418193	14419241	14749092	14750141	1049	1050	90.20	17393183	17485439	IV	IV
14419730	14421423	22658	20973	1694	1686	90.15	17393183	30013	IV	cb25.NA_047
14422024	14436694	14751335	14766004	14671	14670	99.48	17393183	17485439	IV	IV
14436307	14438413	14766445	14768550	2107	2106	91.59	17393183	17485439	IV	IV
14436706	14438816	14766445	14768554	2111	2110	97.68	17393183	17485439	IV	IV
14437033	14453471	14766457	14782835	16439	16379	98.41	17393183	17485439	IV	IV
14453522	14464873	14783007	14794359	11352	11353	99.53	17393183	17485439	IV	IV
14463605	14469468	14793322	14799193	5864	5872	98.50	17393183	17485439	IV	IV
14463605	14464690	14793602	14794671	1086	1070	92.82	17393183	17485439	IV	IV
14469199	14472670	14799848	14803318	3472	3471	99.97	17393183	17485439	IV	IV
14473949	14515202	14803678	14844927	41254	41250	99.85	17393183	17485439	IV	IV
14494375	14499494	12144801	12139685	5120	5117	99.73	17393183	14578851	IV	III
14494375	14495613	3083119	3084355	1239	1237	99.76	17393183	17485439	IV	IV
14495744	14499488	14642670	14638949	3745	3722	99.07	17393183	16627154	IV	II
14515221	14516527	14845510	14846816	1307	1307	99.85	17393183	17485439	IV	IV
14516622	14518118	14847616	14849112	1497	1497	100.00	17393183	17485439	IV	IV
14518647	14519958	35795	34485	1312	1311	99.47	17393183	85292	IV	cb25.fpc4095
14519281	14520447	14849690	14850855	1167	1166	99.83	17393183	17485439	IV	IV
14520653	14527270	14851607	14858239	6618	6633	99.64	17393183	17485439	IV	IV
14527364	14528836	14858886	14860358	1473	1473	100.00	17393183	17485439	IV	IV
14529022	14530423	14860483	14861884	1402	1402	99.86	17393183	17485439	IV	IV
14531128	14547330	14862536	14878738	16203	16203	99.93	17393183	17485439	IV	IV
14547436	14558544	14879367	14890475	11109	11109	99.98	17393183	17485439	IV	IV
14558581	14559919	14891191	14892530	1339	1340	99.85	17393183	17485439	IV	IV
14560162	14565114	14892541	14897493	4953	4953	100.00	17393183	17485439	IV	IV
14565081	14575698	14897822	14908437	10618	10616	99.97	17393183	17485439	IV	IV
14575740	14593623	14908912	14926793	17884	17882	99.96	17393183	17485439	IV	IV
14593459	14599597	14927135	14933271	6139	6137	99.87	17393183	17485439	IV	IV
14600488	14606865	14933334	14939712	6378	6379	99.17	17393183	17485439	IV	IV
14606072	14607118	6310	5279	1047	1032	93.61	17393183	6313	IV	cb25.NA_274
14606973	14651296	15065636	15021335	44324	44302	99.65	17393183	17485439	IV	IV
14607080	14613391	6308	1	6312	6308	98.18	17393183	6313	IV	cb25.NA_274
14607252	14608594	15065636	15064281	1343	1356	95.36	17393183	17485439	IV	IV
14616502	14618420	8373222	8375141	1919	1920	96.64	17393183	15455979	IV	I
14616502	14618420	13769272	13767346	1919	1927	95.67	17393183	17485439	IV	IV
14616503	14618420	8443515	8441597	1918	1919	96.99	17393183	14578851	IV	III
14616503	14618420	9156945	9154971	1918	1975	91.68	17393183	14578851	IV	III
14617016	14618418	6820229	6818831	1403	1399	97.72	17393183	19495157	IV	V
14627134	14628170	7454150	7453116	1037	1035	99.81	17393183	14578851	IV	III
14627135	14628170	8357414	8356378	1036	1037	99.90	17393183	19495157	IV	V
14627135	14628170	9767941	9766904	1036	1038	99.71	17393183	19495157	IV	V
14643747	14645007	11971338	11970079	1261	1260	99.52	17393183	21540570	IV	X
14643748	14645005	8785799	8784542	1258	1258	99.76	17393183	19495157	IV	V
14643751	14645008	2326293	2325041	1258	1253	99.13	17393183	17485439	IV	IV
14651330	14656872	15021023	15015481	5543	5543	99.89	17393183	17485439	IV	IV
14656696	14661701	15016034	15011027	5006	5008	99.16	17393183	17485439	IV	IV
14661480	14681396	15011673	14991771	19917	19903	99.69	17393183	17485439	IV	IV
14667039	14668141	3574647	3573556	1103	1092	91.07	17393183	15455979	IV	I
14682917	14695598	14990174	14977518	12682	12657	99.72	17393183	17485439	IV	IV
14695713	14704532	14976253	14967435	8820	8819	99.99	17393183	17485439	IV	IV
14702955	14704427	14965808	14967280	1473	1473	100.00	17393183	17485439	IV	IV
14704606	14707528	14965781	14962859	2923	2923	99.93	17393183	17485439	IV	IV
14707608	14708805	14962259	14961061	1198	1199	98.83	17393183	17485439	IV	IV
14708395	14709422	1200796	1199781	1028	1016	91.85	17393183	15455979	IV	I
14708503	14709653	18232712	18231561	1151	1152	91.74	17393183	19495157	IV	V
14708618	14709922	19446265	19447569	1305	1305	89.77	17393183	19495157	IV	V
14712748	14714016	8222	9489	1269	1268	99.84	17393183	10761	IV	cb25.NA_116
14713993	14715212	8219	7000	1220	1220	100.00	17393183	10761	IV	cb25.NA_116
14715579	14716910	6204	4873	1332	1332	100.00	17393183	10761	IV	cb25.NA_116
14717749	14718974	4327	3102	1226	1226	99.92	17393183	10761	IV	cb25.NA_116
14718958	14720363	2623	1217	1406	1407	99.64	17393183	10761	IV	cb25.NA_116
14721363	14722836	8521969	8520499	1474	1471	99.66	17393183	15455979	IV	I
14723360	14733343	14939813	14949791	9984	9979	99.69	17393183	17485439	IV	IV
14732544	14735058	14949324	14951837	2515	2514	99.56	17393183	17485439	IV	IV
14735683	14742320	14952760	14959396	6638	6637	99.98	17393183	17485439	IV	IV
14742375	14743776	14959559	14960960	1402	1402	100.00	17393183	17485439	IV	IV
14743896	14754155	15072963	15083219	10260	10257	99.90	17393183	17485439	IV	IV
14744627	14751600	15065737	15072710	6974	6974	100.00	17393183	17485439	IV	IV
14754287	14759223	15083211	15088146	4937	4936	99.98	17393183	17485439	IV	IV
14759620	14760990	15088754	15090143	1371	1390	95.83	17393183	17485439	IV	IV
14761189	14772568	15090102	15101478	11380	11377	99.67	17393183	17485439	IV	IV
14771464	14773867	15099834	15102236	2404	2403	99.17	17393183	17485439	IV	IV
14771914	14774317	15099834	15102236	2404	2403	97.71	17393183	17485439	IV	IV
14773524	14775558	2614	581	2035	2034	96.95	17393183	2614	IV	cb25.NA_371
14774064	14776678	2614	1	2615	2614	98.97	17393183	2614	IV	cb25.NA_371
14774884	14776098	15099834	15101048	1215	1215	95.15	17393183	17485439	IV	IV
14776267	14784080	15102503	15110314	7814	7812	99.74	17393183	17485439	IV	IV
14784255	14787016	15110178	15112930	2762	2753	97.94	17393183	17485439	IV	IV
14785824	14787055	7251	8482	1232	1232	91.32	17393183	11140	IV	cb25.NA_044
14786084	14789416	15113263	15116594	3333	3332	99.97	17393183	17485439	IV	IV
14789393	14803104	15130405	15116695	13712	13711	99.99	17393183	17485439	IV	IV
14795707	14797510	15130506	15132309	1804	1804	99.89	17393183	17485439	IV	IV
14797185	14807059	15131888	15141760	9875	9873	99.82	17393183	17485439	IV	IV
14803094	14804350	168732	169987	1257	1256	99.84	17393183	15455979	IV	I
14803094	14804350	174696	175951	1257	1256	99.84	17393183	15455979	IV	I
14806751	14811758	15141381	15146388	5008	5008	99.74	17393183	17485439	IV	IV
14811602	14814122	15146078	15148598	2521	2521	99.64	17393183	17485439	IV	IV
14813896	14839733	15148267	15174131	25838	25865	99.85	17393183	17485439	IV	IV
14833880	14835528	4656925	4658537	1649	1613	93.05	17393183	16627154	IV	II
14836142	14837343	4658575	4659838	1202	1264	91.99	17393183	16627154	IV	II
14836347	14838114	15176541	15174773	1768	1769	99.60	17393183	17485439	IV	IV
14839903	14860625	15176573	15197295	20723	20723	99.90	17393183	17485439	IV	IV
14855233	14856699	15200201	15198735	1467	1467	99.45	17393183	17485439	IV	IV
14856943	14870094	15200238	15213388	13152	13151	99.99	17393183	17485439	IV	IV
14870075	14877207	15214624	15221722	7133	7099	99.31	17393183	17485439	IV	IV
14877286	14880076	15222420	15225210	2791	2791	99.93	17393183	17485439	IV	IV
14879924	14885415	15225463	15230954	5492	5492	99.98	17393183	17485439	IV	IV
14885607	14891512	15231066	15236970	5906	5905	99.97	17393183	17485439	IV	IV
14891630	14895551	15237530	15241450	3922	3921	99.97	17393183	17485439	IV	IV
14895600	14897830	15241813	15244043	2231	2231	100.00	17393183	17485439	IV	IV
14897603	14899461	15270943	15272801	1859	1859	99.89	17393183	17485439	IV	IV
14901565	14912502	15276348	15287286	10938	10939	99.94	17393183	17485439	IV	IV
14912382	14913625	15286978	15288221	1244	1244	98.39	17393183	17485439	IV	IV
14913646	14915149	15288324	15289827	1504	1504	100.00	17393183	17485439	IV	IV
14915284	14916881	15290278	15291875	1598	1598	100.00	17393183	17485439	IV	IV
14917289	14936205	15292876	15311791	18917	18916	99.99	17393183	17485439	IV	IV
14936154	14945441	15311941	15321238	9288	9298	99.57	17393183	17485439	IV	IV
14936234	14965960	15312032	15341652	29727	29621	99.63	17393183	17485439	IV	IV
14944381	14945505	14950123	14948997	1125	1127	93.27	17393183	17485439	IV	IV
14944503	14945545	14863785	14862754	1043	1032	94.53	17393183	17485439	IV	IV
14966050	14991108	15341742	15366799	25059	25058	99.99	17393183	17485439	IV	IV
14991623	14993256	15367246	15368879	1634	1634	99.94	17393183	17485439	IV	IV
14994365	14996446	15370349	15372429	2082	2081	99.90	17393183	17485439	IV	IV
14997355	14998772	15372971	15374388	1418	1418	100.00	17393183	17485439	IV	IV
14998434	15006907	15374503	15382975	8474	8473	99.76	17393183	17485439	IV	IV
14999159	15005428	2478	8745	6270	6268	99.97	17393183	8745	IV	cb25.NA_077
15007011	15010114	15383661	15386764	3104	3104	100.00	17393183	17485439	IV	IV
15010135	15012902	15387064	15389831	2768	2768	100.00	17393183	17485439	IV	IV
15013505	15014780	15389989	15391265	1276	1277	99.92	17393183	17485439	IV	IV
15014748	15020564	15391317	15397132	5817	5816	99.97	17393183	17485439	IV	IV
15020711	15023349	15397278	15399916	2639	2639	99.77	17393183	17485439	IV	IV
15023581	15027198	15400173	15403789	3618	3617	99.94	17393183	17485439	IV	IV
15027293	15033901	15405342	15411950	6609	6609	100.00	17393183	17485439	IV	IV
15034299	15058931	15411974	15436604	24633	24631	99.98	17393183	17485439	IV	IV
15050625	15053235	1	2611	2611	2611	100.00	17393183	2611	IV	cb25.NA_372
15059868	15066179	15437176	15443486	6312	6311	99.95	17393183	17485439	IV	IV
15066295	15069029	15444038	15446770	2735	2733	99.93	17393183	17485439	IV	IV
15069132	15088107	15447360	15466335	18976	18976	100.00	17393183	17485439	IV	IV
15088133	15101282	15466937	15480085	13150	13149	99.99	17393183	17485439	IV	IV
15101371	15105557	15480215	15484401	4187	4187	100.00	17393183	17485439	IV	IV
15105689	15111655	15484466	15490433	5967	5968	99.98	17393183	17485439	IV	IV
15109844	15111362	15491179	15492695	1519	1517	98.42	17393183	17485439	IV	IV
15111857	15113509	15515456	15517100	1653	1645	92.64	17393183	16627154	IV	II
15113268	15120502	15492269	15499501	7235	7233	99.50	17393183	17485439	IV	IV
15120251	15129380	15498887	15508013	9130	9127	99.90	17393183	17485439	IV	IV
15125680	15132092	1	6431	6413	6431	99.63	17393183	6431	IV	cb25.NA_271
15133340	15162377	15073922	15044885	29038	29038	99.99	17393183	16627154	IV	II
15158359	15174910	15044874	15028323	16552	16552	99.98	17393183	16627154	IV	II
15160670	15162021	15039026	15040377	1352	1352	98.15	17393183	16627154	IV	II
15162856	15164207	15041211	15042564	1352	1354	98.01	17393183	16627154	IV	II
15162856	15164207	15045241	15046592	1352	1352	98.15	17393183	16627154	IV	II
15174980	15183018	15027449	15019412	8039	8038	99.74	17393183	16627154	IV	II
15183155	15216990	15018990	14985160	33836	33831	99.94	17393183	16627154	IV	II
15198343	15199358	6045407	6044414	1016	994	92.81	17393183	19495157	IV	V
15198343	15199358	6066391	6065407	1016	985	90.35	17393183	19495157	IV	V
15214160	15222352	15508114	15516306	8193	8193	99.99	17393183	17485439	IV	IV
15222443	15224359	15516554	15518470	1917	1917	99.48	17393183	17485439	IV	IV
15225151	15230133	15519055	15524037	4983	4983	99.98	17393183	17485439	IV	IV
15230312	15232451	15524468	15526607	2140	2140	100.00	17393183	17485439	IV	IV
15232535	15237911	15526806	15532182	5377	5377	100.00	17393183	17485439	IV	IV
15237244	15239065	15531203	15533023	1822	1821	93.97	17393183	17485439	IV	IV
15238005	15239157	12834632	12835783	1153	1152	93.93	17393183	15455979	IV	I
15239194	15240387	12925585	12924387	1194	1199	92.16	17393183	15455979	IV	I
15240322	15242096	2298045	2296276	1775	1770	91.04	17393183	16627154	IV	II
15243581	15246072	12064627	12062145	2492	2483	91.85	17393183	14578851	IV	III
15244445	15245494	15676192	15677252	1050	1061	90.87	17393183	16627154	IV	II
15244447	15245599	15675278	15674133	1153	1146	91.94	17393183	16627154	IV	II
15244813	15246592	2298042	2296276	1780	1767	90.51	17393183	16627154	IV	II
15245623	15282747	15533259	15570377	37125	37119	99.79	17393183	17485439	IV	IV
15264927	15266186	102576	101318	1260	1259	99.68	17393183	14578851	IV	III
15282821	15285082	15571394	15573655	2262	2262	99.20	17393183	17485439	IV	IV
15284402	15289747	15572914	15578257	5346	5344	99.94	17393183	17485439	IV	IV
15290249	15292310	15578139	15580200	2062	2062	99.08	17393183	17485439	IV	IV
15293025	15301490	15580526	15588989	8466	8464	99.93	17393183	17485439	IV	IV
15301235	15302440	1	1207	1206	1207	99.92	17393183	1854	IV	cb25.NA_114
15301961	15303276	15589483	15590798	1316	1316	100.00	17393183	17485439	IV	IV
15303989	15317593	15591303	15604905	13605	13603	99.92	17393183	17485439	IV	IV
15317751	15322807	15604905	15609961	5057	5057	99.98	17393183	17485439	IV	IV
15322851	15345304	15610326	15632776	22454	22451	99.93	17393183	17485439	IV	IV
15342951	15344179	14793434	14794674	1229	1241	91.13	17393183	17485439	IV	IV
15342951	15344383	18575192	18576609	1433	1418	92.60	17393183	19495157	IV	V
15345407	15346557	18626489	18627618	1151	1130	88.36	17393183	19495157	IV	V
15346871	15347992	11858887	11857776	1122	1112	90.93	17393183	15455979	IV	I
15346927	15347992	11859692	11858634	1066	1059	90.76	17393183	15455979	IV	I
15350920	15354928	15633922	15637930	4009	4009	100.00	17393183	17485439	IV	IV
15354675	15355935	15638625	15639870	1261	1246	97.94	17393183	17485439	IV	IV
15356312	15368073	15640328	15652089	11762	11762	99.86	17393183	17485439	IV	IV
15368079	15382274	15652347	15666538	14196	14192	99.84	17393183	17485439	IV	IV
15380187	15382096	15667950	15669859	1910	1910	100.00	17393183	17485439	IV	IV
15381480	15382968	15665924	15667410	1489	1487	97.86	17393183	17485439	IV	IV
15382195	15386549	15669859	15674213	4355	4355	99.89	17393183	17485439	IV	IV
15386645	15387860	15674363	15675578	1216	1216	100.00	17393183	17485439	IV	IV
15388236	15390343	15675916	15678022	2108	2107	99.67	17393183	17485439	IV	IV
15390608	15396227	15677972	15683591	5620	5620	100.00	17393183	17485439	IV	IV
15396364	15402501	15683594	15689730	6138	6137	99.63	17393183	17485439	IV	IV
15402642	15406335	15689557	15693248	3694	3692	99.81	17393183	17485439	IV	IV
15406709	15412740	15693251	15699280	6032	6030	99.97	17393183	17485439	IV	IV
15414465	15486853	15701237	15773618	72389	72382	99.97	17393183	17485439	IV	IV
15486936	15562981	15775009	15851045	76046	76037	99.98	17393183	17485439	IV	IV
15504357	15505811	11772946	11771497	1455	1450	97.87	17393183	14578851	IV	III
15504497	15505817	8086951	8088266	1321	1316	98.03	17393183	17485439	IV	IV
15504667	15505816	10118606	10117464	1150	1143	97.74	17393183	14578851	IV	III
15538751	15540460	13340989	13339287	1710	1703	99.24	17393183	15455979	IV	I
15538942	15540459	2517669	2516180	1518	1490	97.83	17393183	17485439	IV	IV
15563090	15572431	15851282	15860622	9342	9341	99.99	17393183	17485439	IV	IV
15572833	15580817	15860960	15868944	7985	7985	99.89	17393183	17485439	IV	IV
15576227	15587603	15869911	15881282	11377	11372	99.72	17393183	17485439	IV	IV
15579475	15582284	115947	118736	2810	2790	94.81	17393183	17485439	IV	IV
15587332	15606983	15880931	15900580	19652	19650	99.97	17393183	17485439	IV	IV
15607334	15618429	15900725	15911816	11096	11092	99.93	17393183	17485439	IV	IV
15618709	15621838	15912398	15915527	3130	3130	99.97	17393183	17485439	IV	IV
15621934	15635470	15917586	15931121	13537	13536	99.99	17393183	17485439	IV	IV
15635586	15636916	15931132	15932461	1331	1330	99.17	17393183	17485439	IV	IV
15636993	15648040	15932583	15943628	11048	11046	99.95	17393183	17485439	IV	IV
15648632	15650050	2795	1377	1419	1419	100.00	17393183	2795	IV	cb25.NA_050
15649646	15656301	15943065	15949736	6656	6672	99.54	17393183	17485439	IV	IV
15650653	15651831	1179	1	1179	1179	100.00	17393183	2795	IV	cb25.NA_050
15655419	15657994	15948754	15951329	2576	2576	98.72	17393183	17485439	IV	IV
15658248	15659465	15951370	15952587	1218	1218	100.00	17393183	17485439	IV	IV
15660937	15675984	78106	93151	15048	15046	99.97	17393183	14578851	IV	III
15675824	15689050	93259	106482	13227	13224	99.98	17393183	14578851	IV	III
15683886	15685145	2679624	2678364	1260	1261	99.45	17393183	14578851	IV	III
15683886	15685149	10708111	10706847	1264	1265	99.45	17393183	14578851	IV	III
15683886	15685144	15553820	15552561	1259	1260	99.68	17393183	17485439	IV	IV
15683886	15685144	17953120	17951861	1259	1260	99.60	17393183	19495157	IV	V
15683886	15685144	2593	1334	1259	1260	99.60	17393183	6192	IV	cb25.NA_277
15688600	15689620	15675151	15674133	1021	1019	94.72	17393183	16627154	IV	II
15688730	15690101	1688283	1686912	1372	1372	96.21	17393183	16627154	IV	II
15689841	15706706	15970454	15953589	16866	16866	99.97	17393183	17485439	IV	IV
15706119	15715420	15969773	15979066	9302	9294	99.36	17393183	17485439	IV	IV
15715408	15725669	15979395	15989664	10262	10270	99.89	17393183	17485439	IV	IV
15725833	15734471	15990381	15999017	8639	8637	99.97	17393183	17485439	IV	IV
15736154	15740085	15999304	16003237	3932	3934	99.59	17393183	17485439	IV	IV
15740050	15746947	16002992	16009888	6898	6897	99.52	17393183	17485439	IV	IV
15747138	15751877	16010180	16014919	4740	4740	100.00	17393183	17485439	IV	IV
15751923	15757726	16016682	16022487	5804	5806	99.78	17393183	17485439	IV	IV
15757467	15764183	16021970	16028688	6717	6719	99.94	17393183	17485439	IV	IV
15762050	15763216	15234296	15233128	1167	1169	98.89	17393183	21540570	IV	X
15762062	15763216	2241676	2240521	1155	1156	99.05	17393183	17485439	IV	IV
15762174	15763240	16030855	16029791	1067	1065	99.53	17393183	17485439	IV	IV
15765371	15770393	16029054	16034076	5023	5023	99.98	17393183	17485439	IV	IV
15766108	15767172	16027745	16026679	1065	1067	99.63	17393183	17485439	IV	IV
15770479	15774454	16034253	16038228	3976	3976	99.95	17393183	17485439	IV	IV
15774556	15800393	16040295	16066127	25838	25833	99.90	17393183	17485439	IV	IV
15800428	15810754	16065618	16075945	10327	10328	99.44	17393183	17485439	IV	IV
15802067	15803155	1	1064	1089	1064	90.31	17393183	13413	IV	cb25.NA_092
15810730	15836372	16076266	16101905	25643	25640	99.91	17393183	17485439	IV	IV
15836544	15851282	16102712	16117449	14739	14738	99.99	17393183	17485439	IV	IV
15852664	15882845	16118640	16148819	30182	30180	99.98	17393183	17485439	IV	IV
15882923	15893839	16148988	16159906	10917	10919	99.79	17393183	17485439	IV	IV
15893768	15902023	16161094	16169349	8256	8256	100.00	17393183	17485439	IV	IV
15902066	15904317	16170177	16172428	2252	2252	99.96	17393183	17485439	IV	IV
15904351	15907207	16172712	16175571	2857	2860	99.41	17393183	17485439	IV	IV
15906958	15928885	16175180	16197107	21928	21928	99.95	17393183	17485439	IV	IV
15930535	15932061	16198146	16199672	1527	1527	99.80	17393183	17485439	IV	IV
15932984	15988622	16200718	16256352	55639	55635	99.99	17393183	17485439	IV	IV
15989459	15992594	16257028	16260163	3136	3136	99.94	17393183	17485439	IV	IV
16008109	16009518	16267333	16268742	1410	1410	100.00	17393183	17485439	IV	IV
16009645	16057374	16268753	16316482	47730	47730	99.99	17393183	17485439	IV	IV
16057493	16067131	16316802	16326439	9639	9638	99.99	17393183	17485439	IV	IV
16067166	16070877	16326854	16330565	3712	3712	99.97	17393183	17485439	IV	IV
16070905	16072531	16330699	16332325	1627	1627	100.00	17393183	17485439	IV	IV
16072279	16073310	16444740	16445771	1032	1032	100.00	17393183	17485439	IV	IV
16073338	16082138	16333004	16341801	8801	8798	99.78	17393183	17485439	IV	IV
16074864	16077430	16447608	16450174	2567	2567	99.96	17393183	17485439	IV	IV
16082173	16083574	16342640	16344041	1402	1402	100.00	17393183	17485439	IV	IV
16083809	16085629	16344067	16345885	1821	1819	99.78	17393183	17485439	IV	IV
16085602	16119624	16346695	16380713	34023	34019	99.99	17393183	17485439	IV	IV
16119283	16125829	16384804	16391349	6547	6546	99.98	17393183	17485439	IV	IV
16125896	16127640	16391598	16393342	1745	1745	100.00	17393183	17485439	IV	IV
16129055	16134711	16395192	16400848	5657	5657	100.00	17393183	17485439	IV	IV
16134801	16137548	16401488	16404233	2748	2746	94.94	17393183	17485439	IV	IV
16135941	16140043	16402465	16406527	4103	4063	98.71	17393183	17485439	IV	IV
16140098	16161858	16407170	16428924	21761	21755	99.97	17393183	17485439	IV	IV
16161904	16166682	16429557	16434333	4779	4777	99.33	17393183	17485439	IV	IV
16166842	16170220	16434333	16437711	3379	3379	99.82	17393183	17485439	IV	IV
16170291	16176047	16438883	16444639	5757	5757	99.93	17393183	17485439	IV	IV
16174584	16175813	16572753	16571523	1230	1231	97.81	17393183	17485439	IV	IV
16174691	16176773	16573605	16571523	2083	2083	99.14	17393183	17485439	IV	IV
16176011	16229916	16573605	16519701	53906	53905	99.94	17393183	17485439	IV	IV
16176371	16178093	16573605	16571883	1723	1723	99.42	17393183	17485439	IV	IV
16177062	16178811	16575364	16573616	1750	1749	99.94	17393183	17485439	IV	IV
16229872	16231918	16519690	16517646	2047	2045	99.66	17393183	17485439	IV	IV
16231917	16263274	16516823	16485468	31358	31356	99.99	17393183	17485439	IV	IV
16263765	16299047	16485554	16450275	35283	35280	99.91	17393183	17485439	IV	IV
16299174	16315058	16575465	16591349	15885	15885	100.00	17393183	17485439	IV	IV
16315065	16317566	16592221	16594720	2502	2500	99.88	17393183	17485439	IV	IV
16316920	16317998	15677252	15676190	1079	1063	91.55	17393183	16627154	IV	II
16317094	16318623	15531909	15533410	1530	1502	94.32	17393183	16627154	IV	II
16317470	16318800	12058634	12057347	1331	1288	93.40	17393183	14578851	IV	III
16319034	16320328	13146114	13147392	1295	1279	93.96	17393183	15455979	IV	I
16320882	16322715	1628	3441	1834	1814	98.31	17393183	3441	IV	cb25.NA_090
16322092	16323409	12057352	12058634	1318	1283	94.31	17393183	14578851	IV	III
16322092	16323274	13336940	13335787	1183	1154	94.77	17393183	14578851	IV	III
16322095	16323622	15533406	15531909	1528	1498	92.15	17393183	16627154	IV	II
16324372	16326329	18201495	18199591	1958	1905	93.39	17393183	19495157	IV	V
16326861	16328422	13337314	13335787	1562	1528	93.54	17393183	14578851	IV	III
16348037	16349230	17202569	17201406	1194	1164	93.63	17393183	19495157	IV	V
16351414	16353407	18201495	18199591	1994	1905	91.75	17393183	19495157	IV	V
16357708	16358757	13147392	13146368	1050	1025	93.85	17393183	15455979	IV	I
16358366	16360448	16823953	16821872	2083	2082	99.90	17393183	17485439	IV	IV
16360350	16362306	16821800	16819844	1957	1957	100.00	17393183	17485439	IV	IV
16362394	16481453	16819359	16700313	119060	119047	99.98	17393183	17485439	IV	IV
16404020	16405335	10275887	10274578	1316	1310	99.39	17393183	14578851	IV	III
16404026	16405334	8210102	8211409	1309	1308	99.85	17393183	17485439	IV	IV
16404027	16405335	10805634	10804333	1309	1302	99.39	17393183	15455979	IV	I
16428119	16429144	12300672	12301700	1026	1029	97.86	17393183	17485439	IV	IV
16428119	16429144	3138	4166	1026	1029	97.86	17393183	8930	IV	cb25.NA_248
16481391	16488558	16699776	16692610	7168	7167	99.87	17393183	17485439	IV	IV
16488571	16501174	16692356	16679754	12604	12603	99.99	17393183	17485439	IV	IV
16501201	16529784	16679018	16650435	28584	28584	99.98	17393183	17485439	IV	IV
16529845	16540064	16649918	16639699	10220	10220	100.00	17393183	17485439	IV	IV
16540833	16547132	16638888	16632589	6300	6300	100.00	17393183	17485439	IV	IV
16541696	16547247	16600421	16594868	5552	5554	99.73	17393183	17485439	IV	IV
16547313	16563786	16632155	16615684	16474	16472	99.99	17393183	17485439	IV	IV
16563505	16573687	16615378	16605194	10183	10185	99.91	17393183	17485439	IV	IV
16574151	16577571	16604837	16601422	3421	3416	99.71	17393183	17485439	IV	IV
16577786	16593055	16824072	16839338	15270	15267	99.85	17393183	17485439	IV	IV
16593480	16633366	16839077	16878943	39887	39867	99.89	17393183	17485439	IV	IV
16633472	16645161	16879483	16891172	11690	11690	100.00	17393183	17485439	IV	IV
16642340	16644076	16896919	16898652	1737	1734	94.54	17393183	17485439	IV	IV
16643396	16648879	16891273	16896756	5484	5484	100.00	17393183	17485439	IV	IV
16643715	16654169	16898000	16908455	10455	10456	99.99	17393183	17485439	IV	IV
16654267	16712151	16912553	16970433	57885	57881	99.98	17393183	17485439	IV	IV
16670310	16671617	14238472	14237161	1308	1312	99.01	17393183	17485439	IV	IV
16670311	16671614	13693883	13692575	1304	1309	99.08	17393183	17485439	IV	IV
16673824	16675084	18838829	18837569	1261	1261	99.92	17393183	21540570	IV	X
16673828	16675088	10135523	10134264	1261	1260	99.76	17393183	21540570	IV	X
16673830	16675088	283547	282290	1259	1258	99.76	17393183	14578851	IV	III
16712219	16733822	16974278	16995880	21604	21603	99.99	17393183	17485439	IV	IV
16733873	16742047	16996209	17004382	8175	8174	99.84	17393183	17485439	IV	IV
16742289	16750664	17004192	17012573	8376	8382	98.75	17393183	17485439	IV	IV
16750722	16776833	17012389	17038500	26112	26112	99.98	17393183	17485439	IV	IV
16751023	16752329	13836034	13834718	1307	1317	95.84	17393183	17485439	IV	IV
16776824	16810078	17038721	17071974	33255	33254	99.99	17393183	17485439	IV	IV
16810299	16821200	17072367	17083267	10902	10901	99.97	17393183	17485439	IV	IV
16813388	16814478	8006075	8005029	1091	1047	93.13	17393183	21540570	IV	X
16820971	16831653	17082942	17093624	10683	10683	99.99	17393183	17485439	IV	IV
16832551	16848321	17094148	17109928	15771	15781	99.70	17393183	17485439	IV	IV
16847582	16848758	2567	3760	1177	1194	89.21	17393183	40913	IV	cb25.fpc4366
16850791	16852167	12304291	12305667	1377	1377	100.00	17393183	17485439	IV	IV
16855880	16857076	14082978	14084173	1197	1196	92.40	17393183	17485439	IV	IV
16861415	16862845	15631857	15630421	1431	1437	89.68	17393183	17485439	IV	IV
16863824	16865389	2706	1141	1566	1566	99.94	17393183	2709	IV	cb25.NA_365
16869239	16871231	2085408	2083403	1993	2006	92.36	17393183	16627154	IV	II
16871683	16872846	17202569	17201406	1164	1164	91.76	17393183	19495157	IV	V
16873781	16874846	16534699	16535764	1066	1066	90.43	17393183	19495157	IV	V
16878486	16880019	2706	1141	1534	1566	97.96	17393183	2709	IV	cb25.NA_365
16880086	16887981	12305691	12313585	7896	7895	99.96	17393183	17485439	IV	IV
16888050	16926439	12313774	12352157	38390	38384	99.98	17393183	17485439	IV	IV
16926481	16927686	12352514	12353719	1206	1206	100.00	17393183	17485439	IV	IV
16927885	16985628	12353777	12411518	57744	57742	99.98	17393183	17485439	IV	IV
16985796	17018043	12411667	12443898	32248	32232	99.76	17393183	17485439	IV	IV
17018193	17043680	17485439	17459957	25488	25483	99.98	17393183	17485439	IV	IV
17043738	17063423	17459562	17439879	19686	19684	99.99	17393183	17485439	IV	IV
17063442	17082324	17439323	17420441	18883	18883	99.99	17393183	17485439	IV	IV
17081077	17083321	17420268	17418024	2245	2245	97.77	17393183	17485439	IV	IV
17081782	17140647	17420268	17361408	58866	58861	99.95	17393183	17485439	IV	IV
17140906	17280439	17360842	17221319	139534	139524	99.98	17393183	17485439	IV	IV
17192940	17194011	7329708	7328620	1072	1089	89.75	17393183	15455979	IV	I
17192941	17194011	6854592	6853514	1071	1079	89.96	17393183	14578851	IV	III
17192943	17194010	9976668	9975595	1068	1074	88.23	17393183	17485439	IV	IV
17276010	17333579	17217366	17159804	57570	57563	99.97	17393183	17485439	IV	IV
17333769	17366268	17152841	17120345	32500	32497	99.98	17393183	17485439	IV	IV
17364794	17365848	10072	11126	1055	1055	98.67	17393183	11126	IV	cb25.NA_236
17366865	17369715	17112879	17110029	2851	2851	99.96	17393183	17485439	IV	IV
17367044	17368244	510276	511479	1201	1204	98.26	17393183	17485439	IV	IV
17367756	17368906	16626982	16625831	1151	1152	98.44	17393183	16627154	IV	II
6776	9632	2854	1	2857	2854	99.09	20132538	5869	V	cb25.NA_289
6943	14155	1	7209	7213	7209	99.74	20132538	8253	V	cb25.fpc4500
16739	18910	1	2173	2172	2173	99.72	20132538	2618	V	cb25.NA_370
348615	359163	417530	406982	10549	10549	99.96	20132538	15455979	V	I
359175	366506	402815	395485	7332	7331	99.73	20132538	15455979	V	I
359667	361078	405570	406981	1412	1412	100.00	20132538	15455979	V	I
366731	369579	1	2849	2849	2849	100.00	20132538	19495157	V	V
368295	369409	3940687	3939558	1115	1130	91.74	20132538	16627154	V	II
368295	369409	9635095	9633962	1115	1134	92.41	20132538	14578851	V	III
368300	369381	1075136	1076225	1082	1090	90.17	20132538	19495157	V	V
368302	369370	4252	3189	1069	1064	84.53	20132538	19495157	V	V
369621	373185	3189	6753	3565	3565	100.00	20132538	19495157	V	V
373191	382363	6895	16076	9173	9182	99.55	20132538	19495157	V	V
382528	441335	17119	75848	58808	58730	99.85	20132538	19495157	V	V
442010	507692	76443	142122	65683	65680	99.99	20132538	19495157	V	V
507864	625089	142620	259840	117226	117221	99.99	20132538	19495157	V	V
625445	645213	265073	284842	19769	19770	99.98	20132538	19495157	V	V
646495	772860	285520	411814	126366	126295	99.93	20132538	19495157	V	V
669657	670914	16357203	16355946	1258	1258	99.92	20132538	21540570	V	X
669657	670914	3142	4399	1258	1258	99.76	20132538	7406	V	cb25.NA_099
669667	670916	929418	928169	1250	1250	99.76	20132538	19495157	V	V
676188	677810	152775	154396	1623	1622	99.51	20132538	17485439	V	IV
772912	774486	412240	413813	1575	1574	99.94	20132538	19495157	V	V
774551	855579	414428	495467	81029	81040	99.96	20132538	19495157	V	V
784297	785757	429322	427885	1461	1438	93.19	20132538	19495157	V	V
788008	789445	425634	424174	1438	1461	93.19	20132538	19495157	V	V
828410	829670	3877761	3876501	1261	1261	99.92	20132538	16627154	V	II
828410	829670	1360	2620	1261	1261	99.92	20132538	5267	V	cb25.NA_295
855626	1110163	496089	750608	254538	254520	99.99	20132538	19495157	V	V
882956	884513	13153422	13154973	1558	1552	96.73	20132538	16627154	V	II
883340	884436	3567313	3566240	1097	1074	87.84	20132538	17485439	V	IV
933907	935021	11251868	11250725	1115	1144	92.76	20132538	14578851	V	III
933907	935233	13516149	13514839	1327	1311	90.07	20132538	17485439	V	IV
933907	935234	18749313	18747967	1328	1347	93.90	20132538	19495157	V	V
933908	935234	12789524	12788185	1327	1340	91.08	20132538	16627154	V	II
934020	935233	2710640	2709411	1214	1230	90.07	20132538	21540570	V	X
956924	958314	605191	603806	1391	1386	81.55	20132538	19495157	V	V
958704	960262	605209	603659	1559	1551	82.03	20132538	19495157	V	V
958707	960261	625191	623616	1555	1576	80.69	20132538	19495157	V	V
959166	960279	627956	626846	1114	1111	80.86	20132538	19495157	V	V
959167	960279	610048	608934	1113	1115	83.79	20132538	19495157	V	V
959167	960259	6325486	6324383	1093	1104	82.70	20132538	19495157	V	V
959170	960281	621870	620764	1112	1107	82.60	20132538	19495157	V	V
980311	981417	600738	599627	1107	1112	82.60	20132538	19495157	V	V
983163	984738	600718	599164	1576	1555	80.71	20132538	19495157	V	V
1004049	1005201	9106330	9105206	1153	1125	92.44	20132538	16627154	V	II
1004049	1005124	15629272	15628185	1076	1088	89.76	20132538	21540570	V	X
1004049	1005124	3169	2082	1076	1088	89.76	20132538	6357	V	cb25.NA_272
1103142	1118006	1	14864	14865	14864	99.97	20132538	14864	V	cb25.NA_222
1112697	1125881	750642	763824	13185	13183	99.87	20132538	19495157	V	V
1125976	1131567	764113	769703	5592	5591	99.98	20132538	19495157	V	V
1131685	1133216	769713	771243	1532	1531	99.93	20132538	19495157	V	V
1133259	1134488	771720	772949	1230	1230	100.00	20132538	19495157	V	V
1134647	1202733	773374	841458	68087	68085	99.99	20132538	19495157	V	V
1138834	1140079	8569654	8568412	1246	1243	96.96	20132538	14578851	V	III
1194934	1196034	1265313	1264232	1101	1082	93.01	20132538	15455979	V	I
1194934	1196030	5382887	5383968	1097	1082	96.08	20132538	17485439	V	IV
1204047	1222085	841589	859625	18039	18037	99.92	20132538	19495157	V	V
1221995	1223536	858789	860329	1542	1541	99.22	20132538	19495157	V	V
1224213	1225550	861330	862667	1338	1338	95.37	20132538	19495157	V	V
1225023	1227218	861330	863525	2196	2196	98.86	20132538	19495157	V	V
1229277	1232983	866534	870238	3707	3705	99.78	20132538	19495157	V	V
1234508	1235791	871290	872573	1284	1284	100.00	20132538	19495157	V	V
1235822	1256895	873279	894352	21074	21074	99.99	20132538	19495157	V	V
1256992	1276664	895486	915215	19673	19730	99.61	20132538	19495157	V	V
1277339	1290937	916129	929728	13599	13600	99.95	20132538	19495157	V	V
1289371	1290634	15969654	15968391	1264	1264	99.45	20132538	21540570	V	X
1289374	1290638	10489170	10487907	1265	1264	99.53	20132538	21540570	V	X
1289380	1290638	13234369	13233112	1259	1258	99.60	20132538	14578851	V	III
1291873	1324670	930797	963596	32798	32800	99.95	20132538	19495157	V	V
1325327	1365019	963461	1003150	39693	39690	99.96	20132538	19495157	V	V
1360570	1361888	1030720	1029404	1319	1317	99.17	20132538	15455979	V	I
1360571	1361888	12546221	12544915	1318	1307	98.56	20132538	21540570	V	X
1360573	1361882	14514422	14513113	1310	1310	99.54	20132538	16627154	V	II
1360936	1416194	1003284	1058557	55259	55274	99.96	20132538	19495157	V	V
1363824	1364917	5764902	5763889	1094	1014	87.24	20132538	19495157	V	V
1417372	1431536	1327456	1313294	14165	14163	99.98	20132538	19495157	V	V
1431422	1432584	5635792	5634630	1163	1163	99.91	20132538	17485439	V	IV
1432556	1442353	1312641	1302848	9798	9794	99.81	20132538	19495157	V	V
1443020	1450424	1303372	1295953	7405	7420	99.69	20132538	19495157	V	V
1450449	1463347	1295312	1282416	12899	12897	99.98	20132538	19495157	V	V
1463268	1471036	1282600	1274832	7769	7769	99.90	20132538	19495157	V	V
1471142	1490590	1274103	1254656	19449	19448	99.96	20132538	19495157	V	V
1490772	1561096	1254029	1183731	70325	70299	99.94	20132538	19495157	V	V
1492971	1494144	1239196	1240370	1174	1175	98.89	20132538	19495157	V	V
1494923	1496105	1241031	1242217	1183	1187	97.48	20132538	19495157	V	V
1502588	1503775	1248698	1249880	1188	1183	97.56	20132538	19495157	V	V
1504436	1505610	1250659	1251832	1175	1174	98.89	20132538	19495157	V	V
1504468	1505624	8694092	8692934	1157	1159	94.49	20132538	19495157	V	V
1561121	1582686	1182908	1161352	21566	21557	99.96	20132538	19495157	V	V
1563818	1565150	2303513	2302174	1333	1340	97.40	20132538	15455979	V	I
1563818	1565150	13739374	13738040	1333	1335	95.67	20132538	17485439	V	IV
1563818	1565150	15517484	15518814	1333	1331	96.57	20132538	19495157	V	V
1563819	1565205	3730745	3729375	1387	1371	94.98	20132538	15455979	V	I
1563819	1565150	13653583	13652254	1332	1330	95.67	20132538	17485439	V	IV
1563819	1565205	726	2096	1387	1371	94.98	20132538	4721	V	cb25.NA_301
1563820	1564895	9774018	9772957	1076	1062	96.49	20132538	16627154	V	II
1564112	1565150	1957	925	1039	1033	95.21	20132538	1957	V	cb25.NA_417
1570441	1571697	11753001	11751745	1257	1257	99.68	20132538	19495157	V	V
1570443	1571700	12536988	12535732	1258	1257	99.52	20132538	17485439	V	IV
1570443	1571699	12644766	12643511	1257	1256	99.52	20132538	17485439	V	IV
1570443	1571697	2817125	2815871	1255	1255	99.68	20132538	19495157	V	V
1570444	1571700	8148994	8150255	1257	1262	98.89	20132538	15455979	V	I
1570444	1571705	3016006	3017268	1262	1263	99.29	20132538	19495157	V	V
1580186	1581378	1556370	1555180	1193	1191	95.56	20132538	19495157	V	V
1581775	1583261	23510	22026	1487	1485	99.33	20132538	79173	V	cb25.NA_037
1583361	1596171	1161230	1148421	12811	12810	99.96	20132538	19495157	V	V
1584141	1585758	1554204	1552594	1618	1611	92.21	20132538	19495157	V	V
1596386	1649958	1147977	1094407	53573	53571	99.98	20132538	19495157	V	V
1649997	1685483	1094144	1058659	35487	35486	99.99	20132538	19495157	V	V
1667916	1669384	2654133	2652669	1469	1465	91.27	20132538	16627154	V	II
1667916	1669388	8802575	8801107	1473	1469	92.21	20132538	14578851	V	III
1667916	1669388	9060812	9059329	1473	1484	93.21	20132538	14578851	V	III
1667916	1669397	9977985	9976478	1482	1508	91.96	20132538	14578851	V	III
1667916	1669006	2651	1570	1091	1082	90.26	20132538	19495157	V	V
1667916	1669068	6813466	6812300	1153	1167	93.56	20132538	19495157	V	V
1685835	1690472	1328457	1333094	4638	4638	99.91	20132538	19495157	V	V
1690456	1695491	1333228	1338263	5036	5036	100.00	20132538	19495157	V	V
1695725	1706711	1338375	1349362	10987	10988	99.90	20132538	19495157	V	V
1706627	1709373	1350363	1353074	2747	2712	86.89	20132538	19495157	V	V
1706844	1708776	14127276	14125343	1933	1934	95.09	20132538	16627154	V	II
1707864	1709816	14127276	14125343	1953	1934	95.96	20132538	16627154	V	II
1709386	1710878	1350363	1351813	1493	1451	93.44	20132538	19495157	V	V
1711384	1712482	1352619	1353677	1099	1059	92.72	20132538	19495157	V	V
1712839	1715487	1350363	1353074	2649	2712	88.15	20132538	19495157	V	V
1713449	1714762	1348044	1349341	1314	1298	86.69	20132538	19495157	V	V
1714076	1716288	14127276	14125084	2213	2193	87.99	20132538	16627154	V	II
1714159	1717113	1350363	1353376	2955	3014	91.16	20132538	19495157	V	V
1722948	1725249	1	2320	2302	2320	97.03	20132538	85292	V	cb25.fpc4095
1723530	1729909	863	7284	6380	6422	98.10	20132538	85292	V	cb25.fpc4095
1728904	1730467	5720	7284	1564	1565	98.79	20132538	85292	V	cb25.fpc4095
1730189	1731191	7331	8333	1003	1003	97.71	20132538	85292	V	cb25.fpc4095
1730392	1731955	5720	7284	1564	1565	97.32	20132538	85292	V	cb25.fpc4095
1730654	1731656	7331	8333	1003	1003	98.11	20132538	85292	V	cb25.fpc4095
1731212	1784486	7331	60602	53275	53272	99.98	20132538	85292	V	cb25.fpc4095
1758365	1759675	1985387	1984053	1311	1335	97.53	20132538	19495157	V	V
1758366	1759674	3669142	3667835	1309	1308	99.31	20132538	16627154	V	II
1758490	1759675	6070940	6069757	1186	1184	99.07	20132538	21540570	V	X
1777548	1778807	10428688	10427418	1260	1271	96.15	20132538	14578851	V	III
1777548	1778809	20035739	20034473	1262	1267	95.84	20132538	21540570	V	X
1784535	1808419	61410	85292	23885	23883	99.94	20132538	85292	V	cb25.fpc4095
1808888	1810671	1621034	1619255	1784	1780	98.15	20132538	19495157	V	V
1809425	1810814	1	1402	1390	1402	98.08	20132538	12135	V	cb25.NA_039
1811101	1812457	1402	2757	1357	1356	99.71	20132538	12135	V	cb25.NA_039
1812464	1816274	3347	7124	3811	3778	98.30	20132538	12135	V	cb25.NA_039
1814400	1816274	1617353	1615509	1875	1845	97.65	20132538	19495157	V	V
1815149	1818524	1353783	1357158	3376	3376	99.94	20132538	19495157	V	V
1818664	1867342	1357479	1406169	48679	48691	99.93	20132538	19495157	V	V
1867644	1909641	1406787	1448786	41998	42000	99.96	20132538	19495157	V	V
1909654	2003921	1453394	1547652	94268	94259	99.97	20132538	19495157	V	V
1954639	1955958	15477715	15476395	1320	1321	94.92	20132538	21540570	V	X
1954640	1955730	13929103	13928023	1091	1081	95.54	20132538	15455979	V	I
1954640	1955730	1802	2884	1091	1083	95.36	20132538	4259	V	cb25.NA_312
1954642	1955796	19981596	19982739	1155	1144	96.12	20132538	21540570	V	X
1954818	1956262	3027505	3028960	1445	1456	97.19	20132538	19495157	V	V
1955287	1956553	8073	9350	1267	1278	96.88	20132538	26062	V	cb25.NA_032
1974744	1975767	14374725	14373733	1024	993	92.63	20132538	15455979	V	I
1974744	1975763	13152406	13151394	1020	1013	94.74	20132538	19495157	V	V
1974745	1975763	18768408	18767399	1019	1010	96.00	20132538	21540570	V	X
1987723	1989343	152777	154396	1621	1620	99.69	20132538	17485439	V	IV
2005716	2017288	1550051	1561624	11573	11574	99.95	20132538	19495157	V	V
2008259	2009869	1158833	1160450	1611	1618	92.21	20132538	19495157	V	V
2010845	2012035	1162659	1163851	1191	1193	95.56	20132538	19495157	V	V
2017376	2019138	1562226	1563988	1763	1763	100.00	20132538	19495157	V	V
2019187	2072003	1564610	1617353	52817	52744	99.84	20132538	19495157	V	V
2036644	2037745	2101476	2100406	1102	1071	91.42	20132538	17485439	V	IV
2036646	2037745	15223491	15222377	1100	1115	93.74	20132538	15455979	V	I
2045696	2050949	12144957	12139683	5254	5275	99.22	20132538	14578851	V	III
2047218	2050946	14642670	14638944	3729	3727	99.62	20132538	16627154	V	II
2049143	2050942	3086313	3088111	1800	1799	99.67	20132538	17485439	V	IV
2070157	2073934	7125	3347	3778	3779	98.94	20132538	12135	V	cb25.NA_039
2070158	2071254	1354908	1353783	1097	1126	96.18	20132538	19495157	V	V
2070158	2071827	6738217	6736547	1670	1671	96.99	20132538	19495157	V	V
2070245	2071245	4759051	4758051	1001	1001	98.00	20132538	19495157	V	V
2073941	2075208	2757	1491	1268	1267	99.37	20132538	12135	V	cb25.NA_039
2075204	2076821	663528	661913	1618	1616	98.58	20132538	16627154	V	II
2075206	2076823	4568786	4567170	1618	1617	99.88	20132538	17485439	V	IV
2075441	2081716	1617454	1623728	6276	6275	99.95	20132538	19495157	V	V
2077174	2078488	1372	1	1315	1372	95.05	20132538	12135	V	cb25.NA_039
2082015	2103845	1624622	1646453	21831	21832	99.95	20132538	19495157	V	V
2088872	2090308	1634687	1633251	1437	1437	100.00	20132538	19495157	V	V
2090646	2092082	1632913	1631478	1437	1436	99.93	20132538	19495157	V	V
2103893	2142104	1647786	1685996	38212	38211	99.97	20132538	19495157	V	V
2142241	2249024	1686007	1792782	106784	106776	99.99	20132538	19495157	V	V
2166119	2167303	10156623	10157829	1185	1207	88.25	20132538	19495157	V	V
2166247	2167301	6717793	6716736	1055	1058	85.09	20132538	19495157	V	V
2222569	2224140	3310341	3308771	1572	1571	98.73	20132538	19495157	V	V
2247273	2248817	1798320	1799864	1545	1545	100.00	20132538	19495157	V	V
2248838	2253741	1793275	1798178	4904	4904	99.88	20132538	19495157	V	V
2249123	2275360	1799932	1826167	26238	26236	99.97	20132538	19495157	V	V
2275669	2280862	1826163	1831355	5194	5193	99.96	20132538	19495157	V	V
2276391	2278018	1628	1	1628	1628	100.00	20132538	2340	V	cb25.NA_089
2280872	2321161	1831537	1871823	40290	40287	99.98	20132538	19495157	V	V
2321292	2376401	1871608	1926713	55110	55106	99.96	20132538	19495157	V	V
2349069	2350248	2596938	2598128	1180	1191	84.08	20132538	19495157	V	V
2376482	2437745	1935153	1996410	61264	61258	99.96	20132538	19495157	V	V
2385669	2387401	1988246	1986529	1733	1718	83.99	20132538	19495157	V	V
2403730	2404986	9370	8114	1257	1257	99.60	20132538	12345	V	cb25.NA_230
2406425	2407822	1965255	1963864	1398	1392	94.52	20132538	16627154	V	II
2421338	2422460	2311277	2310156	1123	1122	97.61	20132538	15455979	V	I
2421365	2422459	6624143	6623052	1095	1092	98.27	20132538	16627154	V	II
2421384	2422384	1935762	1936761	1001	1000	97.12	20132538	15455979	V	I
2425386	2426720	35793	34484	1335	1310	97.45	20132538	85292	V	cb25.fpc4095
2425388	2426720	2469162	2467855	1333	1308	97.82	20132538	16627154	V	II
2425389	2426720	5928080	5926774	1332	1307	97.60	20132538	19495157	V	V
2427862	2429581	1946071	1944339	1720	1733	84.05	20132538	19495157	V	V
2436347	2443077	1994760	2001490	6731	6731	98.92	20132538	19495157	V	V
2443592	2462443	2001634	2020486	18852	18853	99.93	20132538	19495157	V	V
2444535	2448456	4433114	4429198	3922	3917	98.24	20132538	19495157	V	V
2462509	2475158	2021890	2034540	12650	12651	99.74	20132538	19495157	V	V
2474826	2476154	15569564	15570902	1329	1339	93.65	20132538	16627154	V	II
2475538	2477003	18514438	18515922	1466	1485	93.06	20132538	19495157	V	V
2475949	2477119	3273718	3272551	1171	1168	90.45	20132538	19495157	V	V
2476398	2503087	2034961	2061648	26690	26688	99.94	20132538	19495157	V	V
2504036	2514840	2062092	2072896	10805	10805	99.86	20132538	19495157	V	V
2514912	2532670	2073174	2090930	17759	17757	99.98	20132538	19495157	V	V
2533826	2560796	2091183	2118153	26971	26971	100.00	20132538	19495157	V	V
2559325	2560975	2120221	2118571	1651	1651	99.45	20132538	19495157	V	V
2560646	2562304	8941046	8939446	1659	1601	94.97	20132538	14578851	V	III
2560934	2576016	2118418	2133498	15083	15081	99.99	20132538	19495157	V	V
2561113	2562304	13337636	13336453	1192	1184	97.91	20132538	21540570	V	X
2561267	2562738	2118153	2116682	1472	1472	99.73	20132538	19495157	V	V
2576115	2599340	2133509	2156733	23226	23225	99.98	20132538	19495157	V	V
2599915	2606003	2157370	2163458	6089	6089	99.98	20132538	19495157	V	V
2605832	2612733	2163985	2170884	6902	6900	99.97	20132538	19495157	V	V
2612883	2627771	2171098	2185982	14889	14885	99.97	20132538	19495157	V	V
2616343	2617601	15133021	15131763	1259	1259	99.76	20132538	16627154	V	II
2616345	2617602	12694689	12693432	1258	1258	99.84	20132538	21540570	V	X
2627855	2685439	2186496	2244026	57585	57531	99.90	20132538	19495157	V	V
2685879	2701786	2347818	2331911	15908	15908	99.98	20132538	19495157	V	V
2701772	2710714	2331585	2322644	8943	8942	99.93	20132538	19495157	V	V
2709872	2711015	12644505	12643381	1144	1125	88.67	20132538	15455979	V	I
2710288	2725375	2322568	2307482	15088	15087	99.94	20132538	19495157	V	V
2725368	2735609	2306760	2296519	10242	10242	100.00	20132538	19495157	V	V
2735984	2766815	2296508	2265679	30832	30830	99.99	20132538	19495157	V	V
2766951	2781232	2260864	2246584	14282	14281	99.99	20132538	19495157	V	V
2782563	2785030	2246594	2244127	2468	2468	99.96	20132538	19495157	V	V
2792377	2815598	2347919	2371151	23222	23233	99.64	20132538	19495157	V	V
2802341	2803649	5604939	5603632	1309	1308	99.77	20132538	19495157	V	V
2802341	2803648	12959752	12958448	1308	1305	99.62	20132538	19495157	V	V
2815525	2851268	2371513	2407254	35744	35742	99.98	20132538	19495157	V	V
2834861	2835906	9864265	9863243	1046	1023	93.26	20132538	19495157	V	V
2834862	2835908	5008448	5007408	1047	1041	93.73	20132538	17485439	V	IV
2851356	2877356	2408107	2434065	26001	25959	99.80	20132538	19495157	V	V
2877510	2884656	2435084	2442197	7147	7114	98.94	20132538	19495157	V	V
2884366	2903731	2441699	2461063	19366	19365	99.99	20132538	19495157	V	V
2903953	2910780	2461047	2467874	6828	6828	99.96	20132538	19495157	V	V
2911041	2912622	2467639	2469228	1582	1590	98.30	20132538	19495157	V	V
2912757	2920964	2469298	2477506	8208	8209	99.99	20132538	19495157	V	V
2921026	2956198	2786753	2751580	35173	35174	99.99	20132538	19495157	V	V
2956270	2958716	2750885	2748439	2447	2447	99.35	20132538	19495157	V	V
2957708	2975788	2749322	2731248	18081	18075	99.76	20132538	19495157	V	V
2975974	2978330	2591365	2589009	2357	2357	99.70	20132538	19495157	V	V
2978474	2982777	2588555	2584253	4304	4303	99.98	20132538	19495157	V	V
2982866	3029852	2645470	2598494	46987	46977	99.95	20132538	19495157	V	V
2999121	3000126	12063068	12062057	1006	1012	96.75	20132538	17485439	V	IV
2999122	3000124	14935456	14934450	1003	1007	97.04	20132538	19495157	V	V
3029882	3036718	2598374	2591538	6837	6837	100.00	20132538	19495157	V	V
3029921	3038957	2647224	2656261	9037	9038	99.91	20132538	19495157	V	V
3030128	3031318	1900564	1899385	1191	1180	84.08	20132538	19495157	V	V
3039105	3044123	2656364	2661380	5019	5017	99.96	20132538	19495157	V	V
3044269	3068605	2661516	2685839	24337	24324	99.65	20132538	19495157	V	V
3068648	3074082	2686218	2691652	5435	5435	100.00	20132538	19495157	V	V
3070724	3071754	5380711	5379684	1031	1028	93.25	20132538	16627154	V	II
3074615	3081050	2692215	2698650	6436	6436	99.89	20132538	19495157	V	V
3081096	3082662	2944	1378	1567	1567	100.00	20132538	2944	V	cb25.NA_154
3082073	3083131	2699603	2700659	1059	1057	99.81	20132538	19495157	V	V
3082874	3084066	1193	1	1193	1193	99.83	20132538	2944	V	cb25.NA_154
3084035	3091718	2701163	2708846	7684	7684	99.99	20132538	19495157	V	V
3091792	3106058	2708838	2723103	14267	14266	99.93	20132538	19495157	V	V
3105863	3109119	2722580	2725836	3257	3257	98.80	20132538	19495157	V	V
3107073	3109021	2477607	2479554	1949	1948	99.13	20132538	19495157	V	V
3108869	3112983	2726133	2730247	4115	4115	99.98	20132538	19495157	V	V
3109273	3132703	2479336	2502764	23431	23429	99.96	20132538	19495157	V	V
3132869	3157883	2502725	2527739	25015	25015	99.99	20132538	19495157	V	V
3154261	3158315	2528723	2532768	4055	4046	98.30	20132538	19495157	V	V
3157238	3174443	2532035	2549259	17206	17225	99.65	20132538	19495157	V	V
3157666	3159176	2527090	2528608	1511	1519	96.18	20132538	19495157	V	V
3174496	3192404	2549844	2567750	17909	17907	99.98	20132538	19495157	V	V
3192521	3200409	2568253	2576140	7889	7888	99.97	20132538	19495157	V	V
3200456	3207081	2576620	2583252	6626	6633	99.76	20132538	19495157	V	V
3202715	3205422	9073	6366	2708	2708	99.85	20132538	9925	V	cb25.NA_064
3207349	3211410	4721	664	4062	4058	99.85	20132538	9925	V	cb25.NA_064
3213071	3219151	2788183	2794298	6081	6116	98.99	20132538	19495157	V	V
3221212	3222303	2796290	2797381	1092	1092	100.00	20132538	19495157	V	V
3230695	3249297	1	18626	18603	18626	99.87	20132538	18692	V	cb25.NA_215
3230695	3249343	1	18672	18649	18672	99.83	20132538	18692	V	cb25.NA_215
3249501	3257791	19600	11310	8291	8291	100.00	20132538	19600	V	cb25.NA_100
3257803	3260375	10821	8245	2573	2577	98.41	20132538	19600	V	cb25.NA_100
3259568	3260576	4766042	4767053	1009	1012	92.50	20132538	14578851	V	III
3259752	3261024	9056	7784	1273	1273	97.33	20132538	19600	V	cb25.NA_100
3261060	3267776	6721	2	6717	6720	99.60	20132538	19600	V	cb25.NA_100
3263761	3265011	4432458	4433753	1251	1296	92.84	20132538	16627154	V	II
3263874	3265010	5980315	5979148	1137	1168	92.69	20132538	19495157	V	V
3267311	3268896	6102	7681	1586	1580	97.60	20132538	19600	V	cb25.NA_100
3268602	3269703	838051	839153	1102	1103	91.57	20132538	16627154	V	II
3275003	3281651	1	6648	6649	6648	99.65	20132538	13560	V	cb25.NA_226
3280842	3282071	4713096	4711863	1230	1234	89.71	20132538	14578851	V	III
3280933	3282057	2853738	2852606	1125	1133	91.70	20132538	19495157	V	V
3281510	3286787	11576	6299	5278	5278	99.91	20132538	13560	V	cb25.NA_226
3286438	3288771	11227	13560	2334	2334	99.70	20132538	13560	V	cb25.NA_226
3286440	3290438	2798207	2802182	3999	3976	97.20	20132538	19495157	V	V
3289245	3290905	2361677	2360013	1661	1665	94.11	20132538	17485439	V	IV
3289397	3290466	2798556	2797485	1070	1072	95.62	20132538	19495157	V	V
3289600	3300489	2800736	2811617	10890	10882	99.83	20132538	19495157	V	V
3289600	3309294	2800736	2820384	19695	19649	99.55	20132538	19495157	V	V
3304741	3306004	8314339	8315602	1264	1264	99.68	20132538	15455979	V	I
3304743	3306000	8112965	8114222	1258	1258	99.84	20132538	15455979	V	I
3304743	3306001	5514642	5513384	1259	1259	99.84	20132538	16627154	V	II
3304743	3305999	13628324	13627069	1257	1256	99.76	20132538	16627154	V	II
3304743	3305999	1353	97	1257	1257	99.76	20132538	14578851	V	III
3304743	3305997	1172334	1173587	1255	1254	99.76	20132538	19495157	V	V
3304743	3306009	8874258	8872992	1267	1267	99.45	20132538	21540570	V	X
3304743	3305999	2915	4171	1257	1257	99.76	20132538	7485	V	cb25.NA_263
3305662	3306771	2820827	2821936	1110	1110	100.00	20132538	19495157	V	V
3307723	3324975	2821947	2839195	17253	17249	99.95	20132538	19495157	V	V
3322203	3332691	2843037	2853522	10489	10486	99.06	20132538	19495157	V	V
3331488	3356471	2852535	2877467	24984	24933	99.59	20132538	19495157	V	V
3331488	3332505	3945983	3944974	1018	1010	89.70	20132538	21540570	V	X
3339739	3341010	1317176	1315906	1272	1271	96.32	20132538	21540570	V	X
3339741	3341009	20035738	20034473	1269	1266	96.78	20132538	21540570	V	X
3355177	3356384	1248597	1247402	1208	1196	91.89	20132538	15455979	V	I
3355833	3356864	1557559	1556538	1032	1022	90.21	20132538	15455979	V	I
3356292	3388995	2880076	2912777	32704	32702	99.99	20132538	19495157	V	V
3361604	3363145	2891888	2890329	1542	1560	88.42	20132538	19495157	V	V
3363115	3364457	2901484	2900142	1343	1343	91.73	20132538	19495157	V	V
3366546	3368105	2886928	2885387	1560	1542	88.42	20132538	19495157	V	V
3376360	3377702	2888240	2886898	1343	1343	91.73	20132538	19495157	V	V
3376687	3377709	3149318	3150349	1023	1032	82.59	20132538	19495157	V	V
3376687	3377709	3154187	3155218	1023	1032	82.59	20132538	19495157	V	V
3387082	3388948	2912804	2914669	1867	1866	99.95	20132538	19495157	V	V
3388210	3390580	2922825	2920454	2371	2372	99.24	20132538	19495157	V	V
3389970	3391293	2915206	2916529	1324	1324	100.00	20132538	19495157	V	V
3390787	3392427	2920177	2918533	1641	1645	99.33	20132538	19495157	V	V
3391765	3411068	2916540	2935827	19304	19288	99.77	20132538	19495157	V	V
3411328	3430878	2935673	2955224	19551	19552	99.88	20132538	19495157	V	V
3427289	3428506	1	1218	1218	1218	99.84	20132538	2353	V	cb25.NA_052
3428867	3429991	1229	2353	1125	1125	100.00	20132538	2353	V	cb25.NA_052
3431169	3445581	2955225	2969634	14413	14410	99.98	20132538	19495157	V	V
3440557	3445634	1	5077	5078	5077	99.96	20132538	5077	V	cb25.NA_297
3445978	3447637	2970277	2971934	1660	1658	99.88	20132538	19495157	V	V
3447733	3452883	2972105	2977263	5151	5159	99.55	20132538	19495157	V	V
3457045	3475349	36680	18368	18305	18313	99.96	20132538	36680	V	cb25.NA_113
3457045	3479138	36680	14580	22094	22101	99.96	20132538	36680	V	cb25.NA_113
3473158	3474452	3149176	3150472	1295	1297	86.24	20132538	19495157	V	V
3473158	3474452	3154045	3155341	1295	1297	86.24	20132538	19495157	V	V
3473158	3474452	33440	32145	1295	1296	87.15	20132538	47958	V	cb25.NA_055
3473167	3474451	3159314	3160595	1285	1282	86.09	20132538	19495157	V	V
3473167	3474451	38507	37227	1285	1281	84.84	20132538	47958	V	cb25.NA_055
3473180	3474464	3164700	3165977	1285	1278	86.16	20132538	19495157	V	V
3473321	3474323	2887886	2886891	1003	996	84.08	20132538	19495157	V	V
3475559	3476877	14580	15898	1319	1319	99.70	20132538	36680	V	cb25.NA_113
3477820	3480187	16840	19207	2368	2368	99.83	20132538	36680	V	cb25.NA_113
3479527	3481064	14354	12815	1538	1540	99.68	20132538	36680	V	cb25.NA_113
3481264	3488747	13018	5532	7484	7487	99.96	20132538	36680	V	cb25.NA_113
3488830	3504690	3218396	3202537	15861	15860	99.97	20132538	19495157	V	V
3489098	3491893	5123	2329	2796	2795	99.96	20132538	36680	V	cb25.NA_113
3489681	3490774	3319875	3318783	1094	1093	80.11	20132538	19495157	V	V
3492327	3493433	1107	1	1107	1107	100.00	20132538	36680	V	cb25.NA_113
3504473	3506284	3200399	3202209	1812	1811	99.89	20132538	19495157	V	V
3505901	3520989	3200546	3185449	15089	15098	99.79	20132538	19495157	V	V
3520162	3547790	3185951	3158313	27629	27639	99.91	20132538	19495157	V	V
3532886	3534819	3158623	3160579	1934	1957	82.33	20132538	19495157	V	V
3532886	3534805	3163996	3165933	1920	1938	81.66	20132538	19495157	V	V
3532886	3534446	39198	37617	1561	1582	79.97	20132538	47958	V	cb25.NA_055
3532886	3534082	12630	13826	1197	1197	81.73	20132538	13831	V	cb25.NA_161
3532888	3534104	3148490	3149715	1217	1226	83.63	20132538	19495157	V	V
3532888	3534104	3153359	3154584	1217	1226	83.63	20132538	19495157	V	V
3532888	3534819	34126	32162	1932	1965	82.60	20132538	47958	V	cb25.NA_055
3540126	3541403	19253	20537	1278	1285	86.17	20132538	36680	V	cb25.NA_113
3546262	3547480	3171999	3173217	1219	1219	83.44	20132538	19495157	V	V
3548699	3553657	3157934	3152977	4959	4958	99.98	20132538	19495157	V	V
3549330	3556576	3152435	3145189	7247	7247	99.96	20132538	19495157	V	V
3549740	3551011	13204889	13206159	1272	1271	90.73	20132538	16627154	V	II
3549740	3551012	2691896	2690624	1273	1273	89.33	20132538	17485439	V	IV
3549740	3551011	15048679	15047408	1272	1272	89.55	20132538	19495157	V	V
3552050	3553275	3171999	3173215	1226	1217	83.63	20132538	19495157	V	V
3555907	3556989	11615064	11613982	1083	1083	97.41	20132538	14578851	V	III
3556476	3561299	3145857	3141020	4824	4838	99.63	20132538	19495157	V	V
3558895	3560153	7719611	7720868	1259	1258	99.36	20132538	17485439	V	IV
3558899	3560161	6833499	6832238	1263	1262	99.37	20132538	16627154	V	II
3561104	3620080	3141305	3082333	58977	58973	99.99	20132538	19495157	V	V
3620203	3630710	3081459	3070952	10508	10508	99.99	20132538	19495157	V	V
3621299	3622604	20565246	20563943	1306	1304	99.01	20132538	21540570	V	X
3622603	3624727	14650364	14648244	2125	2121	97.37	20132538	17485439	V	IV
3627464	3630752	3289	1	3289	3289	100.00	20132538	3289	V	cb25.NA_341
3630741	3633043	3070855	3068553	2303	2303	99.96	20132538	19495157	V	V
3630981	3632227	10694265	10693021	1247	1245	97.43	20132538	14578851	V	III
3630981	3632187	11243301	11242091	1207	1211	97.03	20132538	14578851	V	III
3630981	3632226	6181843	6180594	1246	1250	97.36	20132538	19495157	V	V
3630981	3632227	19202125	19200877	1247	1249	96.96	20132538	19495157	V	V
3630981	3632226	12801740	12800495	1246	1246	97.20	20132538	21540570	V	X
3633149	3647642	3068137	3053644	14494	14494	99.98	20132538	19495157	V	V
3643787	3648026	3053633	3049395	4240	4239	99.91	20132538	19495157	V	V
3648361	3651063	3049708	3047006	2703	2703	99.93	20132538	19495157	V	V
3653229	3664071	3040993	3030152	10843	10842	99.94	20132538	19495157	V	V
3664098	3667215	4435868	4432706	3118	3163	91.67	20132538	14578851	V	III
3664098	3665364	11528176	11526909	1267	1268	97.08	20132538	21540570	V	X
3665057	3667218	12893587	12891369	2162	2219	94.70	20132538	17485439	V	IV
3665367	3666973	4603060	4601392	1607	1669	94.20	20132538	21540570	V	X
3665373	3673589	3029349	3021135	8217	8215	99.98	20132538	19495157	V	V
3665540	3667215	945483	943744	1676	1740	94.54	20132538	21540570	V	X
3665762	3667218	1499998	1498554	1457	1445	97.19	20132538	19495157	V	V
3665840	3666853	3556826	3555814	1014	1013	98.32	20132538	17485439	V	IV
3666026	3667215	17014042	17012851	1190	1192	97.99	20132538	17485439	V	IV
3674577	3713459	3020138	2981261	38883	38878	99.99	20132538	19495157	V	V
3677452	3678713	16678647	16677387	1262	1261	99.68	20132538	19495157	V	V
3677453	3678710	8874262	8873006	1258	1257	99.52	20132538	21540570	V	X
3677457	3678710	5107217	5105965	1254	1253	99.36	20132538	21540570	V	X
3681847	3683813	7601208	7603232	1967	2025	95.36	20132538	17485439	V	IV
3700225	3701365	2984149	2985298	1141	1150	90.80	20132538	19495157	V	V
3701143	3703521	2982956	2985346	2379	2391	93.11	20132538	19495157	V	V
3709373	3711763	2991198	2993576	2391	2379	93.11	20132538	19495157	V	V
3709421	3710570	2993354	2994494	1150	1141	90.80	20132538	19495157	V	V
3709423	3710519	3000421	3001481	1097	1061	81.76	20132538	19495157	V	V
3709428	3710532	2986261	2987306	1105	1046	83.83	20132538	19495157	V	V
3709428	3710519	3031022	3032082	1092	1061	82.85	20132538	19495157	V	V
3713623	3716009	2980928	2978541	2387	2388	99.71	20132538	19495157	V	V
3714057	3715305	778810	777561	1249	1250	96.57	20132538	19495157	V	V
3714061	3715266	11243304	11242091	1206	1214	97.04	20132538	14578851	V	III
3714061	3715305	19202128	19200878	1245	1251	97.36	20132538	19495157	V	V
3714062	3715305	10694267	10693022	1244	1246	97.68	20132538	14578851	V	III
3714062	3715299	5224580	5223374	1238	1207	95.09	20132538	19495157	V	V
3714062	3715306	6181845	6180593	1245	1253	97.77	20132538	19495157	V	V
3715455	3716767	3221374	3222686	1313	1313	100.00	20132538	19495157	V	V
3716846	3718119	3225509	3226770	1274	1262	99.06	20132538	19495157	V	V
3717056	3718266	3228526	3227316	1211	1211	99.34	20132538	19495157	V	V
3718486	3720599	3223385	3225498	2114	2114	100.00	20132538	19495157	V	V
3721633	3722859	3228697	3227463	1227	1235	96.70	20132538	19495157	V	V
3721807	3722860	3225718	3226771	1054	1054	100.00	20132538	19495157	V	V
3724444	3740927	3228605	3245088	16484	16484	99.98	20132538	19495157	V	V
3740981	3753746	3246240	3259004	12766	12765	99.99	20132538	19495157	V	V
3753957	3768382	3259293	3273718	14426	14426	99.53	20132538	19495157	V	V
3767177	3768819	7	1649	1643	1643	93.62	20132538	4301	V	cb25.NA_311
3767510	3821331	3272406	3326202	53822	53797	99.80	20132538	19495157	V	V
3787458	3788956	1799229	1797732	1499	1498	99.80	20132538	15455979	V	I
3787458	3789075	6920	5305	1618	1616	99.81	20132538	11071	V	cb25.NA_237
3803900	3805471	1767899	1766328	1572	1572	98.79	20132538	19495157	V	V
3803902	3805468	14226762	14225197	1567	1566	99.11	20132538	16627154	V	II
3803902	3805138	15875768	15874532	1237	1237	99.51	20132538	16627154	V	II
3803907	3805471	15869393	15870956	1565	1564	99.23	20132538	16627154	V	II
3813914	3815006	3216453	3217545	1093	1093	80.02	20132538	19495157	V	V
3813914	3815006	3448	4540	1093	1093	80.02	20132538	36680	V	cb25.NA_113
3820856	3825912	3325655	3330710	5057	5056	99.96	20132538	19495157	V	V
3820864	3822402	1	1539	1539	1539	99.94	20132538	8745	V	cb25.NA_166
3825311	3826611	3743	5043	1301	1301	100.00	20132538	8745	V	cb25.NA_166
3826047	3829408	13856529	13853161	3362	3369	99.29	20132538	16627154	V	II
3826047	3827706	340675	342341	1660	1667	96.52	20132538	17485439	V	IV
3826602	3829408	13851754	13848942	2807	2813	99.33	20132538	16627154	V	II
3826610	3834882	3331458	3339730	8273	8273	99.92	20132538	19495157	V	V
3828059	3830508	6296	8745	2450	2450	100.00	20132538	8745	V	cb25.NA_166
3829406	3830625	13848715	13847496	1220	1220	99.26	20132538	16627154	V	II
3835181	3845591	3339929	3350342	10411	10414	99.84	20132538	19495157	V	V
3843405	3844602	16496932	16495736	1198	1197	99.83	20132538	19495157	V	V
3846007	3857355	3350315	3361659	11349	11345	99.96	20132538	19495157	V	V
3857494	3859770	3362030	3364306	2277	2277	100.00	20132538	19495157	V	V
3859820	3868691	3364446	3373317	8872	8872	100.00	20132538	19495157	V	V
3868759	3887135	3374425	3392801	18377	18377	100.00	20132538	19495157	V	V
3876088	3877164	3386118	3385040	1077	1079	92.68	20132538	19495157	V	V
3879374	3880452	3382830	3381754	1079	1077	92.68	20132538	19495157	V	V
3887093	3898208	3393057	3404190	11116	11134	99.80	20132538	19495157	V	V
3898284	3910669	3404985	3417370	12386	12386	99.94	20132538	19495157	V	V
3911090	3932071	3417600	3438580	20982	20981	99.99	20132538	19495157	V	V
3921800	3922996	3035082	3033847	1197	1236	94.26	20132538	16627154	V	II
3921801	3922996	4467259	4466079	1196	1181	92.40	20132538	15455979	V	I
3921801	3922996	13951289	13950054	1196	1236	94.26	20132538	19495157	V	V
3929868	3931006	12726687	12725552	1139	1136	92.82	20132538	17485439	V	IV
3930007	3973910	3439581	3483470	43904	43890	99.93	20132538	19495157	V	V
3932822	3934401	1071806	1070177	1580	1630	85.52	20132538	16627154	V	II
3933231	3934941	14672733	14674448	1711	1716	87.25	20132538	16627154	V	II
3933812	3934941	1072403	1071249	1130	1155	87.12	20132538	16627154	V	II
3933864	3934913	3	1057	1050	1055	89.61	20132538	3855	V	cb25.NA_320
3949350	3950499	3462635	3461507	1150	1129	87.92	20132538	19495157	V	V
3951944	3953072	3460062	3458913	1129	1150	87.92	20132538	19495157	V	V
3973642	3977337	3483131	3486836	3696	3706	99.57	20132538	19495157	V	V
3975459	4015966	3490509	3531014	40508	40506	99.93	20132538	19495157	V	V
3977442	3980114	3486838	3489508	2673	2671	99.74	20132538	19495157	V	V
4004175	4005795	663530	661912	1621	1619	99.32	20132538	16627154	V	II
4014207	4017745	1	3538	3539	3538	99.97	20132538	3538	V	cb25.NA_335
4015807	4030643	3530663	3545505	14837	14843	99.75	20132538	19495157	V	V
4030616	4035280	3545749	3550413	4665	4665	100.00	20132538	19495157	V	V
4035631	4038689	3619579	3622637	3059	3059	99.93	20132538	19495157	V	V
4038804	4044515	3623699	3629409	5712	5711	99.98	20132538	19495157	V	V
4044483	4108623	3629987	3694122	64141	64136	99.98	20132538	19495157	V	V
4050011	4051322	4565802	4564491	1312	1312	99.62	20132538	19495157	V	V
4051763	4052963	6260731	6259525	1201	1207	94.17	20132538	19495157	V	V
4070434	4071527	7286928	7285841	1094	1088	96.89	20132538	15455979	V	I
4070434	4071527	3658560	3657455	1094	1106	94.04	20132538	19495157	V	V
4071953	4073059	3657030	3655937	1107	1094	95.08	20132538	19495157	V	V
4079618	4080920	3670200	3668914	1303	1287	84.24	20132538	19495157	V	V
4079696	4080963	3672908	3671642	1268	1267	82.59	20132538	19495157	V	V
4083412	4084698	3666422	3665120	1287	1303	84.24	20132538	19495157	V	V
4086140	4087407	3666465	3665198	1268	1268	82.59	20132538	19495157	V	V
4103554	4105292	6860829	6859095	1739	1735	97.59	20132538	21540570	V	X
4103555	4104571	4576740	4575725	1017	1016	98.23	20132538	17485439	V	IV
4103559	4105292	13480957	13479231	1734	1727	97.00	20132538	21540570	V	X
4103812	4105292	470479	471959	1481	1481	98.24	20132538	21540570	V	X
4104153	4105292	651994	653133	1140	1140	98.16	20132538	21540570	V	X
4109525	4122447	3694552	3707475	12923	12924	99.84	20132538	19495157	V	V
4117245	4118407	10683569	10682414	1163	1156	95.44	20132538	21540570	V	X
4117249	4118407	11909696	11908541	1159	1156	94.74	20132538	16627154	V	II
4117249	4118407	9905225	9904071	1159	1155	95.51	20132538	21540570	V	X
4118172	4142833	24739	1	24662	24739	99.65	20132538	24739	V	cb25.NA_210
4119249	4120550	22653	21401	1302	1253	85.16	20132538	34350	V	cb25.NA_098
4119295	4120605	15838585	15837330	1311	1256	84.27	20132538	21540570	V	X
4121349	4122556	914665	913453	1208	1213	91.88	20132538	15455979	V	I
4121349	4122381	12967628	12966589	1033	1040	91.48	20132538	16627154	V	II
4121349	4122907	10661695	10660149	1559	1547	95.84	20132538	14578851	V	III
4121349	4122556	6375	7587	1208	1213	91.88	20132538	9677	V	cb25.NA_243
4121470	4122894	13067235	13065813	1425	1423	95.44	20132538	16627154	V	II
4123848	4125107	2633944	2632685	1260	1260	99.44	20132538	17485439	V	IV
4123848	4125100	14774179	14772927	1253	1253	99.76	20132538	19495157	V	V
4123849	4125107	8785795	8784537	1259	1259	99.68	20132538	19495157	V	V
4139513	4141023	5037991	5036504	1511	1488	93.85	20132538	21540570	V	X
4141123	4143339	2193	9	2217	2185	96.39	20132538	2486	V	cb25.NA_379
4141123	4143270	2140	7	2148	2134	96.00	20132538	2227	V	cb25.NA_395
4141136	4143245	6	2116	2110	2111	98.20	20132538	2116	V	cb25.NA_404
4141844	4143470	926942	925328	1627	1615	96.37	20132538	21540570	V	X
4141983	4144118	2261	139	2136	2123	96.63	20132538	2265	V	cb25.NA_392
4142043	4143802	5	1751	1760	1747	95.35	20132538	1755	V	cb25.NA_428
4142085	4144425	2331	3	2341	2329	97.05	20132538	2335	V	cb25.NA_388
4142168	4144633	2450	1	2466	2450	96.31	20132538	2456	V	cb25.NA_382
4142423	4144212	1792	1	1790	1792	98.55	20132538	24739	V	cb25.NA_210
4143492	4145604	6	2116	2113	2111	97.97	20132538	2116	V	cb25.NA_404
4149235	4151765	3707594	3710124	2531	2531	98.66	20132538	19495157	V	V
4150454	4159912	3707594	3717052	9459	9459	99.99	20132538	19495157	V	V
4151951	4152987	6	1040	1037	1035	98.55	20132538	2116	V	cb25.NA_404
4159987	4187822	28102	267	27836	27836	99.98	20132538	28673	V	cb25.fpc2310b
4187950	4255988	3830589	3762554	68039	68036	99.98	20132538	19495157	V	V
4194429	4195664	446002	447292	1236	1291	90.48	20132538	21540570	V	X
4194432	4195711	1115221	1113886	1280	1336	85.36	20132538	17485439	V	IV
4223981	4225237	11003289	11002035	1257	1255	99.44	20132538	14578851	V	III
4223983	4225238	7525960	7524705	1256	1256	99.84	20132538	19495157	V	V
4223984	4225237	21212824	21211572	1254	1253	99.20	20132538	21540570	V	X
4223985	4225242	9323366	9322109	1258	1258	99.52	20132538	15455979	V	I
4255902	4266130	3761342	3751116	10229	10227	99.86	20132538	19495157	V	V
4258451	4260104	6241580	6239965	1654	1616	91.38	20132538	16627154	V	II
4266392	4277631	3750645	3739407	11240	11239	99.99	20132538	19495157	V	V
4277760	4299856	3739250	3717153	22097	22098	99.92	20132538	19495157	V	V
4296422	4303906	3551416	3558900	7485	7485	99.99	20132538	19495157	V	V
4303934	4306777	3559046	3561889	2844	2844	100.00	20132538	19495157	V	V
4307902	4310754	8063825	8060976	2853	2850	92.93	20132538	14578851	V	III
4308939	4320208	3563028	3574294	11270	11267	99.94	20132538	19495157	V	V
4319043	4320208	3575721	3574556	1166	1166	100.00	20132538	19495157	V	V
4320215	4346304	3575721	3601809	26090	26089	99.98	20132538	19495157	V	V
4321435	4322693	3580410	3579150	1259	1261	95.75	20132538	19495157	V	V
4323644	4324904	3578199	3576941	1261	1259	95.75	20132538	19495157	V	V
4326127	4327154	10924011	10922988	1028	1024	89.63	20132538	19495157	V	V
4345729	4347191	3601810	3603271	1463	1462	99.93	20132538	19495157	V	V
4347402	4350279	3603654	3606531	2878	2878	100.00	20132538	19495157	V	V
4350324	4361812	3607206	3618578	11489	11373	98.90	20132538	19495157	V	V
4350324	4359963	3607206	3616809	9640	9604	99.16	20132538	19495157	V	V
4357919	4368875	3830690	3841624	10957	10935	99.72	20132538	19495157	V	V
4369359	4395364	3841808	3867811	26006	26004	99.99	20132538	19495157	V	V
4395851	4397562	3868191	3869902	1712	1712	99.94	20132538	19495157	V	V
4397604	4402788	3870107	3875291	5185	5185	100.00	20132538	19495157	V	V
4402801	4411957	3876297	3885453	9157	9157	99.98	20132538	19495157	V	V
4411961	4416443	3885545	3890026	4483	4482	99.98	20132538	19495157	V	V
4416453	4418340	3890843	3892729	1888	1887	99.95	20132538	19495157	V	V
4418847	4420419	3892761	3894333	1573	1573	100.00	20132538	19495157	V	V
4420721	4428370	3895024	3902671	7650	7648	99.62	20132538	19495157	V	V
4425082	4426153	8552108	8551029	1072	1080	93.45	20132538	16627154	V	II
4425082	4426186	14418584	14417459	1105	1126	95.74	20132538	16627154	V	II
4426186	4427740	14417354	14415807	1555	1548	97.50	20132538	16627154	V	II
4428370	4437225	3902857	3911710	8856	8854	99.75	20132538	19495157	V	V
4428622	4429806	14415284	14414129	1185	1156	95.13	20132538	16627154	V	II
4437272	4441119	3912221	3916067	3848	3847	99.97	20132538	19495157	V	V
4441259	4465364	3916373	3940475	24106	24103	99.96	20132538	19495157	V	V
4465676	4589006	3940375	4063696	123331	123322	99.98	20132538	19495157	V	V
4478367	4479497	3476874	3475730	1131	1145	93.38	20132538	17485439	V	IV
4478367	4479497	6837308	6836165	1131	1144	92.95	20132538	19495157	V	V
4497547	4498867	7066118	7064806	1321	1313	95.17	20132538	15455979	V	I
4520448	4521621	4270356	4269203	1174	1154	94.74	20132538	19495157	V	V
4522215	4523525	11626416	11625106	1311	1311	99.77	20132538	17485439	V	IV
4522217	4523519	5604938	5603636	1303	1303	99.85	20132538	19495157	V	V
4522217	4523525	12959751	12958446	1309	1306	99.62	20132538	19495157	V	V
4555167	4556275	4270356	4269229	1109	1128	95.14	20132538	19495157	V	V
4589052	4623183	4063871	4098001	34132	34131	99.99	20132538	19495157	V	V
4595616	4597469	4085735	4083879	1854	1857	86.36	20132538	19495157	V	V
4598074	4599964	4083169	4081245	1891	1925	88.83	20132538	19495157	V	V
4606426	4608350	4074783	4072893	1925	1891	88.83	20132538	19495157	V	V
4609060	4610916	4072288	4070435	1857	1854	86.36	20132538	19495157	V	V
4623298	4630140	4098737	4105578	6843	6842	99.97	20132538	19495157	V	V
4630106	4636545	4106725	4113162	6440	6438	99.97	20132538	19495157	V	V
4636657	4675732	4113934	4152956	39076	39023	99.84	20132538	19495157	V	V
4659193	4660325	9978018	9976870	1133	1149	94.36	20132538	14578851	V	III
4659194	4660340	10363877	10362728	1147	1150	87.90	20132538	17485439	V	IV
4659195	4660338	9060843	9059709	1144	1135	94.09	20132538	14578851	V	III
4659197	4660338	2654162	2653039	1142	1124	94.08	20132538	16627154	V	II
4675857	4683957	4153806	4161904	8101	8099	99.98	20132538	19495157	V	V
4684109	4687339	4162324	4165554	3231	3231	100.00	20132538	19495157	V	V
4687618	4691136	4165565	4169083	3519	3519	100.00	20132538	19495157	V	V
4691179	4698075	4170041	4176937	6897	6897	100.00	20132538	19495157	V	V
4698101	4702439	1	4338	4339	4338	99.86	20132538	4338	V	cb25.NA_310
4698662	4744411	4177711	4223455	45750	45745	99.99	20132538	19495157	V	V
4729021	4730121	6230568	6229506	1101	1063	93.12	20132538	21540570	V	X
4729022	4730121	16768770	16767709	1100	1062	93.39	20132538	21540570	V	X
4744575	4777591	4225192	4258207	33017	33016	99.99	20132538	19495157	V	V
4767590	4768881	4432457	4433751	1292	1295	96.07	20132538	16627154	V	II
4767592	4768881	7651155	7649877	1290	1279	86.94	20132538	21540570	V	X
4767705	4768881	5980315	5979149	1177	1167	94.50	20132538	19495157	V	V
4778828	4809639	4258302	4289111	30812	30810	99.99	20132538	19495157	V	V
4789729	4790882	3996315	3995143	1154	1173	94.66	20132538	19495157	V	V
4789755	4790882	4030967	4029859	1128	1109	95.14	20132538	19495157	V	V
4809605	4815740	4290074	4296200	6136	6127	99.69	20132538	19495157	V	V
4815695	4836328	4296359	4316991	20634	20633	99.99	20132538	19495157	V	V
4815786	4816788	9307562	9306539	1003	1024	86.89	20132538	17485439	V	IV
4819304	4820564	10276377	10275117	1261	1261	100.00	20132538	19495157	V	V
4819306	4820563	574177	572921	1258	1257	99.52	20132538	17485439	V	IV
4819306	4820561	14774182	14772927	1256	1256	99.44	20132538	19495157	V	V
4819310	4820565	15961533	15960279	1256	1255	99.84	20132538	16627154	V	II
4819310	4820565	1963652	1962398	1256	1255	99.84	20132538	19495157	V	V
4827108	4828271	4313155	4311986	1164	1170	96.67	20132538	19495157	V	V
4831323	4832419	4307559	4306463	1097	1097	83.55	20132538	19495157	V	V
4831323	4832492	4308934	4307771	1170	1164	96.67	20132538	19495157	V	V
4836352	4851221	4317342	4332211	14870	14870	99.98	20132538	19495157	V	V
4849668	4850693	7002365	7001339	1026	1027	95.82	20132538	14578851	V	III
4849668	4850693	6311261	6310221	1026	1041	93.90	20132538	19495157	V	V
4851353	4852902	4333503	4335052	1550	1550	100.00	20132538	19495157	V	V
4853005	4860463	4335502	4342960	7459	7459	100.00	20132538	19495157	V	V
4860411	4871230	4342973	4353792	10820	10820	100.00	20132538	19495157	V	V
4871254	4896893	4354294	4379932	25640	25639	99.98	20132538	19495157	V	V
4897071	4981744	4380077	4464742	84674	84666	99.95	20132538	19495157	V	V
4946190	4950106	2006498	2002577	3917	3922	98.24	20132538	19495157	V	V
4981097	5036974	4462794	4518670	55878	55877	99.93	20132538	19495157	V	V
5037946	5050933	4519368	4532355	12988	12988	100.00	20132538	19495157	V	V
5050962	5059523	4532480	4541039	8562	8560	99.95	20132538	19495157	V	V
5055396	5057782	4543562	4541183	2387	2380	98.03	20132538	19495157	V	V
5059363	5062357	4539913	4536913	2995	3001	98.47	20132538	19495157	V	V
5059363	5062357	4548499	4545501	2995	2999	99.47	20132538	19495157	V	V
5059978	5108809	4541183	4590008	48832	48826	99.97	20132538	19495157	V	V
5062354	5068260	4534975	4540878	5907	5904	98.97	20132538	19495157	V	V
5064296	5066680	4543562	4541183	2385	2380	99.33	20132538	19495157	V	V
5083289	5084600	3636826	3635515	1312	1312	99.62	20132538	19495157	V	V
5083291	5084598	3669142	3667836	1308	1307	99.54	20132538	16627154	V	II
5114230	5260210	4590626	4736596	145981	145971	99.98	20132538	19495157	V	V
5194128	5195391	32735	31477	1264	1259	99.45	20132538	35136	V	cb25.NA_146
5194133	5195395	3585838	3584574	1263	1265	99.68	20132538	16627154	V	II
5232758	5233981	4727914	4726689	1224	1226	98.86	20132538	19495157	V	V
5234151	5235281	4733424	4732297	1131	1128	96.37	20132538	19495157	V	V
5237061	5238215	579525	580678	1155	1154	95.51	20132538	21540570	V	X
5238302	5240391	4729992	4727915	2090	2078	98.37	20132538	19495157	V	V
5242222	5243969	2242147	2240396	1748	1752	98.17	20132538	16627154	V	II
5242222	5243542	5558947	5557628	1321	1320	97.58	20132538	14578851	V	III
5242222	5244858	6860831	6858194	2637	2638	97.58	20132538	21540570	V	X
5244858	5245921	473041	474117	1064	1077	96.57	20132538	21540570	V	X
5244858	5245921	6858007	6856941	1064	1067	97.47	20132538	21540570	V	X
5250301	5251526	4710372	4709150	1226	1223	98.78	20132538	19495157	V	V
5251527	5253605	4716780	4714693	2079	2088	98.33	20132538	19495157	V	V
5253004	5254070	4741584	4740519	1067	1066	98.78	20132538	19495157	V	V
5255910	5257037	4711672	4710542	1128	1131	96.37	20132538	19495157	V	V
5257603	5258858	7800351	7799096	1256	1256	99.92	20132538	19495157	V	V
5260587	5262371	4737117	4738899	1785	1783	99.89	20132538	19495157	V	V
5262287	5269161	4738765	4745647	6875	6883	99.36	20132538	19495157	V	V
5264041	5265107	4730457	4729391	1067	1067	98.88	20132538	19495157	V	V
5266820	5371737	4756435	4861347	104918	104913	99.99	20132538	19495157	V	V
5278627	5279766	13307484	13306345	1140	1140	95.81	20132538	21540570	V	X
5284418	5285987	2153524	2151934	1570	1591	89.85	20132538	17485439	V	IV
5284418	5285983	4822230	4820651	1566	1580	90.79	20132538	17485439	V	IV
5284418	5285983	18463247	18461692	1566	1556	87.97	20132538	21540570	V	X
5284419	5285983	12136849	12135277	1565	1573	90.26	20132538	15455979	V	I
5284419	5285986	12556231	12554659	1568	1573	89.58	20132538	14578851	V	III
5284419	5285954	524968	523417	1536	1552	91.14	20132538	19495157	V	V
5284419	5285972	5960471	5958975	1554	1497	87.32	20132538	19495157	V	V
5284419	5285983	21488928	21487360	1565	1569	90.59	20132538	21540570	V	X
5284977	5285983	846038	845028	1007	1011	89.17	20132538	17485439	V	IV
5331775	5334377	8670	11326	2603	2657	93.68	20132538	33679	V	cb25.NA_019
5331780	5334376	5064146	5061555	2597	2592	91.63	20132538	17485439	V	IV
5337089	5338102	4230094	4229088	1014	1007	92.56	20132538	15455979	V	I
5337092	5338102	4538142	4539152	1011	1011	93.51	20132538	16627154	V	II
5337092	5338102	9025937	9024925	1011	1013	94.78	20132538	16627154	V	II
5371793	5373478	4861791	4863476	1686	1686	100.00	20132538	19495157	V	V
5373525	5394333	4864056	4884871	20809	20816	99.87	20132538	19495157	V	V
5378034	5379933	4870464	4868565	1900	1900	83.56	20132538	19495157	V	V
5394851	5395985	4885384	4886518	1135	1135	100.00	20132538	19495157	V	V
5396317	5420932	4886875	4911489	24616	24615	99.90	20132538	19495157	V	V
5400065	5401115	13623316	13622256	1051	1061	91.74	20132538	17485439	V	IV
5400066	5401177	7718688	7717640	1112	1049	88.19	20132538	16627154	V	II
5421048	5435833	4911758	4926542	14786	14785	99.99	20132538	19495157	V	V
5434159	5435589	7577657	7576223	1431	1435	97.92	20132538	21540570	V	X
5434452	5435589	5007915	5006776	1138	1140	99.47	20132538	19495157	V	V
5435227	5436770	4917274	4915738	1544	1537	99.48	20132538	19495157	V	V
5436768	5438346	6347841	6346271	1579	1571	97.34	20132538	19495157	V	V
5436768	5441149	7576664	7572288	4382	4377	98.45	20132538	21540570	V	X
5436988	5439008	4926715	4928735	2021	2021	99.46	20132538	19495157	V	V
5441731	5443867	1	2137	2137	2137	100.00	20132538	2137	V	cb25.NA_402
5441950	5442994	10071	11126	1045	1056	91.43	20132538	11126	V	cb25.NA_236
5444221	5468859	4930921	4955555	24639	24635	99.89	20132538	19495157	V	V
5469163	5477869	4955132	4963837	8707	8706	99.54	20132538	19495157	V	V
5475616	5477829	4746648	4748856	2214	2209	98.33	20132538	19495157	V	V
5477616	5498120	4963415	4983899	20505	20485	99.28	20132538	19495157	V	V
5477665	5484614	4748484	4755432	6950	6949	99.97	20132538	19495157	V	V
5496441	5497565	14540925	14542041	1125	1117	84.90	20132538	16627154	V	II
5496441	5497617	4712492	4711306	1177	1187	82.61	20132538	14578851	V	III
5496441	5497454	2361028	2360013	1014	1016	88.20	20132538	17485439	V	IV
5496441	5497718	2361292	2360013	1278	1280	87.67	20132538	17485439	V	IV
5496441	5498030	2361590	2360013	1590	1578	88.01	20132538	17485439	V	IV
5496445	5497567	4065180	4066302	1123	1123	88.08	20132538	16627154	V	II
5496514	5498171	2361677	2360016	1658	1662	88.75	20132538	17485439	V	IV
5496537	5498363	4765659	4767503	1827	1845	86.02	20132538	14578851	V	III
5496799	5514936	4982332	5000460	18138	18129	99.87	20132538	19495157	V	V
5501010	5502898	4993180	4991289	1889	1892	99.68	20132538	19495157	V	V
5505763	5507654	4988427	4986541	1892	1887	99.58	20132538	19495157	V	V
5514909	5518946	4930751	4926715	4038	4037	99.73	20132538	19495157	V	V
5516926	5519864	5501689	5504632	2939	2944	98.44	20132538	19495157	V	V
5517416	5518747	16891418	16890108	1332	1311	96.40	20132538	21540570	V	X
5517526	5519582	16760488	16758436	2057	2053	97.91	20132538	19495157	V	V
5518670	5519826	78303	79464	1157	1162	97.51	20132538	17485439	V	IV
5518702	5567834	5006753	5055903	49133	49151	99.93	20132538	19495157	V	V
5518725	5519864	4926298	4925161	1140	1138	99.47	20132538	19495157	V	V
5519865	5520967	8006171	8005049	1103	1123	92.67	20132538	21540570	V	X
5567903	5598323	5057289	5087705	30421	30417	99.99	20132538	19495157	V	V
5598313	5606779	5088413	5096878	8467	8466	99.99	20132538	19495157	V	V
5606956	5614774	5096833	5104652	7819	7820	99.81	20132538	19495157	V	V
5611933	5614095	21515180	21513037	2163	2144	98.43	20132538	21540570	V	X
5614835	5616263	5105747	5107175	1429	1429	99.93	20132538	19495157	V	V
5618332	5619470	5109353	5110492	1139	1140	99.82	20132538	19495157	V	V
5619740	5620762	5111026	5112048	1023	1023	100.00	20132538	19495157	V	V
5620836	5621873	5112387	5113424	1038	1038	100.00	20132538	19495157	V	V
5621932	5625164	5113544	5116775	3233	3232	99.94	20132538	19495157	V	V
5625420	5657349	5116860	5148744	31930	31885	99.74	20132538	19495157	V	V
5656843	5659340	5150388	5147812	2498	2577	94.88	20132538	19495157	V	V
5658868	5674205	5150710	5166045	15338	15336	99.99	20132538	19495157	V	V
5668610	5669862	11909696	11908435	1253	1262	95.41	20132538	16627154	V	II
5668610	5669862	9905225	9903965	1253	1261	96.20	20132538	21540570	V	X
5668610	5669862	10683565	10682308	1253	1258	95.96	20132538	21540570	V	X
5668616	5669862	5562796	5564069	1247	1274	94.27	20132538	17485439	V	IV
5668616	5669862	5695264	5693991	1247	1274	94.27	20132538	17485439	V	IV
5674319	5679655	5166766	5172108	5337	5343	99.59	20132538	19495157	V	V
5679787	5688534	5173443	5182190	8748	8748	100.00	20132538	19495157	V	V
5688722	5693776	5182175	5187221	5055	5047	99.78	20132538	19495157	V	V
5693750	5735781	5193153	5235195	42032	42043	99.95	20132538	19495157	V	V
5723957	5725165	5471761	5470523	1209	1239	95.49	20132538	19495157	V	V
5723957	5725165	14569877	14568637	1209	1241	95.09	20132538	21540570	V	X
5729035	5730063	14003082	14002049	1029	1034	97.29	20132538	14578851	V	III
5729035	5730063	3317461	3318490	1029	1030	97.57	20132538	17485439	V	IV
5738219	5746879	5237822	5246482	8661	8661	100.00	20132538	19495157	V	V
5746937	5766781	5246807	5266649	19845	19843	99.95	20132538	19495157	V	V
5766882	5772846	5266781	5272745	5965	5965	100.00	20132538	19495157	V	V
5772915	5827096	5273746	5327922	54182	54177	99.99	20132538	19495157	V	V
5784598	5785977	12144950	12143569	1380	1382	99.64	20132538	14578851	V	III
5784838	5785977	15899941	15898803	1140	1139	99.65	20132538	16627154	V	II
5785978	5787194	14640161	14638945	1217	1217	99.84	20132538	16627154	V	II
5785978	5787200	12140902	12139680	1223	1223	99.75	20132538	14578851	V	III
5786108	5787190	15898676	15897594	1083	1083	99.72	20132538	16627154	V	II
5793757	5794905	13079980	13078837	1149	1144	93.09	20132538	21540570	V	X
5801368	5802435	15838997	15837972	1068	1026	87.85	20132538	21540570	V	X
5827111	5850263	5328830	5351985	23153	23156	99.97	20132538	19495157	V	V
5850372	5919394	5352424	5421355	69023	68932	99.86	20132538	19495157	V	V
5863542	5864557	9663023	9661996	1016	1028	91.55	20132538	16627154	V	II
5889795	5890809	5395981	5394987	1015	995	89.85	20132538	19495157	V	V
5919749	5947053	5421761	5449064	27305	27304	99.96	20132538	19495157	V	V
5941640	5946944	5493285	5498587	5305	5303	99.89	20132538	19495157	V	V
5942989	5944555	14653580	14651991	1567	1590	93.89	20132538	17485439	V	IV
5946246	5947404	1957930	1956777	1159	1154	87.97	20132538	17485439	V	IV
5947108	5989783	5449611	5492282	42676	42672	99.98	20132538	19495157	V	V
5968022	5969266	778807	777561	1245	1247	96.64	20132538	19495157	V	V
5968023	5969268	10694267	10693020	1246	1248	97.68	20132538	14578851	V	III
5968023	5969227	11243303	11242091	1205	1213	97.03	20132538	14578851	V	III
5968023	5969261	5224580	5223373	1239	1208	95.41	20132538	19495157	V	V
5968023	5969269	19202127	19200875	1247	1253	97.37	20132538	19495157	V	V
5968023	5969266	12801742	12800495	1244	1248	97.44	20132538	21540570	V	X
5972850	5974784	7263492	7261511	1935	1982	94.77	20132538	15455979	V	I
5972850	5974687	13991341	13989486	1838	1856	93.68	20132538	16627154	V	II
5972850	5974784	7074838	7072864	1935	1975	95.47	20132538	19495157	V	V
5972850	5974784	7508278	7506304	1935	1975	95.47	20132538	19495157	V	V
5986657	5987938	10156625	10157916	1282	1292	87.89	20132538	19495157	V	V
5986657	5987698	15838996	15837971	1042	1026	83.13	20132538	21540570	V	X
5988206	5990281	10121863	10119774	2076	2090	85.32	20132538	19495157	V	V
5990297	5991958	5491297	5489576	1662	1722	88.43	20132538	19495157	V	V
5990297	5991917	1348	2967	1621	1620	85.35	20132538	4525	V	cb25.NA_304
5990298	5992510	5491766	5489574	2213	2193	85.52	20132538	19495157	V	V
5990373	5991702	5492282	5490963	1330	1320	88.99	20132538	19495157	V	V
5990498	5991841	5575233	5576525	1344	1293	84.77	20132538	19495157	V	V
5990988	5993201	5492277	5490094	2214	2184	86.54	20132538	19495157	V	V
5991539	5992870	5575233	5576533	1332	1301	85.42	20132538	19495157	V	V
5991702	5992901	5490783	5489574	1200	1210	89.13	20132538	19495157	V	V
5991742	5993050	5575236	5576533	1309	1298	84.95	20132538	19495157	V	V
5991970	5993172	5575233	5576383	1203	1151	84.90	20132538	19495157	V	V
5993160	6017703	5576537	5551995	24544	24543	99.99	20132538	19495157	V	V
5993164	5994326	10121012	10119772	1163	1241	85.39	20132538	19495157	V	V
6014518	6016181	5548397	5550061	1664	1665	96.00	20132538	19495157	V	V
6017787	6050317	5551871	5519341	32531	32531	99.98	20132538	19495157	V	V
6019598	6020983	5553517	5554908	1386	1392	98.64	20132538	19495157	V	V
6046757	6048369	17142665	17141056	1613	1610	97.78	20132538	19495157	V	V
6046757	6048369	2628	4233	1613	1606	98.33	20132538	7776	V	cb25.NA_259
6049432	6051972	5518277	5520817	2541	2541	99.72	20132538	19495157	V	V
6053068	6060430	5513445	5506088	7363	7358	99.82	20132538	19495157	V	V
6056534	6058191	15642762	15641101	1658	1662	89.93	20132538	21540570	V	X
6056535	6057779	943676	942434	1245	1243	91.76	20132538	21540570	V	X
6057439	6059686	20734697	20736927	2248	2231	89.32	20132538	21540570	V	X
6057877	6058983	942339	941233	1107	1107	92.79	20132538	21540570	V	X
6058543	6059687	2478038	2476894	1145	1145	93.80	20132538	14578851	V	III
6060565	6067792	5506183	5498957	7228	7227	99.97	20132538	19495157	V	V
6061823	6064398	6348827	6346271	2576	2557	97.21	20132538	19495157	V	V
6061823	6067303	7577658	7572188	5481	5471	98.50	20132538	21540570	V	X
6063042	6065060	4926718	4928735	2019	2018	98.32	20132538	19495157	V	V
6067396	6070084	1	2690	2689	2690	90.27	20132538	13704	V	cb25.NA_225
6069096	6070127	1	1033	1032	1033	89.84	20132538	13704	V	cb25.NA_225
6069154	6070983	7572121	7570312	1830	1810	88.55	20132538	21540570	V	X
6069214	6070384	1	1171	1171	1171	88.13	20132538	2757	V	cb25.NA_363
6074896	6076911	1	2017	2016	2017	91.03	20132538	13704	V	cb25.NA_225
6075114	6077000	7572121	7570306	1887	1816	88.77	20132538	21540570	V	X
6075627	6076661	7542115	7543146	1035	1032	89.00	20132538	21540570	V	X
6076247	6077281	7542115	7543146	1035	1032	89.96	20132538	21540570	V	X
6078747	6079779	7542115	7543144	1033	1030	89.07	20132538	21540570	V	X
6078936	6081516	1	2582	2581	2582	90.20	20132538	13704	V	cb25.NA_225
6079354	6081240	7572121	7570306	1887	1816	87.93	20132538	21540570	V	X
6079896	6081870	1	1976	1975	1976	90.13	20132538	13704	V	cb25.NA_225
6080556	6082490	1	1936	1935	1936	89.88	20132538	13704	V	cb25.NA_225
6080754	6081816	1	1063	1063	1063	89.84	20132538	2757	V	cb25.NA_363
6080810	6082691	7572125	7570314	1882	1812	88.79	20132538	21540570	V	X
6081896	6083569	1	1675	1674	1675	90.39	20132538	13704	V	cb25.NA_225
6082014	6083184	1	1171	1171	1171	89.33	20132538	2757	V	cb25.NA_363
6082336	6084392	1	2058	2057	2058	90.04	20132538	13704	V	cb25.NA_225
6082557	6121401	5576638	5615461	38845	38824	99.90	20132538	19495157	V	V
6083234	6084301	7542102	7543146	1068	1045	87.93	20132538	21540570	V	X
6083336	6084416	1	1082	1081	1082	88.72	20132538	13704	V	cb25.NA_225
6100979	6102250	3791749	3790488	1272	1262	96.78	20132538	16627154	V	II
6109567	6110876	5885111	5883803	1310	1309	99.69	20132538	14578851	V	III
6109567	6110876	5893165	5891857	1310	1309	99.62	20132538	14578851	V	III
6109568	6110876	1630180	1628883	1309	1298	99.08	20132538	21540570	V	X
6109569	6110876	12443794	12442487	1308	1308	99.62	20132538	16627154	V	II
6109569	6110877	2359190	2357882	1309	1309	99.85	20132538	19495157	V	V
6109570	6110876	12623327	12622021	1307	1307	99.85	20132538	14578851	V	III
6109570	6110876	3998216	3996910	1307	1307	99.85	20132538	19495157	V	V
6117811	6119118	2737094	2735787	1308	1308	99.62	20132538	16627154	V	II
6117811	6119117	5928080	5926775	1307	1306	99.77	20132538	19495157	V	V
6121497	6132725	5616282	5627509	11229	11228	99.98	20132538	19495157	V	V
6132953	6144063	5627461	5638569	11111	11109	99.97	20132538	19495157	V	V
6144165	6154349	5639127	5649311	10185	10185	100.00	20132538	19495157	V	V
6153871	6180289	5650368	5676785	26419	26418	99.92	20132538	19495157	V	V
6180468	6187530	5677385	5684447	7063	7063	100.00	20132538	19495157	V	V
6188200	6192331	5685483	5689625	4132	4143	99.37	20132538	19495157	V	V
6192363	6193468	5689943	5691048	1106	1106	100.00	20132538	19495157	V	V
6193526	6237391	5691405	5735267	43866	43863	99.99	20132538	19495157	V	V
6214806	6219657	5877267	5882132	4852	4866	98.87	20132538	19495157	V	V
6237434	6240674	5735974	5739213	3241	3240	99.97	20132538	19495157	V	V
6240575	6247194	5738890	5745509	6620	6620	100.00	20132538	19495157	V	V
6247281	6250171	5745783	5748673	2891	2891	100.00	20132538	19495157	V	V
6250206	6274802	5748830	5773479	24597	24650	99.74	20132538	19495157	V	V
6270481	6272355	5776944	5778820	1875	1877	98.51	20132538	19495157	V	V
6272280	6276716	5778463	5782898	4437	4436	99.75	20132538	19495157	V	V
6276709	6341700	5781958	5846940	64992	64983	99.98	20132538	19495157	V	V
6281625	6283365	11548514	11546749	1741	1766	88.17	20132538	17485439	V	IV
6281625	6283116	487	1943	1492	1457	84.73	20132538	4967	V	cb25.NA_030
6319759	6320770	5829324	5828311	1012	1014	81.07	20132538	19495157	V	V
6323067	6324080	5826014	5825003	1014	1012	81.07	20132538	19495157	V	V
6325559	6327171	20863747	20862130	1613	1618	99.01	20132538	21540570	V	X
6342119	6354429	5846890	5859217	12311	12328	99.60	20132538	19495157	V	V
6352951	6354437	15	1501	1487	1487	100.00	20132538	1501	V	cb25.NA_433
6353059	6354288	19452282	19453511	1230	1230	98.70	20132538	19495157	V	V
6353081	6354288	16072044	16070837	1208	1208	98.59	20132538	19495157	V	V
6353194	6354286	2289725	2288631	1093	1095	97.90	20132538	17485439	V	IV
6354481	6360809	5859691	5866014	6329	6324	99.91	20132538	19495157	V	V
6360881	6369315	5866303	5874736	8435	8434	99.99	20132538	19495157	V	V
6368123	6369299	5883412	5882233	1177	1180	99.15	20132538	19495157	V	V
6368230	6369242	12842839	12843826	1013	988	96.84	20132538	14578851	V	III
6370920	6371956	1510651	1511686	1037	1036	99.32	20132538	16627154	V	II
6372039	6373039	15691625	15690626	1001	1000	99.20	20132538	19495157	V	V
6373708	6374713	22287	23291	1006	1005	97.71	20132538	23595	V	cb25.NA_041
6373860	6375910	15595868	15593829	2051	2040	98.30	20132538	16627154	V	II
6374727	6375922	5874736	5873544	1196	1193	99.17	20132538	19495157	V	V
6374743	6417914	5882233	5925405	43172	43173	99.96	20132538	19495157	V	V
6374800	6375924	15690391	15689267	1125	1125	98.76	20132538	19495157	V	V
6377158	6378189	12918482	12917450	1032	1033	93.87	20132538	17485439	V	IV
6415843	6417102	15517479	15518751	1260	1273	93.75	20132538	19495157	V	V
6415848	6417102	13739374	13738103	1255	1272	93.96	20132538	17485439	V	IV
6415849	6417102	3730745	3729493	1254	1253	94.92	20132538	15455979	V	I
6415849	6417102	13653583	13652317	1254	1267	93.66	20132538	17485439	V	IV
6415849	6417102	726	1978	1254	1253	94.92	20132538	4721	V	cb25.NA_301
6415947	6417102	7699788	7700953	1156	1166	95.89	20132538	17485439	V	IV
6418009	6437335	5925861	5945184	19327	19324	99.97	20132538	19495157	V	V
6418923	6420229	3669142	3667837	1307	1306	99.77	20132538	16627154	V	II
6418923	6420233	13872454	13871144	1311	1311	99.01	20132538	14578851	V	III
6418923	6420229	5613177	5611872	1307	1306	99.77	20132538	19495157	V	V
6438121	6511540	5951714	6025177	73420	73464	99.86	20132538	19495157	V	V
6445383	6446879	13814981	13813412	1497	1570	90.66	20132538	17485439	V	IV
6455046	6456835	8337933	8336151	1790	1783	96.65	20132538	19495157	V	V
6455046	6456835	3214	1433	1790	1782	96.60	20132538	25210	V	cb25.NA_209
6465507	6466676	2768	3904	1170	1137	92.86	20132538	19600	V	cb25.NA_100
6465508	6466672	4033	2857	1165	1177	96.09	20132538	19594	V	cb25.NA_018
6465508	6466672	14447	13271	1165	1177	96.09	20132538	15512	V	cb25.NA_220
6470601	6471858	14613418	14612162	1258	1257	99.68	20132538	19495157	V	V
6470601	6471859	15928401	15927143	1259	1259	99.68	20132538	21540570	V	X
6511070	6520477	6025311	6034718	9408	9408	100.00	20132538	19495157	V	V
6520558	6587557	6034806	6101801	67000	66996	99.99	20132538	19495157	V	V
6535439	6536699	6665250	6663991	1261	1260	99.84	20132538	16627154	V	II
6535440	6536699	15651094	15649831	1260	1264	99.53	20132538	16627154	V	II
6535446	6536703	6102140	6100884	1258	1257	99.68	20132538	14578851	V	III
6551140	6552158	15659447	15658434	1019	1014	92.05	20132538	19495157	V	V
6551141	6552158	12453429	12452386	1018	1044	92.26	20132538	14578851	V	III
6583624	6587557	7009895	7013828	3934	3934	99.97	20132538	19495157	V	V
6587622	6591868	6102305	6106551	4247	4247	99.91	20132538	19495157	V	V
6587656	6596768	7013985	7023095	9113	9111	99.93	20132538	19495157	V	V
6592487	6597715	12144947	12139690	5229	5258	99.24	20132538	14578851	V	III
6593092	6595184	2093	1	2093	2093	100.00	20132538	2093	V	cb25.NA_409
6594000	6597715	14642670	14638949	3716	3722	99.49	20132538	16627154	V	II
6594473	6628470	6106562	6140557	33998	33996	99.99	20132538	19495157	V	V
6595809	6597323	3005	4539	1515	1535	98.05	20132538	4539	V	cb25.NA_111
6595916	6597715	3086313	3088110	1800	1798	99.67	20132538	17485439	V	IV
6628500	6644422	6140649	6156567	15923	15919	99.97	20132538	19495157	V	V
6645327	6652077	6157236	6163986	6751	6751	100.00	20132538	19495157	V	V
6652162	6752821	6164733	6265384	100660	100652	99.99	20132538	19495157	V	V
6668024	6669276	8569655	8568412	1253	1244	97.61	20132538	14578851	V	III
6668024	6669276	2979244	2980488	1253	1245	97.77	20132538	19495157	V	V
6668025	6669276	5471766	5470523	1252	1244	97.76	20132538	19495157	V	V
6668025	6669282	167427	168681	1258	1255	97.93	20132538	21540570	V	X
6668025	6669276	14569882	14568637	1252	1246	97.76	20132538	21540570	V	X
6668025	6669276	47863	46573	1252	1291	94.53	20132538	48291	V	cb25.NA_108
6714975	6715975	5761969	5760974	1001	996	84.81	20132538	19495157	V	V
6744584	6746280	2827090	2828786	1697	1697	99.35	20132538	17485439	V	IV
6745033	6746280	5787060	5785803	1248	1258	97.70	20132538	14578851	V	III
6746954	6748168	10732095	10730873	1215	1223	93.69	20132538	14578851	V	III
6746962	6748168	3638466	3637267	1207	1200	94.08	20132538	19495157	V	V
6752919	6819751	6265964	6332787	66833	66824	99.97	20132538	19495157	V	V
6767959	6769581	12724028	12722406	1623	1623	99.26	20132538	14578851	V	III
6797182	6798223	14003081	14002051	1042	1031	94.03	20132538	14578851	V	III
6797182	6798223	3317462	3318488	1042	1027	94.48	20132538	17485439	V	IV
6797182	6798223	12300671	12301700	1042	1030	94.77	20132538	17485439	V	IV
6797182	6798223	3137	4166	1042	1030	94.77	20132538	8930	V	cb25.NA_248
6797183	6798223	2846590	2845562	1041	1029	94.59	20132538	15455979	V	I
6797183	6798223	4331683	4330658	1041	1026	93.90	20132538	19495157	V	V
6797183	6798224	6329062	6328053	1042	1010	93.05	20132538	19495157	V	V
6797183	6798223	29629	30672	1041	1044	91.85	20132538	44065	V	cb25.NA_117
6806952	6808156	11346844	11345700	1205	1145	90.64	20132538	14578851	V	III
6811347	6812421	600716	599653	1075	1064	82.42	20132538	19495157	V	V
6813228	6814478	4149233	4147995	1251	1239	95.45	20132538	17485439	V	IV
6815016	6816028	15530004	15528977	1013	1028	94.39	20132538	19495157	V	V
6815017	6816026	6311262	6310221	1010	1042	93.05	20132538	19495157	V	V
6815018	6816026	3983028	3981997	1009	1032	91.54	20132538	14578851	V	III
6819747	6820845	4430635	4431745	1099	1111	91.42	20132538	16627154	V	II
6819747	6820839	6297051	6295990	1093	1062	86.97	20132538	21540570	V	X
6820881	6833284	6333705	6346107	12404	12403	99.65	20132538	19495157	V	V
6831735	6832768	16892437	16891420	1034	1018	90.37	20132538	21540570	V	X
6832837	6873154	6344950	6385267	40318	40318	99.95	20132538	19495157	V	V
6834159	6836715	5502351	5504925	2557	2575	97.17	20132538	19495157	V	V
6834159	6836676	16760426	16757979	2518	2448	93.87	20132538	19495157	V	V
6834207	6835316	16891218	16890108	1110	1111	97.75	20132538	21540570	V	X
6835239	6836717	78303	79785	1479	1483	95.46	20132538	17485439	V	IV
6835294	6836714	4926298	4924868	1421	1431	95.63	20132538	19495157	V	V
6835569	6836714	16890108	16888954	1146	1155	96.63	20132538	21540570	V	X
6873130	6878049	6386259	6391177	4920	4919	99.90	20132538	19495157	V	V
6878165	6927164	6391252	6440206	49000	48955	99.89	20132538	19495157	V	V
6916921	6957679	6429963	6470719	40759	40757	99.99	20132538	19495157	V	V
6947615	6948873	1778288	1777030	1259	1259	99.29	20132538	17485439	V	IV
6957739	6979017	6471905	6493184	21279	21280	99.98	20132538	19495157	V	V
6958106	6959280	6471893	6470719	1175	1175	100.00	20132538	19495157	V	V
6979048	6999532	6494035	6514520	20485	20486	99.99	20132538	19495157	V	V
6999582	7068934	6514512	6583852	69353	69341	99.97	20132538	19495157	V	V
7012860	7013900	5771400	5770407	1041	994	83.60	20132538	14578851	V	III
7069044	7096708	6584086	6611748	27665	27663	99.91	20132538	19495157	V	V
7096845	7107375	6612388	6622917	10531	10530	99.94	20132538	19495157	V	V
7097076	7098862	10010259	10008484	1787	1776	92.65	20132538	15455979	V	I
7108434	7115260	6623556	6630382	6827	6827	99.93	20132538	19495157	V	V
7115486	7118377	6632532	6635423	2892	2892	100.00	20132538	19495157	V	V
7115579	7117013	6631817	6630383	1435	1435	100.00	20132538	19495157	V	V
7118420	7120054	6637058	6635424	1635	1635	100.00	20132538	19495157	V	V
7118492	7147280	6637107	6665892	28789	28786	99.99	20132538	19495157	V	V
7128665	7129878	21161313	21160113	1214	1201	94.40	20132538	21540570	V	X
7128665	7129878	21479751	21478551	1214	1201	94.40	20132538	21540570	V	X
7129003	7130202	360217	361416	1200	1200	93.62	20132538	21540570	V	X
7129003	7130065	21516242	21515181	1063	1062	95.12	20132538	21540570	V	X
7129093	7130202	14247463	14246354	1110	1110	93.35	20132538	21540570	V	X
7129172	7130206	4836812	4835782	1035	1031	92.95	20132538	21540570	V	X
7147371	7179922	6666611	6699160	32552	32550	99.98	20132538	19495157	V	V
7166152	7167241	7754498	7753407	1090	1092	95.53	20132538	16627154	V	II
7166157	7167237	14431846	14430766	1081	1081	96.59	20132538	17485439	V	IV
7172766	7190597	6699653	6717483	17832	17831	99.96	20132538	19495157	V	V
7189413	7190491	5490666	5489576	1079	1091	82.80	20132538	19495157	V	V
7189413	7191137	15238293	15236641	1725	1653	84.24	20132538	21540570	V	X
7189416	7190431	15237920	15236935	1016	986	83.76	20132538	21540570	V	X
7189416	7190828	15239470	15238107	1413	1364	82.63	20132538	21540570	V	X
7189683	7192677	6716329	6719332	2995	3004	94.00	20132538	19495157	V	V
7192753	7205916	6719487	6732650	13164	13164	100.00	20132538	19495157	V	V
7200034	7201298	8083176	8084475	1265	1300	94.38	20132538	15455979	V	I
7202399	7204243	14891801	14889904	1845	1898	92.86	20132538	21540570	V	X
7205283	7207044	1621036	1619255	1762	1782	97.76	20132538	19495157	V	V
7205798	7208969	1	3183	3172	3183	98.84	20132538	12135	V	cb25.NA_039
7209855	7213631	3347	7124	3777	3778	97.84	20132538	12135	V	cb25.NA_039
7211785	7213631	1617353	1615509	1847	1845	97.11	20132538	19495157	V	V
7211961	7236456	6736547	6761055	24496	24509	99.95	20132538	19495157	V	V
7216457	7252560	6741043	6777159	36104	36117	99.96	20132538	19495157	V	V
7252711	7321526	6777402	6846203	68816	68802	99.94	20132538	19495157	V	V
7267362	7272401	17759614	17754576	5040	5039	96.77	20132538	19495157	V	V
7268173	7269711	17857769	17856232	1539	1538	98.25	20132538	19495157	V	V
7273369	7283526	17752578	17742351	10158	10228	97.70	20132538	19495157	V	V
7273369	7279131	2757	8578	5763	5822	96.14	20132538	10881	V	cb25.NA_239
7279252	7281541	8584	10881	2290	2298	97.58	20132538	10881	V	cb25.NA_239
7283523	7285138	11474257	11472667	1616	1591	97.96	20132538	15455979	V	I
7283524	7285138	20863746	20862133	1615	1614	99.13	20132538	21540570	V	X
7286419	7288232	17766460	17764646	1814	1815	98.13	20132538	19495157	V	V
7287617	7288803	10045300	10044117	1187	1184	93.49	20132538	15455979	V	I
7287617	7288811	9511200	9510006	1195	1195	94.19	20132538	16627154	V	II
7287617	7288811	6624697	6623488	1195	1210	91.04	20132538	14578851	V	III
7287617	7288783	1075074	1076225	1167	1152	93.48	20132538	19495157	V	V
7287678	7288812	4137615	4136474	1135	1142	95.20	20132538	19495157	V	V
7291381	7292587	4438868	4437647	1207	1222	96.57	20132538	17485439	V	IV
7294102	7295547	225532	227005	1446	1474	92.40	20132538	17485439	V	IV
7294107	7295547	292572	294055	1441	1484	93.06	20132538	17485439	V	IV
7294107	7295547	12650534	12649096	1441	1439	97.31	20132538	19495157	V	V
7294149	7295547	15054222	15055624	1399	1403	97.72	20132538	17485439	V	IV
7294224	7295547	9770498	9769134	1324	1365	92.42	20132538	14578851	V	III
7294270	7295547	14638950	14637668	1278	1283	96.59	20132538	16627154	V	II
7294435	7295547	16163816	16162676	1113	1141	93.71	20132538	19495157	V	V
7295540	7297181	8905750	8904102	1642	1649	99.27	20132538	19495157	V	V
7303680	7306176	17741140	17738590	2497	2551	95.16	20132538	19495157	V	V
7307203	7308596	16464252	16465642	1394	1391	97.08	20132538	19495157	V	V
7311485	7313043	15536406	15534850	1559	1557	95.91	20132538	19495157	V	V
7311486	7312629	3954194	3953065	1144	1130	93.03	20132538	19495157	V	V
7311486	7312644	8787206	8786094	1159	1113	92.07	20132538	21540570	V	X
7314491	7315657	13947267	13946123	1167	1145	96.24	20132538	16627154	V	II
7314491	7315657	6750019	6748850	1167	1170	98.04	20132538	17485439	V	IV
7314491	7315657	14201354	14200185	1167	1170	98.46	20132538	17485439	V	IV
7314491	7315657	3275	4445	1167	1171	98.12	20132538	6154	V	cb25.NA_280
7322389	7342724	6845060	6865390	20336	20331	99.92	20132538	19495157	V	V
7342741	7371344	6865345	6893956	28604	28612	99.96	20132538	19495157	V	V
7351359	7445925	6873962	6968532	94567	94571	99.98	20132538	19495157	V	V
7446065	7475980	6978961	7008876	29916	29916	99.97	20132538	19495157	V	V
7467686	7511428	7024096	7067859	43743	43764	99.91	20132538	19495157	V	V
7502497	7503551	6039772	6038737	1055	1036	92.43	20132538	17485439	V	IV
7502497	7503551	12814412	12813360	1055	1053	96.12	20132538	17485439	V	IV
7502499	7503513	12817975	12816963	1015	1013	95.97	20132538	17485439	V	IV
7511762	7524336	7067847	7080417	12575	12571	99.84	20132538	19495157	V	V
7513601	7524179	7503125	7513701	10579	10577	99.78	20132538	19495157	V	V
7516518	7518755	801138	798887	2238	2252	95.07	20132538	17485439	V	IV
7516778	7518756	12522450	12520502	1979	1949	96.97	20132538	14578851	V	III
7516778	7518756	3462	5410	1979	1949	96.92	20132538	6153	V	cb25.NA_281
7516780	7518754	4933089	4931108	1975	1982	96.93	20132538	16627154	V	II
7516780	7518754	5477282	5475349	1975	1934	95.42	20132538	19495157	V	V
7516780	7518755	12980753	12978783	1976	1971	96.07	20132538	19495157	V	V
7516789	7518042	5413	4154	1254	1260	96.44	20132538	5413	V	cb25.NA_056
7517564	7518754	15279171	15280365	1191	1195	96.35	20132538	16627154	V	II
7527281	7544269	7080139	7097138	16989	17000	99.82	20132538	19495157	V	V
7544337	7545591	1	1255	1255	1255	99.84	20132538	1911	V	cb25.NA_423
7545691	7563977	7097673	7115958	18287	18286	99.99	20132538	19495157	V	V
7563918	7609110	7116388	7161576	45193	45189	99.99	20132538	19495157	V	V
7609153	7644466	7161740	7197049	35314	35310	99.99	20132538	19495157	V	V
7616328	7617708	7032477	7031092	1381	1386	95.90	20132538	15455979	V	I
7616328	7617708	7888384	7886999	1381	1386	95.90	20132538	15455979	V	I
7616328	7617708	10853633	10852279	1381	1355	93.53	20132538	15455979	V	I
7616328	7617710	7853889	7852556	1383	1334	92.22	20132538	19495157	V	V
7616345	7617717	7972297	7973703	1373	1407	92.67	20132538	17485439	V	IV
7616417	7617720	6809894	6808592	1304	1303	92.70	20132538	17485439	V	IV
7644447	7649953	7197505	7203011	5507	5507	100.00	20132538	19495157	V	V
7650061	7659059	7203142	7212140	8999	8999	100.00	20132538	19495157	V	V
7657584	7658611	5016297	5015292	1028	1006	89.22	20132538	15455979	V	I
7657584	7658664	7566948	7565854	1081	1095	91.39	20132538	15455979	V	I
7657584	7658697	4574264	4573151	1114	1114	91.82	20132538	14578851	V	III
7657585	7658697	7718688	7717640	1113	1049	87.89	20132538	16627154	V	II
7657585	7658635	13623315	13622256	1051	1060	92.19	20132538	17485439	V	IV
7657585	7658702	13774543	13773440	1118	1104	88.27	20132538	19495157	V	V
7659091	7679548	7212265	7232721	20458	20457	99.99	20132538	19495157	V	V
7679330	7699176	7232856	7252699	19847	19844	99.98	20132538	19495157	V	V
7699397	7742047	7252759	7295407	42651	42649	99.99	20132538	19495157	V	V
7733555	7735131	7551274	7549702	1577	1573	98.16	20132538	19495157	V	V
7742125	7797662	7300934	7356466	55538	55533	99.99	20132538	19495157	V	V
7755404	7757965	2561	1	2562	2561	99.96	20132538	2576	V	cb25.NA_374
7756332	7757594	1778295	1777033	1263	1263	99.37	20132538	17485439	V	IV
7756337	7757592	2786416	2785162	1256	1255	99.76	20132538	15455979	V	I
7756337	7757592	990242	988987	1256	1256	99.92	20132538	16627154	V	II
7798413	7807626	7357007	7366217	9214	9211	99.97	20132538	19495157	V	V
7807673	7849113	7367186	7408612	41441	41427	99.94	20132538	19495157	V	V
7849144	7850601	7408796	7410253	1458	1458	100.00	20132538	19495157	V	V
7850664	7916676	7411211	7477220	66013	66010	99.98	20132538	19495157	V	V
7857938	7859215	8228145	8226876	1278	1270	96.56	20132538	14578851	V	III
7858066	7859216	42386	41230	1151	1157	89.61	20132538	47958	V	cb25.NA_055
7863358	7864661	10669879	10668577	1304	1303	99.69	20132538	21540570	V	X
7912732	7914347	5830803	5832411	1616	1609	99.38	20132538	19495157	V	V
7916888	7940967	7478045	7502123	24080	24079	99.98	20132538	19495157	V	V
7935391	7936645	17809	19064	1255	1256	99.52	20132538	24739	V	cb25.NA_210
7940830	7966231	5695976	5670577	25402	25400	99.94	20132538	21540570	V	X
7966440	8116700	7514787	7665038	150261	150252	99.99	20132538	19495157	V	V
8001359	8002931	7288491	7286915	1573	1577	98.16	20132538	19495157	V	V
8022795	8023876	11636376	11635289	1082	1088	95.23	20132538	21540570	V	X
8098013	8099356	12892595	12891267	1344	1329	94.94	20132538	17485439	V	IV
8098046	8099415	17014042	17012688	1370	1355	95.63	20132538	17485439	V	IV
8098172	8099422	10814710	10813463	1251	1248	98.64	20132538	15455979	V	I
8098186	8099407	11526378	11525166	1222	1213	94.69	20132538	21540570	V	X
8098318	8099429	18029119	18028022	1112	1098	95.52	20132538	19495157	V	V
8098320	8099417	20627001	20628088	1098	1088	95.09	20132538	21540570	V	X
8116719	8120511	7665647	7669439	3793	3793	99.97	20132538	19495157	V	V
8121002	8148393	7670440	7697829	27392	27390	99.97	20132538	19495157	V	V
8136190	8137286	6230567	6229507	1097	1061	94.08	20132538	21540570	V	X
8136190	8137286	16768770	16767710	1097	1061	94.35	20132538	21540570	V	X
8142236	8143280	4721422	4720383	1045	1040	97.51	20132538	15455979	V	I
8142236	8143842	4160012	4158405	1607	1608	98.07	20132538	17485439	V	IV
8142236	8143842	4721224	4719621	1607	1604	97.64	20132538	19495157	V	V
8142236	8143842	1438761	1437153	1607	1609	97.70	20132538	21540570	V	X
8147250	8148646	7711266	7712660	1397	1395	99.21	20132538	19495157	V	V
8149208	8165737	7714458	7697930	16530	16529	99.98	20132538	19495157	V	V
8149993	8151208	7712458	7713673	1216	1216	92.27	20132538	19495157	V	V
8151111	8152400	3856174	3854875	1290	1300	90.87	20132538	16627154	V	II
8151258	8152400	7697829	7696686	1143	1144	99.21	20132538	19495157	V	V
8165771	8195671	7714735	7744633	29901	29899	99.97	20132538	19495157	V	V
8185543	8187249	7758527	7756853	1707	1675	91.00	20132538	19495157	V	V
8195943	8237647	7744942	7786644	41705	41703	99.97	20132538	19495157	V	V
8207856	8209530	7736212	7734506	1675	1707	91.01	20132538	19495157	V	V
8237699	8242935	7786995	7792232	5237	5238	99.01	20132538	19495157	V	V
8243156	8260923	7792402	7810168	17768	17767	99.99	20132538	19495157	V	V
8247358	8251103	7812661	7808914	3746	3748	99.92	20132538	19495157	V	V
8249842	8251103	21110647	21109387	1262	1261	99.68	20132538	21540570	V	X
8249845	8251103	13234373	13233116	1259	1258	99.60	20132538	14578851	V	III
8249847	8251104	16660845	16659588	1258	1258	99.92	20132538	19495157	V	V
8253366	8260085	7812923	7819642	6720	6720	100.00	20132538	19495157	V	V
8259664	8260922	5339550	5338293	1259	1258	99.60	20132538	16627154	V	II
8259667	8260926	16872906	16871647	1260	1260	99.76	20132538	21540570	V	X
8259668	8260923	7957523	7956269	1256	1255	99.84	20132538	19495157	V	V
8259668	8260926	11832655	11831398	1259	1258	99.68	20132538	21540570	V	X
8262111	8269708	7819653	7827249	7598	7597	99.92	20132538	19495157	V	V
8269896	8300890	7827260	7858251	30995	30992	99.98	20132538	19495157	V	V
8281867	8283169	14514426	14513114	1303	1313	98.93	20132538	16627154	V	II
8281868	8283168	3922538	3923842	1301	1305	98.40	20132538	15455979	V	I
8281868	8283168	3636828	3635518	1301	1311	99.01	20132538	19495157	V	V
8281869	8283168	5613180	5611872	1300	1309	98.93	20132538	19495157	V	V
8281872	8283168	10180394	10179098	1297	1297	99.92	20132538	16627154	V	II
8295194	8296527	7170295	7168914	1334	1382	92.22	20132538	19495157	V	V
8300997	8304492	7858523	7862045	3496	3523	99.23	20132538	19495157	V	V
8302498	8303988	5597494	5595975	1491	1520	92.60	20132538	15455979	V	I
8302498	8303988	5609813	5608293	1491	1521	92.66	20132538	15455979	V	I
8302498	8303988	8218422	8219918	1491	1497	93.57	20132538	15455979	V	I
8302498	8303840	9398167	9396851	1343	1317	92.56	20132538	14578851	V	III
8304531	8355023	7862524	7913015	50493	50492	99.99	20132538	19495157	V	V
8355031	8397324	7921171	7963460	42294	42290	99.97	20132538	19495157	V	V
8371465	8372733	18668219	18666953	1269	1267	95.60	20132538	21540570	V	X
8390130	8391387	7810170	7808913	1258	1258	100.00	20132538	19495157	V	V
8390133	8391389	13883289	13882034	1257	1256	99.68	20132538	17485439	V	IV
8393855	8395187	15859127	15857799	1333	1329	96.70	20132538	21540570	V	X
8393855	8395187	15862591	15861264	1333	1328	96.63	20132538	21540570	V	X
8393987	8418238	7964594	7988842	24252	24249	99.94	20132538	19495157	V	V
8394108	8395774	10286122	10284461	1667	1662	97.48	20132538	17485439	V	IV
8394108	8395117	10311869	10310865	1010	1005	97.63	20132538	17485439	V	IV
8408970	8410145	8533917	8532755	1176	1163	96.09	20132538	14578851	V	III
8418471	8438236	7992837	8012600	19766	19764	99.98	20132538	19495157	V	V
8438426	8440040	8012771	8014385	1615	1615	99.94	20132538	19495157	V	V
8440276	8460645	8014621	8034990	20370	20370	100.00	20132538	19495157	V	V
8460954	8464852	8035285	8039182	3899	3898	99.97	20132538	19495157	V	V
8461453	8477980	8323384	8339913	16528	16530	99.98	20132538	19495157	V	V
8472786	8497998	1	25210	25213	25210	99.92	20132538	25210	V	cb25.NA_209
8474022	8475337	6517458	6518743	1316	1286	94.09	20132538	17485439	V	IV
8474023	8476002	5780720	5778769	1980	1952	94.82	20132538	17485439	V	IV
8474023	8476002	6143806	6141903	1980	1904	92.46	20132538	19495157	V	V
8474024	8475793	7956775	7958550	1770	1776	98.87	20132538	17485439	V	IV
8474035	8475687	14012347	14013959	1653	1613	94.03	20132538	17485439	V	IV
8474147	8476002	16122668	16120812	1856	1857	97.06	20132538	19495157	V	V
8474148	8475534	1314877	1313483	1387	1395	95.92	20132538	17485439	V	IV
8474220	8476002	5970425	5968636	1783	1790	96.65	20132538	19495157	V	V
8491024	8493296	8532338	8530158	2273	2181	83.68	20132538	14578851	V	III
8491944	8498173	8040183	8046413	6230	6231	99.95	20132538	19495157	V	V
8498607	8545907	8046424	8093722	47301	47299	99.99	20132538	19495157	V	V
8546006	8554553	8094158	8102704	8548	8547	99.98	20132538	19495157	V	V
8554688	8665468	8103404	8214177	110781	110774	99.99	20132538	19495157	V	V
8597249	8598792	9000694	8999150	1544	1545	95.41	20132538	14578851	V	III
8597627	8598790	113103	111941	1164	1163	94.95	20132538	16627154	V	II
8597680	8598790	4306385	4305275	1111	1111	91.28	20132538	17485439	V	IV
8665562	8666620	8214576	8215634	1059	1059	100.00	20132538	19495157	V	V
8666679	8704229	8216161	8253708	37551	37548	99.99	20132538	19495157	V	V
8701994	8703160	6645435	6644216	1167	1220	88.83	20132538	16627154	V	II
8701994	8703160	10878808	10877592	1167	1217	89.85	20132538	19495157	V	V
8701995	8703160	645654	644500	1166	1155	93.83	20132538	19495157	V	V
8704264	8716470	8254031	8266235	12207	12205	99.93	20132538	19495157	V	V
8710931	8712549	6258833	6257215	1619	1619	99.14	20132538	15455979	V	I
8710935	8712549	11474257	11472667	1615	1591	97.78	20132538	15455979	V	I
8710936	8712145	5659885	5658677	1210	1209	99.92	20132538	17485439	V	IV
8715794	8717050	7122814	7121559	1257	1256	99.84	20132538	16627154	V	II
8715794	8717050	1356	100	1257	1257	99.84	20132538	14578851	V	III
8715794	8717050	2912	4168	1257	1257	99.84	20132538	7485	V	cb25.NA_263
8715795	8717053	2658252	2656994	1259	1259	99.92	20132538	17485439	V	IV
8715796	8717050	15027623	15028877	1255	1255	99.84	20132538	17485439	V	IV
8715796	8717052	863247	861991	1257	1257	100.00	20132538	21540570	V	X
8715797	8717056	11228241	11226983	1260	1259	99.60	20132538	21540570	V	X
8716798	8773752	8266332	8323283	56955	56952	99.98	20132538	19495157	V	V
8725958	8727220	1982757	1981496	1263	1262	99.68	20132538	17485439	V	IV
8725963	8727221	9579786	9578528	1259	1259	99.92	20132538	21540570	V	X
8725963	8727225	19629065	19627803	1263	1263	99.68	20132538	21540570	V	X
8731371	8732908	8282649	8281075	1538	1575	84.98	20132538	19495157	V	V
8731371	8732636	9825173	9823866	1266	1308	89.74	20132538	19495157	V	V
8776372	8785973	8361213	8370813	9602	9601	99.96	20132538	19495157	V	V
8786086	8791548	8371469	8376931	5463	5463	99.95	20132538	19495157	V	V
8791580	8802533	8377974	8388926	10954	10953	99.99	20132538	19495157	V	V
8803007	8821620	8388937	8407549	18614	18613	99.97	20132538	19495157	V	V
8821794	8838208	8407991	8424403	16415	16413	99.99	20132538	19495157	V	V
8838523	8860697	8427299	8449473	22175	22175	100.00	20132538	19495157	V	V
8860909	8918597	8450040	8507719	57689	57680	99.97	20132538	19495157	V	V
8918656	8950587	8507624	8539554	31932	31931	99.99	20132538	19495157	V	V
8950708	8977628	8542996	8569916	26921	26921	100.00	20132538	19495157	V	V
8978121	8987766	8570244	8579887	9646	9644	99.93	20132538	19495157	V	V
8987895	9003901	8580471	8596474	16007	16004	99.98	20132538	19495157	V	V
9003945	9107234	8596892	8700174	103290	103283	99.96	20132538	19495157	V	V
9028862	9030238	7263927	7262537	1377	1391	90.50	20132538	14578851	V	III
9028863	9030238	7578442	7577044	1376	1399	91.67	20132538	14578851	V	III
9095675	9097820	8698533	8696394	2146	2140	99.02	20132538	19495157	V	V
9097918	9099405	8696394	8694903	1488	1492	97.32	20132538	19495157	V	V
9101964	9103454	8692345	8690860	1491	1486	98.19	20132538	19495157	V	V
9103454	9105593	8690762	8688617	2140	2146	99.02	20132538	19495157	V	V
9107390	9115876	8700549	8709033	8487	8485	99.98	20132538	19495157	V	V
9115921	9133105	8709188	8726375	17185	17188	99.90	20132538	19495157	V	V
9124003	9125078	21516255	21515181	1076	1075	93.70	20132538	21540570	V	X
9124005	9125218	360206	361419	1214	1214	92.53	20132538	21540570	V	X
9124176	9125215	10380231	10379183	1040	1049	90.17	20132538	15455979	V	I
9124176	9125220	9618482	9617445	1045	1038	93.03	20132538	21540570	V	X
9132129	9134114	1986	1	1986	1986	99.95	20132538	1986	V	cb25.NA_414
9134200	9220942	8726682	8813418	86743	86737	99.99	20132538	19495157	V	V
9182484	9183736	8778726	8777459	1253	1268	95.59	20132538	19495157	V	V
9184979	9186246	8776216	8774964	1268	1253	95.59	20132538	19495157	V	V
9192059	9193315	12372255	12371000	1257	1256	99.92	20132538	21540570	V	X
9192062	9193321	9278631	9277372	1260	1260	99.60	20132538	15455979	V	I
9221205	9319063	8813419	8911267	97859	97849	99.99	20132538	19495157	V	V
9236749	9237853	9918595	9917503	1105	1093	82.11	20132538	21540570	V	X
9306818	9308462	13353579	13351934	1645	1646	99.39	20132538	17485439	V	IV
9311896	9313545	1463206	1464854	1650	1649	99.70	20132538	16627154	V	II
9311897	9313546	6821862	6820222	1650	1641	99.27	20132538	19495157	V	V
9319121	9324492	8911496	8916866	5372	5371	99.81	20132538	19495157	V	V
9324969	9342433	8917591	8935050	17465	17460	99.97	20132538	19495157	V	V
9341837	9343252	7578422	7577038	1416	1385	93.03	20132538	19495157	V	V
9341845	9343253	9154613	9153252	1409	1362	93.41	20132538	19495157	V	V
9342653	9350250	8935372	8942969	7598	7598	100.00	20132538	19495157	V	V
9350427	9351913	8943225	8944711	1487	1487	100.00	20132538	19495157	V	V
9352075	9461786	8950218	9059922	109712	109705	99.99	20132538	19495157	V	V
9423657	9424722	10987635	10986528	1066	1108	87.90	20132538	21540570	V	X
9424751	9425866	4998769	4997659	1116	1111	97.15	20132538	17485439	V	IV
9425772	9426995	11419265	11418032	1224	1234	94.01	20132538	15455979	V	I
9461939	9463644	9060106	9061811	1706	1706	100.00	20132538	19495157	V	V
9463709	9484184	9061900	9082375	20476	20476	99.99	20132538	19495157	V	V
9484219	9624125	9083308	9223132	139907	139825	99.94	20132538	19495157	V	V
9530422	9531548	4885719	4884588	1127	1132	95.08	20132538	17485439	V	IV
9530422	9531556	20794336	20795458	1135	1123	92.58	20132538	21540570	V	X
9564618	9565873	12694690	12693435	1256	1256	100.00	20132538	21540570	V	X
9564618	9565875	14909457	14908200	1258	1258	99.84	20132538	21540570	V	X
9572828	9574020	14778	15956	1193	1179	97.00	20132538	17485439	V	IV
9572828	9574025	245857	247080	1198	1224	96.33	20132538	17485439	V	IV
9624274	9743680	9223238	9342640	119407	119403	99.99	20132538	19495157	V	V
9743312	9744878	1114628	1113062	1567	1567	99.94	20132538	15455979	V	I
9744857	9803464	9343526	9402130	58608	58605	99.96	20132538	19495157	V	V
9797698	9801075	9402167	9405544	3378	3378	100.00	20132538	19495157	V	V
9799082	9800656	4187986	4186338	1575	1649	94.00	20132538	17485439	V	IV
9799082	9800656	7250080	7251708	1575	1629	91.85	20132538	21540570	V	X
9799086	9800411	7309711	7308313	1326	1399	92.94	20132538	14578851	V	III
9799222	9800656	5106502	5104993	1435	1510	93.12	20132538	17485439	V	IV
9801045	9833284	9409565	9441803	32240	32239	99.99	20132538	19495157	V	V
9805546	9808648	3783	681	3103	3103	98.50	20132538	3783	V	cb25.NA_323
9807012	9808986	1975	1	1975	1975	99.39	20132538	3783	V	cb25.NA_323
9833536	9912469	9447505	9526435	78934	78931	99.97	20132538	19495157	V	V
9894036	9895056	9389985	9388932	1021	1054	90.25	20132538	17485439	V	IV
9912544	9988654	9526559	9602666	76111	76108	99.99	20132538	19495157	V	V
9988528	10012969	9603135	9627574	24442	24440	99.99	20132538	19495157	V	V
10009215	10010328	2825	1712	1114	1114	100.00	20132538	2825	V	cb25.NA_095
10013050	10028153	9628334	9643437	15104	15104	99.95	20132538	19495157	V	V
10027524	10028661	9550739	9549594	1138	1146	95.12	20132538	19495157	V	V
10027657	10028658	9647413	9646412	1002	1002	99.70	20132538	19495157	V	V
10028477	10044507	9643737	9659762	16031	16026	99.96	20132538	19495157	V	V
10045714	10096416	9661191	9711845	50703	50655	99.86	20132538	19495157	V	V
10096166	10147998	9711979	9763760	51833	51782	99.68	20132538	19495157	V	V
10144585	10149138	8340151	8344707	4554	4557	95.19	20132538	19495157	V	V
10144585	10147873	8342599	8345890	3289	3292	93.59	20132538	19495157	V	V
10144596	10149409	8341122	8345890	4814	4769	93.09	20132538	19495157	V	V
10144596	10146865	8343618	8345890	2270	2273	95.12	20132538	19495157	V	V
10144736	10150033	8340014	8345314	5298	5301	93.64	20132538	19495157	V	V
10145697	10148331	8340018	8342652	2635	2635	94.31	20132538	19495157	V	V
10146612	10149966	9760409	9763760	3355	3352	94.46	20132538	19495157	V	V
10146990	10148289	8340015	8341314	1300	1300	94.92	20132538	19495157	V	V
10148433	10150025	8341314	8342906	1593	1593	98.81	20132538	19495157	V	V
10149140	10161867	8344997	8357726	12728	12730	99.65	20132538	19495157	V	V
10157389	10161867	9763771	9768253	4479	4483	99.89	20132538	19495157	V	V
10163343	10164603	8357484	8358744	1261	1261	100.00	20132538	19495157	V	V
10163343	10242501	9768011	9847163	79159	79153	99.99	20132538	19495157	V	V
10190639	10191710	297636	298726	1072	1091	93.59	20132538	21540570	V	X
10190639	10191710	6118	7209	1072	1092	93.68	20132538	11946	V	cb25.NA_082
10190695	10191706	2522890	2521852	1012	1039	93.28	20132538	17485439	V	IV
10199691	10200801	9405807	9404681	1111	1127	89.82	20132538	17485439	V	IV
10200011	10201112	9244722	9243615	1102	1108	89.04	20132538	15455979	V	I
10200107	10201170	10485300	10484237	1064	1064	91.60	20132538	19495157	V	V
10219201	10220281	8282168	8281089	1081	1080	91.83	20132538	19495157	V	V
10242467	10256657	9847218	9861406	14191	14189	99.99	20132538	19495157	V	V
10256567	10266339	9861589	9871360	9773	9772	99.99	20132538	19495157	V	V
10258220	10259245	13365862	13364834	1026	1029	95.67	20132538	16627154	V	II
10258220	10259245	13368148	13367120	1026	1029	95.67	20132538	16627154	V	II
10258222	10259244	2391892	2390847	1023	1046	93.26	20132538	19495157	V	V
10258222	10259243	10589395	10588373	1022	1023	98.15	20132538	19495157	V	V
10266503	10269330	9871530	9874357	2828	2828	99.96	20132538	19495157	V	V
10269607	10279948	9874736	9885076	10342	10341	99.99	20132538	19495157	V	V
10279947	10501574	9885550	10107140	221628	221591	99.98	20132538	19495157	V	V
10283614	10284906	8320247	8318961	1293	1287	95.67	20132538	14578851	V	III
10369869	10371181	9986718	9985405	1313	1314	98.33	20132538	19495157	V	V
10369873	10370918	10301329	10300283	1046	1047	89.66	20132538	21540570	V	X
10375055	10376335	9986714	9985433	1281	1282	96.33	20132538	19495157	V	V
10379816	10381129	9976770	9975458	1314	1313	98.33	20132538	19495157	V	V
10379844	10381125	9981924	9980644	1282	1281	96.33	20132538	19495157	V	V
10379901	10380921	4612800	4611782	1021	1019	86.72	20132538	21540570	V	X
10501626	10516215	10107261	10121860	14590	14600	99.63	20132538	19495157	V	V
10514137	10516047	5491398	5489574	1911	1825	84.38	20132538	19495157	V	V
10519767	10521099	5575233	5576525	1333	1293	84.97	20132538	19495157	V	V
10524695	10527515	5492269	5489576	2821	2694	85.43	20132538	19495157	V	V
10531495	10534907	15239875	15236513	3413	3363	85.45	20132538	21540570	V	X
10531616	10534905	5492278	5489156	3290	3123	85.03	20132538	19495157	V	V
10531890	10533259	5575236	5576525	1370	1290	84.40	20132538	19495157	V	V
10533057	10534426	5575233	5576533	1370	1301	85.60	20132538	19495157	V	V
10533595	10569569	10157926	10121964	35975	35963	99.86	20132538	19495157	V	V
10565921	10569679	10162983	10159225	3759	3759	99.87	20132538	19495157	V	V
10569916	10701353	10162986	10294416	131438	131431	99.99	20132538	19495157	V	V
10663073	10664197	14056736	14055620	1125	1117	92.78	20132538	14578851	V	III
10682053	10683313	4301227	4299968	1261	1260	99.76	20132538	19495157	V	V
10682054	10683310	10294536	10293281	1257	1256	99.76	20132538	21540570	V	X
10701382	10756630	10295209	10350452	55249	55244	99.96	20132538	19495157	V	V
10756698	10767856	10350881	10362038	11159	11158	99.99	20132538	19495157	V	V
10767943	10881766	10362300	10476115	113824	113816	99.99	20132538	19495157	V	V
10811576	10812835	1590736	1589461	1260	1276	93.67	20132538	21540570	V	X
10811578	10812582	2999708	2998704	1005	1005	96.62	20132538	16627154	V	II
10811579	10812834	11659444	11658172	1256	1273	94.04	20132538	14578851	V	III
10825599	10826852	1176577	1175324	1254	1254	99.84	20132538	21540570	V	X
10860237	10862343	9405691	9403567	2107	2125	94.16	20132538	15455979	V	I
10881990	10968079	10477279	10563365	86090	86087	99.97	20132538	19495157	V	V
10888949	10890012	9805837	9804774	1064	1064	91.60	20132538	19495157	V	V
10901011	10902289	14094866	14093612	1279	1255	89.36	20132538	19495157	V	V
10901012	10902287	9701994	9700747	1276	1248	87.12	20132538	14578851	V	III
10901217	10902293	15734817	15733743	1077	1075	81.37	20132538	21540570	V	X
10937418	10938734	454266	452946	1317	1321	96.14	20132538	15455979	V	I
10937418	10938427	3027948	3028960	1010	1013	96.75	20132538	19495157	V	V
10937418	10938423	5792929	5791922	1006	1008	96.63	20132538	21540570	V	X
10968083	10982384	10567848	10582149	14302	14302	100.00	20132538	19495157	V	V
10982555	11071443	10582299	10671183	88889	88885	99.98	20132538	19495157	V	V
10988628	10989652	14003081	14002051	1025	1031	97.67	20132538	14578851	V	III
10988628	10989652	1161722	1160700	1025	1023	95.37	20132538	17485439	V	IV
10988628	10989652	15640707	15639680	1025	1028	97.48	20132538	19495157	V	V
10988629	10989652	2846590	2845562	1024	1029	98.25	20132538	15455979	V	I
10988629	10989652	12293878	12292858	1024	1021	97.47	20132538	16627154	V	II
10988629	10989652	9864264	9863243	1024	1022	98.15	20132538	19495157	V	V
10988629	10989652	14812278	14811252	1024	1027	97.96	20132538	19495157	V	V
11071745	11177259	10675235	10780740	105515	105506	99.99	20132538	19495157	V	V
11161914	11162961	1165	119	1048	1047	99.62	20132538	1569	V	cb25.NA_432
11177522	11197884	10780737	10801098	20363	20362	99.97	20132538	19495157	V	V
11197938	11206905	10801906	10810874	8968	8969	99.99	20132538	19495157	V	V
11207110	11211622	10812657	10817169	4513	4513	100.00	20132538	19495157	V	V
11211608	11264284	10817533	10870203	52677	52671	99.99	20132538	19495157	V	V
11246604	11247628	9703458	9702426	1025	1033	87.69	20132538	15455979	V	I
11246604	11247628	2182359	2181333	1025	1027	92.82	20132538	17485439	V	IV
11258819	11260099	8228145	8226875	1281	1271	96.33	20132538	14578851	V	III
11264366	11290823	10870823	10897239	26458	26417	99.77	20132538	19495157	V	V
11271176	11272392	8252639	8251473	1217	1167	90.89	20132538	19495157	V	V
11272425	11273425	10878576	10877585	1001	992	98.90	20132538	19495157	V	V
11291816	11318893	10898519	10925605	27078	27087	99.96	20132538	19495157	V	V
11316281	11317309	11104580	11103577	1029	1004	85.01	20132538	16627154	V	II
11316286	11317309	3582660	3581633	1024	1028	89.63	20132538	19495157	V	V
11318904	11329585	10926011	10936690	10682	10680	99.96	20132538	19495157	V	V
11329641	11403331	10937154	11010843	73691	73690	99.99	20132538	19495157	V	V
11403787	11409606	11010886	11016705	5820	5820	100.00	20132538	19495157	V	V
11409678	11435321	11017476	11043117	25644	25642	99.99	20132538	19495157	V	V
11435681	11453024	11043274	11060615	17344	17342	99.98	20132538	19495157	V	V
11444942	11479029	11060716	11094801	34088	34086	99.99	20132538	19495157	V	V
11479201	11510814	11094978	11126591	31614	31614	99.99	20132538	19495157	V	V
11511098	11527579	11134100	11150581	16482	16482	99.99	20132538	19495157	V	V
11511456	11517116	11128430	11134089	5661	5660	99.95	20132538	19495157	V	V
11528096	11595220	11151810	11218929	67125	67120	99.99	20132538	19495157	V	V
11595414	11596772	11219174	11220532	1359	1359	100.00	20132538	19495157	V	V
11597271	11619372	11220988	11243088	22102	22101	99.91	20132538	19495157	V	V
11615459	11619018	5915948	5912374	3560	3575	90.15	20132538	15455979	V	I
11619464	11620711	11245336	11244089	1248	1248	99.92	20132538	19495157	V	V
11619636	11626350	11253049	11246338	6715	6712	99.93	20132538	19495157	V	V
11626581	11906307	11253292	11532997	279727	279706	99.99	20132538	19495157	V	V
11679084	11680193	31790	30698	1110	1093	92.44	20132538	47958	V	cb25.NA_055
11848604	11850218	4568786	4567172	1615	1615	99.69	20132538	17485439	V	IV
11906375	11927020	11533234	11553878	20646	20645	99.99	20132538	19495157	V	V
11922989	11924025	6748854	6747887	1037	968	91.61	20132538	17485439	V	IV
11922989	11924025	4441	5408	1037	968	91.61	20132538	6154	V	cb25.NA_280
11926895	11960397	11554317	11587809	33503	33493	99.97	20132538	19495157	V	V
11951188	11952188	11587243	11586242	1001	1002	98.10	20132538	19495157	V	V
11958828	11959829	11579603	11578604	1002	1000	98.00	20132538	19495157	V	V
11960596	11965729	11588631	11593764	5134	5134	99.94	20132538	19495157	V	V
11965961	12036215	11593757	11664008	70255	70252	99.99	20132538	19495157	V	V
11973430	11974719	7458853	7460108	1290	1256	83.74	20132538	21540570	V	X
11973431	11974718	7651155	7649877	1288	1279	86.32	20132538	21540570	V	X
12007865	12009712	9663024	9661218	1848	1807	91.23	20132538	16627154	V	II
12036228	12067286	11664416	11695471	31059	31056	99.99	20132538	19495157	V	V
12054152	12055486	4843927	4842589	1335	1339	95.67	20132538	15455979	V	I
12056012	12057631	11702733	11701115	1620	1619	99.94	20132538	19495157	V	V
12056012	12057631	16165420	16163814	1620	1607	98.15	20132538	19495157	V	V
12056015	12057630	2628	4233	1616	1606	98.21	20132538	7776	V	cb25.NA_259
12059920	12061176	6833499	6832244	1257	1256	99.76	20132538	16627154	V	II
12059921	12061176	10269067	10267812	1256	1256	99.92	20132538	14578851	V	III
12067541	12082905	11695482	11710845	15365	15364	99.99	20132538	19495157	V	V
12073172	12074680	11668029	11666520	1509	1510	98.28	20132538	14578851	V	III
12073174	12074791	10958534	10956916	1618	1619	99.69	20132538	17485439	V	IV
12073174	12074790	11476911	11475297	1617	1615	99.63	20132538	19495157	V	V
12073174	12074793	11685817	11684199	1620	1619	99.94	20132538	19495157	V	V
12073175	12074303	16371404	16370275	1129	1130	99.47	20132538	16627154	V	II
12073175	12074791	3214382	3215999	1617	1618	99.20	20132538	19495157	V	V
12082940	12094709	11711973	11723731	11770	11759	99.80	20132538	19495157	V	V
12094948	12117150	11724041	11746242	22203	22202	99.99	20132538	19495157	V	V
12117184	12179969	11746443	11809227	62786	62785	99.99	20132538	19495157	V	V
12122480	12123741	5514649	5513388	1262	1262	99.84	20132538	16627154	V	II
12122482	12123740	8442744	8441487	1259	1258	99.68	20132538	16627154	V	II
12122483	12123741	5661441	5662699	1259	1259	99.92	20132538	14578851	V	III
12122483	12123741	14712489	14711216	1259	1274	98.67	20132538	21540570	V	X
12122484	12123742	5651768	5653026	1259	1259	100.00	20132538	14578851	V	III
12122486	12123743	3793303	3794559	1258	1257	99.68	20132538	19495157	V	V
12144888	12146110	8528381	8527173	1223	1209	95.35	20132538	14578851	V	III
12144891	12146129	15825850	15824643	1239	1208	93.25	20132538	21540570	V	X
12144892	12146131	150357	151591	1240	1235	95.90	20132538	21540570	V	X
12180112	12206888	11810369	11837144	26777	26776	99.99	20132538	19495157	V	V
12207088	12277644	11837155	11907709	70557	70555	99.99	20132538	19495157	V	V
12278014	12280259	11908477	11910674	2246	2198	91.51	20132538	19495157	V	V
12278354	12280767	11908265	11910654	2414	2390	90.42	20132538	19495157	V	V
12280274	12282783	11908265	11910726	2510	2462	86.71	20132538	19495157	V	V
12304781	12306382	1823	3349	1602	1527	85.48	20132538	3349	V	cb25.NA_340
12306336	12308677	994	3349	2342	2356	97.30	20132538	3349	V	cb25.NA_340
12310061	12312847	564	3349	2787	2786	94.66	20132538	3349	V	cb25.NA_340
12310757	12312343	1	1601	1587	1601	93.26	20132538	3349	V	cb25.NA_340
12319112	12320994	11910827	11912709	1883	1883	100.00	20132538	19495157	V	V
12320748	12322251	11913093	11914596	1504	1504	99.93	20132538	19495157	V	V
12322206	12391203	11918606	11987603	68998	68998	99.98	20132538	19495157	V	V
12391234	12436864	11990739	12036368	45631	45630	99.98	20132538	19495157	V	V
12437199	12440187	2543427	2540432	2989	2996	98.87	20132538	16627154	V	II
12437362	12440193	5104652	5101806	2832	2847	99.30	20132538	19495157	V	V
12438875	12440187	10738638	10737312	1313	1327	97.44	20132538	14578851	V	III
12439022	12538312	12043718	12143003	99291	99286	99.99	20132538	19495157	V	V
12536408	12538281	9001237	8999358	1874	1880	95.00	20132538	14578851	V	III
12538329	12563051	12143160	12167880	24723	24721	99.98	20132538	19495157	V	V
12563144	12623048	12176275	12236176	59905	59902	99.99	20132538	19495157	V	V
12621815	12622898	12238016	12236937	1084	1080	97.88	20132538	19495157	V	V
12623343	12654408	12238037	12269099	31066	31063	99.99	20132538	19495157	V	V
12649531	12650789	13776383	13775126	1259	1258	99.68	20132538	16627154	V	II
12649532	12650797	15745481	15744223	1266	1259	99.13	20132538	21540570	V	X
12654405	12657203	1	2798	2799	2798	99.86	20132538	2812	V	cb25.NA_362
12654850	12691032	12269195	12305377	36183	36183	100.00	20132538	19495157	V	V
12655950	12657208	11971338	11970081	1259	1258	99.68	20132538	21540570	V	X
12655954	12657212	6779926	6778669	1259	1258	99.60	20132538	17485439	V	IV
12655955	12657211	1261625	1260369	1257	1257	100.00	20132538	21540570	V	X
12691188	12714846	12305568	12329226	23659	23659	100.00	20132538	19495157	V	V
12714408	12765647	12329396	12380634	51240	51239	99.93	20132538	19495157	V	V
12765791	12865494	12381064	12480758	99704	99695	99.99	20132538	19495157	V	V
12805009	12806267	5119539	5120796	1259	1258	99.92	20132538	17485439	V	IV
12805010	12806267	8276757	8275501	1258	1257	99.92	20132538	19495157	V	V
12805014	12806269	8384767	8383512	1256	1256	99.92	20132538	17485439	V	IV
12859088	12860092	12476745	12475748	1005	998	98.81	20132538	19495157	V	V
12861509	12865494	12486503	12482518	3986	3986	100.00	20132538	19495157	V	V
12865105	12869916	12481584	12476774	4812	4811	99.98	20132538	19495157	V	V
12865105	12909139	12481692	12525724	44035	44033	99.99	20132538	19495157	V	V
12887684	12888713	11251842	11250725	1030	1118	87.25	20132538	14578851	V	III
12887684	12888796	12611708	12610522	1113	1187	90.32	20132538	19495157	V	V
12887684	12888796	13144540	13143354	1113	1187	90.24	20132538	19495157	V	V
12887684	12888923	13328059	13326729	1240	1331	88.91	20132538	19495157	V	V
12887685	12888923	18749286	18747968	1239	1319	86.66	20132538	19495157	V	V
12887723	12888923	13516106	13514839	1201	1268	86.27	20132538	17485439	V	IV
12887771	12888924	2710640	2709410	1154	1231	85.12	20132538	21540570	V	X
12909272	13110462	12525724	12726902	201191	201179	99.99	20132538	19495157	V	V
12984278	12997676	13133560	13146956	13399	13397	99.98	20132538	19495157	V	V
12994073	12995285	9571805	9570581	1213	1225	93.65	20132538	14578851	V	III
12994073	12995259	12505382	12504271	1187	1112	90.24	20132538	19495157	V	V
12994201	12995279	12829452	12830540	1079	1089	91.38	20132538	14578851	V	III
13031336	13032595	5514648	5513389	1260	1260	99.92	20132538	16627154	V	II
13031336	13032599	14704783	14703520	1264	1264	99.76	20132538	19495157	V	V
13032591	13034092	8373675	8375183	1502	1509	97.81	20132538	15455979	V	I
13032591	13034095	8443062	8441552	1505	1511	97.29	20132538	14578851	V	III
13032591	13034093	13768812	13767303	1503	1510	96.70	20132538	17485439	V	IV
13032651	13034090	6820229	6818789	1440	1441	97.38	20132538	19495157	V	V
13110636	13133815	12730078	12753256	23180	23179	99.95	20132538	19495157	V	V
13123925	13125327	6500930	6502349	1403	1420	95.47	20132538	15455979	V	I
13123925	13125096	13547939	13546797	1172	1143	90.20	20132538	21540570	V	X
13124129	13125186	12507008	12505931	1058	1078	93.66	20132538	16627154	V	II
13133866	13179134	12753509	12798751	45269	45243	99.92	20132538	19495157	V	V
13169372	13172700	12798762	12802089	3329	3328	99.88	20132538	19495157	V	V
13172769	13214815	12803727	12845713	42047	41987	99.83	20132538	19495157	V	V
13214839	13475911	12845806	13106860	261073	261055	99.99	20132538	19495157	V	V
13240509	13241816	15580293	15579006	1308	1288	97.63	20132538	19495157	V	V
13327484	13328789	7385671	7384364	1306	1308	99.54	20132538	14578851	V	III
13347822	13349791	7263492	7261511	1970	1982	95.74	20132538	15455979	V	I
13369007	13370389	6192865	6191485	1383	1381	99.13	20132538	15455979	V	I
13369007	13370389	1437525	1436143	1383	1383	98.55	20132538	21540570	V	X
13369342	13370393	18890103	18889087	1052	1017	95.25	20132538	21540570	V	X
13476033	13477254	13107498	13108719	1222	1222	100.00	20132538	19495157	V	V
13477377	13501205	13108730	13132559	23829	23830	99.99	20132538	19495157	V	V
13501845	13502977	13149363	13148231	1133	1133	100.00	20132538	19495157	V	V
13503168	13635579	13149371	13281776	132412	132406	99.99	20132538	19495157	V	V
13505191	13506203	1519496	1518477	1013	1020	94.74	20132538	19495157	V	V
13635655	13698311	13288858	13351509	62657	62652	99.99	20132538	19495157	V	V
13673782	13674878	12829452	12830540	1097	1089	91.00	20132538	14578851	V	III
13698548	13706855	13352193	13360500	8308	8308	99.98	20132538	19495157	V	V
13706834	13765833	13360816	13419812	59000	58997	99.99	20132538	19495157	V	V
13766628	13784865	13420709	13438945	18238	18237	99.99	20132538	19495157	V	V
13777917	13795833	14040971	14058885	17917	17915	99.99	20132538	19495157	V	V
13782753	13783800	12300670	12301702	1048	1033	95.45	20132538	17485439	V	IV
13782753	13783800	3136	4168	1048	1033	95.45	20132538	8930	V	cb25.NA_248
13782754	13783798	13282738	13281716	1045	1023	93.61	20132538	14578851	V	III
13782755	13783798	2846590	2845562	1044	1029	94.96	20132538	15455979	V	I
13782755	13783798	11604912	11603884	1044	1029	94.20	20132538	16627154	V	II
13782755	13783798	5008448	5007410	1044	1039	95.79	20132538	17485439	V	IV
13782755	13783798	9864264	9863243	1044	1022	94.85	20132538	19495157	V	V
13782755	13783798	15868	16887	1044	1020	95.69	20132538	45587	V	cb25.NA_135
13782755	13783798	7305	8330	1044	1026	94.38	20132538	30404	V	cb25.NA_205
13791832	13922054	13438956	13569167	130223	130212	99.99	20132538	19495157	V	V
13923432	13971850	13575028	13623439	48419	48412	99.99	20132538	19495157	V	V
13972117	13975389	13623427	13626699	3273	3273	99.94	20132538	19495157	V	V
13975545	13976920	13627915	13629291	1376	1377	99.93	20132538	19495157	V	V
13977121	13978134	13629568	13630581	1014	1014	100.00	20132538	19495157	V	V
13978309	14078526	13630592	13730803	100218	100212	99.97	20132538	19495157	V	V
14077221	14078648	4159664	4158230	1428	1435	98.12	20132538	17485439	V	IV
14077221	14079473	4720876	4718620	2253	2257	97.26	20132538	19495157	V	V
14077751	14079477	3690791	3689060	1727	1732	97.58	20132538	19495157	V	V
14077929	14079478	16094067	16092510	1550	1558	97.69	20132538	19495157	V	V
14078185	14079875	13730982	13732672	1691	1691	100.00	20132538	19495157	V	V
14081416	14112698	13735131	13766412	31283	31282	99.99	20132538	19495157	V	V
14112702	14172797	13766903	13826994	60096	60092	99.99	20132538	19495157	V	V
14119240	14120343	7211783	7210666	1104	1118	88.27	20132538	19495157	V	V
14119245	14120343	15450630	15449527	1099	1104	96.56	20132538	19495157	V	V
14172856	14189261	13827528	13843933	16406	16406	99.99	20132538	19495157	V	V
14189296	14233406	13844197	13888300	44111	44104	99.95	20132538	19495157	V	V
14204407	14205458	12279641	12280701	1052	1061	95.68	20132538	17485439	V	IV
14208002	14209258	11195788	11194532	1257	1257	99.28	20132538	15455979	V	I
14233483	14235032	13889783	13891333	1550	1551	99.87	20132538	19495157	V	V
14235022	14236167	13892099	13893244	1146	1146	99.74	20132538	19495157	V	V
14236157	14382586	13893549	14039970	146430	146422	99.99	20132538	19495157	V	V
14265791	14268830	3040	1	3040	3040	100.00	20132538	3040	V	cb25.NA_355
14292664	14293900	15825850	15824650	1237	1201	94.34	20132538	21540570	V	X
14292665	14293900	150357	151583	1236	1227	96.93	20132538	21540570	V	X
14382657	14384389	14058986	14060718	1733	1733	100.00	20132538	19495157	V	V
14385235	14414082	14061894	14090768	28848	28875	99.78	20132538	19495157	V	V
14409563	14410823	4812065	4810805	1261	1261	99.68	20132538	14578851	V	III
14409564	14410823	8384772	8383513	1260	1260	99.92	20132538	17485439	V	IV
14409568	14410825	12271554	12270297	1258	1258	100.00	20132538	19495157	V	V
14409569	14410825	863246	861990	1257	1257	100.00	20132538	21540570	V	X
14409574	14410825	2798	1548	1252	1251	99.84	20132538	2812	V	cb25.NA_362
14414597	14472752	14091696	14149849	58156	58154	99.99	20132538	19495157	V	V
14416513	14417598	10497577	10496484	1086	1094	92.24	20132538	19495157	V	V
14433320	14434457	3639793	3638681	1138	1113	83.57	20132538	14578851	V	III
14475276	14668081	14150850	14343643	192806	192794	99.99	20132538	19495157	V	V
14609243	14611313	14366860	14364904	2071	1957	86.10	20132538	19495157	V	V
14668142	14697781	14343873	14373509	29640	29637	99.85	20132538	19495157	V	V
14689174	14691130	14286878	14284809	1957	2070	86.15	20132538	19495157	V	V
14697829	14699045	14373763	14374979	1217	1217	100.00	20132538	19495157	V	V
14699208	14714415	14375482	14390688	15208	15207	99.97	20132538	19495157	V	V
14715566	14757884	14391768	14434084	42319	42317	99.99	20132538	19495157	V	V
14758002	14813520	14435199	14490714	55519	55516	99.98	20132538	19495157	V	V
14813907	14820840	14490725	14497659	6934	6935	99.99	20132538	19495157	V	V
14820889	14859489	14498740	14537335	38601	38596	99.98	20132538	19495157	V	V
14859563	14863382	14543256	14547074	3820	3819	99.97	20132538	19495157	V	V
14861399	14862563	1	1165	1165	1165	100.00	20132538	2907	V	cb25.NA_040
14863461	14864762	1412	2713	1302	1302	100.00	20132538	2907	V	cb25.NA_040
14864848	14875284	14547952	14558387	10437	10436	99.99	20132538	19495157	V	V
14875335	14880693	14562996	14568354	5359	5359	100.00	20132538	19495157	V	V
14880811	15058753	14568776	14746701	177943	177926	99.99	20132538	19495157	V	V
14893678	14895650	14637499	14635555	1973	1945	94.14	20132538	19495157	V	V
14924204	14925461	5985496	5984240	1258	1257	99.76	20132538	19495157	V	V
14947598	14949543	14583613	14581641	1946	1973	94.19	20132538	19495157	V	V
15015569	15016826	12382504	12381247	1258	1258	99.76	20132538	14578851	V	III
15015569	15016832	12649044	12647781	1264	1264	99.76	20132538	19495157	V	V
15015573	15016834	9388	8128	1262	1261	99.76	20132538	22500	V	cb25.NA_068
15058751	15065342	14747028	14753618	6592	6591	99.92	20132538	19495157	V	V
15065666	15074447	14753604	14762383	8782	8780	99.98	20132538	19495157	V	V
15074359	15080866	5879331	5885837	6508	6507	99.83	20132538	17485439	V	IV
15074530	15134121	14763519	14823106	59592	59588	99.97	20132538	19495157	V	V
15083929	15085189	4854110	4852851	1261	1260	99.60	20132538	15455979	V	I
15083933	15085190	5891043	5889786	1258	1258	99.68	20132538	16627154	V	II
15083936	15085189	16872904	16871651	1254	1254	99.84	20132538	21540570	V	X
15083936	15085190	17811	19064	1255	1254	99.84	20132538	24739	V	cb25.NA_210
15083940	15085189	15276540	15277786	1250	1247	99.60	20132538	16627154	V	II
15085810	15087097	14778094	14776793	1288	1302	97.01	20132538	19495157	V	V
15087804	15089105	14776086	14774799	1302	1288	97.01	20132538	19495157	V	V
15122265	15123293	3983028	3981995	1029	1034	94.11	20132538	14578851	V	III
15122265	15123291	13978267	13977238	1027	1030	97.28	20132538	14578851	V	III
15122265	15123291	10589395	10588373	1027	1023	97.86	20132538	19495157	V	V
15122265	15123291	2471	3500	1027	1030	97.28	20132538	10200	V	cb25.NA_038
15122265	15123291	875	1905	1027	1031	97.00	20132538	6620	V	cb25.NA_269
15125658	15126970	14817440	14816135	1313	1306	79.63	20132538	19495157	V	V
15127149	15128454	14815956	14814644	1306	1313	79.63	20132538	19495157	V	V
15134123	15147923	14823226	14837023	13801	13798	99.98	20132538	19495157	V	V
15137406	15138548	7402965	7401846	1143	1120	82.41	20132538	16627154	V	II
15147899	15149273	14838279	14839653	1375	1375	100.00	20132538	19495157	V	V
15149428	15170164	14839664	14860399	20737	20736	99.99	20132538	19495157	V	V
15170343	15182659	14861675	14873991	12317	12317	100.00	20132538	19495157	V	V
15182798	15238128	14874392	14929718	55331	55327	99.90	20132538	19495157	V	V
15196966	15200997	16381602	16377573	4032	4030	97.15	20132538	21540570	V	X
15211104	15213503	14908098	14905698	2400	2401	96.63	20132538	19495157	V	V
15214107	15216504	14905095	14902697	2398	2399	97.79	20132538	19495157	V	V
15235874	15239800	178	4103	3927	3926	98.96	20132538	4215	V	cb25.NA_314
15238850	15241229	2548	171	2380	2378	99.03	20132538	4215	V	cb25.NA_314
15238967	15241222	14929718	14927468	2256	2251	98.76	20132538	19495157	V	V
15240284	15242901	4215	1598	2618	2618	99.85	20132538	4215	V	cb25.NA_314
15241984	15243186	14908152	14906959	1203	1194	90.63	20132538	19495157	V	V
15242075	15251537	14927468	14936924	9463	9457	99.58	20132538	19495157	V	V
15243497	15244500	1003	1	1004	1003	98.41	20132538	4215	V	cb25.NA_314
15249062	15250069	3496827	3497833	1008	1007	97.63	20132538	17485439	V	IV
15249062	15250069	2628216	2629217	1008	1002	97.04	20132538	19495157	V	V
15249062	15250068	30918	29912	1007	1007	98.02	20132538	79173	V	cb25.NA_037
15251767	15345302	14938192	15031722	93536	93531	99.99	20132538	19495157	V	V
15255132	15256132	14578238	14577258	1001	981	93.84	20132538	15455979	V	I
15345786	15368874	15031713	15054803	23089	23091	99.93	20132538	19495157	V	V
15361483	15362754	3150754	3152025	1272	1272	89.47	20132538	19495157	V	V
15361483	15362754	3155623	3156893	1272	1271	89.47	20132538	19495157	V	V
15361483	15362754	31790	30536	1272	1255	86.56	20132538	47958	V	cb25.NA_055
15361612	15362754	42384	41231	1143	1154	90.05	20132538	47958	V	cb25.NA_055
15368492	15381858	15101193	15114510	13367	13318	98.80	20132538	19495157	V	V
15368876	15371143	15054417	15056687	2268	2271	98.99	20132538	19495157	V	V
15380925	15382395	13335787	13337269	1471	1483	94.74	20132538	14578851	V	III
15382081	15453759	15121562	15193236	71679	71675	99.99	20132538	19495157	V	V
15453965	15494050	15193544	15233626	40086	40083	99.99	20132538	19495157	V	V
15494165	15523763	15240413	15270011	29599	29599	100.00	20132538	19495157	V	V
15523695	15539804	15270404	15286510	16110	16107	99.93	20132538	19495157	V	V
15529170	15530319	8533899	8532755	1150	1145	94.84	20132538	14578851	V	III
15539847	15568554	15287059	15315762	28708	28704	99.99	20132538	19495157	V	V
15568586	15569860	15316497	15317771	1275	1275	100.00	20132538	19495157	V	V
15569842	15610883	15317872	15358912	41042	41041	99.99	20132538	19495157	V	V
15611043	15616896	15359670	15365522	5854	5853	99.98	20132538	19495157	V	V
15616925	15638969	15365863	15387906	22045	22044	99.99	20132538	19495157	V	V
15639005	15642831	15388061	15391887	3827	3827	100.00	20132538	19495157	V	V
15642935	15676821	15391952	15425722	33887	33771	99.29	20132538	19495157	V	V
15674643	15677981	15422373	15425722	3339	3350	93.70	20132538	19495157	V	V
15675875	15678181	15422373	15424706	2307	2334	95.37	20132538	19495157	V	V
15676307	15679678	15422373	15425834	3372	3462	92.23	20132538	19495157	V	V
15676571	15678954	15422373	15424775	2384	2403	93.57	20132538	19495157	V	V
15677981	15723895	15425984	15471854	45915	45871	99.80	20132538	19495157	V	V
15678147	15679565	15425902	15427328	1419	1427	94.67	20132538	19495157	V	V
15701523	15702594	7566948	7565854	1072	1095	86.90	20132538	15455979	V	I
15701523	15702627	4574264	4573151	1105	1114	87.66	20132538	14578851	V	III
15701524	15702627	5850324	5849223	1104	1102	95.13	20132538	15455979	V	I
15701524	15702627	13774543	13773445	1104	1099	96.56	20132538	19495157	V	V
15707058	15709681	15507483	15510105	2624	2623	99.96	20132538	19495157	V	V
15723921	15738713	15472606	15487397	14793	14792	99.99	20132538	19495157	V	V
15739493	15744477	15487495	15492479	4985	4985	100.00	20132538	19495157	V	V
15744447	15750221	15492608	15498382	5775	5775	99.98	20132538	19495157	V	V
15751011	15758306	15499188	15506482	7296	7295	99.96	20132538	19495157	V	V
15753910	15772069	15525560	15543715	18160	18156	99.83	20132538	19495157	V	V
15757330	15758357	6329064	6328052	1028	1013	94.39	20132538	19495157	V	V
15757331	15758355	12112579	12111555	1025	1025	95.92	20132538	16627154	V	II
15757331	15758355	3529046	3528035	1025	1012	95.05	20132538	14578851	V	III
15757332	15758363	11463906	11462876	1032	1031	95.95	20132538	15455979	V	I
15757332	15758355	14003080	14002051	1024	1030	96.03	20132538	14578851	V	III
15757332	15758355	14812278	14811252	1024	1027	96.41	20132538	19495157	V	V
15763203	15764760	6837720	6836164	1558	1557	95.91	20132538	19495157	V	V
15763340	15764761	3477152	3475728	1422	1425	95.80	20132538	17485439	V	IV
15772081	15774898	15544076	15546892	2818	2817	99.96	20132538	19495157	V	V
15774569	15777179	15547028	15549637	2611	2610	99.73	20132538	19495157	V	V
15777165	15779857	15549742	15552434	2693	2693	99.00	20132538	19495157	V	V
15779462	15787361	15552794	15560693	7900	7900	100.00	20132538	19495157	V	V
15787405	15794139	15560863	15567598	6735	6736	99.99	20132538	19495157	V	V
15787613	15818224	15568599	15599208	30612	30610	99.99	20132538	19495157	V	V
15798021	15799308	12872782	12871476	1288	1307	97.55	20132538	19495157	V	V
15798021	15799309	13729313	13728006	1289	1308	97.48	20132538	19495157	V	V
15798022	15799310	3922542	3923844	1289	1303	97.33	20132538	15455979	V	I
15809897	15811123	1759163	1757910	1227	1254	95.25	20132538	17485439	V	IV
15813743	15815013	10971665	10970399	1271	1267	88.72	20132538	17485439	V	IV
15813923	15814949	6951590	6952619	1027	1030	87.71	20132538	15455979	V	I
15814229	15827682	15524559	15511106	13454	13454	99.99	20132538	19495157	V	V
15818139	15819273	15645357	15644224	1135	1134	95.27	20132538	19495157	V	V
15818211	15820263	15599123	15601175	2053	2053	99.85	20132538	19495157	V	V
15819974	15821306	3165291	3163970	1333	1322	95.13	20132538	16627154	V	II
15819974	15821303	6893726	6892396	1330	1331	96.40	20132538	17485439	V	IV
15820037	15821310	5924591	5923332	1274	1260	93.82	20132538	19495157	V	V
15820898	15865150	15601316	15645578	44253	44263	99.94	20132538	19495157	V	V
15822820	15826277	15644116	15640702	3458	3415	97.83	20132538	19495157	V	V
15826289	15827332	15639679	15638613	1044	1067	96.63	20132538	19495157	V	V
15851599	15852869	7982469	7981198	1271	1272	99.45	20132538	14578851	V	III
15853906	15855034	15620766	15619622	1129	1145	88.16	20132538	19495157	V	V
15855029	15856060	2846595	2845561	1032	1035	97.50	20132538	15455979	V	I
15855030	15856061	3317459	3318490	1032	1032	97.10	20132538	17485439	V	IV
15855031	15856064	15640709	15639676	1034	1034	98.46	20132538	19495157	V	V
15855033	15856059	7099631	7098626	1027	1006	95.24	20132538	15455979	V	I
15855033	15856059	12300671	12301700	1027	1030	97.09	20132538	17485439	V	IV
15855033	15856059	3137	4166	1027	1030	97.09	20132538	8930	V	cb25.NA_248
15855034	15856060	11463906	11462881	1027	1026	96.80	20132538	15455979	V	I
15855034	15856060	12112578	12111554	1027	1025	96.98	20132538	16627154	V	II
15855034	15856059	4331683	4330658	1026	1026	96.99	20132538	19495157	V	V
15855034	15856060	16676484	16675457	1027	1028	97.18	20132538	19495157	V	V
15855034	15856060	7305	8331	1027	1027	96.99	20132538	30404	V	cb25.NA_205
15858185	15859251	15511457	15512500	1067	1044	96.63	20132538	19495157	V	V
15858185	15859251	15607750	15606707	1067	1044	96.63	20132538	19495157	V	V
15859248	15860281	15636492	15635458	1034	1035	98.84	20132538	19495157	V	V
15859249	15860278	872	1905	1030	1034	96.81	20132538	6620	V	cb25.NA_269
15859251	15860279	1600935	1599908	1029	1028	98.06	20132538	17485439	V	IV
15859251	15860264	5657652	5656642	1014	1011	97.14	20132538	17485439	V	IV
15859252	15860278	9592036	9591016	1027	1021	97.76	20132538	14578851	V	III
15859252	15860280	5229475	5228449	1029	1027	98.25	20132538	19495157	V	V
15859252	15860279	10589395	10588372	1028	1024	97.86	20132538	19495157	V	V
15859252	15860278	15530002	15528979	1027	1024	96.60	20132538	19495157	V	V
15860274	15863689	15512512	15515969	3416	3458	97.95	20132538	19495157	V	V
15860274	15863689	15606695	15603238	3416	3458	97.95	20132538	19495157	V	V
15863797	15864931	15519515	15520649	1135	1135	95.35	20132538	19495157	V	V
15863797	15864859	15600185	15599123	1063	1063	95.23	20132538	19495157	V	V
15865187	15911909	15645197	15691922	46723	46726	99.99	20132538	19495157	V	V
15878419	15879438	8918010	8916962	1020	1049	89.90	20132538	14578851	V	III
15878422	15879435	6066404	6065386	1014	1019	92.05	20132538	19495157	V	V
15878422	15879435	7382928	7381896	1014	1033	93.06	20132538	21540570	V	X
15878422	15879438	14901147	14900141	1017	1007	93.04	20132538	21540570	V	X
15878425	15879439	15931651	15930624	1015	1028	94.75	20132538	21540570	V	X
15909254	15910378	5883414	5882290	1125	1125	98.76	20132538	19495157	V	V
15909255	15911517	2241708	2239446	2263	2263	99.38	20132538	17485439	V	IV
15909268	15910850	15694480	15692923	1583	1558	94.87	20132538	19495157	V	V
15909325	15910574	1509419	1510729	1250	1311	93.52	20132538	16627154	V	II
15909381	15910614	12842839	12844062	1234	1224	97.81	20132538	14578851	V	III
15912155	15913158	22287	23291	1004	1005	98.51	20132538	23595	V	cb25.NA_041
15912761	15914399	15690944	15689281	1639	1664	94.82	20132538	19495157	V	V
15912842	15923333	15692923	15703414	10492	10492	99.99	20132538	19495157	V	V
15913290	15914450	5874663	5873543	1161	1121	96.21	20132538	19495157	V	V
15915331	15934130	15704415	15723213	18800	18799	99.98	20132538	19495157	V	V
15927697	15930131	18541822	18544226	2435	2405	84.66	20132538	19495157	V	V
15927884	15929644	7888	6125	1761	1764	84.95	20132538	25834	V	cb25.NA_080
15929972	15932849	18544193	18547073	2878	2881	94.79	20132538	19495157	V	V
15930413	15931827	5198	3789	1415	1410	82.50	20132538	15455979	V	I
15934190	15960287	15724038	15750133	26098	26096	99.98	20132538	19495157	V	V
15935382	15938067	18548798	18551462	2686	2665	94.31	20132538	19495157	V	V
15936775	15938151	14201	15563	1377	1363	84.18	20132538	38484	V	cb25.NA_022
15938501	15941590	18551949	18555038	3090	3090	88.01	20132538	19495157	V	V
15939329	15941626	13013519	13015809	2298	2291	84.54	20132538	15455979	V	I
15950437	15951547	15747626	15746530	1111	1097	87.87	20132538	19495157	V	V
15956683	15957779	15741394	15740284	1097	1111	87.87	20132538	19495157	V	V
15960344	15966930	15750576	15757162	6587	6587	99.98	20132538	19495157	V	V
15967068	15979066	15757599	15769594	11999	11996	99.97	20132538	19495157	V	V
15974248	15975480	15843658	15842435	1233	1224	88.49	20132538	19495157	V	V
15976799	15978422	2590744	2589115	1624	1630	98.96	20132538	14578851	V	III
15976808	15978422	6305538	6307157	1615	1620	99.14	20132538	15455979	V	I
15976808	15978422	12093056	12091445	1615	1612	98.71	20132538	16627154	V	II
15976808	15978422	3218	1599	1615	1620	99.14	20132538	10978	V	cb25.NA_238
15976809	15978423	3796363	3794745	1615	1619	99.01	20132538	16627154	V	II
15976809	15978425	7937023	7935403	1617	1621	99.14	20132538	14578851	V	III
15979133	15981243	15770243	15772353	2111	2111	100.00	20132538	19495157	V	V
15981567	16013279	15772366	15804072	31713	31707	99.93	20132538	19495157	V	V
15991879	15993234	15785701	15784333	1356	1369	97.23	20132538	19495157	V	V
15993539	15994908	15784028	15782674	1370	1355	97.23	20132538	19495157	V	V
16013535	16048734	15804307	15839504	35200	35198	99.97	20132538	19495157	V	V
16024134	16033473	1	9339	9340	9339	99.99	20132538	9339	V	cb25.NA_246
16049317	16050495	15840109	15841287	1179	1179	100.00	20132538	19495157	V	V
16051770	16054572	15842396	15845198	2803	2803	100.00	20132538	19495157	V	V
16051809	16053032	15766009	15764777	1224	1233	88.49	20132538	19495157	V	V
16058434	16059693	14508248	14506989	1260	1260	99.76	20132538	16627154	V	II
16058434	16059693	38209	39468	1260	1260	99.76	20132538	44065	V	cb25.NA_117
16061438	16102671	15846199	15887429	41234	41231	99.99	20132538	19495157	V	V
16104109	16108672	15889560	15894122	4564	4563	99.98	20132538	19495157	V	V
16108711	16113411	15894547	15899247	4701	4701	100.00	20132538	19495157	V	V
16113804	16114962	15899804	15900962	1159	1159	100.00	20132538	19495157	V	V
16115050	16118339	15902094	15905383	3290	3290	100.00	20132538	19495157	V	V
16118544	16123136	15905552	15910143	4593	4592	99.98	20132538	19495157	V	V
16122704	16124880	42230	40046	2177	2185	87.26	20132538	42500	V	cb25.NA_072
16123300	16124392	1785	724	1093	1062	84.11	20132538	2106	V	cb25.NA_406
16123399	16124417	15910244	15911266	1019	1023	92.87	20132538	19495157	V	V
16123572	16124683	1804	729	1112	1076	84.30	20132538	2106	V	cb25.NA_406
16124159	16156093	15910244	15942234	31935	31991	99.66	20132538	19495157	V	V
16156288	16159625	15942225	15945562	3338	3338	100.00	20132538	19495157	V	V
16159204	16160309	15254591	15253487	1106	1105	88.62	20132538	21540570	V	X
16159204	16160309	21078205	21077143	1106	1063	86.45	20132538	21540570	V	X
16159586	16175824	15945655	15961893	16239	16239	99.99	20132538	19495157	V	V
16176048	16179098	15962286	15965335	3051	3050	99.84	20132538	19495157	V	V
16179264	16182760	15965741	15969236	3497	3496	99.97	20132538	19495157	V	V
16182796	16204188	15969658	15991049	21393	21392	99.99	20132538	19495157	V	V
16204184	16229997	15991820	16017629	25814	25810	99.95	20132538	19495157	V	V
16205058	16206295	1346	2575	1238	1230	92.60	20132538	19923	V	cb25.NA_213
16218727	16219940	8132	6914	1214	1219	88.76	20132538	8201	V	cb25.NA_254
16218819	16219920	4770898	4769791	1102	1108	84.28	20132538	14578851	V	III
16230155	16232706	16017788	16020336	2552	2549	99.84	20132538	19495157	V	V
16232867	16234800	16022434	16024367	1934	1934	100.00	20132538	19495157	V	V
16233916	16235111	13997991	13996769	1196	1223	93.89	20132538	16627154	V	II
16236598	16247028	16025117	16035545	10431	10429	99.98	20132538	19495157	V	V
16247739	16248799	16036629	16037689	1061	1061	100.00	20132538	19495157	V	V
16250029	16264755	16039043	16053768	14727	14726	99.99	20132538	19495157	V	V
16254780	16257460	1	2681	2681	2681	99.66	20132538	2681	V	cb25.NA_368
16255134	16256392	7719614	7720871	1259	1258	99.44	20132538	17485439	V	IV
16255136	16256396	14373939	14372679	1261	1261	99.44	20132538	16627154	V	II
16264965	16284130	16054621	16073784	19166	19164	99.99	20132538	19495157	V	V
16281182	16282390	5859076	5857869	1209	1208	98.68	20132538	19495157	V	V
16281182	16282390	1352	145	1209	1208	98.68	20132538	1501	V	cb25.NA_433
16284033	16297131	16073944	16087041	13099	13098	99.87	20132538	19495157	V	V
16284715	16285733	44005	45027	1019	1023	95.13	20132538	15455979	V	I
16284715	16285733	52109	53131	1019	1023	95.13	20132538	15455979	V	I
16286706	16319309	16076617	16109282	32604	32666	99.76	20132538	19495157	V	V
16302529	16304092	2242148	2240587	1564	1562	98.27	20132538	16627154	V	II
16302534	16303836	13732275	13730982	1303	1294	97.32	20132538	19495157	V	V
16318157	16319270	18889070	18887962	1114	1109	94.52	20132538	21540570	V	X
16318219	16319314	4381903	4380811	1096	1093	95.17	20132538	17485439	V	IV
16319369	16320491	16109282	16108159	1123	1124	98.76	20132538	19495157	V	V
16319939	16339829	16109384	16129273	19891	19890	99.93	20132538	19495157	V	V
16323601	16324872	2867488	2866214	1272	1275	94.84	20132538	21540570	V	X
16326600	16328123	3941058	3939547	1524	1512	92.97	20132538	16627154	V	II
16326601	16328118	9511514	9509999	1518	1516	93.78	20132538	16627154	V	II
16326601	16328052	11624836	11623385	1452	1452	94.19	20132538	17485439	V	IV
16326602	16328104	10045611	10044117	1503	1495	93.77	20132538	15455979	V	I
16326602	16328112	9635468	9633962	1511	1507	95.00	20132538	14578851	V	III
16326602	16327768	13706689	13705512	1167	1178	92.40	20132538	17485439	V	IV
16327100	16328113	11094153	11093138	1014	1016	95.68	20132538	17485439	V	IV
16339830	16342451	16129012	16126391	2622	2622	99.89	20132538	19495157	V	V
16341946	16345944	3999	1	3999	3999	100.00	20132538	3999	V	cb25.NA_318
16345369	16348084	1284	3999	2716	2716	100.00	20132538	3999	V	cb25.NA_318
16347579	16359627	16126391	16138439	12049	12049	99.91	20132538	19495157	V	V
16358013	16359627	16141521	16139908	1615	1614	99.88	20132538	19495157	V	V
16359676	16362366	16141518	16144207	2691	2690	99.96	20132538	19495157	V	V
16362443	16378679	16144620	16160855	16237	16236	99.88	20132538	19495157	V	V
16378851	16419262	16161633	16202045	40412	40413	99.91	20132538	19495157	V	V
16379783	16381034	8373624	8374853	1252	1230	95.06	20132538	15455979	V	I
16379783	16381034	8443113	8441886	1252	1228	94.90	20132538	14578851	V	III
16379783	16381034	9156524	9155272	1252	1253	95.38	20132538	14578851	V	III
16379783	16381034	13768863	13767634	1252	1230	93.95	20132538	17485439	V	IV
16381033	16382637	6282621	6281010	1605	1612	98.33	20132538	19495157	V	V
16381033	16382637	6809823	6808208	1605	1616	97.90	20132538	19495157	V	V
16381033	16382638	7474891	7473275	1606	1617	97.71	20132538	19495157	V	V
16386530	16388782	16176981	16174739	2253	2243	98.80	20132538	19495157	V	V
16391960	16394203	16171561	16169311	2244	2251	98.71	20132538	19495157	V	V
16406718	16407869	5726891	5725701	1152	1191	84.31	20132538	17485439	V	IV
16418501	16420931	16202288	16204710	2431	2423	95.93	20132538	19495157	V	V
16419382	16420733	16201507	16202860	1352	1354	92.62	20132538	19495157	V	V
16419827	16421560	16201247	16202983	1734	1737	94.80	20132538	19495157	V	V
16420540	16445907	16204976	16230301	25368	25326	99.52	20132538	19495157	V	V
16420948	16421961	1557559	1556539	1014	1021	93.47	20132538	15455979	V	I
16439065	16440144	3791707	3790639	1080	1069	95.74	20132538	16627154	V	II
16439618	16443233	14066	17659	3616	3594	95.79	20132538	40913	V	cb25.fpc4366
16446059	16450777	16230312	16235030	4719	4719	100.00	20132538	19495157	V	V
16446647	16447955	16288508	16287251	1309	1258	82.49	20132538	19495157	V	V
16450930	16455148	16235675	16239892	4219	4218	99.93	20132538	19495157	V	V
16455163	16490469	16240373	16275677	35307	35305	99.99	20132538	19495157	V	V
16490626	16501378	16275996	16286747	10753	10752	99.99	20132538	19495157	V	V
16501495	16504073	16286947	16289524	2579	2578	99.96	20132538	19495157	V	V
16501799	16503056	16232208	16230900	1258	1309	82.27	20132538	19495157	V	V
16504254	16506937	16290489	16293169	2684	2681	99.89	20132538	19495157	V	V
16506944	16508739	16293269	16295064	1796	1796	100.00	20132538	19495157	V	V
16507055	16508726	1	1670	1672	1670	99.34	20132538	35136	V	cb25.NA_146
16508944	16514460	1670	7187	5517	5518	99.98	20132538	35136	V	cb25.NA_146
16515134	16542463	7810	35136	27330	27327	99.97	20132538	35136	V	cb25.NA_146
16538804	16540062	4671785	4670522	1259	1264	99.45	20132538	19495157	V	V
16539170	16542602	16295165	16298597	3433	3433	99.91	20132538	19495157	V	V
16542776	16548441	16298670	16304335	5666	5666	100.00	20132538	19495157	V	V
16548497	16557868	16304708	16314077	9372	9370	99.97	20132538	19495157	V	V
16557852	16561049	16314338	16317535	3198	3198	99.84	20132538	19495157	V	V
16560890	16565337	16316837	16321287	4448	4451	99.91	20132538	19495157	V	V
16565502	16568270	16321769	16324537	2769	2769	100.00	20132538	19495157	V	V
16568554	16570198	16324728	16326372	1645	1645	100.00	20132538	19495157	V	V
16570392	16582188	16326512	16338309	11797	11798	99.91	20132538	19495157	V	V
16582330	16584965	16338708	16341343	2636	2636	100.00	20132538	19495157	V	V
16585022	16586289	4967	3700	1268	1268	100.00	20132538	4967	V	cb25.NA_030
16587257	16592970	16342683	16348396	5714	5714	100.00	20132538	19495157	V	V
16587257	16590945	3689	1	3689	3689	100.00	20132538	4967	V	cb25.NA_030
16593055	16600234	16348594	16355772	7180	7179	99.99	20132538	19495157	V	V
16595877	16597663	4656843	4655049	1787	1795	87.27	20132538	17485439	V	IV
16600412	16603398	16362010	16364995	2987	2986	99.93	20132538	19495157	V	V
16603794	16612735	16365184	16374124	8942	8941	99.99	20132538	19495157	V	V
16612923	16628226	16374689	16389992	15304	15304	100.00	20132538	19495157	V	V
16621409	16622490	8365539	8366627	1082	1089	95.97	20132538	15455979	V	I
16621409	16622490	8370427	8371514	1082	1088	95.41	20132538	15455979	V	I
16621432	16622490	158700	157635	1059	1066	94.67	20132538	16627154	V	II
16628268	16629914	16390476	16392122	1647	1647	100.00	20132538	19495157	V	V
16630345	16639655	16392206	16401516	9311	9311	100.00	20132538	19495157	V	V
16641448	16647573	6127	1	6126	6127	99.92	20132538	6127	V	cb25.NA_284
16645010	16648363	16512085	16508734	3354	3352	98.69	20132538	19495157	V	V
16646842	16648707	2513381	2511518	1866	1864	99.89	20132538	16627154	V	II
16648954	16658871	2510721	2500804	9918	9918	99.82	20132538	16627154	V	II
16658964	16662971	16484771	16480765	4008	4007	99.98	20132538	19495157	V	V
16663470	16664672	16480242	16479040	1203	1203	100.00	20132538	19495157	V	V
16664128	16666063	15750719	15748814	1936	1906	92.74	20132538	16627154	V	II
16664245	16666062	1059353	1057608	1818	1746	91.18	20132538	17485439	V	IV
16664823	16666063	5969883	5968634	1241	1250	87.35	20132538	19495157	V	V
16664827	16666063	16122050	16120810	1237	1241	87.27	20132538	19495157	V	V
16665013	16666063	5779812	5778767	1051	1046	88.54	20132538	17485439	V	IV
16665353	16666622	16478733	16477464	1270	1270	100.00	20132538	19495157	V	V
16666703	16679615	16477114	16464204	12913	12911	99.98	20132538	19495157	V	V
16678177	16679258	7777294	7778373	1082	1080	83.07	20132538	17485439	V	IV
16678177	16679567	6833276	6831883	1391	1394	97.08	20132538	19495157	V	V
16679653	16684957	16463663	16458353	5305	5311	99.79	20132538	19495157	V	V
16684980	16686331	16457971	16456620	1352	1352	100.00	20132538	19495157	V	V
16686354	16694419	16456529	16448465	8066	8065	99.98	20132538	19495157	V	V
16694568	16701436	16448332	16441464	6869	6869	100.00	20132538	19495157	V	V
16701604	16705164	16440922	16437363	3561	3560	99.97	20132538	19495157	V	V
16705156	16721513	16437259	16420908	16358	16352	99.92	20132538	19495157	V	V
16709593	16711112	5180866	5182511	1520	1646	87.31	20132538	17485439	V	IV
16709661	16710872	13413096	13411784	1212	1313	86.83	20132538	21540570	V	X
16721461	16724083	16420739	16418117	2623	2623	99.81	20132538	19495157	V	V
16724838	16727714	16417364	16414487	2877	2878	99.51	20132538	19495157	V	V
16728955	16738540	16413422	16403840	9586	9583	99.96	20132538	19495157	V	V
16736424	16737574	946	2095	1151	1150	99.91	20132538	2095	V	cb25.NA_127
16748187	16758004	16484872	16494696	9818	9825	99.40	20132538	19495157	V	V
16754654	16756130	14169920	14168449	1477	1472	97.09	20132538	14578851	V	III
16755679	16757461	14168192	14166426	1783	1767	95.29	20132538	14578851	V	III
16759019	16760294	3363913	3365187	1276	1275	99.61	20132538	17485439	V	IV
16759026	16760285	13157145	13155887	1260	1259	99.37	20132538	21540570	V	X
16759027	16760286	18894439	18893181	1260	1259	99.68	20132538	21540570	V	X
16759029	16760290	3349414	3348152	1262	1263	99.76	20132538	19495157	V	V
16759031	16760289	7957523	7956266	1259	1258	99.60	20132538	19495157	V	V
16759032	16760289	6050945	6049689	1258	1257	99.76	20132538	19495157	V	V
16759094	16797135	16495736	16533778	38042	38043	99.95	20132538	19495157	V	V
16772093	16773613	2511862	2513381	1521	1520	98.69	20132538	16627154	V	II
16772880	16775445	1	2565	2566	2565	98.60	20132538	6127	V	cb25.NA_284
16796491	16797729	16533328	16534572	1239	1245	97.11	20132538	19495157	V	V
16797238	16798863	7478449	7476819	1626	1631	89.84	20132538	16627154	V	II
16797356	16798780	18346627	18348059	1425	1433	91.42	20132538	19495157	V	V
16797700	16799012	3272406	3273718	1313	1313	90.87	20132538	19495157	V	V
16798009	16799073	16534700	16535764	1065	1065	98.50	20132538	19495157	V	V
16798153	16810579	16534700	16547105	12427	12406	99.11	20132538	19495157	V	V
16809568	16810780	2847	1635	1213	1213	100.00	20132538	2847	V	cb25.NA_010
16810705	16815604	16547656	16552558	4900	4903	99.02	20132538	19495157	V	V
16810916	16812315	1399	1	1400	1399	99.71	20132538	2847	V	cb25.NA_010
16812197	16813389	9288167	9286966	1193	1202	97.17	20132538	14578851	V	III
16815291	16833192	16552011	16569910	17902	17900	99.93	20132538	19495157	V	V
16821530	16823125	160064	161679	1596	1616	94.07	20132538	21540570	V	X
16821530	16823124	21494765	21493133	1595	1633	94.70	20132538	21540570	V	X
16821531	16823129	14618710	14617140	1599	1571	94.37	20132538	17485439	V	IV
16823983	16825209	16568855	16567634	1227	1222	81.39	20132538	19495157	V	V
16829362	16830626	10428687	10427413	1265	1275	95.93	20132538	14578851	V	III
16829362	16830626	1317174	1315904	1265	1271	95.46	20132538	21540570	V	X
16829362	16830623	20035738	20034473	1262	1266	95.53	20132538	21540570	V	X
16830916	16832137	16561927	16560701	1222	1227	81.39	20132538	19495157	V	V
16835317	16843018	44707	36997	7702	7711	99.82	20132538	45587	V	cb25.NA_135
16843433	16848227	35876	31081	4795	4796	99.94	20132538	45587	V	cb25.NA_135
16843462	16844570	35887	36996	1109	1110	99.73	20132538	45587	V	cb25.NA_135
16848267	16863225	30390	15509	14959	14882	99.42	20132538	45587	V	cb25.NA_135
16861846	16862866	5006083	5005057	1021	1027	96.60	20132538	15455979	V	I
16861847	16862866	7299680	7298645	1020	1036	95.95	20132538	15455979	V	I
16861847	16862871	6554587	6553540	1025	1048	95.24	20132538	14578851	V	III
16861847	16862866	8916233	8915208	1020	1026	96.21	20132538	14578851	V	III
16861847	16862849	6716445	6715431	1003	1015	93.15	20132538	17485439	V	IV
16861847	16862866	16752615	16753640	1020	1026	96.89	20132538	17485439	V	IV
16861847	16862866	13437878	13436835	1020	1044	95.69	20132538	19495157	V	V
16861847	16862866	14046852	14045809	1020	1044	95.69	20132538	19495157	V	V
16861847	16862866	4691	3670	1020	1022	96.89	20132538	79173	V	cb25.NA_037
16863451	16878796	15347	1	15346	15347	99.97	20132538	45587	V	cb25.NA_135
16871210	16884871	13704	1	13662	13704	99.06	20132538	13704	V	cb25.NA_225
16871330	16874120	17185730	17183020	2791	2711	94.46	20132538	19495157	V	V
16879248	16882222	14571	17556	2975	2986	94.84	20132538	40913	V	cb25.fpc4366
16880998	16883433	2397	1	2436	2397	96.80	20132538	2757	V	cb25.NA_363
16887108	16889863	2757	1	2756	2757	99.93	20132538	2757	V	cb25.NA_363
16893433	16894613	14442198	14440999	1181	1200	87.15	20132538	16627154	V	II
16894660	16896316	16616032	16617689	1657	1658	79.58	20132538	19495157	V	V
16899621	16900621	11850682	11849681	1001	1002	90.13	20132538	14578851	V	III
16901812	16935633	16617691	16583857	33822	33835	99.86	20132538	19495157	V	V
16903146	16905286	17188160	17186048	2141	2113	93.88	20132538	19495157	V	V
16908142	16909462	13547939	13546601	1321	1339	90.77	20132538	21540570	V	X
16908324	16909465	6501142	6502347	1142	1206	90.81	20132538	15455979	V	I
16921007	16922806	16591601	16593394	1800	1794	97.23	20132538	19495157	V	V
16926095	16927889	16596683	16598482	1795	1800	97.29	20132538	19495157	V	V
16936538	16941959	16582952	16577531	5422	5422	99.85	20132538	19495157	V	V
16937124	16942827	16576541	16570839	5704	5703	99.77	20132538	19495157	V	V
16941984	16943672	650426	648745	1689	1682	90.76	20132538	15455979	V	I
16941984	16943434	16206439	16204976	1451	1464	92.38	20132538	19495157	V	V
16941990	16943576	16202846	16201247	1587	1600	93.21	20132538	19495157	V	V
16942176	16943547	1688283	1686912	1372	1372	95.41	20132538	16627154	V	II
16942793	16945030	650972	648741	2238	2232	89.34	20132538	15455979	V	I
16942844	16944338	16206467	16204976	1495	1492	92.55	20132538	19495157	V	V
16942989	16944457	16204710	16203166	1469	1545	88.11	20132538	19495157	V	V
16943156	16944643	16206467	16204983	1488	1485	92.19	20132538	19495157	V	V
16943287	16945791	12064627	12062144	2505	2484	92.97	20132538	14578851	V	III
16943332	16945103	16203043	16201279	1772	1765	91.55	20132538	19495157	V	V
16943727	16945383	2106	3760	1657	1655	92.83	20132538	40913	V	cb25.fpc4366
16943793	16945281	15533410	15531909	1489	1502	92.31	20132538	16627154	V	II
16944390	16945444	15676190	15677252	1055	1063	91.10	20132538	16627154	V	II
16944402	16945548	15675278	15674134	1147	1145	92.51	20132538	16627154	V	II
16945620	16949537	16617792	16621712	3918	3921	98.62	20132538	19495157	V	V
16949700	16958030	16622068	16630398	8331	8331	100.00	20132538	19495157	V	V
16958148	16973491	16630859	16646201	15344	15343	99.99	20132538	19495157	V	V
16973484	16980874	16646256	16653645	7391	7390	99.99	20132538	19495157	V	V
16980112	16981733	10958536	10956916	1622	1621	99.08	20132538	17485439	V	IV
16980114	16981730	16003510	16001894	1617	1617	97.34	20132538	16627154	V	II
16980115	16981244	16371404	16370275	1130	1130	99.91	20132538	16627154	V	II
16980115	16981732	3846753	3845139	1618	1615	99.20	20132538	17485439	V	IV
16980115	16981734	3214382	3216000	1620	1619	99.20	20132538	19495157	V	V
16980115	16981733	6282621	6281010	1619	1612	99.07	20132538	19495157	V	V
16980115	16981735	8262315	8260700	1621	1616	98.15	20132538	19495157	V	V
16982523	16988837	16654954	16661268	6315	6315	99.97	20132538	19495157	V	V
16987155	16988414	13742383	13741124	1260	1260	99.76	20132538	16627154	V	II
16987155	16988410	21160116	21158861	1256	1256	99.92	20132538	21540570	V	X
16987156	16988415	990241	988982	1260	1260	99.84	20132538	16627154	V	II
16987156	16988413	7800350	7799093	1258	1258	99.92	20132538	19495157	V	V
16987157	16988411	6061543	6060289	1255	1255	99.92	20132538	15455979	V	I
16987157	16988411	3363925	3365179	1255	1255	99.92	20132538	17485439	V	IV
16987157	16988411	2545187	2543934	1255	1254	99.84	20132538	21540570	V	X
16987157	16988411	16089130	16087876	1255	1255	99.92	20132538	21540570	V	X
16987157	16988411	18838822	18837568	1255	1255	99.92	20132538	21540570	V	X
16987157	16988414	32730	31473	1258	1258	99.92	20132538	35136	V	cb25.NA_146
16989605	16990650	16744653	16745698	1046	1046	100.00	20132538	19495157	V	V
16990423	17022209	16661320	16693100	31787	31781	99.97	20132538	19495157	V	V
16991961	16998720	16746600	16753359	6760	6760	99.90	20132538	19495157	V	V
17006494	17007755	3016003	3017263	1262	1261	99.68	20132538	19495157	V	V
17006496	17007750	4735246	4733992	1255	1255	99.92	20132538	19495157	V	V
17006497	17007757	4671785	4670520	1261	1266	99.53	20132538	19495157	V	V
17022231	17040769	16693248	16711782	18539	18535	99.97	20132538	19495157	V	V
17042638	17055420	16711930	16724711	12783	12782	99.97	20132538	19495157	V	V
17046985	17052573	13001000	13006573	5589	5574	92.04	20132538	15455979	V	I
17046988	17051085	8335	4239	4098	4097	94.38	20132538	15455979	V	I
17047651	17049028	2851	1474	1378	1378	96.37	20132538	2851	V	cb25.NA_110
17047856	17050051	18541822	18544026	2196	2205	85.59	20132538	19495157	V	V
17047998	17050069	7933	5850	2072	2084	85.03	20132538	25834	V	cb25.NA_080
17049327	17050727	1401	1	1401	1401	92.02	20132538	2851	V	cb25.NA_110
17049808	17061386	11577	1	11579	11577	99.92	20132538	11577	V	cb25.NA_234
17051529	17052841	8846	7525	1313	1322	96.22	20132538	24336	V	cb25.NA_194
17054432	17057862	13008691	13012120	3431	3430	95.87	20132538	15455979	V	I
17054432	17060149	5710	9	5718	5702	92.45	20132538	24336	V	cb25.NA_194
17055780	17058437	14204	16856	2658	2653	84.47	20132538	38484	V	cb25.NA_022
17057838	17061421	14657608	14654042	3584	3567	95.85	20132538	16627154	V	II
17058252	17062036	13013486	13017265	3785	3780	96.63	20132538	15455979	V	I
17058275	17059857	8061921	8063513	1583	1593	83.21	20132538	14578851	V	III
17058285	17060540	18552777	18555038	2256	2262	90.60	20132538	19495157	V	V
17058497	17060765	4	2293	2269	2290	88.58	20132538	6439	V	cb25.NA_051
17059376	17074442	16725712	16740778	15067	15067	99.98	20132538	19495157	V	V
17074765	17076079	16741045	16742359	1315	1315	99.77	20132538	19495157	V	V
17076167	17114669	16753460	16791957	38503	38498	99.98	20132538	19495157	V	V
17077630	17079356	16763588	16761860	1727	1729	94.81	20132538	19495157	V	V
17081144	17083197	7577079	7575026	2054	2054	98.00	20132538	21540570	V	X
17084350	17086867	16768148	16765631	2518	2518	99.05	20132538	19495157	V	V
17084569	17086297	16756649	16754923	1729	1727	94.81	20132538	19495157	V	V
17086860	17087901	16778848	16777803	1042	1046	93.64	20132538	19495157	V	V
17088341	17090859	16764158	16761641	2519	2518	99.09	20132538	19495157	V	V
17100515	17101560	16765191	16764151	1046	1041	93.54	20132538	19495157	V	V
17110846	17114698	16792624	16796492	3853	3869	99.51	20132538	19495157	V	V
17114456	17122377	16796065	16803986	7922	7922	99.72	20132538	19495157	V	V
17122471	17128178	16805104	16810809	5708	5706	99.77	20132538	19495157	V	V
17128662	17135947	16811535	16818818	7286	7284	99.95	20132538	19495157	V	V
17136040	17163132	16819136	16846223	27093	27088	99.95	20132538	19495157	V	V
17157642	17158749	15223491	15222377	1108	1115	93.57	20132538	15455979	V	I
17157642	17158750	3419239	3420342	1109	1104	94.27	20132538	17485439	V	IV
17163213	17166204	16846590	16849581	2992	2992	100.00	20132538	19495157	V	V
17166272	17167482	16881660	16882870	1211	1211	100.00	20132538	19495157	V	V
17167251	17168617	16850141	16851507	1367	1367	100.00	20132538	19495157	V	V
17168294	17169366	16883496	16884568	1073	1073	100.00	20132538	19495157	V	V
17169425	17173438	16852241	16856254	4014	4014	100.00	20132538	19495157	V	V
17169643	17173804	16885006	16889167	4162	4162	100.00	20132538	19495157	V	V
17174820	17175970	16857670	16858820	1151	1151	100.00	20132538	19495157	V	V
17175283	17176903	16891368	16892990	1621	1623	99.88	20132538	19495157	V	V
17177300	17192857	16893876	16909428	15558	15553	99.97	20132538	19495157	V	V
17181146	17182761	3022183	3020591	1616	1593	88.09	20132538	15455979	V	I
17181146	17182761	16620556	16618925	1616	1632	92.17	20132538	16627154	V	II
17181150	17182761	4312605	4310954	1612	1652	90.14	20132538	14578851	V	III
17181194	17182761	7215978	7214394	1568	1585	93.05	20132538	17485439	V	IV
17192890	17196926	16909839	16913872	4037	4034	99.93	20132538	19495157	V	V
17197606	17202004	16913873	16918270	4399	4398	99.98	20132538	19495157	V	V
17199114	17202078	16859821	16862788	2965	2968	99.80	20132538	19495157	V	V
17199840	17200914	16868499	16867426	1075	1074	92.20	20132538	19495157	V	V
17202087	17203215	16918403	16919530	1129	1128	98.49	20132538	19495157	V	V
17202225	17206708	16863021	16867503	4484	4483	99.80	20132538	19495157	V	V
17202524	17203639	15223491	15222377	1116	1115	94.46	20132538	15455979	V	I
17206149	17210784	16867186	16871821	4636	4636	99.91	20132538	19495157	V	V
17206389	17207462	16861622	16860547	1074	1076	91.84	20132538	19495157	V	V
17206389	17207462	16917180	16916106	1074	1075	92.20	20132538	19495157	V	V
17210526	17216630	16871865	16877972	6105	6108	99.39	20132538	19495157	V	V
17212456	17221884	16920531	16929958	9429	9428	99.98	20132538	19495157	V	V
17216150	17219788	16880659	16877021	3639	3639	99.97	20132538	19495157	V	V
17217323	17223425	16930960	16937060	6103	6101	99.92	20132538	19495157	V	V
17223423	17230631	16937874	16945081	7209	7208	99.56	20132538	19495157	V	V
17230907	17263661	16945966	16978632	32755	32667	99.66	20132538	19495157	V	V
17251481	17252628	14386628	14385508	1148	1121	96.08	20132538	16627154	V	II
17256171	17257743	16974518	16972948	1573	1571	97.65	20132538	19495157	V	V
17257973	17259543	16972718	16971146	1571	1573	97.65	20132538	19495157	V	V
17263355	17268002	16978232	16982875	4648	4644	99.83	20132538	19495157	V	V
17267850	17286526	16982989	17001663	18677	18675	99.98	20132538	19495157	V	V
17277893	17279104	11526378	11525166	1212	1213	96.46	20132538	21540570	V	X
17278025	17279110	18029119	18028039	1086	1081	98.16	20132538	19495157	V	V
17282817	17289560	17016358	17023102	6744	6745	99.90	20132538	19495157	V	V
17290066	17291443	17023306	17024684	1378	1379	97.39	20132538	19495157	V	V
17291551	17304539	17024980	17037967	12989	12988	99.92	20132538	19495157	V	V
17304502	17317390	17038527	17051414	12889	12888	99.98	20132538	19495157	V	V
17313600	17315665	3616	1552	2066	2065	99.90	20132538	3616	V	cb25.NA_330
17313759	17326453	17015357	17002664	12695	12694	99.75	20132538	19495157	V	V
17315889	17317441	1552	1	1553	1552	99.94	20132538	3616	V	cb25.NA_330
17324770	17326256	23510	22026	1487	1485	99.33	20132538	79173	V	cb25.NA_037
17327708	17334926	1	7219	7219	7219	99.99	20132538	15647	V	cb25.NA_138
17334936	17342518	15647	8067	7583	7581	99.96	20132538	15647	V	cb25.NA_138
17340495	17341719	1	1224	1225	1224	99.92	20132538	18211	V	cb25.NA_042
17342571	17343684	1354	2467	1114	1114	100.00	20132538	18211	V	cb25.NA_042
17345272	17352860	3930	11517	7589	7588	99.96	20132538	18211	V	cb25.NA_042
17352708	17358882	12038	18211	6175	6174	99.98	20132538	18211	V	cb25.NA_042
17356428	17370478	17121369	17107318	14051	14052	99.99	20132538	19495157	V	V
17370602	17401617	17106514	17075503	31016	31012	99.99	20132538	19495157	V	V
17401775	17410502	17074659	17065933	8728	8727	99.99	20132538	19495157	V	V
17410523	17411919	17065846	17064450	1397	1397	99.64	20132538	19495157	V	V
17412096	17415670	17063922	17060348	3575	3575	99.94	20132538	19495157	V	V
17415798	17423733	17060348	17052415	7936	7934	99.96	20132538	19495157	V	V
17424990	17426205	6439	5225	1216	1215	99.92	20132538	6439	V	cb25.NA_051
17426198	17431257	5063	4	5060	5060	100.00	20132538	6439	V	cb25.NA_051
17428968	17434658	2356361	2350679	5691	5683	89.98	20132538	17485439	V	IV
17428968	17430378	16727100	16725712	1411	1389	86.01	20132538	19495157	V	V
17428968	17435286	622	6933	6319	6312	90.09	20132538	11577	V	cb25.NA_234
17429105	17432339	68021	64809	3235	3213	90.85	20132538	79173	V	cb25.NA_037
17429154	17431469	15731484	15729176	2316	2309	85.03	20132538	19495157	V	V
17429588	17435286	4	5689	5699	5686	96.75	20132538	24336	V	cb25.NA_194
17429820	17431399	6341384	6339803	1580	1582	98.17	20132538	17485439	V	IV
17432621	17443667	6335137	6324097	11047	11041	99.40	20132538	17485439	V	IV
17433147	17434586	6337955	6336516	1440	1440	98.75	20132538	17485439	V	IV
17437431	17438704	15722236	15720981	1274	1256	80.19	20132538	19495157	V	V
17437731	17438783	16721869	16720820	1053	1050	83.58	20132538	19495157	V	V
17437731	17438783	8808	9857	1053	1050	83.58	20132538	11577	V	cb25.NA_234
17441442	17456547	1	15102	15106	15102	99.96	20132538	25834	V	cb25.NA_080
17445521	17450981	17112722	17107241	5461	5482	87.87	20132538	21540570	V	X
17446319	17448250	57930	56002	1932	1929	83.96	20132538	79173	V	cb25.NA_037
17447292	17449375	16719360	16717290	2084	2071	85.03	20132538	19495157	V	V
17447567	17449330	15718727	15716967	1764	1761	84.96	20132538	19495157	V	V
17449567	17450741	13554225	13553032	1175	1194	94.14	20132538	21540570	V	X
17450257	17451498	13649	12398	1242	1252	94.85	20132538	19594	V	cb25.NA_018
17456671	17463655	15689	22672	6985	6984	99.86	20132538	25834	V	cb25.NA_080
17463259	17467159	25834	21935	3901	3900	99.62	20132538	25834	V	cb25.NA_080
17466599	17475718	17137681	17128565	9120	9117	99.89	20132538	19495157	V	V
17475152	17476435	17121470	17122753	1284	1284	99.92	20132538	19495157	V	V
17476965	17478571	17142666	17141056	1607	1611	98.82	20132538	19495157	V	V
17476965	17478571	2627	4233	1607	1607	99.38	20132538	7776	V	cb25.NA_259
17476966	17478571	6138874	6137260	1606	1615	97.77	20132538	14578851	V	III
17476966	17478175	5659885	5658677	1210	1209	98.68	20132538	17485439	V	IV
17477778	17480881	17124095	17127198	3104	3104	100.00	20132538	19495157	V	V
17479993	17481532	17125608	17124095	1540	1514	98.18	20132538	19495157	V	V
17480738	17482344	11476912	11475297	1607	1616	98.02	20132538	19495157	V	V
17480738	17482344	11685818	11684202	1607	1617	98.08	20132538	19495157	V	V
17483144	17491553	17127924	17136335	8410	8412	99.94	20132538	19495157	V	V
17491553	17493591	26123	24085	2039	2039	99.95	20132538	40913	V	cb25.fpc4366
17491559	17494858	57682	54376	3300	3307	89.95	20132538	79173	V	cb25.NA_037
17491567	17494164	2337610	2335011	2598	2600	92.28	20132538	17485439	V	IV
17491567	17494164	2345093	2342493	2598	2601	92.28	20132538	17485439	V	IV
17491567	17495369	16720077	16716280	3803	3798	92.62	20132538	19495157	V	V
17495021	17497881	22861	19998	2861	2864	99.72	20132538	40913	V	cb25.fpc4366
17498111	17502260	18712	22861	4150	4150	99.88	20132538	40913	V	cb25.fpc4366
17500029	17501082	17138911	17137863	1054	1049	83.27	20132538	19495157	V	V
17500029	17501082	6381	7429	1054	1049	83.27	20132538	7776	V	cb25.NA_259
17500029	17501082	40366	39318	1054	1049	83.27	20132538	40913	V	cb25.fpc4366
17501912	17506797	8335	3457	4886	4879	93.75	20132538	15455979	V	I
17501912	17507499	13001003	13006571	5588	5569	95.33	20132538	15455979	V	I
17502582	17503956	2848	1474	1375	1375	95.93	20132538	2851	V	cb25.NA_110
17502784	17504979	18541822	18544026	2196	2205	84.82	20132538	19495157	V	V
17503690	17509746	24085	30140	6057	6056	99.97	20132538	40913	V	cb25.fpc4366
17504252	17505612	1404	44	1361	1361	95.23	20132538	2851	V	cb25.NA_110
17506455	17508385	32162	30232	1931	1931	99.90	20132538	40913	V	cb25.fpc4366
17506457	17507499	8846	7805	1043	1042	95.11	20132538	24336	V	cb25.NA_194
17509202	17511773	29420	26850	2572	2571	99.88	20132538	40913	V	cb25.fpc4366
17509843	17517992	30232	38380	8150	8149	99.99	20132538	40913	V	cb25.fpc4366
17510729	17511773	2339395	2338351	1045	1045	95.50	20132538	17485439	V	IV
17510729	17511773	2346877	2345834	1045	1044	95.41	20132538	17485439	V	IV
17510729	17511773	16721862	16720818	1045	1045	95.22	20132538	19495157	V	V
17510729	17511773	59460	58415	1045	1046	95.79	20132538	79173	V	cb25.NA_037
17510729	17511773	8815	9859	1045	1045	95.22	20132538	11577	V	cb25.NA_234
17518138	17525913	7776	1	7776	7776	99.97	20132538	7776	V	cb25.NA_259
17518199	17520080	39032	40913	1882	1882	100.00	20132538	40913	V	cb25.fpc4366
17518404	17556108	17137782	17175487	37705	37706	99.82	20132538	19495157	V	V
17521680	17523286	17411092	17409482	1607	1611	97.84	20132538	19495157	V	V
17521681	17523286	5521290	5522902	1606	1613	98.39	20132538	19495157	V	V
17537091	17538207	9307820	9306722	1117	1099	88.66	20132538	17485439	V	IV
17555862	17558436	17175059	17177633	2575	2575	99.92	20132538	19495157	V	V
17558437	17560014	17177729	17179306	1578	1578	100.00	20132538	19495157	V	V
17560410	17569246	17179954	17188789	8837	8836	99.99	20132538	19495157	V	V
17563476	17566186	4678	7468	2711	2791	94.46	20132538	45587	V	cb25.NA_135
17563476	17566186	10792	13584	2711	2793	93.86	20132538	13704	V	cb25.NA_225
17566504	17568616	16614217	16616357	2113	2141	93.88	20132538	19495157	V	V
17569217	17573083	16227831	16224013	3867	3819	94.27	20132538	19495157	V	V
17569438	17580775	17711	6374	11338	11338	100.00	20132538	40913	V	cb25.fpc4366
17569593	17572578	2691	5665	2986	2975	94.81	20132538	13704	V	cb25.NA_225
17569593	17570818	1172	2397	1226	1226	97.39	20132538	2757	V	cb25.NA_363
17580924	17582403	5713	4235	1480	1479	99.73	20132538	40913	V	cb25.fpc4366
17581828	17583934	4209	2106	2107	2104	90.96	20132538	40913	V	cb25.fpc4366
17582715	17584738	2537	504	2024	2034	85.42	20132538	9108	V	cb25.NA_247
17584046	17592873	9100	312	8828	8789	97.98	20132538	9108	V	cb25.NA_247
17584250	17585976	1727	1	1727	1727	100.00	20132538	40913	V	cb25.fpc4366
17585701	17586954	4566613	4567866	1254	1254	100.00	20132538	16627154	V	II
17590609	17591663	17201492	17202562	1055	1071	91.98	20132538	19495157	V	V
17592435	17593672	1241623	1240372	1238	1252	93.77	20132538	15455979	V	I
17592582	17594966	14750141	14747771	2385	2371	88.64	20132538	17485439	V	IV
17593305	17594966	3760	2106	1662	1655	92.97	20132538	40913	V	cb25.fpc4366
17593811	17598257	17201406	17205859	4447	4454	98.86	20132538	19495157	V	V
17594520	17595653	17205844	17204711	1134	1134	99.56	20132538	19495157	V	V
17597109	17598417	17203256	17201948	1309	1309	98.93	20132538	19495157	V	V
17597956	17608662	17205398	17216103	10707	10706	99.87	20132538	19495157	V	V
17608715	17612458	17191068	17194812	3744	3745	99.92	20132538	19495157	V	V
17612977	17619490	17194449	17200963	6514	6515	99.89	20132538	19495157	V	V
17613363	17617501	17217104	17221241	4139	4138	99.88	20132538	19495157	V	V
17617627	17654120	17221317	17257888	36494	36572	99.77	20132538	19495157	V	V
17641117	17642530	2882676	2881262	1414	1415	99.43	20132538	16627154	V	II
17641117	17642530	3071735	3070323	1414	1413	99.22	20132538	16627154	V	II
17649054	17654202	17257889	17263033	5149	5145	99.92	20132538	19495157	V	V
17655167	17700189	17266406	17311426	45023	45021	99.98	20132538	19495157	V	V
17693569	17698017	8867599	8863160	4449	4440	99.37	20132538	15455979	V	I
17698013	17699269	20338697	20339953	1257	1257	99.76	20132538	21540570	V	X
17701375	17713613	17312374	17324610	12239	12237	99.98	20132538	19495157	V	V
17713309	17725385	17324771	17336847	12077	12077	99.97	20132538	19495157	V	V
17726060	17739604	17336570	17350127	13545	13558	99.79	20132538	19495157	V	V
17739752	17780390	17350615	17391246	40639	40632	99.95	20132538	19495157	V	V
17748665	17750553	17444020	17442146	1889	1875	87.26	20132538	19495157	V	V
17750923	17752351	17441279	17439853	1429	1427	93.02	20132538	19495157	V	V
17753280	17754349	17438369	17437308	1070	1062	94.86	20132538	19495157	V	V
17780789	17805233	17391869	17416307	24445	24439	99.95	20132538	19495157	V	V
17798406	17800017	17142665	17141055	1612	1611	97.29	20132538	19495157	V	V
17798406	17800017	2628	4234	1612	1607	97.84	20132538	7776	V	cb25.NA_259
17805320	17836857	17416778	17448295	31538	31518	99.85	20132538	19495157	V	V
17825865	17826928	17365209	17364140	1064	1070	94.96	20132538	19495157	V	V
17828414	17829841	17363211	17361784	1428	1428	92.95	20132538	19495157	V	V
17830708	17832582	17361414	17359527	1875	1888	87.11	20132538	19495157	V	V
17838085	17843046	17452836	17447876	4962	4961	99.98	20132538	19495157	V	V
17845803	17894500	17453268	17501958	48698	48691	99.98	20132538	19495157	V	V
17894497	17906583	17502451	17514533	12087	12083	99.90	20132538	19495157	V	V
17898627	17901703	3077	1	3077	3077	99.84	20132538	3077	V	cb25.NA_354
17906632	17913084	17514672	17521123	6453	6452	99.98	20132538	19495157	V	V
17913268	17917302	17520994	17525026	4035	4033	99.58	20132538	19495157	V	V
17917753	17920019	17525285	17527551	2267	2267	100.00	20132538	19495157	V	V
17920037	17943745	17527856	17551600	23709	23745	99.71	20132538	19495157	V	V
17923613	17924911	13739375	13738040	1299	1336	93.21	20132538	17485439	V	IV
17923614	17924911	2303513	2302174	1298	1340	93.01	20132538	15455979	V	I
17923615	17924966	3730745	3729375	1352	1371	94.20	20132538	15455979	V	I
17923615	17924966	726	2096	1352	1371	94.20	20132538	4721	V	cb25.NA_301
17923713	17924972	7699788	7701077	1260	1290	94.74	20132538	17485439	V	IV
17943766	17964904	17552265	17573403	21139	21139	99.99	20132538	19495157	V	V
17965104	17971790	17573386	17580072	6687	6687	99.76	20132538	19495157	V	V
17971830	17992117	17580681	17600968	20288	20288	99.99	20132538	19495157	V	V
17987604	17988629	10107	9082	1026	1026	99.61	20132538	10107	V	cb25.NA_005
17988720	17990662	9124	7182	1943	1943	100.00	20132538	10107	V	cb25.NA_005
17991495	17992866	7097	5725	1372	1373	99.93	20132538	10107	V	cb25.NA_005
17993952	17997348	4859	1463	3397	3397	100.00	20132538	10107	V	cb25.NA_005
17993987	17995407	1	1418	1421	1418	99.72	20132538	10107	V	cb25.NA_005
17997004	17999936	1928	4859	2933	2932	99.97	20132538	10107	V	cb25.NA_005
17998481	17999901	1418	1	1421	1418	99.72	20132538	10107	V	cb25.NA_005
18001022	18002393	5725	7097	1372	1373	99.93	20132538	10107	V	cb25.NA_005
18001771	18003117	17600968	17599622	1347	1347	99.70	20132538	19495157	V	V
18003667	18008763	1	5086	5097	5086	99.49	20132538	10513	V	cb25.NA_045
18003762	18006983	20508107	20511329	3222	3223	99.07	20132538	21540570	V	X
18006108	18007194	10513	9428	1087	1086	99.82	20132538	10513	V	cb25.NA_045
18008363	18017778	9413	1	9416	9413	99.97	20132538	10513	V	cb25.NA_045
18014251	18015337	9428	10513	1087	1086	99.82	20132538	10513	V	cb25.NA_045
18018075	18022433	17602124	17606464	4359	4341	98.56	20132538	19495157	V	V
18022662	18023937	14863788	14862536	1276	1253	87.70	20132538	17485439	V	IV
18023251	18026615	17606586	17609950	3365	3365	99.64	20132538	19495157	V	V
18026666	18030389	17609690	17613409	3724	3720	99.70	20132538	19495157	V	V
18026834	18029913	17622760	17619698	3080	3063	99.12	20132538	19495157	V	V
18028699	18029913	5278377	5277151	1215	1227	87.79	20132538	15455979	V	I
18030164	18033804	17612976	17616616	3641	3641	99.86	20132538	19495157	V	V
18030892	18031927	9288287	9287252	1036	1036	99.13	20132538	17485439	V	IV
18030892	18031927	9292761	9291726	1036	1036	99.13	20132538	17485439	V	IV
18034017	18035723	17616772	17618478	1707	1707	100.00	20132538	19495157	V	V
18034164	18092290	17618579	17676695	58127	58117	99.95	20132538	19495157	V	V
18035238	18036498	8418126	8416868	1261	1259	86.68	20132538	17485439	V	IV
18035282	18038344	17612933	17609857	3063	3077	99.09	20132538	19495157	V	V
18093259	18095930	17676833	17679504	2672	2672	99.96	20132538	19495157	V	V
18097376	18099422	17681157	17683203	2047	2047	99.76	20132538	19495157	V	V
18099426	18131935	17683318	17715824	32510	32507	99.61	20132538	19495157	V	V
18131543	18133660	17716066	17718183	2118	2118	100.00	20132538	19495157	V	V
18134449	18136764	17718857	17721172	2316	2316	100.00	20132538	19495157	V	V
18135873	18141599	17722145	17727870	5727	5726	99.93	20132538	19495157	V	V
18141651	18149803	17728346	17736493	8153	8148	99.82	20132538	19495157	V	V
18150038	18158742	17737921	17746622	8705	8702	99.85	20132538	19495157	V	V
18150707	18153258	6830856	6828360	2552	2497	95.31	20132538	19495157	V	V
18154469	18158742	6808211	6803938	4274	4274	97.63	20132538	19495157	V	V
18156445	18167325	10881	1	10881	10881	99.87	20132538	10881	V	cb25.NA_239
18158741	18164570	6803824	6798057	5830	5768	96.11	20132538	19495157	V	V
18158741	18188959	17746736	17776964	30219	30229	99.62	20132538	19495157	V	V
18166368	18167542	17757525	17756356	1175	1170	86.74	20132538	19495157	V	V
18166568	18171607	6797090	6792052	5040	5039	96.63	20132538	19495157	V	V
18168348	18169517	17755550	17754376	1170	1175	86.74	20132538	19495157	V	V
18169259	18170796	17856232	17857769	1538	1538	100.00	20132538	19495157	V	V
18171896	18173856	17858746	17860705	1961	1960	99.95	20132538	19495157	V	V
18175032	18176354	17860754	17862076	1323	1323	100.00	20132538	19495157	V	V
18176639	18178453	6812915	6811103	1815	1813	97.86	20132538	19495157	V	V
18178449	18179622	13044677	13043474	1174	1204	94.21	20132538	21540570	V	X
18178453	18179619	7212859	7214062	1167	1204	94.85	20132538	21540570	V	X
18185448	18195021	17777578	17787163	9574	9586	99.79	20132538	19495157	V	V
18195024	18196568	1	1545	1545	1545	100.00	20132538	1946	V	cb25.NA_418
18195248	18204583	17787174	17796509	9336	9336	100.00	20132538	19495157	V	V
18204679	18207670	17797364	17800355	2992	2992	100.00	20132538	19495157	V	V
18208359	18217705	17801187	17810470	9347	9284	99.21	20132538	19495157	V	V
18209969	18210974	17805496	17804490	1006	1007	96.04	20132538	19495157	V	V
18211663	18212669	17803801	17802796	1007	1006	96.04	20132538	19495157	V	V
18217806	18221923	17811166	17815281	4118	4116	99.78	20132538	19495157	V	V
18222031	18227486	17816116	17821571	5456	5456	100.00	20132538	19495157	V	V
18227539	18228578	2039	1000	1040	1040	100.00	20132538	2039	V	cb25.NA_026
18230346	18231484	17823710	17822572	1139	1139	100.00	20132538	19495157	V	V
18232772	18238719	17823721	17829670	5948	5950	99.71	20132538	19495157	V	V
18238514	18242472	17828879	17832835	3959	3957	99.67	20132538	19495157	V	V
18242258	18248039	17832444	17838209	5782	5766	99.12	20132538	19495157	V	V
18248183	18262187	17838763	17852763	14005	14001	99.96	20132538	19495157	V	V
18264212	18274115	13408	3508	9904	9901	99.35	20132538	13408	V	cb25.NA_227
18265537	18268118	17852652	17855231	2582	2580	99.69	20132538	19495157	V	V
18270102	18271115	4589	5603	1014	1015	91.89	20132538	13408	V	cb25.NA_227
18272017	18273031	6505	7518	1015	1014	91.89	20132538	13408	V	cb25.NA_227
18273917	18277609	4213	513	3693	3701	99.16	20132538	13408	V	cb25.NA_227
18280715	18302748	57343	35390	22034	21954	99.56	20132538	57343	V	cb25.NA_176
18302654	18306851	35292	31094	4198	4199	98.41	20132538	57343	V	cb25.NA_176
18306251	18327289	31042	10010	21039	21033	99.88	20132538	57343	V	cb25.NA_176
18316139	18317190	1288	2339	1052	1052	100.00	20132538	2339	V	cb25.NA_184
18327302	18330343	9685	6644	3042	3042	100.00	20132538	57343	V	cb25.NA_176
18329959	18331155	17862177	17863374	1197	1198	98.91	20132538	19495157	V	V
18331211	18337571	6361	1	6361	6361	99.97	20132538	57343	V	cb25.NA_176
18331458	18343112	17863922	17875575	11655	11654	99.97	20132538	19495157	V	V
18343946	18380024	17876736	17912813	36079	36078	99.98	20132538	19495157	V	V
18380037	18430055	17913060	17963074	50019	50015	99.89	20132538	19495157	V	V
18417508	18423699	1	6192	6192	6192	99.94	20132538	6192	V	cb25.NA_277
18430479	18455847	17963440	17988801	25369	25362	99.97	20132538	19495157	V	V
18456577	18470556	17989241	18003220	13980	13980	99.99	20132538	19495157	V	V
18469999	18475681	18002415	18008096	5683	5682	99.51	20132538	19495157	V	V
18475810	18485284	18008228	18017702	9475	9475	100.00	20132538	19495157	V	V
18485285	18489495	18018133	18022351	4211	4219	99.60	20132538	19495157	V	V
18488608	18500417	18021968	18033772	11810	11805	99.86	20132538	19495157	V	V
18494671	18495758	3027404	3028422	1088	1019	92.56	20132538	19495157	V	V
18494681	18495761	16994249	16993164	1081	1086	98.16	20132538	19495157	V	V
18502177	18503646	1	1472	1470	1472	99.86	20132538	30013	V	cb25.NA_047
18503819	18507197	1718	5096	3379	3379	100.00	20132538	30013	V	cb25.NA_047
18507218	18521296	6244	20321	14079	14078	99.99	20132538	30013	V	cb25.NA_047
18507374	18508455	6178	5097	1082	1082	99.82	20132538	30013	V	cb25.NA_047
18520842	18522400	20476	22034	1559	1559	97.56	20132538	30013	V	cb25.NA_047
18521707	18522886	15353858	15355037	1180	1180	93.31	20132538	16627154	V	II
18521831	18522886	7756	6710	1056	1047	89.96	20132538	30013	V	cb25.NA_047
18522406	18523843	22178	23615	1438	1438	100.00	20132538	30013	V	cb25.NA_047
18524311	18528072	24037	27796	3762	3760	99.65	20132538	30013	V	cb25.NA_047
18528407	18529449	27853	28898	1043	1046	99.71	20132538	30013	V	cb25.NA_047
18530865	18532985	1176	3285	2121	2110	86.50	20132538	3292	V	cb25.NA_142
18531180	18533401	650972	648746	2222	2227	87.84	20132538	15455979	V	I
18531267	18532366	2585061	2586161	1100	1101	92.55	20132538	16627154	V	II
18531804	18533221	15355267	15353850	1418	1418	92.95	20132538	16627154	V	II
18532537	18534190	2106	3760	1654	1655	89.69	20132538	40913	V	cb25.fpc4366
18532812	18533909	870875	869765	1098	1111	91.19	20132538	15455979	V	I
18533264	18535037	2298044	2296276	1774	1769	89.75	20132538	16627154	V	II
18536672	18541313	25520	20880	4642	4641	99.89	20132538	25520	V	cb25.NA_144
18541365	18545432	20788	16727	4068	4062	99.41	20132538	25520	V	cb25.NA_144
18544649	18548083	17242	13807	3435	3436	99.48	20132538	25520	V	cb25.NA_144
18549150	18560603	11453	1	11454	11453	99.22	20132538	25520	V	cb25.NA_144
18563081	18564310	2665	3893	1230	1229	98.94	20132538	5756	V	cb25.NA_008
18564853	18565924	4685	5756	1072	1072	99.81	20132538	5756	V	cb25.NA_008
18566529	18571103	4573	1	4575	4573	99.93	20132538	5756	V	cb25.NA_008
18568254	18577418	19495157	19485993	9165	9165	99.98	20132538	19495157	V	V
18577589	18591171	19485410	19471829	13583	13582	99.99	20132538	19495157	V	V
18579553	18580755	18045132	18043918	1203	1215	90.71	20132538	19495157	V	V
18591197	18605820	19471317	19456696	14624	14622	99.70	20132538	19495157	V	V
18605470	18616448	19457199	19446265	10979	10935	99.25	20132538	19495157	V	V
18609160	18610390	5859076	5857847	1231	1230	98.78	20132538	19495157	V	V
18609160	18610390	1352	123	1231	1230	98.78	20132538	1501	V	cb25.NA_433
18615839	18617157	19447568	19446268	1319	1301	94.10	20132538	19495157	V	V
18617646	18619307	3760	2106	1662	1655	88.96	20132538	40913	V	cb25.fpc4366
18618566	18619580	576088	575074	1015	1015	90.74	20132538	15455979	V	I
18623586	18624652	1199781	1200847	1067	1067	92.60	20132538	15455979	V	I
18629844	18632493	1	2650	2650	2650	99.81	20132538	2650	V	cb25.NA_369
18632950	18634473	14538186	14536663	1524	1524	91.54	20132538	16627154	V	II
18633857	18635913	14538711	14536663	2057	2049	90.96	20132538	16627154	V	II
18634590	18637132	1	2537	2543	2537	91.56	20132538	9108	V	cb25.NA_247
18636360	18639321	18033875	18036836	2962	2962	99.36	20132538	19495157	V	V
18640428	18669626	18036902	18066099	29199	29198	99.97	20132538	19495157	V	V
18647443	18648657	19482244	19483446	1215	1203	90.71	20132538	19495157	V	V
18670715	18684047	18066940	18080269	13333	13330	99.96	20132538	19495157	V	V
18677607	18684051	18081971	18088416	6445	6446	99.92	20132538	19495157	V	V
18686911	18690267	18088545	18091901	3357	3357	99.91	20132538	19495157	V	V
18690427	18695359	18092048	18096980	4933	4933	99.98	20132538	19495157	V	V
18695601	18710002	18097545	18111943	14402	14399	99.81	20132538	19495157	V	V
18709855	18711377	18112784	18114306	1523	1523	99.80	20132538	19495157	V	V
18714024	18741429	18116899	18144299	27406	27401	99.95	20132538	19495157	V	V
18740773	18745972	18143403	18148601	5200	5199	98.56	20132538	19495157	V	V
18746205	18761283	18148973	18164044	15079	15072	99.85	20132538	19495157	V	V
18760884	18798880	18163506	18201495	37997	37990	99.79	20132538	19495157	V	V
18798470	18810370	3	11920	11901	11918	99.77	20132538	11920	V	cb25.NA_232
18798531	18801143	18202162	18204772	2613	2611	99.66	20132538	19495157	V	V
18799678	18800856	18158818	18157577	1179	1242	87.55	20132538	19495157	V	V
18809617	18810659	1248444	1247402	1043	1043	93.58	20132538	15455979	V	I
18812604	18813819	1248617	1247402	1216	1216	93.75	20132538	15455979	V	I
18814057	18815355	12058635	12057329	1299	1307	94.11	20132538	14578851	V	III
18821187	18830597	1	9411	9411	9411	100.00	20132538	9411	V	cb25.NA_245
18833300	18837820	54402	49882	4521	4521	100.00	20132538	54402	V	cb25.NA_007
18838220	18862606	49782	25392	24387	24391	99.92	20132538	54402	V	cb25.NA_007
18858279	18861424	3147	1	3146	3147	99.81	20132538	3147	V	cb25.NA_350
18862768	18869068	25301	19001	6301	6301	99.98	20132538	54402	V	cb25.NA_007
18869498	18871554	19063	17008	2057	2056	99.56	20132538	54402	V	cb25.NA_007
18872049	18873331	15998	14716	1283	1283	99.30	20132538	54402	V	cb25.NA_007
18873407	18875923	14021	11579	2517	2443	96.47	20132538	14021	V	cb25.NA_172
18875568	18879353	11098	7314	3786	3785	99.50	20132538	14021	V	cb25.NA_172
18875726	18877093	8182	6823	1368	1360	94.59	20132538	14021	V	cb25.NA_172
18880174	18882290	6423	4307	2117	2117	100.00	20132538	14021	V	cb25.NA_172
18883776	18885211	2916	1481	1436	1436	99.51	20132538	14021	V	cb25.NA_172
18886123	18897482	13558	2200	11360	11359	99.98	20132538	54402	V	cb25.NA_007
18897034	18898238	3178	4380	1205	1203	99.67	20132538	54402	V	cb25.NA_007
18897460	18899408	1949	1	1949	1949	100.00	20132538	54402	V	cb25.NA_007
18899573	18901597	18206897	18204873	2025	2025	99.80	20132538	19495157	V	V
18901444	18902987	18205354	18206897	1544	1544	99.68	20132538	19495157	V	V
18903034	18914610	18207447	18219021	11577	11575	99.94	20132538	19495157	V	V
18914617	18915715	18219195	18220293	1099	1099	100.00	20132538	19495157	V	V
18915832	18924426	18221181	18229775	8595	8595	99.55	20132538	19495157	V	V
18921023	18922634	2919928	2918305	1612	1624	97.54	20132538	16627154	V	II
18923618	18925314	18229079	18230774	1697	1696	99.12	20132538	19495157	V	V
18925417	18926736	1941	625	1320	1317	98.11	20132538	1941	V	cb25.NA_420
18926136	18928169	18231592	18233647	2034	2056	91.78	20132538	19495157	V	V
18926331	18927829	18231561	18233058	1499	1498	99.27	20132538	19495157	V	V
18927220	18929805	18235192	18232592	2586	2601	96.82	20132538	19495157	V	V
18927220	18928453	1233	1	1234	1233	97.41	20132538	1941	V	cb25.NA_420
18928751	18929805	18234228	18235282	1055	1055	98.86	20132538	19495157	V	V
18929092	18944888	18234866	18250661	15797	15796	99.89	20132538	19495157	V	V
18944959	18979099	18251158	18285282	34141	34125	99.86	20132538	19495157	V	V
18949312	18950690	2531699	2533085	1379	1387	88.46	20132538	19495157	V	V
18979889	18981580	18285681	18287372	1692	1692	100.00	20132538	19495157	V	V
18982338	18988642	1	6307	6305	6307	99.73	20132538	6307	V	cb25.NA_275
18985197	18997004	18507998	18496191	11808	11808	99.98	20132538	19495157	V	V
18997211	18999894	18496180	18493496	2684	2685	99.85	20132538	19495157	V	V
18999515	19001826	18494099	18491789	2312	2311	98.19	20132538	19495157	V	V
19001858	19113647	18490875	18379066	111790	111810	99.92	20132538	19495157	V	V
19074116	19075675	6903	5344	1560	1560	99.36	20132538	6903	V	cb25.NA_267
19075993	19081395	5405	2	5403	5404	99.96	20132538	6903	V	cb25.NA_267
19114058	19145974	18378533	18346628	31917	31906	99.53	20132538	19495157	V	V
19144802	19156720	18348048	18336131	11919	11918	99.92	20132538	19495157	V	V
19156978	19204084	18334576	18287473	47107	47104	99.97	20132538	19495157	V	V
19205305	19209010	18519050	18515332	3706	3719	97.61	20132538	19495157	V	V
19207674	19208811	816806	817932	1138	1127	92.81	20132538	14578851	V	III
19207713	19215380	18515731	18508102	7668	7630	98.74	20132538	19495157	V	V
19214910	19217105	18516683	18514474	2196	2210	94.13	20132538	19495157	V	V
19216933	19218197	18627618	18626354	1265	1265	98.81	20132538	19495157	V	V
19218200	19233249	18627618	18612578	15050	15041	99.85	20132538	19495157	V	V
19224944	19226209	6662821	6661556	1266	1266	99.61	20132538	14578851	V	III
19224947	19226213	8384775	8383510	1267	1266	99.53	20132538	17485439	V	IV
19224955	19226214	5339546	5338288	1260	1259	99.68	20132538	16627154	V	II
19224956	19226209	8874258	8873006	1254	1253	99.76	20132538	21540570	V	X
19224956	19226213	14675590	14674333	1258	1258	99.68	20132538	21540570	V	X
19232871	19234361	18515298	18516738	1491	1441	91.23	20132538	19495157	V	V
19233882	19254770	18612959	18592082	20889	20878	99.86	20132538	19495157	V	V
19254458	19269134	18577972	18592649	14677	14678	99.87	20132538	19495157	V	V
19262445	19269382	1	6936	6938	6936	99.84	20132538	11358	V	cb25.NA_150
19269382	19272699	8043	11358	3318	3316	99.88	20132538	11358	V	cb25.NA_150
19272504	19273580	7557	6481	1077	1077	99.63	20132538	11358	V	cb25.NA_150
19273689	19275809	18576968	18574848	2121	2121	96.28	20132538	19495157	V	V
19273723	19275811	3040711	3042799	2089	2089	92.20	20132538	14578851	V	III
19274337	19287538	18576968	18563745	13202	13224	99.23	20132538	19495157	V	V
19287736	19310533	18562550	18539757	22798	22794	99.98	20132538	19495157	V	V
19295237	19297510	67945	65679	2274	2267	90.51	20132538	79173	V	cb25.NA_037
19295249	19298338	15731437	15728348	3090	3090	88.01	20132538	19495157	V	V
19295249	19297510	847	3102	2262	2256	90.51	20132538	11577	V	cb25.NA_234
19295942	19297510	2355449	2353881	1569	1569	94.77	20132538	17485439	V	IV
19298826	19301490	15727914	15725230	2665	2685	94.27	20132538	19495157	V	V
19303215	19305947	15721932	15719203	2733	2730	94.66	20132538	19495157	V	V
19303215	19304622	16721853	16720442	1408	1412	82.09	20132538	19495157	V	V
19303215	19305664	59451	57000	2450	2452	81.21	20132538	79173	V	cb25.NA_037
19303215	19304622	8824	10235	1408	1412	82.09	20132538	11577	V	cb25.NA_234
19306073	19308466	15719203	15716780	2394	2424	84.67	20132538	19495157	V	V
19306262	19308133	2336875	2335011	1872	1865	84.09	20132538	17485439	V	IV
19306262	19308133	2344358	2342493	1872	1866	84.09	20132538	17485439	V	IV
19306262	19308466	16719342	16717148	2205	2195	85.54	20132538	19495157	V	V
19310761	19317243	18539762	18533281	6483	6482	99.94	20132538	19495157	V	V
19317293	19330374	18533130	18520051	13082	13080	99.98	20132538	19495157	V	V
19330508	19341586	18642107	18631029	11079	11079	99.95	20132538	19495157	V	V
19341476	19353146	18699916	18711584	11671	11669	99.97	20132538	19495157	V	V
19353417	19387725	18713384	18747690	34309	34307	99.98	20132538	19495157	V	V
19387929	19401348	18747662	18761079	13420	13418	99.99	20132538	19495157	V	V
19388234	19389581	575694	574368	1348	1327	93.90	20132538	19495157	V	V
19401496	19458820	18761731	18819050	57325	57320	99.97	20132538	19495157	V	V
19459009	19460759	18819639	18821387	1751	1749	99.89	20132538	19495157	V	V
19461105	19497011	18822208	18858114	35907	35907	99.99	20132538	19495157	V	V
19497140	19513897	18858125	18874882	16758	16758	99.92	20132538	19495157	V	V
19513802	19515059	7810171	7808914	1258	1258	99.76	20132538	19495157	V	V
19513806	19515063	11195788	11194531	1258	1258	99.44	20132538	15455979	V	I
19514573	19517469	18875395	18878291	2897	2897	100.00	20132538	19495157	V	V
19517632	19550088	18879139	18911589	32457	32451	99.98	20132538	19495157	V	V
19550092	19616497	18911843	18978233	66406	66391	99.97	20132538	19495157	V	V
19573664	19574946	1620	334	1283	1287	98.91	20132538	1928	V	cb25.NA_421
19616958	19619109	18979583	18981733	2152	2151	99.95	20132538	19495157	V	V
19619275	19632570	18982094	18995388	13296	13295	99.99	20132538	19495157	V	V
19632714	19659394	18996188	19022865	26681	26678	99.99	20132538	19495157	V	V
19661802	19666685	19023866	19028747	4884	4882	99.94	20132538	19495157	V	V
19666826	19689527	19028748	19051447	22702	22700	99.99	20132538	19495157	V	V
19689536	19750081	19051571	19112112	60546	60542	99.98	20132538	19495157	V	V
19712942	19714046	15237763	15236679	1105	1085	85.11	20132538	21540570	V	X
19747190	19748446	12483765	12482510	1257	1256	99.84	20132538	14578851	V	III
19750185	19782513	19112223	19144543	32329	32321	99.86	20132538	19495157	V	V
19783146	19834783	19144203	19195838	51638	51636	99.99	20132538	19495157	V	V
19836227	19871704	19196843	19232321	35478	35479	99.99	20132538	19495157	V	V
19840255	19841512	167420	168676	1258	1257	97.54	20132538	21540570	V	X
19840259	19841511	5471769	5470523	1253	1247	97.37	20132538	19495157	V	V
19840262	19841512	2979245	2980489	1251	1245	97.36	20132538	19495157	V	V
19867166	19946730	19232520	19312080	79565	79561	99.99	20132538	19495157	V	V
19946882	19989504	19312642	19355264	42623	42623	99.99	20132538	19495157	V	V
19982503	19989944	19356265	19363705	7442	7441	99.97	20132538	19495157	V	V
19990440	20035242	19364209	19409007	44803	44799	99.98	20132538	19495157	V	V
20035339	20069963	19409316	19443938	34625	34623	99.99	20132538	19495157	V	V
20071138	20072768	19444534	19446164	1631	1631	100.00	20132538	19495157	V	V
20073308	20074958	15749807	15748199	1651	1609	95.10	20132538	21540570	V	X
20075188	20077338	16158026	16155875	2151	2152	99.67	20132538	16627154	V	II
20075189	20077332	2091093	2088985	2144	2109	98.14	20132538	16627154	V	II
20075189	20077337	5795394	5793247	2149	2148	99.67	20132538	14578851	V	III
20075189	20077337	5800454	5798307	2149	2148	99.67	20132538	14578851	V	III
20075876	20077333	13787743	13786286	1458	1458	99.86	20132538	16627154	V	II
20089196	20090208	15664793	15663781	1013	1013	91.51	20132538	16627154	V	II
20094691	20095702	18233230	18232208	1012	1023	91.89	20132538	19495157	V	V
20100057	20101523	15114732	15113263	1467	1470	91.03	20132538	17485439	V	IV
20100246	20101431	15112930	15111746	1186	1185	92.66	20132538	17485439	V	IV
20103487	20105138	15749807	15748198	1652	1610	95.16	20132538	21540570	V	X
20113184	20115237	510276	512329	2054	2054	99.32	20132538	17485439	V	IV
20114407	20115461	8241	7188	1055	1054	99.91	20132538	8253	V	cb25.fpc4500
20115544	20117275	1731	1	1732	1731	99.54	20132538	2231	V	cb25.NA_394
20115544	20122755	7209	1	7212	7209	99.75	20132538	8253	V	cb25.fpc4500
20116716	20118315	16123617	16125216	1600	1600	99.75	20132538	16627154	V	II
20118705	20120662	16627154	16625197	1958	1958	99.03	20132538	16627154	V	II
20120066	20125920	1	5869	5855	5869	98.89	20132538	5869	V	cb25.NA_289
17926	36111	637513	619334	18186	18180	99.86	22424347	21540570	X	X
35948	54295	618947	600603	18348	18345	99.96	22424347	21540570	X	X
49798	60523	10727	1	10726	10727	99.89	22424347	10727	X	cb25.NA_240
57088	73640	672388	655838	16553	16551	99.98	22424347	21540570	X	X
64932	102384	600592	563142	37453	37451	99.97	22424347	21540570	X	X
66992	68204	484551	485771	1213	1221	84.08	22424347	17485439	X	IV
66993	68203	3115848	3117064	1211	1217	82.96	22424347	17485439	X	IV
66993	68204	3431466	3432683	1212	1218	84.45	22424347	17485439	X	IV
66993	68182	15180435	15179240	1190	1196	85.43	22424347	21540570	X	X
75583	76588	4279893	4278896	1006	998	96.44	22424347	17485439	X	IV
84847	86207	4714606	4713272	1361	1335	93.70	22424347	19495157	X	V
102539	128376	559433	533596	25838	25838	99.98	22424347	21540570	X	X
128619	171954	532474	489143	43336	43332	99.99	22424347	21540570	X	X
166481	167738	5339549	5338293	1258	1257	99.60	22424347	16627154	X	II
172023	174629	488751	486145	2607	2607	100.00	22424347	21540570	X	X
174602	304335	482188	352459	129734	129730	99.99	22424347	21540570	X	X
182128	185971	655837	651994	3844	3844	99.77	22424347	21540570	X	X
182661	186312	1440055	1436403	3652	3653	97.96	22424347	21540570	X	X
182673	185736	4161284	4158230	3064	3055	97.66	22424347	17485439	X	IV
182673	183750	4722310	4721247	1078	1064	96.66	22424347	19495157	X	V
182688	184567	523085	521213	1880	1873	96.87	22424347	16627154	X	II
183428	184997	4721944	4720383	1570	1562	97.08	22424347	15455979	X	I
183937	186312	4721247	4718869	2376	2379	97.44	22424347	19495157	X	V
184608	186312	6193447	6191744	1705	1704	98.77	22424347	15455979	X	I
184832	186312	3690791	3689312	1481	1480	98.18	22424347	19495157	X	V
209499	210789	3822877	3824111	1291	1235	90.56	22424347	19495157	X	V
209553	210880	13952544	13951202	1328	1343	91.02	22424347	16627154	X	II
209725	210877	7501968	7500743	1153	1226	86.13	22424347	15455979	X	I
295373	296407	359169	360208	1035	1040	93.77	22424347	21540570	X	X
295373	297623	4838024	4835783	2251	2242	92.42	22424347	21540570	X	X
295383	296701	2745207	2743908	1319	1300	90.05	22424347	17485439	X	IV
296585	297624	360386	361420	1040	1035	93.77	22424347	21540570	X	X
296588	297620	39404	40428	1033	1025	94.09	22424347	21540570	X	X
304334	343198	352412	313548	38865	38865	99.99	22424347	21540570	X	X
343372	390608	312970	265735	47237	47236	99.81	22424347	21540570	X	X
352878	359109	11946	5715	6232	6232	99.98	22424347	11946	X	cb25.NA_082
357615	358699	5908089	5907002	1085	1088	93.51	22424347	17485439	X	IV
357616	358703	2541735	2540656	1088	1080	94.42	22424347	19495157	X	V
357626	358701	6630097	6629023	1076	1075	91.64	22424347	15455979	X	I
359201	364793	5593	1	5593	5593	99.96	22424347	11946	X	cb25.NA_082
390852	403926	265057	251986	13075	13072	99.98	22424347	21540570	X	X
404092	410152	251609	245551	6061	6059	99.95	22424347	21540570	X	X
410302	428558	245565	227309	18257	18257	99.99	22424347	21540570	X	X
428703	442468	227446	213680	13766	13767	99.85	22424347	21540570	X	X
442621	485335	213470	170760	42715	42711	99.99	22424347	21540570	X	X
485338	494208	170799	161931	8871	8869	99.98	22424347	21540570	X	X
487456	488672	11243309	11242091	1217	1219	97.05	22424347	14578851	X	III
487456	488711	6181851	6180594	1256	1258	98.01	22424347	19495157	X	V
487461	488718	19202128	19200871	1258	1258	97.62	22424347	19495157	X	V
487461	488711	12801743	12800495	1251	1249	98.16	22424347	21540570	X	X
487462	488713	10694267	10693020	1252	1248	97.68	22424347	14578851	X	III
487462	488711	778806	777561	1250	1246	96.96	22424347	19495157	X	V
494242	589307	161769	66708	95066	95062	99.99	22424347	21540570	X	X
494332	495947	16559843	16558249	1616	1595	94.38	22424347	19495157	X	V
494333	495350	9975577	9974568	1018	1010	93.35	22424347	17485439	X	IV
494333	495946	5495765	5494157	1614	1609	95.77	22424347	21540570	X	X
504420	505654	11775389	11774150	1235	1240	95.90	22424347	19495157	X	V
504427	505654	3035082	3033847	1228	1236	96.36	22424347	16627154	X	II
504428	505654	13951289	13950054	1227	1236	96.93	22424347	19495157	X	V
584011	645819	61801	1	61809	61801	99.99	22424347	21540570	X	X
605386	606403	5357548	5356529	1018	1020	93.35	22424347	16627154	X	II
605386	606410	359173	360205	1025	1033	94.09	22424347	21540570	X	X
605389	606410	2745210	2744200	1022	1011	91.54	22424347	17485439	X	IV
646481	666378	707462	687575	19898	19888	99.69	22424347	21540570	X	X
665506	667023	684729	686245	1518	1517	90.72	22424347	21540570	X	X
691838	693623	182	1968	1786	1787	85.63	22424347	1968	X	cb25.NA_416
695078	696700	182	1805	1623	1624	90.10	22424347	1968	X	cb25.NA_416
695470	696704	684729	685962	1235	1234	85.95	22424347	21540570	X	X
696388	697711	687889	686567	1324	1323	94.56	22424347	21540570	X	X
697522	709435	674318	686229	11914	11912	99.23	22424347	21540570	X	X
699975	704521	798960	794476	4547	4485	96.07	22424347	14578851	X	III
704405	707933	10126623	10123122	3529	3502	98.07	22424347	17485439	X	IV
705205	707933	10264727	10262023	2729	2705	98.02	22424347	17485439	X	IV
713275	715617	707739	709992	2343	2254	85.09	22424347	21540570	X	X
714229	716359	707855	709984	2131	2130	90.11	22424347	21540570	X	X
715644	717651	708100	710046	2008	1947	91.99	22424347	21540570	X	X
717605	733880	710057	726331	16276	16275	99.96	22424347	21540570	X	X
734066	746800	726698	739413	12735	12716	99.75	22424347	21540570	X	X
746451	782553	738363	774462	36103	36100	99.98	22424347	21540570	X	X
782645	934333	775261	926942	151689	151682	99.99	22424347	21540570	X	X
869373	870630	9211220	9209966	1258	1255	98.17	22424347	14578851	X	III
869376	870636	13438614	13437355	1261	1260	99.76	22424347	16627154	X	II
869377	870633	5411921	5410666	1257	1256	99.84	22424347	16627154	X	II
869377	870633	3917	2661	1257	1257	99.92	22424347	4396	X	cb25.NA_307
895664	896922	9963188	9961930	1259	1259	99.84	22424347	14578851	X	III
932583	934102	1	1523	1520	1523	97.90	22424347	2265	X	cb25.NA_392
933386	935704	7	2331	2319	2325	97.73	22424347	2335	X	cb25.NA_388
933583	936025	4	2450	2443	2447	97.63	22424347	2456	X	cb25.NA_382
933680	935423	1751	5	1744	1747	97.15	22424347	1755	X	cb25.NA_428
935158	937476	7	2331	2319	2325	98.03	22424347	2335	X	cb25.NA_388
935378	936989	925330	926942	1612	1613	98.14	22424347	21540570	X	X
935561	937879	7	2331	2319	2325	98.54	22424347	2335	X	cb25.NA_388
935701	937822	139	2265	2122	2127	97.65	22424347	2265	X	cb25.NA_392
935979	938197	7	2227	2219	2221	97.67	22424347	2227	X	cb25.NA_395
936237	937632	1	1399	1396	1399	98.50	22424347	2456	X	cb25.NA_382
936336	938082	1751	5	1747	1747	96.92	22424347	1755	X	cb25.NA_428
937010	939331	7	2331	2322	2325	98.24	22424347	2335	X	cb25.NA_388
937688	940137	1	2450	2450	2450	98.13	22424347	2456	X	cb25.NA_382
937868	939615	1751	5	1748	1747	97.15	22424347	1755	X	cb25.NA_428
938139	940132	7	2003	1994	1997	98.25	22424347	2335	X	cb25.NA_388
938394	940619	7	2227	2226	2221	97.71	22424347	2227	X	cb25.NA_395
938816	941269	1	2450	2454	2450	97.56	22424347	2456	X	cb25.NA_382
939444	941668	7	2227	2225	2221	98.34	22424347	2227	X	cb25.NA_395
939767	941990	7	2227	2224	2221	98.02	22424347	2227	X	cb25.NA_395
939914	942238	7	2331	2325	2325	98.03	22424347	2335	X	cb25.NA_388
940594	943044	1	2450	2451	2450	96.83	22424347	2456	X	cb25.NA_382
941544	943120	7	1584	1577	1578	97.53	22424347	2227	X	cb25.NA_395
944066	946507	1	2450	2442	2450	97.39	22424347	2456	X	cb25.NA_382
945301	947417	139	2265	2117	2127	97.75	22424347	2265	X	cb25.NA_392
946848	949173	7	2331	2326	2325	98.67	22424347	2335	X	cb25.NA_388
947069	948685	925330	926942	1617	1613	98.09	22424347	21540570	X	X
947929	949063	1	1133	1135	1133	98.42	22424347	2456	X	cb25.NA_382
948361	950488	139	2265	2128	2127	97.65	22424347	2265	X	cb25.NA_392
949629	950946	1135	2450	1318	1316	97.50	22424347	2456	X	cb25.NA_382
952271	954494	7	2227	2224	2221	97.13	22424347	2227	X	cb25.NA_395
952292	954739	4	2450	2448	2447	97.31	22424347	2456	X	cb25.NA_382
953413	955903	9	2483	2491	2475	97.67	22424347	2486	X	cb25.NA_379
954093	956211	139	2265	2119	2127	97.51	22424347	2265	X	cb25.NA_392
954711	957152	1	2450	2442	2450	97.03	22424347	2456	X	cb25.NA_382
955460	957581	137	2265	2122	2129	97.89	22424347	2265	X	cb25.NA_392
955694	957438	1751	5	1745	1747	97.71	22424347	1755	X	cb25.NA_428
956563	959002	4	2450	2440	2447	97.06	22424347	2456	X	cb25.NA_382
956689	959004	7	2331	2316	2325	97.90	22424347	2335	X	cb25.NA_388
956910	958521	925330	926942	1612	1613	97.84	22424347	21540570	X	X
957509	959717	7	2225	2209	2219	97.57	22424347	2227	X	cb25.NA_395
962409	964883	9	2483	2475	2475	99.11	22424347	2486	X	cb25.NA_379
965930	968404	9	2483	2475	2475	98.99	22424347	2486	X	cb25.NA_379
968571	971045	9	2483	2475	2475	99.11	22424347	2486	X	cb25.NA_379
973405	975571	21392916	21390749	2167	2168	95.43	22424347	21540570	X	X
973649	976840	21005762	21008948	3192	3187	92.24	22424347	21540570	X	X
973766	974885	6559754	6558634	1120	1121	91.38	22424347	14578851	X	III
973767	977494	5506252	5509978	3728	3727	91.07	22424347	19495157	X	V
973767	977015	16145243	16141994	3249	3250	92.33	22424347	21540570	X	X
973771	974955	741400	742584	1185	1185	99.75	22424347	17485439	X	IV
974338	976005	2795	4446	1668	1652	91.92	22424347	4475	X	cb25.NA_306
975048	976154	941233	942339	1107	1107	100.00	22424347	21540570	X	X
976252	1105338	942434	1071511	129087	129078	99.98	22424347	21540570	X	X
976421	977493	21390734	21389655	1073	1080	95.19	22424347	21540570	X	X
1105400	1153282	1071670	1119550	47883	47881	99.99	22424347	21540570	X	X
1145413	1157703	927943	940232	12291	12290	99.95	22424347	21540570	X	X
1157849	1300644	1119683	1262470	142796	142788	99.99	22424347	21540570	X	X
1213493	1214746	10421204	10419951	1254	1254	99.84	22424347	19495157	X	V
1298539	1299803	13616160	13617417	1265	1258	99.21	22424347	15455979	X	I
1298539	1299798	10135526	10134268	1260	1259	99.68	22424347	21540570	X	X
1298542	1299798	12271556	12270300	1257	1257	100.00	22424347	19495157	X	V
1300828	1438913	1262911	1400984	138086	138074	99.99	22424347	21540570	X	X
1314734	1315982	10421204	10419950	1249	1255	99.36	22424347	19495157	X	V
1353823	1355094	8399133	8397858	1272	1276	96.56	22424347	14578851	X	III
1353824	1355094	16567344	16566080	1271	1265	95.46	22424347	19495157	X	V
1353826	1355096	2862055	2860784	1271	1272	96.32	22424347	19495157	X	V
1353826	1355094	54926	53666	1269	1261	95.45	22424347	85292	X	cb25.fpc4095
1353839	1355094	5971659	5970403	1256	1257	96.19	22424347	16627154	X	II
1438957	1441460	1401237	1403740	2504	2504	100.00	22424347	21540570	X	X
1441416	1547903	1409725	1516202	106488	106478	99.99	22424347	21540570	X	X
1467819	1468855	4576758	4575725	1037	1034	97.88	22424347	17485439	X	IV
1467820	1471745	6860845	6856933	3926	3913	98.09	22424347	21540570	X	X
1467836	1469219	13001347	12999966	1384	1382	98.55	22424347	19495157	X	V
1467837	1469590	2242148	2240396	1754	1753	98.06	22424347	16627154	X	II
1467847	1469143	13732270	13730982	1297	1289	97.92	22424347	19495157	X	V
1468096	1471750	470479	474129	3655	3651	97.98	22424347	21540570	X	X
1468437	1471750	651994	655304	3314	3311	97.72	22424347	21540570	X	X
1468802	1470108	13730802	13729499	1307	1304	97.56	22424347	19495157	X	V
1547948	1796049	1523822	1771904	248102	248083	99.99	22424347	21540570	X	X
1613584	1614862	14848599	14847335	1279	1265	93.06	22424347	21540570	X	X
1613589	1614865	10407187	10405929	1277	1259	93.67	22424347	19495157	X	V
1613590	1614860	2867488	2866217	1271	1272	95.45	22424347	21540570	X	X
1613590	1614862	15665936	15664663	1273	1274	94.75	22424347	21540570	X	X
1666190	1667474	6040013	6038736	1285	1278	89.47	22424347	17485439	X	IV
1666191	1667473	20708566	20709842	1283	1277	85.11	22424347	21540570	X	X
1790703	1846455	1771915	1827665	55753	55751	99.91	22424347	21540570	X	X
1846450	1940378	1828658	1922580	93929	93923	99.99	22424347	21540570	X	X
1940623	1951030	1922798	1933205	10408	10408	99.98	22424347	21540570	X	X
1951292	2067418	1937361	2053481	116127	116121	99.99	22424347	21540570	X	X
2067537	2074474	2054040	2060977	6938	6938	100.00	22424347	21540570	X	X
2074569	2120452	2066199	2112079	45884	45881	99.97	22424347	21540570	X	X
2100266	2102016	13243293	13241544	1751	1750	97.95	22424347	14578851	X	III
2118708	2119967	6669718	6668458	1260	1261	99.84	22424347	16627154	X	II
2120256	2172336	2111755	2163753	52081	51999	99.82	22424347	21540570	X	X
2240776	2241870	9585797	9584701	1095	1097	85.35	22424347	21540570	X	X
2246816	2268196	2163764	2185143	21381	21380	99.99	22424347	21540570	X	X
2264304	2265475	983976	982793	1172	1184	86.36	22424347	16627154	X	II
2264747	2265930	2533096	2531922	1184	1175	88.51	22424347	19495157	X	V
2265008	2311340	2207547	2253875	46333	46329	99.99	22424347	21540570	X	X
2280525	2281554	14021901	14022971	1030	1071	92.74	22424347	17485439	X	IV
2295021	2296054	2992262	2993343	1034	1082	86.27	22424347	21540570	X	X
2303273	2304929	2261507	2259849	1657	1659	98.13	22424347	21540570	X	X
2306639	2307722	2258827	2257776	1084	1052	85.47	22424347	21540570	X	X
2311483	2330707	2254393	2273614	19225	19222	99.91	22424347	21540570	X	X
2314866	2315917	2250258	2249175	1052	1084	85.47	22424347	21540570	X	X
2316939	2318597	2247465	2245809	1659	1657	98.13	22424347	21540570	X	X
2326624	2328339	3652097	3653771	1716	1675	95.00	22424347	17485439	X	IV
2330893	2333115	2273492	2275712	2223	2221	99.78	22424347	21540570	X	X
2332627	2334217	2275850	2277440	1591	1591	99.12	22424347	21540570	X	X
2334606	2341200	2277958	2284552	6595	6595	99.61	22424347	21540570	X	X
2341200	2342557	2284679	2286036	1358	1358	99.93	22424347	21540570	X	X
2342872	2362284	2186144	2205553	19413	19410	99.98	22424347	21540570	X	X
2358089	2359254	14467644	14466530	1166	1115	94.09	22424347	17485439	X	IV
2365592	2378157	2289189	2301746	12566	12558	99.78	22424347	21540570	X	X
2377783	2399351	2301282	2322848	21569	21567	99.94	22424347	21540570	X	X
2399433	2428875	2323389	2352828	29443	29440	99.99	22424347	21540570	X	X
2429138	2430166	2353853	2352825	1029	1029	100.00	22424347	21540570	X	X
2429138	2434872	2353998	2359731	5735	5734	99.98	22424347	21540570	X	X
2433696	2434706	2359565	2358555	1011	1011	87.48	22424347	21540570	X	X
2436221	2451554	2361071	2376403	15334	15333	99.92	22424347	21540570	X	X
2445576	2513657	2376575	2444649	68082	68075	99.96	22424347	21540570	X	X
2506125	2526110	2445650	2465647	19986	19998	99.87	22424347	21540570	X	X
2526317	2530163	2465692	2469538	3847	3847	100.00	22424347	21540570	X	X
2530140	2542024	2470368	2482251	11885	11884	99.95	22424347	21540570	X	X
2537908	2539005	11035062	11034008	1098	1055	88.40	22424347	16627154	X	II
2541313	2579339	2481712	2519728	38027	38017	99.81	22424347	21540570	X	X
2577764	2580318	2530245	2527688	2555	2558	98.91	22424347	21540570	X	X
2580346	2616450	2530284	2566312	36105	36029	99.76	22424347	21540570	X	X
2593994	2595253	12592397	12591139	1260	1259	99.60	22424347	21540570	X	X
2593998	2595255	2357643	2356386	1258	1258	99.52	22424347	17485439	X	IV
2605342	2606601	5835446	5834187	1260	1260	99.84	22424347	15455979	X	I
2605342	2606601	6304062	6302803	1260	1260	99.84	22424347	15455979	X	I
2605342	2606599	6647007	6645751	1258	1257	99.76	22424347	17485439	X	IV
2605343	2606599	6669718	6668462	1257	1257	99.84	22424347	16627154	X	II
2605343	2606599	15928404	15927148	1257	1257	99.76	22424347	21540570	X	X
2605346	2606604	12401663	12400405	1259	1259	99.84	22424347	16627154	X	II
2605346	2606537	16496927	16495736	1192	1192	99.92	22424347	19495157	X	V
2605346	2606604	12592393	12591136	1259	1258	99.68	22424347	21540570	X	X
2616678	2618361	2566338	2568021	1684	1684	100.00	22424347	21540570	X	X
2618539	2638284	2568698	2588443	19746	19746	99.98	22424347	21540570	X	X
2634816	2635829	4711771	4710753	1014	1019	87.07	22424347	14578851	X	III
2634819	2669194	2589167	2623539	34376	34373	99.88	22424347	21540570	X	X
2634946	2636032	12048057	12046972	1087	1086	95.22	22424347	15455979	X	I
2634954	2636055	2589046	2590147	1102	1102	98.19	22424347	21540570	X	X
2668929	2671669	2623154	2625892	2741	2739	99.89	22424347	21540570	X	X
2671778	2723793	2625970	2677984	52016	52015	99.99	22424347	21540570	X	X
2723786	2729645	2677915	2683774	5860	5860	99.98	22424347	21540570	X	X
2729512	2835061	2705464	2811006	105550	105543	99.99	22424347	21540570	X	X
2733459	2734688	575693	574481	1230	1213	90.07	22424347	19495157	X	V
2835106	2851714	2811656	2828264	16609	16609	100.00	22424347	21540570	X	X
2836954	2838244	2691897	2690624	1291	1274	93.19	22424347	17485439	X	IV
2870427	2872024	3456	1858	1598	1599	97.06	22424347	3634	X	cb25.NA_329
2874009	2876233	3456	1231	2225	2226	98.88	22424347	3634	X	cb25.NA_329
2875937	2877273	2525	1190	1337	1336	96.04	22424347	3634	X	cb25.NA_329
2876375	2877606	1231	1	1232	1231	96.92	22424347	3634	X	cb25.NA_329
2878139	2879308	1175	1	1170	1175	97.02	22424347	3634	X	cb25.NA_329
2878900	2882043	2828587	2831731	3144	3145	97.11	22424347	21540570	X	X
2879611	2887009	2828587	2835989	7399	7403	98.70	22424347	21540570	X	X
2887308	2888393	2836409	2837494	1086	1086	99.91	22424347	21540570	X	X
2887669	2889237	12950812	12949241	1569	1572	91.07	22424347	21540570	X	X
2888827	2924842	2837620	2873632	36016	36013	99.98	22424347	21540570	X	X
2917422	2918697	16114318	16113047	1276	1272	94.91	22424347	19495157	X	V
2917425	2918697	11659442	11658172	1273	1271	95.37	22424347	14578851	X	III
2917425	2918697	6246621	6245353	1273	1269	94.13	22424347	19495157	X	V
2917425	2918697	1590731	1589462	1273	1270	95.45	22424347	21540570	X	X
2917430	2918697	3970106	3968847	1268	1260	94.09	22424347	15455979	X	I
2917457	2918697	8769307	8768044	1241	1264	93.30	22424347	15455979	X	I
2917465	2918653	3342103	3343287	1189	1185	94.11	22424347	17485439	X	IV
2924821	2927829	2874503	2877510	3009	3008	99.97	22424347	21540570	X	X
2927178	2928307	3382986	3381833	1130	1154	95.93	22424347	16627154	X	II
2927183	2928303	158707	157581	1121	1127	95.49	22424347	16627154	X	II
2927189	2928303	28805	29922	1115	1118	95.27	22424347	38777	X	cb25.NA_204
2928211	2929444	2877909	2879142	1234	1234	100.00	22424347	21540570	X	X
2930148	2931906	2881341	2879585	1759	1757	99.89	22424347	21540570	X	X
2932430	2933663	2879142	2877909	1234	1234	100.00	22424347	21540570	X	X
2933625	2934684	16384256	16383198	1060	1059	96.23	22424347	19495157	X	V
2934045	2935691	2877510	2875865	1647	1646	99.82	22424347	21540570	X	X
2935252	2937018	2882342	2884108	1767	1767	99.60	22424347	21540570	X	X
2935691	2938259	2893147	2890580	2569	2568	99.57	22424347	21540570	X	X
2936749	2943581	2519858	2526687	6833	6830	99.93	22424347	21540570	X	X
2936897	2938236	2884324	2885663	1340	1340	100.00	22424347	21540570	X	X
2938501	2939881	2889824	2888440	1381	1385	99.57	22424347	21540570	X	X
2941115	3036785	2886664	2982326	95671	95663	99.99	22424347	21540570	X	X
2942891	2944275	2522987	2521608	1385	1380	99.49	22424347	21540570	X	X
2945031	2946541	2521367	2519858	1511	1510	99.87	22424347	21540570	X	X
2945054	2946393	2885663	2884324	1340	1340	99.78	22424347	21540570	X	X
2946272	2947599	2884108	2882781	1328	1328	98.95	22424347	21540570	X	X
3036662	3061995	3020245	3045576	25334	25332	99.99	22424347	21540570	X	X
3058118	3093965	3019244	2983357	35848	35888	99.66	22424347	21540570	X	X
3064816	3066631	11593804	11591995	1816	1810	94.32	22424347	21540570	X	X
3084021	3085103	11003609	11002528	1083	1082	86.51	22424347	15455979	X	I
3084021	3085103	2238591	2237558	1083	1034	86.36	22424347	21540570	X	X
3092595	3093680	2984455	2983327	1086	1129	90.17	22424347	21540570	X	X
3092608	3094581	1937	1	1974	1937	92.67	22424347	2110	X	cb25.NA_405
3094432	3095834	1363	23	1403	1341	88.49	22424347	17050	X	cb25.NA_122
3095078	3096444	1410	1	1367	1410	88.89	22424347	17050	X	cb25.NA_122
3095143	3100664	1435	6673	5522	5239	87.21	22424347	17050	X	cb25.NA_122
3095596	3097059	1406	1	1464	1406	91.21	22424347	2110	X	cb25.NA_405
3095756	3097941	2106	1	2186	2106	89.26	22424347	2110	X	cb25.NA_405
3097089	3098570	2984770	2983330	1482	1441	89.62	22424347	21540570	X	X
3097438	3098901	1402	1	1464	1402	87.71	22424347	17050	X	cb25.NA_122
3097492	3108732	1432	12575	11241	11144	95.62	22424347	17050	X	cb25.NA_122
3100201	3102833	1432	4112	2633	2681	90.82	22424347	17050	X	cb25.NA_122
3108785	3113360	12488	17050	4576	4563	97.03	22424347	17050	X	cb25.NA_122
3111043	3112956	7076	9079	1914	2004	91.97	22424347	11432	X	cb25.NA_235
3111046	3112821	3047783	3049586	1776	1804	93.85	22424347	21540570	X	X
3111071	3112531	3056400	3057860	1461	1461	94.18	22424347	21540570	X	X
3111071	3116153	2111	7296	5083	5186	92.02	22424347	11432	X	cb25.NA_235
3111071	3112418	7959	9411	1348	1453	88.71	22424347	11432	X	cb25.NA_235
3111071	3113789	1903	4654	2719	2752	93.82	22424347	4656	X	cb25.NA_302
3111091	3113702	663	3334	2612	2672	92.18	22424347	4656	X	cb25.NA_302
3111181	3112640	15576	17050	1460	1475	97.02	22424347	17050	X	cb25.NA_122
3112328	3115861	8	3646	3534	3639	93.08	22424347	11432	X	cb25.NA_235
3112921	3114380	15576	17050	1460	1475	95.12	22424347	17050	X	cb25.NA_122
3113580	3117501	3045677	3049586	3922	3910	91.11	22424347	21540570	X	X
3114064	3115349	3336	4654	1286	1319	94.31	22424347	4656	X	cb25.NA_302
3114271	3116546	3052317	3054562	2276	2246	91.89	22424347	21540570	X	X
3114871	3117146	3052317	3054562	2276	2246	95.39	22424347	21540570	X	X
3115508	3120983	8	5526	5476	5519	91.81	22424347	11432	X	cb25.NA_235
3115508	3124271	8	8589	8764	8582	91.58	22424347	11432	X	cb25.NA_235
3115649	3120357	1	4652	4709	4652	90.46	22424347	4656	X	cb25.NA_302
3115996	3117387	3646	4930	1392	1285	87.35	22424347	11432	X	cb25.NA_235
3116153	3117327	8511	9715	1175	1205	92.21	22424347	11432	X	cb25.NA_235
3117323	3119757	7296	9715	2435	2420	89.35	22424347	11432	X	cb25.NA_235
3117387	3119941	7120	9719	2555	2600	91.02	22424347	11432	X	cb25.NA_235
3119063	3128652	8	9715	9590	9708	91.48	22424347	11432	X	cb25.NA_235
3119918	3128047	8	8165	8130	8158	92.11	22424347	11432	X	cb25.NA_235
3120413	3130182	8	9715	9770	9708	91.17	22424347	11432	X	cb25.NA_235
3120985	3124557	6068	9715	3573	3648	91.85	22424347	11432	X	cb25.NA_235
3121943	3129774	8	7942	7832	7935	91.73	22424347	11432	X	cb25.NA_235
3123981	3127360	3045683	3049140	3380	3458	93.09	22424347	21540570	X	X
3124559	3129076	1	4656	4518	4656	91.29	22424347	4656	X	cb25.NA_302
3125500	3128986	10	3586	3487	3577	92.54	22424347	11432	X	cb25.NA_235
3125984	3128470	3049664	3052180	2487	2517	91.44	22424347	21540570	X	X
3126274	3127730	15579	17050	1457	1472	95.24	22424347	17050	X	cb25.NA_122
3126421	3127977	3052317	3053873	1557	1557	94.86	22424347	21540570	X	X
3126691	3128150	15576	17050	1460	1475	95.86	22424347	17050	X	cb25.NA_122
3126750	3130656	3045677	3049586	3907	3910	92.24	22424347	21540570	X	X
3128776	3130991	3052317	3054562	2216	2246	90.82	22424347	21540570	X	X
3129173	3132785	8	3620	3613	3613	92.13	22424347	11432	X	cb25.NA_235
3129526	3135616	3586	9719	6091	6134	90.48	22424347	11432	X	cb25.NA_235
3130459	3134436	3045681	3049586	3978	3906	92.05	22424347	21540570	X	X
3131160	3133406	3052316	3054562	2247	2247	91.07	22424347	21540570	X	X
3131955	3135966	3045677	3049586	4012	3910	91.14	22424347	21540570	X	X
3132106	3136741	3	4656	4636	4654	91.32	22424347	4656	X	cb25.NA_302
3132901	3135131	3052317	3054562	2231	2246	91.36	22424347	21540570	X	X
3133245	3134735	15575	17050	1491	1476	93.76	22424347	17050	X	cb25.NA_122
3133679	3136242	3049664	3052212	2564	2549	89.94	22424347	21540570	X	X
3133756	3135986	3052317	3054562	2231	2246	91.44	22424347	21540570	X	X
3133793	3141597	8	7720	7805	7713	90.58	22424347	11432	X	cb25.NA_235
3134111	3135605	15586	17050	1495	1465	93.25	22424347	17050	X	cb25.NA_122
3134415	3138426	3045677	3049586	4012	3910	89.73	22424347	21540570	X	X
3135356	3144882	11	9520	9527	9510	90.55	22424347	11432	X	cb25.NA_235
3138056	3147687	11	9715	9632	9705	90.56	22424347	11432	X	cb25.NA_235
3140801	3142962	3055740	3057856	2162	2117	93.25	22424347	21540570	X	X
3140861	3144141	3046337	3049586	3281	3250	91.28	22424347	21540570	X	X
3141344	3143832	3049664	3052182	2489	2519	87.94	22424347	21540570	X	X
3141597	3143277	8035	9715	1681	1681	90.56	22424347	11432	X	cb25.NA_235
3141938	3148351	8	6329	6414	6322	92.62	22424347	11432	X	cb25.NA_235
3145545	3149421	3045677	3049586	3877	3910	92.19	22424347	21540570	X	X
3145868	3151958	8	6066	6091	6059	90.91	22424347	11432	X	cb25.NA_235
3146056	3147560	15576	17050	1505	1475	93.49	22424347	17050	X	cb25.NA_122
3146729	3151350	1	4655	4622	4655	90.60	22424347	4656	X	cb25.NA_302
3148080	3149540	15575	17050	1461	1476	96.54	22424347	17050	X	cb25.NA_122
3148351	3151542	6449	9715	3192	3267	90.35	22424347	11432	X	cb25.NA_235
3148440	3152391	3045677	3049586	3952	3910	91.31	22424347	21540570	X	X
3148514	3151047	3049664	3052212	2534	2549	89.73	22424347	21540570	X	X
3148891	3151166	3052317	3054562	2276	2246	92.11	22424347	21540570	X	X
3149760	3151280	15575	17050	1521	1476	92.06	22424347	17050	X	cb25.NA_122
3150374	3151840	3049664	3051130	1467	1467	96.76	22424347	21540570	X	X
3150749	3153372	3049664	3052182	2624	2519	90.75	22424347	21540570	X	X
3150962	3155654	4	4654	4693	4651	90.31	22424347	4656	X	cb25.NA_302
3151016	3153252	3055740	3057856	2237	2117	89.90	22424347	21540570	X	X
3151960	3153057	3051130	3052182	1098	1053	90.44	22424347	21540570	X	X
3151960	3155292	6308	9715	3333	3408	88.65	22424347	11432	X	cb25.NA_235
3152708	3163848	8	11432	11141	11425	92.16	22424347	11432	X	cb25.NA_235
3153776	3158236	58	4656	4461	4599	93.35	22424347	4656	X	cb25.NA_302
3154095	3156266	3052316	3054562	2172	2247	94.13	22424347	21540570	X	X
3158115	3160286	3052316	3054562	2172	2247	94.26	22424347	21540570	X	X
3158516	3160636	3055740	3057860	2121	2121	97.78	22424347	21540570	X	X
3160016	3330935	3055740	3226647	170920	170908	99.96	22424347	21540570	X	X
3160436	3162136	3055740	3057440	1701	1701	98.06	22424347	21540570	X	X
3331285	3618308	3226639	3513637	287024	286999	99.98	22424347	21540570	X	X
3547701	3549982	3448095	3445816	2282	2280	99.78	22424347	21540570	X	X
3550482	3552762	3445316	3443036	2281	2281	99.78	22424347	21540570	X	X
3618360	3640216	3513983	3535839	21857	21857	100.00	22424347	21540570	X	X
3640992	3662485	3537625	3559117	21494	21493	99.99	22424347	21540570	X	X
3662677	3663890	3559130	3560343	1214	1214	100.00	22424347	21540570	X	X
3663962	3688421	3560814	3585270	24460	24457	99.99	22424347	21540570	X	X
3688353	3818835	3585568	3716038	130483	130471	99.99	22424347	21540570	X	X
3816846	3819516	3723070	3720401	2671	2670	99.74	22424347	21540570	X	X
3818644	3902421	3716395	3800160	83778	83766	99.97	22424347	21540570	X	X
3823332	3825321	3716038	3714049	1990	1990	100.00	22424347	21540570	X	X
3825402	3826820	3726501	3725082	1419	1420	99.23	22424347	21540570	X	X
3827335	3828755	3724567	3723151	1421	1417	99.16	22424347	21540570	X	X
3902492	3903494	3800290	3801292	1003	1003	99.90	22424347	21540570	X	X
3903694	3993490	3801572	3891363	89797	89792	99.99	22424347	21540570	X	X
3908944	3910206	4556758	4555487	1263	1272	79.61	22424347	21540570	X	X
3993601	4022039	3891959	3920394	28439	28436	99.99	22424347	21540570	X	X
4022025	4029557	3921229	3928758	7533	7530	99.96	22424347	21540570	X	X
4029242	4046471	3928913	3946139	17230	17227	99.55	22424347	21540570	X	X
4045278	4046359	4063453	4064535	1082	1083	94.00	22424347	16627154	X	II
4045278	4047092	14540226	14542041	1815	1816	92.19	22424347	16627154	X	II
4045278	4046291	2853340	2852327	1014	1014	90.05	22424347	19495157	X	V
4045278	4047234	2181624	2179674	1957	1951	87.43	22424347	21540570	X	X
4045278	4046940	3945178	3946784	1663	1607	94.29	22424347	21540570	X	X
4045279	4046675	14673193	14674566	1397	1374	91.21	22424347	16627154	X	II
4046032	4047276	2182877	2181634	1245	1244	87.78	22424347	21540570	X	X
4046631	4124659	3946139	4024160	78029	78022	99.99	22424347	21540570	X	X
4094512	4095596	4854044	4852976	1085	1069	94.49	22424347	21540570	X	X
4124899	4170212	4024676	4069987	45314	45312	99.97	22424347	21540570	X	X
4170445	4279746	4070440	4179733	109302	109294	99.98	22424347	21540570	X	X
4279169	4280304	4178598	4179733	1136	1136	97.89	22424347	21540570	X	X
4279979	4281873	4179744	4181638	1895	1895	99.63	22424347	21540570	X	X
4281095	4328271	4179744	4226917	47177	47174	99.97	22424347	21540570	X	X
4328275	4336516	4228125	4236366	8242	8242	100.00	22424347	21540570	X	X
4336533	4423215	4236454	4323126	86683	86673	99.98	22424347	21540570	X	X
4423205	4448207	4323958	4348959	25003	25002	99.98	22424347	21540570	X	X
4448243	4509179	4349484	4410419	60937	60936	99.99	22424347	21540570	X	X
4498949	4500210	7909490	7908230	1262	1261	99.60	22424347	16627154	X	II
4498951	4500212	7011066	7012327	1262	1262	99.76	22424347	15455979	X	I
4510592	4514070	4415173	4411696	3479	3478	99.97	22424347	21540570	X	X
4514116	4708623	4415173	4609659	194508	194487	99.97	22424347	21540570	X	X
4643444	4645069	152773	154397	1626	1625	99.45	22424347	17485439	X	IV
4643448	4645068	5235345	5233725	1621	1621	99.94	22424347	21540570	X	X
4654445	4655716	3808084	3806822	1272	1263	79.61	22424347	21540570	X	X
4662466	4664104	4572213	4570559	1639	1655	89.20	22424347	21540570	X	X
4666300	4668085	2920099	2918256	1786	1844	95.24	22424347	16627154	X	II
4666877	4668037	1125447	1124290	1161	1158	98.19	22424347	17485439	X	IV
4669520	4671174	4565144	4563506	1655	1639	89.20	22424347	21540570	X	X
4689086	4691641	4598012	4595453	2556	2560	97.08	22424347	21540570	X	X
4689286	4690312	10301327	10300296	1027	1032	85.85	22424347	21540570	X	X
4689342	4690430	9674	8576	1089	1099	90.91	22424347	10009	X	cb25.NA_158
4694415	4696974	4592679	4590125	2560	2555	97.04	22424347	21540570	X	X
4695363	4696575	4612994	4611781	1213	1214	87.91	22424347	21540570	X	X
4695629	4696773	4621248	4620104	1145	1145	91.54	22424347	21540570	X	X
4700355	4701564	3027750	3028960	1210	1211	97.94	22424347	19495157	X	V
4700355	4701560	5793127	5791922	1206	1206	97.43	22424347	21540570	X	X
4700578	4702023	8073	9518	1446	1446	96.89	22424347	26062	X	cb25.NA_032
4704048	4705837	8035	6255	1790	1781	93.65	22424347	10009	X	cb25.NA_158
4706322	4707975	4621751	4620102	1654	1650	93.73	22424347	21540570	X	X
4706533	4707975	6257	4815	1443	1443	98.34	22424347	10009	X	cb25.NA_158
4707790	4709301	4611558	4610058	1512	1501	98.15	22424347	21540570	X	X
4710227	4711750	8486	6974	1524	1513	96.98	22424347	10009	X	cb25.NA_158
4713434	4716512	6257	3156	3079	3102	96.94	22424347	10009	X	cb25.NA_158
4713637	4714822	8490	9674	1186	1185	99.83	22424347	10009	X	cb25.NA_158
4715290	4724010	1291	10009	8721	8719	99.97	22424347	10009	X	cb25.NA_158
4717155	4718386	2513	1291	1232	1223	97.73	22424347	10009	X	cb25.NA_158
4718815	4720257	4609011	4607570	1443	1442	97.85	22424347	21540570	X	X
4718817	4719970	4597811	4596667	1154	1145	90.55	22424347	21540570	X	X
4718873	4720056	9674	8490	1184	1185	96.89	22424347	10009	X	cb25.NA_158
4720255	4722035	4606874	4605085	1781	1790	93.65	22424347	21540570	X	X
4722490	4723675	4621334	4620160	1186	1175	94.36	22424347	21540570	X	X
4722490	4723675	6056	4873	1186	1184	97.05	22424347	10009	X	cb25.NA_158
4725873	4726943	4606145	4605085	1071	1061	91.52	22424347	21540570	X	X
4728322	4801075	4610058	4682810	72754	72753	99.99	22424347	21540570	X	X
4730045	4731258	4597613	4596401	1214	1213	87.91	22424347	21540570	X	X
4738366	4740016	4609011	4607359	1651	1653	93.37	22424347	21540570	X	X
4738424	4739599	9674	8490	1176	1185	94.28	22424347	10009	X	cb25.NA_158
4798974	4801075	4687362	4685263	2102	2100	99.86	22424347	21540570	X	X
4800746	4824899	4684072	4708218	24154	24147	99.91	22424347	21540570	X	X
4800760	4804038	4683987	4680709	3279	3279	99.97	22424347	21540570	X	X
4827697	4829964	4708319	4710586	2268	2268	99.65	22424347	21540570	X	X
4827860	4845787	4708319	4726246	17928	17928	99.92	22424347	21540570	X	X
4828953	4830115	4707059	4708218	1163	1160	98.19	22424347	21540570	X	X
4846030	4848235	4726716	4728923	2206	2208	99.86	22424347	21540570	X	X
4850039	4856625	4729922	4736506	6587	6585	99.97	22424347	21540570	X	X
4854802	4856756	3421	1465	1955	1957	97.60	22424347	3876	X	cb25.NA_319
4854802	4855851	1050	1	1050	1050	97.81	22424347	2149	X	cb25.NA_399
4855309	4856393	2148	1063	1085	1086	98.34	22424347	2149	X	cb25.NA_399
4855747	4857894	2148	1	2148	2148	99.26	22424347	2149	X	cb25.NA_399
4857352	4859500	2148	1	2149	2148	98.09	22424347	2149	X	cb25.NA_399
4857855	4860260	3870	1465	2406	2406	98.50	22424347	3876	X	cb25.NA_319
4859053	4880302	4738999	4760246	21250	21248	99.99	22424347	21540570	X	X
4859104	4861252	2148	1	2149	2148	98.23	22424347	2149	X	cb25.NA_399
4859167	4861027	3872	2012	1861	1861	98.71	22424347	3876	X	cb25.NA_319
4861029	4862892	1864	1	1864	1864	100.00	22424347	3876	X	cb25.NA_319
4880346	4915607	4761009	4796267	35262	35259	99.99	22424347	21540570	X	X
4915703	4919280	4796709	4800286	3578	3578	100.00	22424347	21540570	X	X
4919306	4969260	4800761	4850714	49955	49954	99.97	22424347	21540570	X	X
4954328	4956569	359170	361420	2242	2251	92.42	22424347	21540570	X	X
4954331	4955366	8718486	8717447	1036	1040	91.75	22424347	19495157	X	V
4954331	4955366	4838020	4836981	1036	1040	94.62	22424347	21540570	X	X
4954732	4956569	6562791	6564624	1838	1834	94.25	22424347	17485439	X	IV
4955295	4956428	21516314	21515181	1134	1134	93.85	22424347	21540570	X	X
4955526	4956565	4836821	4835786	1040	1036	94.62	22424347	21540570	X	X
4969290	5023925	4851327	4905960	54636	54634	99.99	22424347	21540570	X	X
4970939	4972007	3995100	3994016	1069	1085	94.49	22424347	21540570	X	X
4980724	4981780	10762634	10761560	1057	1075	87.26	22424347	21540570	X	X
4980724	4981776	21429240	21428205	1053	1036	85.41	22424347	21540570	X	X
4980728	4981776	20427274	20428316	1049	1043	88.56	22424347	21540570	X	X
5017408	5047901	4906961	4937453	30494	30493	99.99	22424347	21540570	X	X
5048002	5095213	4937988	4985197	47212	47210	99.99	22424347	21540570	X	X
5092909	5094075	19719619	19718446	1167	1174	90.46	22424347	21540570	X	X
5092970	5094075	7816082	7814973	1106	1110	95.14	22424347	14578851	X	III
5095344	5099157	4985290	4989103	3814	3814	99.97	22424347	21540570	X	X
5101605	5128286	4990104	5016784	26682	26681	99.99	22424347	21540570	X	X
5128445	5133999	5016796	5022342	5555	5547	99.35	22424347	21540570	X	X
5133000	5134248	19446323	19447569	1249	1247	90.02	22424347	19495157	X	V
5133602	5134976	5027861	5029204	1375	1344	93.90	22424347	21540570	X	X
5133937	5135355	1469975	1468553	1419	1423	92.42	22424347	15455979	X	I
5134786	5166142	5027861	5059200	31357	31340	99.76	22424347	21540570	X	X
5143445	5144536	4125916	4124819	1092	1098	94.49	22424347	17485439	X	IV
5143445	5144932	1892	3402	1488	1511	93.85	22424347	24739	X	cb25.NA_210
5166170	5232940	5059576	5126341	66771	66766	99.96	22424347	21540570	X	X
5212562	5213819	6833498	6832242	1258	1257	99.68	22424347	16627154	X	II
5229260	5238695	5127342	5136774	9436	9433	99.97	22424347	21540570	X	X
5238934	5240347	5136778	5138190	1414	1413	98.80	22424347	21540570	X	X
5240426	5749264	5138697	5647434	508839	508738	99.97	22424347	21540570	X	X
5335456	5337080	2590738	2589114	1625	1625	99.57	22424347	14578851	X	III
5335456	5337079	316772	315149	1624	1624	99.51	22424347	19495157	X	V
5335459	5337080	253030	254652	1622	1623	99.75	22424347	15455979	X	I
5335459	5337079	4546115	4544497	1621	1619	99.75	22424347	21540570	X	X
5335460	5337080	6305539	6307158	1621	1620	99.57	22424347	15455979	X	I
5335460	5337080	3217	1598	1621	1620	99.57	22424347	10978	X	cb25.NA_238
5595904	5597512	160065	161678	1609	1614	95.40	22424347	21540570	X	X
5595904	5597512	21494764	21493133	1609	1632	95.67	22424347	21540570	X	X
5596285	5597512	14618363	14617145	1228	1219	97.56	22424347	17485439	X	IV
5732655	5733912	22105	23362	1258	1258	99.76	22424347	26062	X	cb25.NA_032
5732657	5733914	1778292	1777035	1258	1258	99.44	22424347	17485439	X	IV
5732658	5733914	5661442	5662698	1257	1257	100.00	22424347	14578851	X	III
5732659	5733915	1821263	1820007	1257	1257	99.92	22424347	17485439	X	IV
5732659	5733918	15850631	15849372	1260	1260	99.76	22424347	21540570	X	X
5732661	5733921	4566613	4567873	1261	1261	99.68	22424347	16627154	X	II
5740762	5742119	2690338	2688847	1358	1492	87.87	22424347	15455979	X	I
5749308	5765198	5648182	5664071	15891	15890	99.97	22424347	21540570	X	X
5756800	5758005	5659885	5658677	1206	1209	99.67	22424347	17485439	X	IV
5765012	5862525	5695754	5793259	97514	97506	99.99	22424347	21540570	X	X
5766634	5772928	5664184	5670476	6295	6293	99.97	22424347	21540570	X	X
5861188	5862741	12892815	12891267	1554	1549	96.47	22424347	17485439	X	IV
5861188	5862195	10533710	10532705	1008	1006	96.63	22424347	19495157	X	V
5861188	5862393	4602597	4601392	1206	1206	97.43	22424347	21540570	X	X
5861188	5862802	75236	73625	1615	1612	96.54	22424347	79173	X	cb25.NA_037
5861723	5862802	18029116	18028035	1080	1082	97.23	22424347	19495157	X	V
5863264	5872418	5793788	5802938	9155	9151	99.89	22424347	21540570	X	X
5865513	5866765	13779225	13777975	1253	1251	94.12	22424347	17485439	X	IV
5865525	5866765	2093265	2092019	1241	1247	93.85	22424347	16627154	X	II
5865707	5866765	1958318	1957261	1059	1058	93.44	22424347	17485439	X	IV
5872366	5913597	5803920	5845147	41232	41228	99.95	22424347	21540570	X	X
5891473	5892804	13455625	13454296	1332	1330	98.80	22424347	16627154	X	II
5891658	5892804	8940597	8939517	1147	1081	93.12	22424347	14578851	X	III
5901909	5903523	13851525	13849914	1615	1612	95.30	22424347	16627154	X	II
5901909	5903523	13855745	13854132	1615	1614	95.42	22424347	16627154	X	II
5909810	5947613	5845292	5883092	37804	37801	99.99	22424347	21540570	X	X
5911285	5914955	5854514	5850813	3671	3702	97.89	22424347	21540570	X	X
5915333	5919035	5850435	5846766	3703	3670	97.89	22424347	21540570	X	X
5916690	5919035	5845147	5842835	2346	2313	97.27	22424347	21540570	X	X
5941917	5943096	12796833	12795651	1180	1183	94.01	22424347	21540570	X	X
5947866	6040864	5884002	5976997	92999	92996	99.99	22424347	21540570	X	X
6040918	6264808	5977134	6201002	223891	223869	99.98	22424347	21540570	X	X
6133551	6134733	7484747	7485930	1183	1184	99.58	22424347	21540570	X	X
6159385	6160998	13122554	13120943	1614	1612	99.75	22424347	15455979	X	I
6159385	6160998	663526	661913	1614	1614	99.63	22424347	16627154	X	II
6159385	6160998	20863746	20862133	1614	1614	99.63	22424347	21540570	X	X
6243242	6244254	6249266	6248265	1013	1002	95.07	22424347	21540570	X	X
6264935	6271599	6239043	6232379	6665	6665	99.97	22424347	21540570	X	X
6271376	6277267	6226711	6232602	5892	5892	99.93	22424347	21540570	X	X
6277044	6302875	6226934	6201103	25832	25832	99.98	22424347	21540570	X	X
6300832	6305010	4174	2	4179	4173	96.61	22424347	10220	X	cb25.NA_241
6300832	6310106	9266	2	9275	9265	96.84	22424347	10220	X	cb25.NA_241
6300832	6303172	2341	1	2341	2341	96.84	22424347	4389	X	cb25.NA_308
6305891	6316112	10220	2	10222	10219	97.09	22424347	10220	X	cb25.NA_241
6307343	6311732	4389	1	4390	4389	97.79	22424347	4389	X	cb25.NA_308
6310441	6320662	10220	2	10222	10219	96.94	22424347	10220	X	cb25.NA_241
6312403	6315504	3097	1	3102	3097	96.75	22424347	3097	X	cb25.NA_353
6323727	6333948	10220	2	10222	10219	96.97	22424347	10220	X	cb25.NA_241
6330461	6339216	10220	1470	8756	8751	96.86	22424347	10220	X	cb25.NA_241
6334425	6337526	3097	1	3102	3097	97.13	22424347	3097	X	cb25.NA_353
6336463	6340853	4389	1	4391	4389	97.63	22424347	4389	X	cb25.NA_308
6336847	6338994	2147	1	2148	2147	97.35	22424347	2147	X	cb25.NA_400
6339198	6345213	10220	4208	6016	6013	97.67	22424347	10220	X	cb25.NA_241
6339764	6341229	1468	2	1466	1467	98.36	22424347	10220	X	cb25.NA_241
6339942	6342088	2147	1	2147	2147	98.14	22424347	2147	X	cb25.NA_400
6340468	6344857	4389	1	4390	4389	98.34	22424347	4389	X	cb25.NA_308
6341402	6342867	1468	2	1466	1467	98.43	22424347	10220	X	cb25.NA_241
6341580	6343726	2147	1	2147	2147	98.23	22424347	2147	X	cb25.NA_400
6345204	6346790	10220	8634	1587	1587	98.49	22424347	10220	X	cb25.NA_241
6345213	6347609	3116	722	2397	2395	96.29	22424347	10220	X	cb25.NA_241
6346115	6347700	10220	8634	1586	1587	98.24	22424347	10220	X	cb25.NA_241
6347389	6357610	10220	2	10222	10219	96.62	22424347	10220	X	cb25.NA_241
6350178	6353651	1	3472	3474	3472	97.35	22424347	5120	X	cb25.NA_296
6351591	6353737	2147	1	2147	2147	97.35	22424347	2147	X	cb25.NA_400
6353651	6355117	3654	5120	1467	1467	99.39	22424347	5120	X	cb25.NA_296
6354743	6356391	3472	5120	1649	1649	98.18	22424347	5120	X	cb25.NA_296
6359397	6363784	4389	3	4388	4387	98.43	22424347	4389	X	cb25.NA_308
6366740	6371856	1	5120	5117	5120	96.88	22424347	5120	X	cb25.NA_296
6385588	6395800	10220	2	10213	10219	96.18	22424347	10220	X	cb25.NA_241
6386858	6392745	10220	4331	5888	5890	97.54	22424347	10220	X	cb25.NA_241
6391363	6394464	3097	1	3102	3097	96.33	22424347	3097	X	cb25.NA_353
6392736	6397857	1	5120	5122	5120	97.58	22424347	5120	X	cb25.NA_296
6399189	6402290	3097	1	3102	3097	97.07	22424347	3097	X	cb25.NA_353
6399957	6410178	10220	2	10222	10219	96.53	22424347	10220	X	cb25.NA_241
6432229	6437346	1	5120	5118	5120	97.36	22424347	5120	X	cb25.NA_296
6432534	6442744	10220	2	10211	10219	96.68	22424347	10220	X	cb25.NA_241
6442715	6452933	10220	2	10219	10219	96.72	22424347	10220	X	cb25.NA_241
6444228	6449348	1	5120	5121	5120	98.73	22424347	5120	X	cb25.NA_296
6447258	6451647	4389	1	4390	4389	98.15	22424347	4389	X	cb25.NA_308
6448532	6452921	4389	1	4390	4389	98.43	22424347	4389	X	cb25.NA_308
6450051	6451911	1	1859	1861	1859	98.50	22424347	5120	X	cb25.NA_296
6451507	6456628	1	5120	5122	5120	98.26	22424347	5120	X	cb25.NA_296
6454178	6460748	10220	3653	6571	6568	96.46	22424347	10220	X	cb25.NA_241
6456014	6458160	2147	1	2147	2147	97.44	22424347	2147	X	cb25.NA_400
6457202	6460646	6239146	6242588	3445	3443	98.40	22424347	21540570	X	X
6458178	6462280	4389	287	4103	4103	96.69	22424347	4389	X	cb25.NA_308
6458838	6511825	6239144	6292122	52988	52979	99.95	22424347	21540570	X	X
6463264	6465329	35523	33511	2066	2013	84.34	22424347	36434	X	cb25.NA_084
6467960	6468961	6180451	6179440	1002	1012	94.97	22424347	21540570	X	X
6508856	6584718	6293261	6369119	75863	75859	99.98	22424347	21540570	X	X
6512055	6513243	6292524	6291341	1189	1184	98.74	22424347	21540570	X	X
6512078	6513400	5541342	5540013	1323	1330	91.76	22424347	15455979	X	I
6584810	6615453	6369229	6399871	30644	30643	99.99	22424347	21540570	X	X
6615835	6681913	6400537	6466612	66079	66076	99.98	22424347	21540570	X	X
6619988	6621058	8918007	8916998	1071	1010	88.97	22424347	14578851	X	III
6623070	6624330	21212828	21211569	1261	1260	99.13	22424347	21540570	X	X
6623072	6624330	14876588	14875328	1259	1261	98.97	22424347	15455979	X	I
6623075	6624330	6665243	6663988	1256	1256	99.68	22424347	16627154	X	II
6682159	6729010	6466602	6513449	46852	46848	99.99	22424347	21540570	X	X
6729856	6763325	6512908	6546375	33470	33468	99.99	22424347	21540570	X	X
6733234	6734453	14296104	14294893	1220	1212	83.36	22424347	21540570	X	X
6733241	6734453	3115850	3117064	1213	1215	83.84	22424347	17485439	X	IV
6733241	6734453	4130503	4129287	1213	1217	85.08	22424347	17485439	X	IV
6763344	6811557	6546475	6594685	48214	48211	99.99	22424347	21540570	X	X
6812821	6836033	6594744	6617953	23213	23210	99.94	22424347	21540570	X	X
6820421	6822221	8073	9864	1801	1792	96.84	22424347	26062	X	cb25.NA_032
6828143	6829194	21520358	21519301	1052	1058	96.51	22424347	21540570	X	X
6829334	6831861	21519298	21516786	2528	2513	96.21	22424347	21540570	X	X
6834478	6835499	20836185	20837206	1022	1022	84.34	22424347	21540570	X	X
6834478	6835499	1246	225	1022	1022	84.34	22424347	6174	X	cb25.NA_001
6834479	6836792	14442607	14440331	2314	2277	81.28	22424347	16627154	X	II
6837106	6841610	4525	1	4505	4525	98.21	22424347	4525	X	cb25.NA_304
6838368	6839901	6717793	6716299	1534	1495	85.56	22424347	19495157	X	V
6838406	6839510	19076081	19074978	1105	1104	87.57	22424347	19495157	X	V
6849081	6850451	6626807	6625507	1371	1301	83.33	22424347	21540570	X	X
6854888	6857049	6627740	6625509	2162	2232	85.59	22424347	21540570	X	X
6855649	6860213	1	4525	4565	4525	93.07	22424347	4525	X	cb25.NA_304
6855786	6858658	15239875	15237063	2873	2813	82.61	22424347	21540570	X	X
6856017	6858281	6627731	6625507	2265	2225	85.06	22424347	21540570	X	X
6856409	6858473	1	2064	2065	2064	94.24	22424347	4525	X	cb25.NA_304
6857231	6858658	6627737	6626290	1428	1448	84.87	22424347	21540570	X	X
6857326	6858598	5575241	5576523	1273	1283	84.09	22424347	19495157	X	V
6857906	6859082	1711065	1709885	1177	1181	88.31	22424347	19495157	X	V
6859682	6861245	20945026	20943468	1564	1559	83.98	22424347	21540570	X	X
6859683	6860782	7709343	7708286	1100	1058	89.83	22424347	21540570	X	X
6859687	6861067	3705633	3704289	1381	1345	86.34	22424347	19495157	X	V
6859687	6861067	22305	23649	1381	1345	86.34	22424347	24739	X	cb25.NA_210
6860278	6862840	5491706	5489156	2563	2551	79.89	22424347	19495157	X	V
6860346	6861623	5303898	5302643	1278	1256	80.90	22424347	19495157	X	V
6860743	6862057	5303918	5302616	1315	1303	82.84	22424347	19495157	X	V
6861286	6884498	6617953	6594744	23213	23210	99.96	22424347	21540570	X	X
6861692	6862840	3704625	3703433	1149	1193	85.36	22424347	19495157	X	V
6865714	6866714	16241184	16242179	1001	996	96.51	22424347	21540570	X	X
6867707	6869220	10972400	10970879	1514	1522	94.30	22424347	15455979	X	I
6874954	6877525	4435054	4432545	2572	2510	93.76	22424347	14578851	X	III
6875141	6877469	12893588	12891267	2329	2322	96.83	22424347	17485439	X	IV
6875269	6876467	7461719	7462921	1199	1203	96.93	22424347	21540570	X	X
6875604	6876923	10534022	10532705	1320	1318	96.67	22424347	19495157	X	V
6875621	6877528	1500287	1498378	1908	1910	96.47	22424347	19495157	X	V
6875625	6877425	945483	943683	1801	1801	97.67	22424347	21540570	X	X
6875655	6877528	75496	73627	1874	1870	96.86	22424347	79173	X	cb25.NA_037
6876174	6877526	17014042	17012689	1353	1354	97.64	22424347	17485439	X	IV
6876300	6877526	10814710	10813469	1227	1242	95.10	22424347	15455979	X	I
6876385	6877528	19982739	19981596	1144	1144	97.55	22424347	21540570	X	X
6876449	6877528	18029116	18028037	1080	1080	97.78	22424347	19495157	X	V
6878064	6879216	14590263	14591407	1153	1145	94.19	22424347	16627154	X	II
6885874	6889927	6594685	6590634	4054	4052	99.95	22424347	21540570	X	X
6923784	6926982	6625540	6628696	3199	3157	95.50	22424347	21540570	X	X
6931980	6934446	6625509	6627925	2467	2417	94.37	22424347	21540570	X	X
6933481	6978148	6627925	6672590	44668	44666	99.92	22424347	21540570	X	X
6977679	6987272	1	9594	9594	9594	99.52	22424347	13413	X	cb25.NA_092
6977863	6980336	6671711	6674187	2474	2477	99.03	22424347	21540570	X	X
6987347	6990831	9930	13413	3485	3484	99.91	22424347	13413	X	cb25.NA_092
6987582	6988803	7653568	7652342	1222	1227	94.79	22424347	21540570	X	X
6989096	6995013	6618586	6624501	5918	5916	99.97	22424347	21540570	X	X
6989096	6991171	6700787	6698713	2076	2075	99.76	22424347	21540570	X	X
6994503	6999446	6623001	6618059	4944	4943	99.98	22424347	21540570	X	X
6996844	6999879	6698713	6701747	3036	3035	99.84	22424347	21540570	X	X
6997184	6998919	13413	11679	1736	1735	99.83	22424347	13413	X	cb25.NA_092
7000013	7001217	15984452	15983223	1205	1230	95.01	22424347	16627154	X	II
7000013	7001082	7094842	7093832	1070	1011	94.30	22424347	14578851	X	III
7000014	7001690	5027383	5025728	1677	1656	94.91	22424347	17485439	X	IV
7000016	7001217	2241707	2240507	1202	1201	99.17	22424347	17485439	X	IV
7000047	7001690	1509419	1511050	1644	1632	97.70	22424347	16627154	X	II
7000160	7001949	16030855	16029054	1790	1802	98.78	22424347	17485439	X	IV
7002884	7005169	1511689	1509419	2286	2271	98.78	22424347	16627154	X	II
7005201	7006222	15595909	15594867	1022	1043	79.51	22424347	19495157	X	V
7005516	7006880	6701918	6703282	1365	1365	100.00	22424347	21540570	X	X
7007240	7124817	6705333	6822901	117578	117569	99.99	22424347	21540570	X	X
7042040	7043195	13949525	13950702	1156	1178	93.98	22424347	17485439	X	IV
7125455	7142566	6828269	6845379	17112	17111	99.99	22424347	21540570	X	X
7142631	7366511	6845547	7069408	223881	223862	99.99	22424347	21540570	X	X
7154019	7157932	1440050	1436127	3914	3924	98.09	22424347	21540570	X	X
7154027	7157082	4161284	4158230	3056	3055	98.11	22424347	17485439	X	IV
7154027	7155093	4722310	4721247	1067	1064	97.47	22424347	19495157	X	V
7154042	7155917	523085	521213	1876	1873	97.66	22424347	16627154	X	II
7154771	7156347	4721944	4720383	1577	1562	97.27	22424347	15455979	X	I
7155280	7157918	4721247	4718611	2639	2637	97.43	22424347	19495157	X	V
7155958	7157919	6193447	6191482	1962	1966	98.37	22424347	15455979	X	I
7189710	7190710	2697779	2696781	1001	999	96.41	22424347	17485439	X	IV
7195481	7196608	9001236	9000107	1128	1130	93.56	22424347	14578851	X	III
7342604	7343992	7048843	7047445	1389	1399	97.93	22424347	21540570	X	X
7344547	7345945	7046891	7045504	1399	1388	97.86	22424347	21540570	X	X
7367531	7369469	7077776	7075840	1939	1937	99.79	22424347	21540570	X	X
7368908	7404812	7073349	7109250	35905	35902	99.99	22424347	21540570	X	X
7404879	7478427	7109373	7182917	73549	73545	99.97	22424347	21540570	X	X
7478510	7490370	7183592	7195452	11861	11861	100.00	22424347	21540570	X	X
7489276	7490396	7198641	7199760	1121	1120	99.91	22424347	21540570	X	X
7490446	7497174	7274139	7280865	6729	6727	99.97	22424347	21540570	X	X
7490500	7494366	7195463	7199327	3867	3865	99.90	22424347	21540570	X	X
7496636	7497792	7196618	7195463	1157	1156	99.14	22424347	21540570	X	X
7496636	7497846	7275347	7274139	1211	1209	99.09	22424347	21540570	X	X
7497888	7500973	7273123	7270039	3086	3085	99.90	22424347	21540570	X	X
7500279	7501698	7259854	7261283	1420	1430	97.70	22424347	21540570	X	X
7500279	7501698	7265937	7267365	1420	1429	97.63	22424347	21540570	X	X
7501082	7508342	7269945	7262714	7261	7232	98.69	22424347	21540570	X	X
7502385	7562173	7262600	7202955	59789	59646	99.74	22424347	21540570	X	X
7513225	7514908	5636655	5638358	1684	1704	95.91	22424347	15455979	X	I
7513225	7514906	8320214	8318519	1682	1696	95.84	22424347	14578851	X	III
7513277	7514906	9399322	9397748	1630	1575	91.91	22424347	19495157	X	V
7513277	7514906	9405125	9403551	1630	1575	91.91	22424347	19495157	X	V
7513608	7514906	8086951	8088270	1299	1320	96.07	22424347	17485439	X	IV
7513778	7514906	10118606	10117459	1129	1148	95.67	22424347	14578851	X	III
7550921	7552131	11599464	11598261	1211	1204	97.94	22424347	17485439	X	IV
7550925	7552128	5161804	5163004	1204	1201	97.60	22424347	17485439	X	IV
7550925	7552128	17767626	17766460	1204	1167	95.10	22424347	19495157	X	V
7559567	7563205	7205282	7201614	3639	3669	92.24	22424347	21540570	X	X
7566349	7569861	7205313	7201616	3513	3698	93.89	22424347	21540570	X	X
7567491	7569667	6697709	6695504	2177	2206	89.66	22424347	21540570	X	X
7568639	7571591	2860	2	2953	2859	91.91	22424347	2860	X	cb25.NA_359
7570106	7573135	2860	2	3030	2859	93.66	22424347	2860	X	cb25.NA_359
7573117	7576057	2860	45	2941	2816	90.78	22424347	2860	X	cb25.NA_359
7575696	7578667	2860	45	2972	2816	91.74	22424347	2860	X	cb25.NA_359
7577436	7581211	7205313	7201616	3776	3698	90.51	22424347	21540570	X	X
7578584	7581582	2860	2	2999	2859	86.81	22424347	2860	X	cb25.NA_359
7580598	7582839	6697712	6695504	2242	2209	92.53	22424347	21540570	X	X
7583226	7605812	6697709	6675188	22587	22522	99.61	22424347	21540570	X	X
7594889	7596050	13412989	13411791	1162	1199	90.53	22424347	21540570	X	X
7594930	7596294	5181106	5182511	1365	1406	91.96	22424347	17485439	X	IV
7595293	7596635	20465421	20466791	1343	1371	92.59	22424347	21540570	X	X
7596600	7600380	6675815	6679588	3781	3774	98.39	22424347	21540570	X	X
7596600	7599788	7291259	7288073	3189	3187	99.25	22424347	21540570	X	X
7601413	7605185	6680621	6684400	3773	3780	98.52	22424347	21540570	X	X
7601997	7610897	7288073	7296970	8901	8898	99.81	22424347	21540570	X	X
7610948	7650485	7297582	7337117	39538	39536	99.99	22424347	21540570	X	X
7650526	7689476	7338076	7377023	38951	38948	99.91	22424347	21540570	X	X
7672417	7673679	7361227	7359965	1263	1263	85.85	22424347	21540570	X	X
7686598	7688836	7281867	7284106	2239	2240	98.30	22424347	21540570	X	X
7687408	7689646	7281867	7284106	2239	2240	98.08	22424347	21540570	X	X
7690640	7694012	7373651	7377023	3373	3373	98.73	22424347	21540570	X	X
7690648	7692886	7281867	7284106	2239	2240	97.95	22424347	21540570	X	X
7693232	7696604	7373651	7377023	3373	3373	98.84	22424347	21540570	X	X
7696545	7699423	7284195	7287072	2879	2878	98.71	22424347	21540570	X	X
7698910	7701148	7281867	7284106	2239	2240	98.71	22424347	21540570	X	X
7701502	7703740	7281867	7284106	2239	2240	97.81	22424347	21540570	X	X
7701567	7704445	7284195	7287072	2879	2878	98.65	22424347	21540570	X	X
7703835	7706713	7284195	7287072	2879	2878	98.68	22424347	21540570	X	X
7706362	7708600	7281867	7284106	2239	2240	97.95	22424347	21540570	X	X
7706589	7709467	7284195	7287072	2879	2878	98.65	22424347	21540570	X	X
7713112	7714369	3363921	3365178	1258	1258	100.00	22424347	17485439	X	IV
7713112	7714369	16089134	16087877	1258	1258	100.00	22424347	21540570	X	X
7713113	7714369	3633343	3632087	1257	1257	99.92	22424347	16627154	X	II
7713116	7714372	6726332	6725076	1257	1257	99.76	22424347	16627154	X	II
7714366	7716985	128	2746	2620	2619	98.44	22424347	7887	X	cb25.NA_258
7715535	7723417	1	7883	7883	7883	98.78	22424347	7887	X	cb25.NA_258
7716039	7718280	1	2243	2242	2243	99.02	22424347	7887	X	cb25.NA_258
7721547	7726901	5358	2	5355	5357	95.50	22424347	5358	X	cb25.NA_294
7722625	7727977	5358	2	5353	5357	95.75	22424347	5358	X	cb25.NA_294
7728629	7733977	5358	2	5349	5357	95.73	22424347	5358	X	cb25.NA_294
7730575	7733419	5036	7883	2845	2848	95.93	22424347	7887	X	cb25.NA_258
7732935	7738289	5358	2	5355	5357	96.47	22424347	5358	X	cb25.NA_294
7734629	7738430	5358	1559	3802	3800	98.47	22424347	5358	X	cb25.NA_294
7736169	7738893	5358	2636	2725	2723	95.60	22424347	5358	X	cb25.NA_294
7738893	7740445	1557	2	1553	1556	96.53	22424347	5358	X	cb25.NA_294
7742553	7744840	7570205	7567919	2288	2287	98.65	22424347	21540570	X	X
7750629	7752751	7568083	7570205	2123	2123	94.44	22424347	21540570	X	X
7750629	7751807	6357	5179	1179	1179	94.74	22424347	7887	X	cb25.NA_258
7750629	7752533	241	2146	1905	1906	94.60	22424347	5358	X	cb25.NA_294
7750629	7753502	1011	3885	2874	2875	94.99	22424347	5358	X	cb25.NA_294
7750629	7753502	2244	5115	2874	2872	94.19	22424347	5358	X	cb25.NA_294
7750629	7751961	3630	4960	1333	1331	94.75	22424347	5358	X	cb25.NA_294
7750629	7752051	3938	5358	1423	1421	94.59	22424347	5358	X	cb25.NA_294
7750645	7752512	7567791	7569658	1868	1868	95.34	22424347	21540570	X	X
7750647	7752294	1491	3139	1648	1649	95.27	22424347	5358	X	cb25.NA_294
7751009	7753270	2	2267	2262	2266	94.97	22424347	5358	X	cb25.NA_294
7751101	7752632	7887	6356	1532	1532	95.50	22424347	7887	X	cb25.NA_258
7751121	7752278	6943	5786	1158	1158	94.99	22424347	7887	X	cb25.NA_258
7751429	7752995	7097	5531	1567	1567	94.70	22424347	7887	X	cb25.NA_258
7751569	7753502	7567791	7569724	1934	1934	94.78	22424347	21540570	X	X
7751622	7752820	4161	5357	1199	1197	95.16	22424347	5358	X	cb25.NA_294
7751721	7753148	7883	6456	1428	1428	96.01	22424347	7887	X	cb25.NA_258
7752159	7753502	7567764	7569108	1344	1345	95.25	22424347	21540570	X	X
7753503	7757236	3739	2	3734	3738	95.48	22424347	5358	X	cb25.NA_294
7755186	7801022	7570205	7524455	45837	45751	99.63	22424347	21540570	X	X
7782328	7783360	5578382	5577368	1033	1015	88.32	22424347	19495157	X	V
7782726	7784257	16892047	16890522	1532	1526	87.97	22424347	21540570	X	X
7800671	7812971	7525793	7513497	12301	12297	99.90	22424347	21540570	X	X
7808766	7810956	7440018	7442180	2191	2163	96.44	22424347	21540570	X	X
7808978	7812327	7500925	7497578	3350	3348	99.88	22424347	21540570	X	X
7812540	7814097	7497468	7495911	1558	1558	100.00	22424347	21540570	X	X
7813641	7818223	7488346	7492926	4583	4581	99.89	22424347	21540570	X	X
7819232	7820884	7493258	7494910	1653	1653	100.00	22424347	21540570	X	X
7821204	7822953	7492926	7491179	1750	1748	99.66	22424347	21540570	X	X
7823596	7850406	7488234	7461426	26811	26809	99.99	22424347	21540570	X	X
7825774	7827083	12872784	12871476	1310	1309	99.24	22424347	19495157	X	V
7825774	7827084	13729315	13728006	1311	1310	99.08	22424347	19495157	X	V
7825901	7827084	6070940	6069759	1184	1182	99.41	22424347	21540570	X	X
7846607	7848912	10678340	10676054	2306	2287	95.16	22424347	14578851	X	III
7851081	7862484	7461135	7449732	11404	11404	99.98	22424347	21540570	X	X
7852108	7853363	11602514	11601225	1256	1290	83.74	22424347	19495157	X	V
7852109	7853148	6614539	6613463	1040	1077	84.07	22424347	17485439	X	IV
7857448	7866527	7448731	7439655	9080	9077	99.94	22424347	21540570	X	X
7861226	7862482	18838825	18837569	1257	1257	99.92	22424347	21540570	X	X
7864000	7865969	7498949	7500925	1970	1977	96.97	22424347	21540570	X	X
7864000	7866164	7515510	7517700	2165	2191	96.54	22424347	21540570	X	X
7867051	7868325	7439574	7438300	1275	1275	99.69	22424347	21540570	X	X
7867872	7869732	7378985	7377124	1861	1862	99.79	22424347	21540570	X	X
7867945	7869158	7385605	7384391	1214	1215	99.51	22424347	21540570	X	X
7870887	7872061	7378872	7377698	1175	1175	99.49	22424347	21540570	X	X
7870887	7873501	7385565	7382952	2615	2614	99.89	22424347	21540570	X	X
7873700	7882394	7377124	7385817	8695	8694	99.98	22424347	21540570	X	X
7878472	7879504	15659447	15658434	1033	1014	93.06	22424347	19495157	X	V
7881768	7882997	7512496	7511267	1230	1230	100.00	22424347	21540570	X	X
7882454	7884676	7434047	7436269	2223	2223	99.96	22424347	21540570	X	X
7882939	7884676	5181009	5182808	1738	1800	91.84	22424347	17485439	X	IV
7882971	7884560	7567484	7565891	1590	1594	89.80	22424347	19495157	X	V
7883015	7884676	1986576	1984916	1662	1661	91.01	22424347	15455979	X	I
7883083	7884676	7511000	7509407	1594	1594	99.94	22424347	21540570	X	X
7883387	7884399	11408390	11407380	1013	1011	90.58	22424347	14578851	X	III
7883410	7884419	20465414	20466457	1010	1044	89.23	22424347	21540570	X	X
7886598	7887605	7385972	7386979	1008	1008	100.00	22424347	21540570	X	X
7887230	7888335	7412896	7414035	1106	1140	94.22	22424347	21540570	X	X
7888641	7895991	7503650	7511000	7351	7351	100.00	22424347	21540570	X	X
7888642	7891683	7388016	7391057	3042	3042	99.97	22424347	21540570	X	X
7893387	7939516	7437281	7391160	46130	46122	99.93	22424347	21540570	X	X
7894143	7896130	6490343	6488362	1988	1982	90.57	22424347	16627154	X	II
7894655	7896038	6684697	6686070	1384	1374	90.13	22424347	21540570	X	X
7904825	7907317	2827091	2829555	2493	2465	97.60	22424347	17485439	X	IV
7905277	7906905	5787060	5785430	1629	1631	98.77	22424347	14578851	X	III
7908658	7909784	7418742	7419849	1127	1108	84.57	22424347	21540570	X	X
7910820	7911927	7420885	7422011	1108	1127	84.57	22424347	21540570	X	X
7923521	7925080	9593291	9591735	1560	1557	87.13	22424347	21540570	X	X
7925174	7926212	7402378	7403416	1039	1039	99.42	22424347	21540570	X	X
7927256	7928295	7404459	7405497	1040	1039	99.52	22424347	21540570	X	X
7933015	7934135	9580874	9579781	1121	1094	94.92	22424347	21540570	X	X
7934708	7936859	9577805	9575659	2152	2147	97.59	22424347	21540570	X	X
7937104	7938283	9574894	9573721	1180	1174	98.14	22424347	21540570	X	X
7943781	7946069	5578915	5576639	2289	2277	90.26	22424347	19495157	X	V
7943808	7945822	3617229	3615226	2015	2004	83.52	22424347	19495157	X	V
7943808	7945922	3833234	3831152	2115	2083	84.31	22424347	19495157	X	V
7943808	7944843	16892469	16891440	1036	1030	90.39	22424347	21540570	X	X
7945637	7947532	7570306	7572125	1896	1820	90.35	22424347	21540570	X	X
7946467	7948295	5578466	5576638	1829	1829	87.80	22424347	19495157	X	V
7950297	7952103	7570306	7572121	1807	1816	93.25	22424347	21540570	X	X
7950497	7958004	7570306	7577821	7508	7516	99.26	22424347	21540570	X	X
7950943	7952303	5578525	5577135	1361	1391	88.29	22424347	19495157	X	V
7952370	7957841	5499446	5504925	5472	5480	98.61	22424347	19495157	X	V
7954116	7955158	7622837	7621795	1043	1043	89.00	22424347	19495157	X	V
7955098	7956428	16891418	16890108	1331	1311	96.55	22424347	21540570	X	X
7955208	7957262	16760488	16758436	2055	2053	98.00	22424347	19495157	X	V
7956351	7957846	78303	79788	1496	1486	97.20	22424347	17485439	X	IV
7956406	7957840	4926298	4924868	1435	1431	97.92	22424347	19495157	X	V
7956681	7957840	16890108	16888954	1160	1155	97.76	22424347	21540570	X	X
7958488	8002722	7578479	7622714	44235	44236	99.93	22424347	21540570	X	X
7974413	7975617	17516475	17515274	1205	1202	86.94	22424347	21540570	X	X
7981327	7982529	7674118	7672905	1203	1214	81.75	22424347	21540570	X	X
7997941	7999415	7506850	7505334	1475	1517	94.21	22424347	15455979	X	I
7999411	8000971	7627251	7625688	1561	1564	94.13	22424347	21540570	X	X
8002345	8014236	7622047	7633937	11892	11891	99.98	22424347	21540570	X	X
8005988	8007550	7620960	7619401	1563	1560	94.12	22424347	21540570	X	X
8014451	8062522	7635084	7683150	48072	48067	99.99	22424347	21540570	X	X
8022724	8023831	7647067	7645960	1108	1108	99.46	22424347	21540570	X	X
8025330	8026437	7644462	7643356	1108	1107	99.37	22424347	21540570	X	X
8029247	8030525	13971091	13969809	1279	1283	95.72	22424347	16627154	X	II
8029247	8030525	6614539	6613282	1279	1258	91.57	22424347	17485439	X	IV
8029247	8030525	11602513	11601226	1279	1288	86.32	22424347	19495157	X	V
8029293	8030525	11296825	11295581	1233	1245	93.66	22424347	15455979	X	I
8031632	8032935	20955337	20954017	1304	1321	92.10	22424347	21540570	X	X
8031639	8032934	5555282	5553989	1296	1294	84.92	22424347	15455979	X	I
8031639	8032935	6487985	6489267	1297	1283	88.75	22424347	15455979	X	I
8031639	8032935	15356875	15355730	1297	1146	79.03	22424347	21540570	X	X
8031712	8032939	11386	10165	1228	1222	94.87	22424347	13413	X	cb25.NA_092
8051091	8052274	13873633	13872450	1184	1184	97.64	22424347	16627154	X	II
8052277	8053490	7602519	7601317	1214	1203	81.75	22424347	21540570	X	X
8062614	8120036	7683657	7741074	57423	57418	99.96	22424347	21540570	X	X
8077230	8078593	16227233	16228582	1364	1350	87.45	22424347	21540570	X	X
8090303	8091560	168729	169986	1258	1258	100.00	22424347	15455979	X	I
8090303	8091560	174693	175950	1258	1258	100.00	22424347	15455979	X	I
8090305	8091567	5835443	5834182	1263	1262	99.84	22424347	15455979	X	I
8090305	8091567	6304059	6302798	1263	1262	99.84	22424347	15455979	X	I
8090305	8091563	5332098	5333354	1259	1257	99.60	22424347	17485439	X	IV
8090305	8091563	24	1280	1259	1257	99.52	22424347	3770	X	cb25.NA_326
8090306	8091562	15745477	15744227	1257	1251	99.52	22424347	21540570	X	X
8119366	8124139	9518626	9523357	4774	4732	98.91	22424347	21540570	X	X
8121544	8122683	7741401	7740259	1140	1143	98.78	22424347	21540570	X	X
8121611	8122769	9523357	9522195	1159	1163	99.57	22424347	21540570	X	X
8122977	8124206	9521987	9520763	1230	1225	99.51	22424347	21540570	X	X
8123063	8124627	7740259	7741822	1565	1564	99.42	22424347	21540570	X	X
8124205	8127812	7759670	7763276	3608	3607	99.97	22424347	21540570	X	X
8124205	8125338	9523931	9525064	1134	1134	100.00	22424347	21540570	X	X
8124911	8126018	9526893	9525786	1108	1108	100.00	22424347	21540570	X	X
8127276	8149476	7764108	7741911	22201	22198	99.99	22424347	21540570	X	X
8129902	8131009	9525786	9526893	1108	1108	100.00	22424347	21540570	X	X
8130582	8131903	9525064	9523744	1322	1321	99.92	22424347	21540570	X	X
8138928	8142872	9554025	9550084	3945	3942	99.75	22424347	21540570	X	X
8148630	8152460	7748617	7752458	3831	3842	99.40	22424347	21540570	X	X
8148630	8161450	9550186	9563013	12821	12828	99.70	22424347	21540570	X	X
8156623	8157880	1821265	1820008	1258	1258	99.92	22424347	17485439	X	IV
8156627	8157880	1981496	1982748	1254	1253	99.92	22424347	17485439	X	IV
8156627	8157885	18894434	18893177	1259	1258	99.68	22424347	21540570	X	X
8161301	8163187	9564293	9562425	1887	1869	95.99	22424347	21540570	X	X
8163210	8165702	9527894	9530386	2493	2493	100.00	22424347	21540570	X	X
8165882	8174340	9530578	9539038	8459	8461	99.98	22424347	21540570	X	X
8174573	8184038	9539618	9549083	9466	9466	99.99	22424347	21540570	X	X
8181805	8182995	9565570	9566760	1191	1191	96.14	22424347	21540570	X	X
8193272	8194371	9565570	9566669	1100	1100	97.82	22424347	21540570	X	X
8193958	8196208	9566772	9569021	2251	2250	99.96	22424347	21540570	X	X
8196444	8256885	9569130	9629566	60442	60437	99.97	22424347	21540570	X	X
8201035	8202208	7392392	7393570	1174	1179	98.05	22424347	21540570	X	X
8202973	8205120	7393815	7395966	2148	2152	97.68	22424347	21540570	X	X
8205841	8207098	4566610	4567867	1258	1258	99.68	22424347	16627154	X	II
8205841	8207097	10294539	10293284	1257	1256	99.68	22424347	21540570	X	X
8205842	8207098	1639325	1638070	1257	1256	99.76	22424347	17485439	X	IV
8205844	8207099	15429743	15428488	1256	1256	99.68	22424347	17485439	X	IV
8205844	8207099	1444	189	1256	1256	99.68	22424347	2611	X	cb25.NA_372
8207096	8208189	7396539	7397658	1094	1120	94.83	22424347	21540570	X	X
8219051	8220608	7405591	7407150	1558	1560	87.19	22424347	21540570	X	X
8241197	8242452	7353878	7355151	1256	1274	92.57	22424347	17485439	X	IV
8244764	8245801	8718491	8717447	1038	1045	93.03	22424347	19495157	X	V
8244769	8246017	12134909	12133655	1249	1255	92.62	22424347	17485439	X	IV
8256897	8282041	9629991	9655132	25145	25142	99.97	22424347	21540570	X	X
8269149	8270405	21160117	21158861	1257	1257	99.68	22424347	21540570	X	X
8269149	8270405	21478555	21477300	1257	1256	99.60	22424347	21540570	X	X
8273574	8297904	7765137	7789466	24331	24330	99.97	22424347	21540570	X	X
8298204	8301190	7789478	7792464	2987	2987	100.00	22424347	21540570	X	X
8299470	8301182	7794838	7793127	1713	1712	99.71	22424347	21540570	X	X
8300132	8301244	3658563	3657433	1113	1131	92.31	22424347	19495157	X	V
8300134	8301244	7286929	7285819	1111	1111	95.89	22424347	15455979	X	I
8301193	8543197	7793064	8035039	242005	241976	99.98	22424347	21540570	X	X
8301247	8302303	3656992	3655937	1057	1056	96.50	22424347	19495157	X	V
8301256	8302968	7792456	7790744	1713	1713	99.77	22424347	21540570	X	X
8309037	8310302	10553917	10552652	1266	1266	99.68	22424347	15455979	X	I
8309049	8310306	11532920	11531663	1258	1258	99.84	22424347	15455979	X	I
8309049	8310306	14153851	14152595	1258	1257	99.68	22424347	15455979	X	I
8372067	8373326	13816891	13815632	1260	1260	99.68	22424347	14578851	X	III
8372068	8373327	12265485	12264227	1260	1259	99.68	22424347	19495157	X	V
8432033	8433288	6061545	6060290	1256	1256	100.00	22424347	15455979	X	I
8513182	8514229	17076546	17075456	1048	1091	93.22	22424347	17485439	X	IV
8513182	8514271	5009077	5007927	1090	1151	92.19	22424347	19495157	X	V
8532617	8533869	1016036	1017288	1253	1253	99.28	22424347	14578851	X	III
8543433	8784789	8035641	8276985	241357	241345	99.99	22424347	21540570	X	X
8692899	8694150	13779221	13777960	1252	1262	90.87	22424347	17485439	X	IV
8693083	8694743	1958324	1956635	1661	1690	90.12	22424347	17485439	X	IV
8779070	8815908	8282749	8319586	36839	36838	99.97	22424347	21540570	X	X
8815321	8856129	8319754	8360557	40809	40804	99.91	22424347	21540570	X	X
8850076	8851222	8358644	8357499	1147	1146	99.56	22424347	21540570	X	X
8852442	8854942	8367845	8365342	2501	2504	99.24	22424347	21540570	X	X
8853070	8854216	8355652	8354506	1147	1147	99.65	22424347	21540570	X	X
8854919	8856196	1350048	1348771	1278	1278	98.75	22424347	17485439	X	IV
8854938	8866018	8362349	8373427	11081	11079	99.28	22424347	21540570	X	X
8854939	8856196	14675594	14674337	1258	1258	99.76	22424347	21540570	X	X
8854943	8856199	2556461	2555205	1257	1257	100.00	22424347	21540570	X	X
8857932	8860436	8359369	8356871	2505	2499	99.20	22424347	21540570	X	X
8863724	9060869	8369499	8566642	197146	197144	99.94	22424347	21540570	X	X
8977792	8981551	8688858	8685095	3760	3764	96.05	22424347	21540570	X	X
9060302	9061333	6056057	6055027	1032	1031	93.31	22424347	16627154	X	II
9060304	9103481	8565613	8608790	43178	43178	99.95	22424347	21540570	X	X
9103679	9430946	8609188	8936451	327268	327264	99.99	22424347	21540570	X	X
9179590	9183343	8487320	8483561	3754	3760	96.33	22424347	21540570	X	X
9193701	9194968	16436057	16434782	1268	1276	95.70	22424347	21540570	X	X
9193709	9194959	1759162	1757910	1251	1253	96.75	22424347	17485439	X	IV
9193821	9194968	2128580	2127427	1148	1154	96.62	22424347	16627154	X	II
9294056	9295317	2561159	2559899	1262	1261	99.45	22424347	17485439	X	IV
9306435	9307608	8742893	8741721	1174	1173	85.87	22424347	17485439	X	IV
9367492	9368750	1037824	1036567	1259	1258	99.68	22424347	15455979	X	I
9367497	9368754	3016006	3017262	1258	1257	99.52	22424347	19495157	X	V
9431025	9696641	8936329	9201931	265617	265603	99.98	22424347	21540570	X	X
9697720	9703812	9201942	9208034	6093	6093	100.00	22424347	21540570	X	X
9708695	9998978	9208035	9498302	290284	290268	99.99	22424347	21540570	X	X
9708863	9710634	9212028	9210257	1772	1772	99.94	22424347	21540570	X	X
9710918	9712689	9209973	9208203	1772	1771	99.89	22424347	21540570	X	X
9808581	9809659	9308994	9307916	1079	1079	82.36	22424347	21540570	X	X
9870431	9872746	9656133	9658448	2316	2316	100.00	22424347	21540570	X	X
9905030	9906149	7913661	7914721	1120	1061	89.86	22424347	17485439	X	IV
9987715	9990715	9494392	9491391	3001	3002	99.87	22424347	21540570	X	X
9992066	9995067	9490040	9487041	3002	3000	99.83	22424347	21540570	X	X
9999286	10013718	9503109	9517625	14433	14517	99.40	22424347	21540570	X	X
10003237	10007645	5622	1215	4409	4408	99.98	22424347	5622	X	cb25.NA_011
10007668	10008750	1083	1	1083	1083	100.00	22424347	5622	X	cb25.NA_011
10014166	10027406	9659449	9672689	13241	13241	100.00	22424347	21540570	X	X
10027611	10217725	9673012	9863089	190115	190078	99.97	22424347	21540570	X	X
10208581	10209828	5958443	5957188	1248	1256	98.89	22424347	16627154	X	II
10210860	10280822	9867880	9937838	69963	69959	99.99	22424347	21540570	X	X
10246948	10248208	6894661	6893423	1261	1239	95.00	22424347	14578851	X	III
10246948	10248208	5161702	5160450	1261	1253	96.20	22424347	19495157	X	V
10246949	10248208	7526428	7525172	1260	1257	96.91	22424347	15455979	X	I
10246949	10248208	7531103	7529847	1260	1257	96.91	22424347	15455979	X	I
10247054	10248208	3703434	3702276	1155	1159	95.51	22424347	19495157	X	V
10251936	10253091	6874416	6875635	1156	1220	90.34	22424347	15455979	X	I
10260487	10261579	8830064	8828960	1093	1105	82.11	22424347	19495157	X	V
10280873	10283240	9938283	9940650	2368	2368	100.00	22424347	21540570	X	X
10283333	10479852	9941003	10137515	196520	196513	99.99	22424347	21540570	X	X
10449631	10450886	1759164	1757910	1256	1255	97.39	22424347	17485439	X	IV
10449633	10450891	16522170	16520925	1259	1246	95.89	22424347	16627154	X	II
10449745	10450899	2128580	2127424	1155	1157	97.16	22424347	16627154	X	II
10458751	10459970	13503559	13502349	1220	1211	89.14	22424347	21540570	X	X
10476600	10477860	16933374	16932115	1261	1260	99.76	22424347	17485439	X	IV
10476601	10477863	8127909	8129169	1263	1261	99.45	22424347	17485439	X	IV
10476601	10477857	12208338	12207082	1257	1257	99.76	22424347	17485439	X	IV
10476604	10477863	1261625	1260366	1260	1260	99.76	22424347	21540570	X	X
10479847	10498215	10138008	10156376	18369	18369	100.00	22424347	21540570	X	X
10495977	10499455	1	3479	3479	3479	99.60	22424347	3479	X	cb25.NA_336
10498301	10501932	10156513	10160143	3632	3631	99.97	22424347	21540570	X	X
10498352	10504840	10588151	10594639	6489	6489	100.00	22424347	21540570	X	X
10504990	10506677	10594777	10596464	1688	1688	100.00	22424347	21540570	X	X
10504990	10509717	10607629	10612347	4728	4719	99.53	22424347	21540570	X	X
10511899	10513240	10598450	10599792	1342	1343	99.93	22424347	21540570	X	X
10513814	10515165	10599839	10601189	1352	1351	99.93	22424347	21540570	X	X
10515936	10517092	10601933	10603089	1157	1157	99.83	22424347	21540570	X	X
10517347	10521051	10603200	10606902	3705	3703	99.95	22424347	21540570	X	X
10521775	10526496	10607629	10612347	4722	4719	99.81	22424347	21540570	X	X
10528521	10565986	10172714	10210181	37466	37468	99.97	22424347	21540570	X	X
10566038	10764640	10210838	10409430	198603	198593	99.99	22424347	21540570	X	X
10648483	10649740	14695862	14694605	1258	1258	99.76	22424347	21540570	X	X
10648487	10649742	13105680	13104425	1256	1256	99.76	22424347	14578851	X	III
10648487	10649742	7525958	7524704	1256	1255	99.76	22424347	19495157	X	V
10648487	10649743	9579782	9578526	1257	1257	99.76	22424347	21540570	X	X
10648512	10649742	17134645	17133415	1231	1231	99.76	22424347	21540570	X	X
10655487	10656533	9976507	9975462	1047	1046	89.66	22424347	19495157	X	V
10655487	10656533	4621144	4620102	1047	1043	85.47	22424347	21540570	X	X
10655500	10656531	4591351	4590325	1032	1027	85.84	22424347	21540570	X	X
10714562	10715659	13079976	13078871	1098	1106	81.70	22424347	21540570	X	X
10724553	10725811	13833211	13831953	1259	1259	99.52	22424347	17485439	X	IV
10724554	10725811	5985492	5984236	1258	1257	99.36	22424347	19495157	X	V
10764643	10859924	10409879	10505159	95282	95281	99.99	22424347	21540570	X	X
10842675	10843928	16310201	16308949	1254	1253	99.92	22424347	21540570	X	X
10859939	10909424	10506228	10555712	49486	49485	99.99	22424347	21540570	X	X
10909425	10940230	10556346	10587150	30806	30805	99.99	22424347	21540570	X	X
10944140	11189622	10614423	10859904	245483	245482	99.98	22424347	21540570	X	X
10998295	10999601	7425208	7423901	1307	1308	99.77	22424347	19495157	X	V
10998303	10999601	3922540	3923842	1299	1303	98.47	22424347	15455979	X	I
10998303	10999605	3636826	3635514	1303	1313	99.01	22424347	19495157	X	V
10998303	10999601	5613179	5611872	1299	1308	99.01	22424347	19495157	X	V
10998304	10999601	12546219	12544924	1298	1296	99.85	22424347	21540570	X	X
11012027	11013286	6894662	6893422	1260	1241	94.86	22424347	14578851	X	III
11012028	11013285	5161702	5160450	1258	1253	95.96	22424347	19495157	X	V
11012029	11013287	7526428	7525170	1259	1259	96.83	22424347	15455979	X	I
11012029	11013287	7531103	7529845	1259	1259	96.83	22424347	15455979	X	I
11012134	11013289	3703434	3702272	1156	1163	95.44	22424347	19495157	X	V
11017117	11018721	11703030	11701409	1605	1622	92.75	22424347	15455979	X	I
11091274	11092348	4863817	4862761	1075	1057	87.26	22424347	21540570	X	X
11181498	11247164	11347480	11413144	65667	65665	99.99	22424347	21540570	X	X
11247088	11347613	10889201	10989726	100526	100526	99.98	22424347	21540570	X	X
11347844	11494780	10990277	11137206	146937	146930	99.99	22424347	21540570	X	X
11493851	11495736	11140992	11139116	1886	1877	99.31	22424347	21540570	X	X
11494996	11527970	11137925	11170895	32975	32971	99.95	22424347	21540570	X	X
11528056	11693215	11171013	11336160	165160	165148	99.99	22424347	21540570	X	X
11584030	11585287	9930642	9929386	1258	1257	99.60	22424347	14578851	X	III
11693219	11694992	11414145	11415918	1774	1774	99.66	22424347	21540570	X	X
11694822	11703895	11337385	11346458	9074	9074	99.98	22424347	21540570	X	X
11697470	11777197	11416919	11496624	79728	79706	99.94	22424347	21540570	X	X
11777242	11806969	11497040	11526765	29728	29726	99.96	22424347	21540570	X	X
11805354	11806582	11990674	11989460	1229	1215	94.97	22424347	21540570	X	X
11805355	11806582	454886	453657	1228	1230	97.89	22424347	15455979	X	I
11805360	11806582	15477715	15476496	1223	1220	94.88	22424347	21540570	X	X
11805361	11806445	13929103	13928023	1085	1081	94.96	22424347	15455979	X	I
11805361	11806445	1802	2884	1085	1083	94.78	22424347	4259	X	cb25.NA_312
11805363	11806464	13266838	13265732	1102	1107	97.83	22424347	16627154	X	II
11805532	11806581	3027508	3028556	1050	1049	98.00	22424347	19495157	X	V
11807063	11916531	11526909	11636376	109469	109468	99.99	22424347	21540570	X	X
11872148	11873958	3010732	3012547	1811	1816	94.38	22424347	21540570	X	X
11872778	11874014	3870427	3869178	1237	1250	92.62	22424347	17485439	X	IV
11894647	11895903	3502471	3501209	1257	1263	99.13	22424347	15455979	X	I
11894651	11895899	13233115	13234368	1249	1254	99.04	22424347	14578851	X	III
11915444	11916580	7572216	7571087	1137	1130	95.00	22424347	19495157	X	V
11917638	11918987	11637708	11639055	1350	1348	98.59	22424347	21540570	X	X
11918844	11921972	3126	1	3129	3126	95.81	22424347	3129	X	cb25.NA_351
11920191	11923091	2898	1	2901	2898	94.45	22424347	2898	X	cb25.NA_358
11926347	11930380	2	4037	4034	4036	94.09	22424347	4037	X	cb25.NA_316
11929277	11933309	2	4037	4033	4036	94.95	22424347	4037	X	cb25.NA_316
11931546	11934671	3129	3	3126	3127	96.64	22424347	3129	X	cb25.NA_351
11933056	11935953	2898	1	2898	2898	95.48	22424347	2898	X	cb25.NA_358
11934316	11937441	3126	1	3126	3126	96.00	22424347	3129	X	cb25.NA_351
11935499	11938396	2898	1	2898	2898	96.55	22424347	2898	X	cb25.NA_358
11939082	11940709	2898	1270	1628	1629	95.64	22424347	2898	X	cb25.NA_358
11940989	11943438	3129	674	2450	2456	94.34	22424347	3129	X	cb25.NA_351
11945390	11949422	2	4037	4033	4036	94.50	22424347	4037	X	cb25.NA_316
11948746	11949768	13372707	13371684	1023	1024	90.23	22424347	21540570	X	X
11949620	11953653	2	4037	4034	4036	94.53	22424347	4037	X	cb25.NA_316
11949938	11953063	3129	1	3126	3129	93.77	22424347	3129	X	cb25.NA_351
11952224	11955827	2	3610	3604	3609	94.49	22424347	4037	X	cb25.NA_316
11954990	11957771	2	2786	2782	2785	94.30	22424347	4037	X	cb25.NA_316
11958568	11960552	2	1990	1985	1989	92.31	22424347	4037	X	cb25.NA_316
11959072	11960320	2786	4037	1249	1252	95.05	22424347	4037	X	cb25.NA_316
11959483	11960503	13372707	13371684	1021	1024	90.72	22424347	21540570	X	X
11959535	11960552	3129	2111	1018	1019	93.23	22424347	3129	X	cb25.NA_351
11959890	11961954	11639156	11641220	2065	2065	100.00	22424347	21540570	X	X
11962055	11972697	11641329	11651970	10643	10642	99.99	22424347	21540570	X	X
11972758	11999832	11652138	11679211	27075	27074	99.99	22424347	21540570	X	X
11999921	12030927	11679328	11710334	31007	31007	99.99	22424347	21540570	X	X
12031004	12059964	11711618	11740575	28961	28958	99.99	22424347	21540570	X	X
12040038	12041084	12279714	12280760	1047	1047	95.24	22424347	17485439	X	IV
12060096	12121236	11741072	11802207	61141	61136	99.99	22424347	21540570	X	X
12121036	12122684	11802519	11804165	1649	1647	99.21	22424347	21540570	X	X
12122539	12201063	11804915	11883434	78525	78520	99.99	22424347	21540570	X	X
12201221	12300211	11883411	11982397	98991	98987	99.99	22424347	21540570	X	X
12287893	12289151	12271553	12270295	1259	1259	99.76	22424347	19495157	X	V
12287893	12289151	1278062	1276811	1259	1252	99.13	22424347	21540570	X	X
12287898	12289151	2798	1546	1254	1253	99.60	22424347	2812	X	cb25.NA_362
12305002	12309704	11987354	11982654	4703	4701	99.96	22424347	21540570	X	X
12314687	12489151	11982498	12156953	174465	174456	99.99	22424347	21540570	X	X
12321538	12322753	944906	943683	1216	1224	97.31	22424347	21540570	X	X
12321722	12322870	19982739	19981582	1149	1158	96.55	22424347	21540570	X	X
12489211	13005717	12157143	12673619	516507	516477	99.99	22424347	21540570	X	X
12672471	12673727	660199	658943	1257	1257	99.92	22424347	16627154	X	II
12672471	12673727	13776381	13775126	1257	1256	99.76	22424347	16627154	X	II
12672472	12673727	14508248	14506993	1256	1256	99.92	22424347	16627154	X	II
12672472	12673727	38209	39464	1256	1256	99.92	22424347	44065	X	cb25.NA_117
12672473	12673731	7865184	7863925	1259	1260	99.92	22424347	21540570	X	X
12679223	12680843	7937025	7935406	1621	1620	99.69	22424347	14578851	X	III
12679224	12680845	253030	254653	1622	1624	99.75	22424347	15455979	X	I
12679224	12680844	2590735	2589114	1621	1622	99.57	22424347	14578851	X	III
12679224	12680843	316769	315149	1620	1621	99.57	22424347	19495157	X	V
12679224	12680845	1533075	1531453	1622	1623	99.51	22424347	19495157	X	V
12679225	12680844	6305539	6307158	1620	1620	99.57	22424347	15455979	X	I
12679225	12680844	3217	1598	1620	1620	99.57	22424347	10978	X	cb25.NA_238
12679542	12680845	1	1304	1304	1304	99.85	22424347	13704	X	cb25.NA_200
12703078	12704336	13726824	13728082	1259	1259	99.60	22424347	15455979	X	I
12703078	12704334	8785795	8784539	1257	1257	100.00	22424347	19495157	X	V
12703078	12704335	9388	8132	1258	1257	99.76	22424347	22500	X	cb25.NA_068
12877017	12878308	10669879	10668586	1292	1294	99.77	22424347	21540570	X	X
12923229	12924487	1464651	1463394	1259	1258	99.52	22424347	17485439	X	IV
12923229	12924487	2556466	2555208	1259	1259	99.84	22424347	21540570	X	X
12923232	12924491	2545189	2543931	1260	1259	99.68	22424347	21540570	X	X
12973744	12974813	7166837	7165764	1070	1074	93.69	22424347	17485439	X	IV
12973746	12974823	2297370	2296280	1078	1091	92.96	22424347	14578851	X	III
13005537	13083454	12678602	12756513	77918	77912	99.98	22424347	21540570	X	X
13020368	13021625	2175815	2174559	1258	1257	99.76	22424347	19495157	X	V
13061318	13062905	7658904	7657320	1588	1585	98.61	22424347	15455979	X	I
13061423	13062905	817586	816093	1483	1494	84.18	22424347	21540570	X	X
13083477	13088270	12756602	12761394	4794	4793	99.94	22424347	21540570	X	X
13083555	13142234	12761613	12820289	58680	58677	99.99	22424347	21540570	X	X
13117595	13118776	8760470	8759304	1182	1167	94.09	22424347	16627154	X	II
13117595	13118777	7353878	7355059	1183	1182	94.12	22424347	17485439	X	IV
13117595	13118777	5878575	5877396	1183	1180	94.01	22424347	21540570	X	X
13117604	13118777	20118098	20116930	1174	1169	93.79	22424347	21540570	X	X
13122439	13123687	8569654	8568412	1249	1243	97.84	22424347	14578851	X	III
13122439	13123688	167427	168676	1250	1250	98.16	22424347	21540570	X	X
13122439	13123687	14569882	14568637	1249	1246	98.16	22424347	21540570	X	X
13122439	13123687	47863	46573	1249	1291	94.28	22424347	48291	X	cb25.NA_108
13142405	13191915	12821290	12870798	49511	49509	99.99	22424347	21540570	X	X
13192020	13239960	12871152	12919090	47941	47939	99.99	22424347	21540570	X	X
13240096	13254606	12919829	12934338	14511	14510	99.99	22424347	21540570	X	X
13245243	13246254	8940294	8939317	1012	978	95.45	22424347	14578851	X	III
13246285	13247965	1681	1	1681	1681	100.00	22424347	2540	X	cb25.NA_106
13254709	13259309	12934605	12939205	4601	4601	100.00	22424347	21540570	X	X
13259599	13288461	10889396	10860556	28863	28841	99.84	22424347	21540570	X	X
13264676	13271129	9610843	9604390	6454	6454	97.84	22424347	15455979	X	I
13284662	13290142	1739	7058	5481	5320	90.84	22424347	7061	X	cb25.NA_265
13285352	13289149	10864335	10860556	3798	3780	92.95	22424347	21540570	X	X
13287818	13293819	10	5929	6002	5920	93.16	22424347	7061	X	cb25.NA_265
13289470	13290638	12942588	12941402	1169	1187	95.21	22424347	21540570	X	X
13289476	13291430	12941299	12939307	1955	1993	93.79	22424347	21540570	X	X
13290930	13294665	10864335	10860556	3736	3780	91.77	22424347	21540570	X	X
13293018	13300273	49	7061	7256	7013	91.35	22424347	7061	X	cb25.NA_265
13299469	13306820	10	7061	7352	7052	90.25	22424347	7061	X	cb25.NA_265
13304596	13310819	10	5911	6224	5902	88.59	22424347	7061	X	cb25.NA_265
13304689	13306737	12941299	12939313	2049	1987	90.74	22424347	21540570	X	X
13306105	13307331	12942588	12941402	1227	1187	92.91	22424347	21540570	X	X
13307848	13314983	49	6877	7136	6829	89.88	22424347	7061	X	cb25.NA_265
13310873	13313793	10	2847	2921	2838	92.32	22424347	7061	X	cb25.NA_265
13311736	13312925	5911	7058	1190	1148	93.61	22424347	7061	X	cb25.NA_265
13312571	13314563	12941299	12939307	1993	1993	91.56	22424347	21540570	X	X
13312754	13313942	12942588	12941402	1189	1187	93.71	22424347	21540570	X	X
13312780	13313952	5911	7061	1173	1151	95.48	22424347	7061	X	cb25.NA_265
13313611	13314755	12942588	12941446	1145	1143	93.30	22424347	21540570	X	X
13314992	13319777	5972	1124	4786	4849	95.26	22424347	7061	X	cb25.NA_265
13315634	13317606	12939307	12941299	1973	1993	94.50	22424347	21540570	X	X
13316386	13320026	10860556	10864362	3641	3807	90.26	22424347	21540570	X	X
13317996	13319944	12939307	12941299	1949	1993	94.84	22424347	21540570	X	X
13318607	13325554	7061	49	6948	7013	95.35	22424347	7061	X	cb25.NA_265
13320633	13327640	7061	10	7008	7052	96.08	22424347	7061	X	cb25.NA_265
13326355	13329488	7061	3971	3134	3091	95.06	22424347	7061	X	cb25.NA_265
13329146	13331140	12939307	12941299	1995	1993	98.25	22424347	21540570	X	X
13330012	13333065	3968	929	3054	3040	94.23	22424347	7061	X	cb25.NA_265
13330514	13333065	3969	1430	2552	2540	93.27	22424347	7061	X	cb25.NA_265
13330648	13331834	12941402	12942588	1187	1187	100.00	22424347	21540570	X	X
13332819	13436487	12943050	13046714	103669	103665	99.99	22424347	21540570	X	X
13433246	13434449	17767629	17766456	1204	1174	94.86	22424347	19495157	X	V
13433249	13434450	11599460	11598259	1202	1202	97.43	22424347	17485439	X	IV
13435901	13437185	1	1285	1285	1285	100.00	22424347	2099	X	cb25.NA_408
13437233	13444193	13046771	13053731	6961	6961	99.86	22424347	21540570	X	X
13444263	13453568	13054674	13063980	9306	9307	99.99	22424347	21540570	X	X
13453651	13457731	13064184	13068264	4081	4081	100.00	22424347	21540570	X	X
13457778	13473772	13068745	13084737	15995	15993	99.97	22424347	21540570	X	X
13467871	13469014	5295734	5294586	1144	1149	93.09	22424347	19495157	X	V
13467875	13469015	147689	148891	1141	1203	89.16	22424347	21540570	X	X
13468014	13469015	5600565	5599562	1002	1004	90.63	22424347	21540570	X	X
13473886	13475000	13086312	13087426	1115	1115	100.00	22424347	21540570	X	X
13474512	13475717	13085943	13084738	1206	1206	100.00	22424347	21540570	X	X
13475298	13533729	13087615	13146043	58432	58429	99.99	22424347	21540570	X	X
13533731	13668980	13146155	13281399	135250	135245	99.99	22424347	21540570	X	X
13669244	13716930	13281549	13329233	47687	47685	99.99	22424347	21540570	X	X
13692974	13694043	4566183	4565107	1070	1077	92.96	22424347	15455979	X	I
13692977	13694040	3046843	3045775	1064	1069	93.66	22424347	16627154	X	II
13694041	13695180	4769379	4768241	1140	1139	95.72	22424347	19495157	X	V
13716965	13720953	13333648	13337636	3989	3989	99.97	22424347	21540570	X	X
13719705	13720978	10288786	10287503	1274	1284	97.98	22424347	16627154	X	II
13719705	13720978	13341156	13339900	1274	1257	97.34	22424347	21540570	X	X
13719770	13720978	2119787	2118571	1209	1217	97.79	22424347	19495157	X	V
13719841	13721164	5824355	5823025	1324	1331	98.13	22424347	21540570	X	X
13720688	13734546	13339499	13353353	13859	13855	99.95	22424347	21540570	X	X
13721116	13722347	13337636	13336388	1232	1249	97.44	22424347	21540570	X	X
13730905	13783106	13353440	13405638	52202	52199	99.97	22424347	21540570	X	X
13736109	13737366	6061547	6060290	1258	1258	99.68	22424347	15455979	X	I
13736111	13737371	14675592	14674332	1261	1261	99.68	22424347	21540570	X	X
13736113	13737366	2672396	2673648	1254	1253	99.76	22424347	14578851	X	III
13736113	13737371	8384767	8383509	1259	1259	99.68	22424347	17485439	X	IV
13749148	13750171	8370651	8369625	1024	1027	88.61	22424347	21540570	X	X
13749148	13750177	8371305	8370272	1030	1034	88.78	22424347	21540570	X	X
13749148	13750177	8371631	8370599	1030	1033	89.74	22424347	21540570	X	X
13749148	13750177	8372283	8371253	1030	1031	90.31	22424347	21540570	X	X
13749148	13750177	8372446	8371416	1030	1031	90.02	22424347	21540570	X	X
13749148	13750177	8372609	8371579	1030	1031	89.63	22424347	21540570	X	X
13749148	13750177	8373263	8372231	1030	1033	88.02	22424347	21540570	X	X
13749148	13750177	1452	424	1030	1029	89.52	22424347	4037	X	cb25.NA_316
13749148	13750177	3569	2541	1030	1029	89.57	22424347	4037	X	cb25.NA_316
13749148	13750177	42	1071	1030	1030	90.03	22424347	3129	X	cb25.NA_351
13749148	13750177	367	1397	1030	1031	89.44	22424347	3129	X	cb25.NA_351
13749148	13750177	693	1723	1030	1031	90.41	22424347	3129	X	cb25.NA_351
13749148	13750177	1345	2375	1030	1031	89.93	22424347	3129	X	cb25.NA_351
13749148	13750177	1508	2538	1030	1031	89.73	22424347	3129	X	cb25.NA_351
13749148	13750177	182	1211	1030	1030	89.06	22424347	2898	X	cb25.NA_358
13749148	13750177	508	1537	1030	1030	90.42	22424347	2898	X	cb25.NA_358
13749148	13750177	1648	2678	1030	1031	89.83	22424347	2898	X	cb25.NA_358
13749148	13750177	1811	2840	1030	1030	90.02	22424347	2898	X	cb25.NA_358
13749149	13750177	11638412	11637386	1029	1027	88.86	22424347	21540570	X	X
13749149	13750177	1614	587	1029	1028	89.83	22424347	4037	X	cb25.NA_316
13749149	13750177	2754	1726	1029	1029	89.24	22424347	4037	X	cb25.NA_316
13749149	13750177	1183	2212	1029	1030	89.92	22424347	3129	X	cb25.NA_351
13749149	13750177	1672	2700	1029	1029	90.40	22424347	3129	X	cb25.NA_351
13749149	13750177	1160	2189	1029	1030	89.82	22424347	2898	X	cb25.NA_358
13749150	13750177	8372771	8371742	1028	1030	89.52	22424347	21540570	X	X
13749158	13750177	11639055	11638035	1020	1021	89.04	22424347	21540570	X	X
13783359	13862449	13406023	13485114	79091	79092	99.97	22424347	21540570	X	X
13790800	13791840	13416788	13415774	1041	1015	86.99	22424347	21540570	X	X
13793112	13794126	13414502	13413463	1015	1040	86.89	22424347	21540570	X	X
13847636	13849209	10938159	10936612	1574	1548	88.82	22424347	17485439	X	IV
13848089	13849395	1986297	1984948	1307	1350	90.54	22424347	15455979	X	I
13848196	13849520	20465421	20466751	1325	1331	89.49	22424347	21540570	X	X
13854400	13855657	13257424	13256165	1258	1260	99.37	22424347	15455979	X	I
13854400	13855657	20328035	20329292	1258	1258	99.44	22424347	21540570	X	X
13854401	13855657	10553908	10552652	1257	1257	99.92	22424347	15455979	X	I
13856544	13858291	1437902	1436151	1748	1752	96.69	22424347	21540570	X	X
13856564	13858291	3690791	3689059	1728	1733	97.00	22424347	19495157	X	V
13862461	13865215	13485937	13488691	2755	2755	100.00	22424347	21540570	X	X
13865316	13880656	13488829	13504169	15341	15341	99.97	22424347	21540570	X	X
13878833	13880036	17180006	17178791	1204	1216	90.23	22424347	21540570	X	X
13878836	13880046	10117634	10116415	1211	1220	89.14	22424347	21540570	X	X
13880693	13885768	13504507	13509582	5076	5076	100.00	22424347	21540570	X	X
13885771	13888814	13509830	13512873	3044	3044	100.00	22424347	21540570	X	X
13888878	13927753	13513160	13552031	38876	38872	99.78	22424347	21540570	X	X
13916156	13917404	12965339	12964090	1249	1250	99.60	22424347	16627154	X	II
13922321	13923659	5153098	5151680	1339	1419	88.12	22424347	14578851	X	III
13922321	13923659	16610042	16611362	1339	1321	90.77	22424347	19495157	X	V
13922458	13923659	5653403	5652293	1202	1111	87.00	22424347	17485439	X	IV
13922467	13923659	2142505	2141280	1193	1226	90.42	22424347	16627154	X	II
13923660	13927473	14044045	14047859	3814	3815	98.09	22424347	21540570	X	X
13923660	13925844	14045674	14047859	2185	2186	97.80	22424347	21540570	X	X
13924420	13925762	14040208	14041549	1343	1342	99.85	22424347	21540570	X	X
13925289	13929383	13547940	13552031	4095	4092	97.56	22424347	21540570	X	X
13925679	13931710	14041829	14047859	6032	6031	98.36	22424347	21540570	X	X
13926756	13930849	13547940	13552031	4094	4092	97.95	22424347	21540570	X	X
13927308	13933339	14041829	14047859	6032	6031	98.06	22424347	21540570	X	X
13929526	13933619	13547940	13552031	4094	4092	98.00	22424347	21540570	X	X
13929753	13933060	14041829	14045135	3308	3307	98.34	22424347	21540570	X	X
13932409	13954122	13555353	13577066	21714	21714	99.99	22424347	21540570	X	X
13935774	13936916	7404391	7403253	1143	1139	93.71	22424347	14578851	X	III
13935774	13936916	8055	6917	1143	1139	93.71	22424347	13345	X	cb25.NA_191
13954091	14096686	13577640	13720185	142596	142546	99.87	22424347	21540570	X	X
14078647	14079915	4854117	4852850	1269	1268	99.68	22424347	15455979	X	I
14078658	14079918	4234676	4233416	1261	1261	100.00	22424347	15455979	X	I
14078658	14079914	3142162	3143418	1257	1257	99.76	22424347	19495157	X	V
14078661	14079922	5925699	5924440	1262	1260	99.52	22424347	16627154	X	II
14078661	14079920	16310201	16308943	1260	1259	99.84	22424347	21540570	X	X
14093295	14096581	13716906	13720191	3287	3286	91.30	22424347	21540570	X	X
14095172	14098572	13716793	13720185	3401	3393	96.88	22424347	21540570	X	X
14096684	14101603	778	5696	4920	4919	95.33	22424347	8392	X	cb25.NA_081
14099241	14104155	783	5696	4915	4914	93.62	22424347	8392	X	cb25.NA_081
14103142	14106338	13732337	13735533	3197	3197	93.31	22424347	21540570	X	X
14103903	14108838	785	5718	4936	4934	92.53	22424347	8392	X	cb25.NA_081
14106675	14107856	5899	7080	1182	1182	97.04	22424347	8392	X	cb25.NA_081
14107785	14112717	783	5718	4933	4936	93.34	22424347	8392	X	cb25.NA_081
14110561	14115489	785	5718	4929	4934	92.27	22424347	8392	X	cb25.NA_081
14112099	14113150	7342	8392	1052	1051	99.53	22424347	8392	X	cb25.NA_081
14112437	14116749	778	5092	4313	4315	93.51	22424347	8392	X	cb25.NA_081
14118415	14120404	5092	7080	1990	1989	95.88	22424347	8392	X	cb25.NA_081
14118439	14120720	1	2279	2282	2279	91.82	22424347	8392	X	cb25.NA_081
14122833	14126032	13732337	13735533	3200	3197	93.50	22424347	21540570	X	X
14125611	14128808	13732338	13735533	3198	3196	97.15	22424347	21540570	X	X
14126498	14432264	13732337	14038086	305767	305750	99.93	22424347	21540570	X	X
14213708	14214722	18493339	18492335	1015	1005	89.23	22424347	21540570	X	X
14215339	14217077	13822911	13821173	1739	1739	87.07	22424347	21540570	X	X
14275771	14276882	3253877	3255000	1112	1124	93.31	22424347	17485439	X	IV
14382479	14383632	19202127	19200877	1154	1251	90.33	22424347	19495157	X	V
14426058	14427074	18649789	18648772	1017	1018	97.15	22424347	19495157	X	V
14426064	14427072	6466785	6465775	1009	1011	97.23	22424347	17485439	X	IV
14426064	14427072	6529222	6530232	1009	1011	97.23	22424347	17485439	X	IV
14426065	14427073	14935456	14934450	1009	1007	98.12	22424347	19495157	X	V
14426068	14427073	9386605	9385600	1006	1006	98.61	22424347	17485439	X	IV
14431710	14433162	14035942	14034492	1453	1451	99.38	22424347	21540570	X	X
14433095	14434475	14049339	14047960	1381	1380	99.86	22424347	21540570	X	X
14434572	14459778	14047960	14073165	25207	25206	99.98	22424347	21540570	X	X
14459820	14504552	14073745	14118473	44733	44729	99.98	22424347	21540570	X	X
14504284	14644640	14119253	14259604	140357	140352	99.98	22424347	21540570	X	X
14509718	14510851	4149122	4147995	1134	1128	90.61	22424347	17485439	X	IV
14510727	14511740	3250151	3251158	1014	1008	94.40	22424347	17485439	X	IV
14624279	14625300	14257473	14256452	1022	1022	81.54	22424347	21540570	X	X
14629976	14631221	1759164	1757913	1246	1252	96.49	22424347	17485439	X	IV
14629978	14631232	21231647	21230380	1255	1268	95.12	22424347	21540570	X	X
14641487	14642508	14240265	14239244	1022	1022	81.54	22424347	21540570	X	X
14644606	14669218	14283993	14259382	24613	24612	99.99	22424347	21540570	X	X
14669180	14723408	14285002	14339228	54229	54227	99.99	22424347	21540570	X	X
14723263	14914234	14343074	14534039	190972	190966	99.99	22424347	21540570	X	X
14914307	15007202	14534277	14627162	92896	92886	99.99	22424347	21540570	X	X
14948672	14949919	10694267	10693021	1248	1247	97.76	22424347	14578851	X	III
14948672	14949879	11243303	11242091	1208	1213	97.53	22424347	14578851	X	III
14948672	14949918	778806	777561	1247	1246	97.20	22424347	19495157	X	V
14948672	14949918	12801742	12800495	1247	1248	98.16	22424347	21540570	X	X
15007272	15023937	14627771	14644436	16666	16666	99.99	22424347	21540570	X	X
15023998	15059291	14644583	14679874	35294	35292	99.99	22424347	21540570	X	X
15053754	15055009	14373939	14372684	1256	1256	99.76	22424347	16627154	X	II
15053754	15055009	19629061	19627806	1256	1256	99.84	22424347	21540570	X	X
15059364	15076405	14680188	14697228	17042	17041	99.98	22424347	21540570	X	X
15066699	15067957	13616163	13617413	1259	1251	99.29	22424347	15455979	X	I
15066702	15067960	16089131	16087873	1259	1259	99.76	22424347	21540570	X	X
15073777	15075034	7800353	7799096	1258	1258	99.68	22424347	19495157	X	V
15073781	15075036	4812059	4810804	1256	1256	99.76	22424347	14578851	X	III
15073781	15075038	10294536	10293280	1258	1257	99.68	22424347	21540570	X	X
15076519	15131480	14704710	14759667	54962	54958	99.97	22424347	21540570	X	X
15083022	15084295	6088102	6086843	1274	1260	97.49	22424347	14578851	X	III
15083022	15084295	8363611	8362354	1274	1258	98.59	22424347	21540570	X	X
15083023	15084295	11892197	11890940	1273	1258	98.51	22424347	14578851	X	III
15131572	15139104	14759996	14767527	7533	7532	99.96	22424347	21540570	X	X
15138943	15150456	14768215	14779728	11514	11514	99.98	22424347	21540570	X	X
15151657	15213999	14780354	14842692	62343	62339	99.98	22424347	21540570	X	X
15193846	15195010	15857802	15856590	1165	1213	92.56	22424347	21540570	X	X
15214052	15240958	14843287	14870192	26907	26906	99.99	22424347	21540570	X	X
15218098	15219350	5878578	5877313	1253	1266	93.08	22424347	21540570	X	X
15218100	15219358	11659445	11658173	1259	1273	93.50	22424347	14578851	X	III
15240933	15252660	14873774	14885500	11728	11727	99.99	22424347	21540570	X	X
15252556	15399374	14886175	15032984	146819	146810	99.99	22424347	21540570	X	X
15256286	15258183	6730977	6729133	1898	1845	92.86	22424347	19495157	X	V
15266523	15267529	15659450	15658434	1007	1017	93.04	22424347	19495157	X	V
15266523	15267529	20694241	20695282	1007	1042	90.35	22424347	21540570	X	X
15274583	15275840	9164888	9163632	1258	1257	99.76	22424347	19495157	X	V
15274584	15275843	13833212	13831953	1260	1260	99.76	22424347	17485439	X	IV
15274584	15275842	16310203	16308946	1259	1258	99.84	22424347	21540570	X	X
15274585	15275840	13771654	13770399	1256	1256	100.00	22424347	17485439	X	IV
15274586	15275844	20328039	20329297	1259	1259	99.37	22424347	21540570	X	X
15299855	15300904	14934520	14933471	1050	1050	84.75	22424347	21540570	X	X
15393738	15458450	15033985	15098695	64713	64711	99.99	22424347	21540570	X	X
15447516	15448773	2786418	2785162	1258	1257	99.76	22424347	15455979	X	I
15447516	15448773	8314337	8315594	1258	1258	99.84	22424347	15455979	X	I
15447516	15448773	12490114	12488858	1258	1257	99.68	22424347	17485439	X	IV
15447516	15448773	15850633	15849376	1258	1258	99.76	22424347	21540570	X	X
15447517	15448773	990243	988987	1257	1257	99.92	22424347	16627154	X	II
15458330	15470398	15098731	15110797	12069	12067	99.98	22424347	21540570	X	X
15470589	15599589	15111030	15239875	129001	128846	99.78	22424347	21540570	X	X
15538802	15539998	4543144	4541943	1197	1202	84.81	22424347	17485439	X	IV
15538802	15539997	4235380	4234215	1196	1166	83.06	22424347	19495157	X	V
15538802	15539997	597342	598531	1196	1190	85.43	22424347	21540570	X	X
15538802	15539997	661295	662484	1196	1190	85.43	22424347	21540570	X	X
15591206	15592389	7092834	7091651	1184	1184	99.92	22424347	14578851	X	III
15591252	15593848	15691922	15689300	2597	2623	98.44	22424347	19495157	X	V
15591926	15593810	12845356	12847259	1885	1904	96.81	22424347	14578851	X	III
15592100	15593755	5022536	5020859	1656	1678	98.15	22424347	17485439	X	IV
15596076	15597129	20836183	20837206	1054	1024	87.96	22424347	21540570	X	X
15596076	15597114	1248	230	1039	1019	88.08	22424347	6174	X	cb25.NA_001
15596077	15597389	10156623	10157926	1313	1304	88.24	22424347	19495157	X	V
15596079	15598407	14442607	14440331	2329	2277	84.50	22424347	16627154	X	II
15596861	15599859	15236937	15239875	2999	2939	90.03	22424347	21540570	X	X
15670883	15672184	15252783	15254044	1302	1262	86.80	22424347	21540570	X	X
15671353	15680690	15252783	15262100	9338	9318	99.28	22424347	21540570	X	X
15680644	15746682	15262204	15328242	66039	66039	99.98	22424347	21540570	X	X
15736985	15738107	2669025	2667910	1123	1116	93.51	22424347	17485439	X	IV
15746739	15787360	15328359	15368977	40622	40619	99.99	22424347	21540570	X	X
15787429	15789745	15369069	15371385	2317	2317	99.48	22424347	21540570	X	X
15789956	15885835	15372013	15467886	95880	95874	99.98	22424347	21540570	X	X
15885817	15910892	15468258	15493342	25076	25085	99.90	22424347	21540570	X	X
15893954	15895279	4433881	4432535	1326	1347	95.34	22424347	14578851	X	III
15893954	15895274	1499694	1498375	1321	1320	94.92	22424347	19495157	X	V
15893954	15895168	944893	943683	1215	1211	96.63	22424347	21540570	X	X
15894055	15895274	11526378	11525156	1220	1223	94.88	22424347	21540570	X	X
15894189	15895280	18029116	18028029	1092	1088	96.80	22424347	19495157	X	V
15911042	15922692	15493836	15505483	11651	11648	99.88	22424347	21540570	X	X
15915443	15917815	4030563	4028187	2373	2377	98.66	22424347	17485439	X	IV
15918549	15920294	4028188	4026441	1746	1748	99.20	22424347	17485439	X	IV
15922761	15944963	15506033	15528235	22203	22203	99.92	22424347	21540570	X	X
15944801	15978941	15527935	15562074	34141	34140	99.95	22424347	21540570	X	X
15978961	15989213	15562195	15572445	10253	10251	99.98	22424347	21540570	X	X
15987716	15988768	4381835	4380790	1053	1046	91.49	22424347	17485439	X	IV
15988960	15995392	15572500	15578933	6433	6434	99.97	22424347	21540570	X	X
15995776	15997116	15579051	15580391	1341	1341	99.63	22424347	21540570	X	X
15997483	16046945	15580664	15630125	49463	49462	99.96	22424347	21540570	X	X
16033504	16034753	1759162	1757910	1250	1253	95.87	22424347	17485439	X	IV
16033504	16034761	16436048	16434783	1258	1266	95.35	22424347	21540570	X	X
16042924	16048194	1	5271	5271	5271	99.70	22424347	6357	X	cb25.NA_272
16044917	16046092	10255431	10254262	1176	1170	97.28	22424347	15455979	X	I
16044917	16046092	6645380	6644216	1176	1165	90.89	22424347	16627154	X	II
16044917	16046094	14224797	14223626	1178	1172	96.02	22424347	16627154	X	II
16045005	16046092	645575	644500	1088	1076	89.76	22424347	19495157	X	V
16046093	16048467	3985	6357	2375	2373	97.31	22424347	6357	X	cb25.NA_272
16047560	16050749	3170	6357	3190	3188	97.74	22424347	6357	X	cb25.NA_272
16048357	16049445	5271	6357	1089	1087	96.51	22424347	6357	X	cb25.NA_272
16049064	16050744	15239978	15241659	1681	1682	95.96	22424347	21540570	X	X
16053754	16056943	3170	6357	3190	3188	96.87	22424347	6357	X	cb25.NA_272
16053796	16055471	15239983	15241659	1676	1677	95.65	22424347	21540570	X	X
16057540	16059220	15239978	15241659	1681	1682	96.79	22424347	21540570	X	X
16059170	16060569	15239978	15241377	1400	1400	99.00	22424347	21540570	X	X
16060861	16063218	15243752	15246083	2358	2332	98.13	22424347	21540570	X	X
16064965	16069223	309	4562	4259	4254	96.08	22424347	4562	X	cb25.NA_303
16065960	16067727	1	1765	1768	1765	95.53	22424347	4562	X	cb25.NA_303
16074687	16097822	15631126	15654269	23136	23144	99.90	22424347	21540570	X	X
16080482	16081536	14328352	14327264	1055	1089	81.35	22424347	17485439	X	IV
16084506	16085831	16143343	16141994	1326	1350	89.99	22424347	21540570	X	X
16084652	16086314	5508322	5509979	1663	1658	89.99	22424347	19495157	X	V
16084652	16085654	21007948	21008945	1003	998	88.56	22424347	21540570	X	X
16085241	16086312	21390731	21389655	1072	1077	92.62	22424347	21540570	X	X
16097277	16099543	15249514	15251780	2267	2267	99.96	22424347	21540570	X	X
16098632	16265020	15651349	15817705	166389	166357	99.97	22424347	21540570	X	X
16111948	16113144	8760470	8759288	1197	1183	93.82	22424347	16627154	X	II
16111948	16113229	11659444	11658163	1282	1282	95.17	22424347	14578851	X	III
16111948	16113221	1590733	1589462	1274	1272	94.67	22424347	21540570	X	X
16111948	16113212	5878575	5877313	1265	1263	93.91	22424347	21540570	X	X
16111955	16113221	3970106	3968847	1267	1260	93.69	22424347	15455979	X	I
16111982	16113221	8769307	8768044	1240	1264	92.97	22424347	15455979	X	I
16111990	16113174	3342103	3343284	1185	1182	93.59	22424347	17485439	X	IV
16181027	16182202	5939236	5938081	1176	1156	78.78	22424347	21540570	X	X
16191509	16192765	8713543	8712283	1257	1261	99.45	22424347	17485439	X	IV
16191513	16192765	2658254	2656997	1253	1258	99.28	22424347	17485439	X	IV
16191513	16192768	16678646	16677387	1256	1260	99.37	22424347	19495157	X	V
16210367	16211378	6563606	6564620	1012	1015	91.78	22424347	17485439	X	IV
16265079	16306145	15818706	15859770	41067	41065	99.99	22424347	21540570	X	X
16271023	16272223	3035081	3033846	1201	1236	93.53	22424347	16627154	X	II
16271023	16272223	13951289	13950053	1201	1237	94.34	22424347	19495157	X	V
16284336	16285370	13137333	13136273	1035	1061	90.76	22424347	17485439	X	IV
16284346	16285371	5303262	5302196	1026	1067	87.76	22424347	19495157	X	V
16285785	16287096	15842249	15840923	1312	1327	91.14	22424347	21540570	X	X
16287297	16288623	15840722	15839411	1327	1312	91.14	22424347	21540570	X	X
16301855	16302974	19090083	19088943	1120	1141	93.87	22424347	21540570	X	X
16302965	16304177	14823704	14822540	1213	1165	92.56	22424347	21540570	X	X
16302968	16304178	5161798	5163008	1211	1211	96.88	22424347	17485439	X	IV
16302974	16304174	11599460	11598264	1201	1197	97.10	22424347	17485439	X	IV
16303894	16306252	15860984	15863341	2359	2358	99.87	22424347	21540570	X	X
16304174	16305724	9288691	9287133	1551	1559	95.54	22424347	14578851	X	III
16304174	16305502	7961323	7959991	1329	1333	96.70	22424347	19495157	X	V
16304174	16305370	7965793	7964594	1197	1200	97.01	22424347	19495157	X	V
16306713	16344197	15863387	15900870	37485	37484	99.99	22424347	21540570	X	X
16344182	16368999	15900791	15925608	24818	24818	100.00	22424347	21540570	X	X
16370011	16396296	15926622	15952907	26286	26286	99.99	22424347	21540570	X	X
16370531	16371790	18838828	18837569	1260	1260	99.68	22424347	21540570	X	X
16370532	16371790	5985497	5984240	1259	1258	99.60	22424347	19495157	X	V
16374013	16375040	15659451	15658437	1028	1015	94.75	22424347	19495157	X	V
16396202	16428457	15952287	15984542	32256	32256	99.99	22424347	21540570	X	X
16412306	16413559	5107217	5105965	1254	1253	99.12	22424347	21540570	X	X
16428662	16464043	15985117	16020496	35382	35380	99.97	22424347	21540570	X	X
16464540	16553245	16021160	16109870	88706	88711	99.97	22424347	21540570	X	X
16531254	16532512	14688785	14687526	1259	1260	99.68	22424347	21540570	X	X
16564589	16565656	16112586	16113653	1068	1068	99.06	22424347	21540570	X	X
16567430	16568601	16111809	16112980	1172	1172	99.23	22424347	21540570	X	X
16567985	16569104	16111196	16112314	1120	1119	99.55	22424347	21540570	X	X
16569782	16571182	16112364	16113764	1401	1401	99.43	22424347	21540570	X	X
16571121	16572403	16111809	16113091	1283	1283	98.99	22424347	21540570	X	X
16580176	16581512	16109259	16110595	1337	1337	98.95	22424347	21540570	X	X
16590214	16591647	16127491	16128922	1434	1432	98.95	22424347	21540570	X	X
16590880	16592313	16127491	16128922	1434	1432	99.65	22424347	21540570	X	X
16591647	16604559	16129012	16141921	12913	12910	99.98	22424347	21540570	X	X
16604379	16605466	2480156	2479070	1088	1087	96.51	22424347	14578851	X	III
16604379	16605630	943676	942434	1252	1243	92.57	22424347	21540570	X	X
16604379	16606216	15642761	15640955	1838	1807	90.75	22424347	21540570	X	X
16604866	16610310	16141993	16147437	5445	5445	99.72	22424347	21540570	X	X
16605289	16608345	20734696	20737737	3057	3042	91.26	22424347	21540570	X	X
16605728	16606833	942339	941235	1106	1105	88.83	22424347	21540570	X	X
16606394	16608116	2478038	2476318	1723	1721	90.52	22424347	14578851	X	III
16606928	16608248	742584	741265	1321	1320	95.09	22424347	17485439	X	IV
16607224	16608350	10771370	10770243	1127	1128	92.04	22424347	16627154	X	II
16608787	16613325	14	4551	4539	4538	96.39	22424347	9632	X	cb25.NA_244
16609662	16615471	3822	9632	5810	5811	96.39	22424347	9632	X	cb25.NA_244
16610090	16611614	16145914	16147437	1525	1524	99.08	22424347	21540570	X	X
16611874	16617484	5	5613	5611	5609	96.79	22424347	9632	X	cb25.NA_244
16613580	16618386	16147545	16152349	4807	4805	95.86	22424347	21540570	X	X
16617974	16622787	16147538	16152349	4814	4812	96.78	22424347	21540570	X	X
16618068	16624706	5	6641	6639	6637	95.00	22424347	9632	X	cb25.NA_244
16618077	16620850	6858	9632	2774	2775	96.76	22424347	9632	X	cb25.NA_244
16621009	16624274	6367	9632	3266	3266	95.93	22424347	9632	X	cb25.NA_244
16621817	16629432	5	7618	7616	7614	94.21	22424347	9632	X	cb25.NA_244
16624220	16627409	6357	3170	3190	3188	93.04	22424347	6357	X	cb25.NA_272
16624262	16630077	5	5818	5816	5814	95.68	22424347	9632	X	cb25.NA_244
16624871	16627859	6643	9632	2989	2990	95.69	22424347	9632	X	cb25.NA_244
16629921	16631934	7618	9632	2014	2015	96.03	22424347	9632	X	cb25.NA_244
16630199	16633811	16147538	16151151	3613	3614	97.48	22424347	21540570	X	X
16631058	16634866	5821	9632	3809	3812	95.52	22424347	9632	X	cb25.NA_244
16633389	16642178	5	8799	8790	8795	96.28	22424347	9632	X	cb25.NA_244
16633982	16635173	16151159	16152349	1192	1191	98.41	22424347	21540570	X	X
16637374	16647686	16147545	16157853	10313	10309	98.42	22424347	21540570	X	X
16647311	16649379	16156953	16154887	2069	2067	99.66	22424347	21540570	X	X
16648710	16653323	16157933	16162545	4614	4613	99.89	22424347	21540570	X	X
16653537	16673271	16163170	16182903	19735	19734	99.99	22424347	21540570	X	X
16663366	16664452	4381791	4380707	1087	1085	91.67	22424347	17485439	X	IV
16673552	16674724	1	1173	1173	1173	100.00	22424347	42500	X	cb25.NA_072
16674875	16676062	1617	2804	1188	1188	100.00	22424347	42500	X	cb25.NA_072
16676088	16677530	16182903	16181463	1443	1441	99.72	22424347	21540570	X	X
16677967	16684063	4442	10538	6097	6097	100.00	22424347	42500	X	cb25.NA_072
16684113	16703616	11504	31008	19504	19505	99.36	22424347	42500	X	cb25.NA_072
16700051	16704525	4484	1	4475	4484	95.71	22424347	4484	X	cb25.NA_305
16714862	16718652	4484	693	3791	3792	97.26	22424347	4484	X	cb25.NA_305
16715350	16718652	4484	1182	3303	3303	97.40	22424347	4484	X	cb25.NA_305
16719192	16720373	1182	1	1182	1182	99.83	22424347	4484	X	cb25.NA_305
16753944	16769692	26764	42500	15749	15737	98.13	22424347	42500	X	cb25.NA_072
16757396	16759877	4484	2005	2482	2480	94.49	22424347	4484	X	cb25.NA_305
16769219	16770603	729	2105	1385	1377	98.70	22424347	2106	X	cb25.NA_406
16770769	16771895	1	1127	1127	1127	97.96	22424347	2106	X	cb25.NA_406
16782809	16796187	16236666	16223288	13379	13379	99.92	22424347	21540570	X	X
16784336	16786025	16236669	16234988	1690	1682	98.46	22424347	21540570	X	X
16790893	16792242	7699637	7698274	1350	1364	87.45	22424347	21540570	X	X
16796369	16804616	16222643	16214396	8248	8248	99.88	22424347	21540570	X	X
16804892	16833927	16214904	16185885	29036	29020	99.85	22424347	21540570	X	X
16816564	16817655	16202151	16203242	1092	1092	93.67	22424347	21540570	X	X
16835847	16836874	16184031	16183004	1028	1028	100.00	22424347	21540570	X	X
16840208	16842238	6	1968	2031	1963	90.00	22424347	1969	X	cb25.NA_415
16842994	16845063	4	1965	2070	1962	86.97	22424347	1969	X	cb25.NA_415
16848476	16851179	3054	5691	2704	2638	90.75	22424347	5693	X	cb25.NA_293
16849727	16851799	6	1969	2073	1964	88.59	22424347	1969	X	cb25.NA_415
16850834	16856142	522	5691	5309	5170	89.07	22424347	5693	X	cb25.NA_293
16851115	16853977	2746	2	2863	2745	90.41	22424347	2750	X	cb25.NA_364
16852527	16855305	2750	2	2779	2749	91.07	22424347	2750	X	cb25.NA_364
16860418	16862262	2381	542	1845	1840	89.64	22424347	2750	X	cb25.NA_364
16862460	16863732	1098	2369	1273	1272	90.45	22424347	5693	X	cb25.NA_293
16862677	16863732	16243784	16244781	1056	998	91.00	22424347	21540570	X	X
16863929	16865738	3351	5185	1810	1835	89.98	22424347	5693	X	cb25.NA_293
16865935	16867072	827	1956	1138	1130	90.68	22424347	1969	X	cb25.NA_415
16869530	16870920	1611	280	1391	1332	91.90	22424347	2750	X	cb25.NA_364
16871653	16872853	1186	2	1201	1185	89.88	22424347	2750	X	cb25.NA_364
16872248	16873579	16243797	16245117	1332	1321	91.01	22424347	21540570	X	X
16874164	16876504	2366	3	2341	2364	89.31	22424347	2750	X	cb25.NA_364
16876840	16878637	208	1956	1798	1749	88.79	22424347	1969	X	cb25.NA_415
16880727	16883513	2750	2	2787	2749	91.59	22424347	2750	X	cb25.NA_364
16882492	16885431	2748	5691	2940	2944	90.16	22424347	5693	X	cb25.NA_293
16883528	16886225	2745	2	2698	2744	91.50	22424347	2750	X	cb25.NA_364
16884463	16889911	522	5693	5449	5172	88.14	22424347	5693	X	cb25.NA_293
16886304	16889130	2746	2	2827	2745	89.32	22424347	2750	X	cb25.NA_364
16888090	16890899	2746	2	2810	2745	90.35	22424347	2750	X	cb25.NA_364
16889353	16891609	2746	452	2257	2295	91.14	22424347	2750	X	cb25.NA_364
16890989	16896055	522	5691	5067	5170	91.30	22424347	5693	X	cb25.NA_293
16891274	16893957	2750	2	2684	2749	92.80	22424347	2750	X	cb25.NA_364
16894637	16897765	522	3760	3129	3239	90.46	22424347	5693	X	cb25.NA_293
16895294	16896930	16243784	16245430	1637	1647	93.52	22424347	21540570	X	X
16897765	16899509	3955	5691	1745	1737	93.62	22424347	5693	X	cb25.NA_293
16898304	16903473	522	5693	5170	5172	90.66	22424347	5693	X	cb25.NA_293
16905690	16908399	2750	2	2710	2749	93.00	22424347	2750	X	cb25.NA_364
16906694	16908624	4	1969	1931	1966	92.29	22424347	1969	X	cb25.NA_415
16911731	16914438	2750	2	2708	2749	91.47	22424347	2750	X	cb25.NA_364
16914305	16916216	4	1968	1912	1965	91.77	22424347	1969	X	cb25.NA_415
16915604	16919855	1463	5691	4252	4229	90.40	22424347	5693	X	cb25.NA_293
16917218	16919188	4	1969	1971	1966	89.89	22424347	1969	X	cb25.NA_415
16921734	16924438	2750	2	2705	2749	91.32	22424347	2750	X	cb25.NA_364
16928166	16933391	522	5691	5226	5170	89.07	22424347	5693	X	cb25.NA_293
16938192	16940970	2750	2	2779	2749	91.83	22424347	2750	X	cb25.NA_364
16939808	16942588	2746	9	2781	2738	91.79	22424347	2750	X	cb25.NA_364
16940390	16945544	685	5673	5155	4989	89.87	22424347	5693	X	cb25.NA_293
16944408	16947168	2750	2	2761	2749	91.06	22424347	2750	X	cb25.NA_364
16946677	16948264	7	1589	1588	1583	92.21	22424347	1969	X	cb25.NA_415
16947183	16948285	522	1603	1103	1082	90.13	22424347	5693	X	cb25.NA_293
16949780	16951455	16243784	16245402	1676	1619	91.15	22424347	21540570	X	X
16953112	16954745	16243784	16245430	1634	1647	96.34	22424347	21540570	X	X
16953518	16977287	16243784	16267515	23770	23732	99.54	22424347	21540570	X	X
16977543	16998966	16268241	16289663	21424	21423	99.99	22424347	21540570	X	X
16999150	17040108	16290127	16331084	40959	40958	99.99	22424347	21540570	X	X
17017966	17019225	13703420	13702162	1260	1259	99.84	22424347	21540570	X	X
17017969	17019227	14909459	14908201	1259	1259	99.92	22424347	21540570	X	X
17017972	17019225	10489163	10487911	1254	1253	99.92	22424347	21540570	X	X
17017972	17019225	20010506	20009254	1254	1253	99.84	22424347	21540570	X	X
17040226	17050884	16331095	16341753	10659	10659	99.99	22424347	21540570	X	X
17051230	17056835	16342672	16348276	5606	5605	99.98	22424347	21540570	X	X
17056936	17134033	16349443	16426551	77098	77109	99.95	22424347	21540570	X	X
17061126	17067841	6716	1	6716	6716	99.96	22424347	7406	X	cb25.NA_099
17063440	17064696	2357646	2356390	1257	1257	99.52	22424347	17485439	X	IV
17063440	17064696	12644768	12643513	1257	1256	99.60	22424347	17485439	X	IV
17063440	17064563	1124	1	1124	1124	99.91	22424347	47958	X	cb25.NA_055
17063443	17064700	309874	308617	1258	1258	99.92	22424347	19495157	X	V
17085071	17089100	14892590	14888560	4030	4031	97.12	22424347	19495157	X	V
17086901	17089100	11554124	11551921	2200	2204	97.10	22424347	17485439	X	IV
17134088	17215693	16427087	16508701	81606	81615	99.98	22424347	21540570	X	X
17141780	17143049	5849022	5847764	1270	1259	95.45	22424347	19495157	X	V
17141781	17143055	7938874	7937602	1275	1273	96.25	22424347	19495157	X	V
17141782	17143049	13183427	13182161	1268	1267	96.31	22424347	17485439	X	IV
17141783	17143058	8700483	8699216	1276	1268	95.70	22424347	21540570	X	X
17141783	17143051	14246198	14244941	1269	1258	94.67	22424347	21540570	X	X
17141784	17143054	12863967	12862695	1271	1273	96.32	22424347	16627154	X	II
17141784	17143053	1477709	1476444	1270	1266	96.08	22424347	17485439	X	IV
17141784	17143049	5815663	5814406	1266	1258	96.30	22424347	17485439	X	IV
17141784	17143049	20018652	20017391	1266	1262	96.06	22424347	21540570	X	X
17141790	17143050	4842548	4841296	1261	1253	95.26	22424347	19495157	X	V
17195703	17278251	16488701	16571253	82549	82553	99.97	22424347	21540570	X	X
17278335	17285514	16571577	16578756	7180	7180	100.00	22424347	21540570	X	X
17285545	17322933	16579209	16616595	37389	37387	99.99	22424347	21540570	X	X
17322692	17328609	16617230	16623145	5918	5916	99.83	22424347	21540570	X	X
17328632	17345255	16623634	16640255	16624	16622	99.99	22424347	21540570	X	X
17345382	17350203	16640569	16645391	4822	4823	99.63	22424347	21540570	X	X
17350190	17417716	16649156	16716678	67527	67523	99.99	22424347	21540570	X	X
17414320	17448638	16717679	16751996	34319	34318	99.99	22424347	21540570	X	X
17448764	17506164	16752007	16809399	57401	57393	99.98	22424347	21540570	X	X
17464470	17465530	7686723	7685628	1061	1096	94.26	22424347	19495157	X	V
17472833	17474221	16781638	16780257	1389	1382	98.56	22424347	21540570	X	X
17477019	17478400	16777461	16776073	1382	1389	98.56	22424347	21540570	X	X
17488784	17489834	19541	20593	1051	1053	93.88	22424347	38777	X	cb25.NA_204
17504903	17511906	16817403	16810400	7004	7004	100.00	22424347	21540570	X	X
17511512	17512520	16809146	16808138	1009	1009	99.80	22424347	21540570	X	X
17511512	17529840	16816395	16834721	18329	18327	99.97	22424347	21540570	X	X
17522395	17523694	11063775	11062482	1300	1294	85.14	22424347	17485439	X	IV
17522446	17523683	7553879	7552667	1238	1213	80.85	22424347	15455979	X	I
17530039	17546762	16835470	16852197	16724	16728	99.73	22424347	21540570	X	X
17546803	17609536	16852298	16915023	62734	62726	99.98	22424347	21540570	X	X
17566157	17567416	15651089	15649826	1260	1264	99.53	22424347	16627154	X	II
17583461	17584616	6348826	6347681	1156	1146	96.72	22424347	19495157	X	V
17583461	17584616	7577657	7576498	1156	1160	97.85	22424347	21540570	X	X
17584616	17585927	4926914	4928245	1312	1332	96.32	22424347	19495157	X	V
17584616	17585726	6347428	6346319	1111	1110	97.75	22424347	19495157	X	V
17584616	17585927	7576245	7574916	1312	1330	96.40	22424347	21540570	X	X
17585030	17586055	7541218	7542228	1026	1011	91.21	22424347	21540570	X	X
17585929	17586946	6345590	6344558	1018	1033	90.37	22424347	19495157	X	V
17602159	17603372	5336391	5335165	1214	1227	80.73	22424347	16627154	X	II
17609559	17733701	16919437	17043575	124143	124139	99.99	22424347	21540570	X	X
17733716	17766931	17043885	17077099	33216	33215	99.99	22424347	21540570	X	X
17767069	17824474	17077241	17134645	57406	57405	99.99	22424347	21540570	X	X
17778405	17779697	2036749	2035435	1293	1315	92.51	22424347	14578851	X	III
17778405	17779697	3214544	3215853	1293	1310	92.06	22424347	17485439	X	IV
17778670	17779697	13070222	13069156	1028	1067	93.46	22424347	16627154	X	II
17823240	17824503	6662815	6661552	1264	1264	99.45	22424347	14578851	X	III
17823246	17824499	17149847	17151100	1254	1254	99.76	22424347	21540570	X	X
17824658	17842340	17135267	17152946	17683	17680	99.97	22424347	21540570	X	X
17835675	17836835	17147444	17146284	1161	1161	87.41	22424347	21540570	X	X
17837089	17860440	17152957	17176309	23352	23353	99.94	22424347	21540570	X	X
17839234	17840493	17830842	17829584	1260	1259	99.76	22424347	21540570	X	X
17839236	17840506	20338698	20339967	1271	1270	99.61	22424347	21540570	X	X
17847987	17849024	7166841	7165764	1038	1078	92.70	22424347	17485439	X	IV
17860666	17880972	17177689	17197994	20307	20306	99.96	22424347	21540570	X	X
17861768	17862983	13503549	13502346	1216	1204	90.23	22424347	21540570	X	X
17880995	17887237	17198755	17204997	6243	6243	99.97	22424347	21540570	X	X
17887332	17909484	17205740	17227890	22153	22151	99.96	22424347	21540570	X	X
17909671	17954059	17228098	17272484	44389	44387	99.98	22424347	21540570	X	X
17950252	17954636	17277868	17273484	4385	4385	99.89	22424347	21540570	X	X
17950919	17952538	4420	2803	1620	1618	99.88	22424347	4420	X	cb25.NA_157
17955319	17956567	1	1249	1249	1249	100.00	22424347	4420	X	cb25.NA_157
17956159	17968535	17273484	17285859	12377	12376	99.99	22424347	21540570	X	X
17956736	17960543	17272484	17268677	3808	3808	99.87	22424347	21540570	X	X
17958257	17959876	2803	4420	1620	1618	99.88	22424347	4420	X	cb25.NA_157
17968565	17979747	17286558	17297740	11183	11183	100.00	22424347	21540570	X	X
17973859	17980356	10089	3592	6498	6498	99.98	22424347	10089	X	cb25.NA_187
17978982	17982324	17320405	17317072	3343	3334	99.19	22424347	21540570	X	X
17982685	17983959	1275	1	1275	1275	99.92	22424347	10089	X	cb25.NA_187
17986318	17990684	17406400	17410767	4367	4368	99.98	22424347	21540570	X	X
17987592	17989390	17419811	17418013	1799	1799	100.00	22424347	21540570	X	X
17990077	18001044	17417367	17406400	10968	10968	100.00	22424347	21540570	X	X
17997971	17999770	17418013	17419811	1800	1799	99.94	22424347	21540570	X	X
18003403	18004677	1	1275	1275	1275	100.00	22424347	10089	X	cb25.NA_187
18005038	18023690	17317072	17335724	18653	18653	99.98	22424347	21540570	X	X
18007006	18008371	3592	4966	1366	1375	98.26	22424347	10089	X	cb25.NA_187
18010557	18011604	7382930	7381893	1048	1038	86.58	22424347	21540570	X	X
18023764	18063460	17335963	17375659	39697	39697	99.99	22424347	21540570	X	X
18063491	18086975	17379908	17403390	23485	23483	99.97	22424347	21540570	X	X
18074216	18075879	3254159	3255838	1664	1680	93.23	22424347	17485439	X	IV
18086632	18088080	17403955	17405399	1449	1445	97.93	22424347	21540570	X	X
18086632	18088118	1517	3	1487	1515	93.33	22424347	3483	X	cb25.NA_016
18086632	18089413	29575	26764	2782	2812	90.48	22424347	42500	X	cb25.NA_072
18086632	18088231	32667	31042	1600	1626	91.15	22424347	42500	X	cb25.NA_072
18086632	18088094	3002	4484	1463	1483	91.47	22424347	4484	X	cb25.NA_305
18086664	18090311	31008	27328	3648	3681	91.28	22424347	42500	X	cb25.NA_072
18086733	18090311	1	3624	3579	3624	91.28	22424347	4484	X	cb25.NA_305
18087378	18089011	1657	1	1634	1657	91.35	22424347	6981	X	cb25.NA_148
18088061	18089895	1860	1	1835	1860	91.86	22424347	3483	X	cb25.NA_016
18088502	18090018	3480	1974	1517	1507	92.08	22424347	3483	X	cb25.NA_016
18090312	18091938	17405302	17403684	1627	1619	94.51	22424347	21540570	X	X
18090537	18092018	17405399	17403927	1482	1473	94.12	22424347	21540570	X	X
18091027	18092734	17405399	17403684	1708	1716	95.20	22424347	21540570	X	X
18091672	18093374	17405399	17403684	1703	1716	96.86	22424347	21540570	X	X
18091988	18093692	17405399	17403684	1705	1716	96.75	22424347	21540570	X	X
18094705	18096426	17405399	17403684	1722	1716	94.64	22424347	21540570	X	X
18103268	18104788	1974	3483	1521	1510	95.80	22424347	3483	X	cb25.NA_016
18105207	18106945	17405399	17403684	1739	1716	92.85	22424347	21540570	X	X
18108250	18110080	1	1860	1831	1860	94.31	22424347	3483	X	cb25.NA_016
18110080	18111580	1993	3483	1501	1491	96.28	22424347	3483	X	cb25.NA_016
18110876	18112386	1974	3483	1511	1510	94.94	22424347	3483	X	cb25.NA_016
18111641	18113482	3	1860	1842	1858	94.95	22424347	3483	X	cb25.NA_016
18121860	18123393	1974	3480	1534	1507	93.56	22424347	3483	X	cb25.NA_016
18127089	18128838	17405399	17403684	1750	1716	93.51	22424347	21540570	X	X
18129375	18131121	17405399	17403684	1747	1716	92.97	22424347	21540570	X	X
18134263	18136007	17405399	17403684	1745	1716	92.56	22424347	21540570	X	X
18136344	18138205	1	1860	1862	1860	95.29	22424347	3483	X	cb25.NA_016
18139942	18141800	1	1860	1859	1860	94.91	22424347	3483	X	cb25.NA_016
18143115	18144775	1	1657	1661	1657	98.20	22424347	6981	X	cb25.NA_148
18143279	18144933	1	1657	1655	1657	98.55	22424347	6981	X	cb25.NA_148
18144971	18149588	2364	6981	4618	4618	100.00	22424347	6981	X	cb25.NA_148
18149097	18151958	17422772	17419912	2862	2861	98.88	22424347	21540570	X	X
18150865	18163115	17419912	17432160	12251	12249	99.97	22424347	21540570	X	X
18163169	18172035	17433471	17442336	8867	8866	99.98	22424347	21540570	X	X
18169683	18171301	11474257	11472664	1619	1594	96.98	22424347	15455979	X	I
18169683	18171299	12724023	12722406	1617	1618	99.57	22424347	14578851	X	III
18169684	18171299	14484328	14482712	1616	1617	98.58	22424347	16627154	X	II
18169684	18171301	6138874	6137257	1618	1618	98.27	22424347	14578851	X	III
18169684	18171298	4568786	4567172	1615	1615	99.57	22424347	17485439	X	IV
18172170	18262430	17442347	17532603	90261	90257	99.99	22424347	21540570	X	X
18234232	18235489	4566609	4567866	1258	1258	99.68	22424347	16627154	X	II
18234232	18235490	10294540	10293283	1259	1258	99.68	22424347	21540570	X	X
18245098	18246299	7595607	7594403	1202	1205	86.94	22424347	21540570	X	X
18245225	18246299	5889303	5888257	1075	1047	80.74	22424347	16627154	X	II
18247256	18248514	13547539	13546281	1259	1259	99.60	22424347	16627154	X	II
18247257	18248514	6102144	6100888	1258	1257	99.60	22424347	14578851	X	III
18247258	18248514	15089023	15087767	1257	1257	99.84	22424347	21540570	X	X
18247260	18248514	17310508	17309254	1255	1255	99.92	22424347	19495157	X	V
18247261	18248518	6088097	6086839	1258	1259	98.57	22424347	14578851	X	III
18247261	18248518	12644765	12643509	1258	1257	99.60	22424347	17485439	X	IV
18262452	18272920	17533189	17543658	10469	10470	99.99	22424347	21540570	X	X
18272988	18274447	17544052	17545510	1460	1459	99.79	22424347	21540570	X	X
18274834	18276956	17546206	17548328	2123	2123	100.00	22424347	21540570	X	X
18276561	18280804	17548339	17552581	4244	4243	99.51	22424347	21540570	X	X
18280871	18281905	17553223	17554257	1035	1035	100.00	22424347	21540570	X	X
18282183	18283931	17555082	17556830	1749	1749	99.71	22424347	21540570	X	X
18284569	18285824	17557202	17558457	1256	1256	100.00	22424347	21540570	X	X
18285915	18383674	17558758	17656518	97760	97761	99.99	22424347	21540570	X	X
18383709	18481961	17657049	17755297	98253	98249	99.99	22424347	21540570	X	X
18477517	18537091	17756853	17816424	59575	59572	99.99	22424347	21540570	X	X
18483768	18484942	17755470	17756644	1175	1175	100.00	22424347	21540570	X	X
18537188	18646131	17816908	17925845	108944	108938	99.99	22424347	21540570	X	X
18549862	18551119	14909460	14908203	1258	1258	99.68	22424347	21540570	X	X
18549862	18551119	6188	7445	1258	1258	99.60	22424347	9108	X	cb25.NA_247
18549863	18551121	6461911	6460653	1259	1259	99.76	22424347	19495157	X	V
18549863	18551121	20339956	20338698	1259	1259	99.84	22424347	21540570	X	X
18549864	18551123	17151102	17149843	1260	1260	99.84	22424347	21540570	X	X
18549864	18551123	17156362	17155104	1260	1259	99.76	22424347	21540570	X	X
18646255	18728077	17927054	18008871	81823	81818	99.99	22424347	21540570	X	X
18728142	18748502	18009296	18029655	20361	20360	99.99	22424347	21540570	X	X
18748568	18818262	18034396	18104086	69695	69691	99.98	22424347	21540570	X	X
18807697	18808924	11446437	11445180	1228	1258	86.74	22424347	15455979	X	I
18823874	18825094	18105087	18106307	1221	1221	99.67	22424347	21540570	X	X
18824729	18826395	18107342	18109006	1667	1665	94.84	22424347	21540570	X	X
18825269	18837263	18107342	18119334	11995	11993	99.72	22424347	21540570	X	X
18837323	18872948	18119066	18154688	35626	35623	99.97	22424347	21540570	X	X
18873176	19123864	18154677	18405358	250689	250682	99.98	22424347	21540570	X	X
19123133	19124168	11997821	11998856	1036	1036	95.37	22424347	15455979	X	I
19123437	19277592	18404627	18558771	154156	154145	99.99	22424347	21540570	X	X
19180922	19181991	3567313	3566240	1070	1074	92.62	22424347	17485439	X	IV
19211151	19212155	13820556	13819542	1005	1015	89.23	22424347	21540570	X	X
19277615	19462116	18560553	18745037	184502	184485	99.99	22424347	21540570	X	X
19384021	19385284	12863967	12862699	1264	1269	95.75	22424347	16627154	X	II
19384021	19385283	5815663	5814406	1263	1258	95.67	22424347	17485439	X	IV
19384021	19385283	5849017	5847764	1263	1254	95.19	22424347	19495157	X	V
19384021	19385287	7938871	7937604	1267	1268	95.53	22424347	19495157	X	V
19384021	19385283	8700482	8699224	1263	1259	95.19	22424347	21540570	X	X
19384021	19385286	10108558	10107295	1266	1264	95.83	22424347	21540570	X	X
19384021	19385283	15617941	15616684	1263	1258	94.65	22424347	21540570	X	X
19384021	19385283	20018652	20017391	1263	1262	96.21	22424347	21540570	X	X
19384236	19385284	15591936	15590882	1049	1055	96.59	22424347	19495157	X	V
19457980	19459741	2382915	2381155	1762	1761	99.38	22424347	14578851	X	III
19457985	19460132	11503510	11501363	2148	2148	99.91	22424347	16627154	X	II
19475301	19488124	18749015	18761837	12824	12823	99.99	22424347	21540570	X	X
19488322	19520836	18763500	18796012	32515	32513	99.95	22424347	21540570	X	X
19492220	19493230	18649782	18648772	1011	1011	96.54	22424347	19495157	X	V
19492221	19493231	12063068	12062057	1011	1012	97.34	22424347	17485439	X	IV
19492222	19493228	6466784	6465775	1007	1010	97.82	22424347	17485439	X	IV
19492222	19493228	6529223	6530232	1007	1010	97.82	22424347	17485439	X	IV
19492222	19493231	1519496	1518478	1010	1019	96.38	22424347	19495157	X	V
19520871	19553249	18796675	18829050	32379	32376	99.99	22424347	21540570	X	X
19551600	19555859	18835346	18831082	4260	4265	99.77	22424347	21540570	X	X
19555275	19576843	18829097	18850672	21569	21576	99.86	22424347	21540570	X	X
19559870	19561526	18829050	18827402	1657	1649	99.46	22424347	21540570	X	X
19563749	19565003	17310507	17309253	1255	1255	100.00	22424347	19495157	X	V
19563749	19565005	7443698	7444953	1257	1256	99.84	22424347	21540570	X	X
19563749	19565005	7449734	7450990	1257	1257	99.84	22424347	21540570	X	X
19563749	19565008	15928401	15927142	1260	1260	99.68	22424347	21540570	X	X
19598861	19617537	18856513	18875186	18677	18674	99.98	22424347	21540570	X	X
19604268	19605526	168727	169985	1259	1259	99.92	22424347	15455979	X	I
19604268	19605526	174691	175949	1259	1259	99.92	22424347	15455979	X	I
19604268	19605529	9393	8133	1262	1261	99.60	22424347	22500	X	cb25.NA_068
19616796	19618444	11703030	11701407	1649	1624	92.73	22424347	15455979	X	I
19617718	19657495	18875263	18915031	39778	39769	99.98	22424347	21540570	X	X
19619592	19621646	15	2069	2055	2055	99.95	22424347	2353	X	cb25.NA_385
19635636	19636894	9559450	9558192	1259	1259	99.76	22424347	21540570	X	X
19635640	19636898	15651089	15649827	1259	1263	99.45	22424347	16627154	X	II
19635641	19636902	2673648	2672388	1262	1261	99.68	22424347	14578851	X	III
19640740	19642759	10437199	10435180	2020	2020	97.63	22424347	14578851	X	III
19649147	19650304	18924814	18923662	1158	1153	97.07	22424347	21540570	X	X
19649147	19650304	2880	4031	1158	1152	96.98	22424347	15094	X	cb25.NA_221
19653444	19668538	15091	1	15095	15091	99.95	22424347	15094	X	cb25.NA_221
19656598	19657705	7600	8715	1108	1116	93.17	22424347	15094	X	cb25.NA_221
19659716	19660935	18931008	18929796	1220	1213	93.34	22424347	21540570	X	X
19659820	19660935	10830	11937	1116	1108	93.17	22424347	15094	X	cb25.NA_221
19664301	19684078	18923458	18943234	19778	19777	99.99	22424347	21540570	X	X
19664505	19665657	18907841	18906685	1153	1157	96.98	22424347	21540570	X	X
19670640	19671852	7600	8819	1213	1220	93.34	22424347	15094	X	cb25.NA_221
19676493	19677868	18994228	18992845	1376	1384	95.96	22424347	21540570	X	X
19676644	19677868	18943004	18941779	1225	1226	96.98	22424347	21540570	X	X
19676644	19677868	18981371	18980147	1225	1225	96.90	22424347	21540570	X	X
19679616	19681494	13538019	13536081	1879	1939	91.26	22424347	16627154	X	II
19679825	19681739	1986636	1984673	1915	1964	90.74	22424347	15455979	X	I
19679905	19681689	5181106	5182991	1785	1886	88.65	22424347	17485439	X	IV
19680234	19768205	18977761	19065717	87972	87957	99.96	22424347	21540570	X	X
19680552	19681740	9154398	9153171	1189	1228	89.73	22424347	15455979	X	I
19680675	19681740	3869992	3868909	1066	1084	90.30	22424347	17485439	X	IV
19680675	19681740	3011795	3012843	1066	1049	87.53	22424347	21540570	X	X
19682609	19683769	18989759	18988642	1161	1118	92.61	22424347	21540570	X	X
19682623	19683848	18937024	18935800	1226	1225	96.98	22424347	21540570	X	X
19691120	19692237	18942925	18941765	1118	1161	92.61	22424347	21540570	X	X
19691120	19692237	18981292	18980133	1118	1160	92.53	22424347	21540570	X	X
19691120	19693185	18993989	18991848	2066	2142	93.76	22424347	21540570	X	X
19694326	19696468	18990707	18988642	2143	2066	93.81	22424347	21540570	X	X
19695323	19696707	18937024	18935649	1385	1376	96.03	22424347	21540570	X	X
19752821	19753950	4885725	4884588	1130	1138	95.34	22424347	17485439	X	IV
19752821	19753950	20794330	20795450	1130	1121	93.14	22424347	21540570	X	X
19752855	19753955	3919806	3918699	1101	1108	95.67	22424347	17485439	X	IV
19768425	19785006	19065385	19081966	16582	16582	100.00	22424347	21540570	X	X
19781394	19809623	18944235	18972461	28230	28227	99.99	22424347	21540570	X	X
19806931	19878507	19082379	19153923	71577	71545	99.94	22424347	21540570	X	X
19813035	19814632	10283146	10281571	1598	1576	95.43	22424347	17485439	X	IV
19813035	19814632	10285509	10283934	1598	1576	95.19	22424347	17485439	X	IV
19813381	19814553	10310201	10309050	1173	1152	94.71	22424347	17485439	X	IV
19839348	19840983	316783	315149	1636	1635	99.27	22424347	19495157	X	V
19839361	19840983	4546117	4544497	1623	1621	99.26	22424347	21540570	X	X
19839362	19840984	253029	254652	1623	1624	99.63	22424347	15455979	X	I
19839363	19840984	1533075	1531454	1622	1622	99.45	22424347	19495157	X	V
19839364	19840988	6305539	6307162	1625	1624	99.38	22424347	15455979	X	I
19839364	19840988	3217	1594	1625	1624	99.38	22424347	10978	X	cb25.NA_238
19839682	19840984	1	1303	1303	1303	99.77	22424347	13704	X	cb25.NA_200
19878589	19916574	19157851	19195833	37986	37983	99.99	22424347	21540570	X	X
19916609	19922293	19196223	19201907	5685	5685	100.00	22424347	21540570	X	X
19922316	19931348	19205946	19214978	9033	9033	99.96	22424347	21540570	X	X
19931059	19988314	19214609	19271855	57256	57247	99.97	22424347	21540570	X	X
19988444	20154101	19272128	19437774	165658	165647	99.97	22424347	21540570	X	X
20019574	20020764	6190159	6188924	1191	1236	90.29	22424347	21540570	X	X
20067471	20069020	18973462	18975011	1550	1550	99.94	22424347	21540570	X	X
20069234	20070858	18975102	18976726	1625	1625	100.00	22424347	21540570	X	X
20154078	20237017	19437974	19520909	82940	82936	99.99	22424347	21540570	X	X
20237130	20304374	19526645	19593885	67245	67241	99.99	22424347	21540570	X	X
20304604	20578418	19598927	19872728	273815	273802	99.99	22424347	21540570	X	X
20327839	20329095	13771656	13770400	1257	1257	99.92	22424347	17485439	X	IV
20327842	20329100	11532920	11531662	1259	1259	99.76	22424347	15455979	X	I
20328093	20330459	2366	1	2367	2366	99.96	22424347	2366	X	cb25.NA_384
20333482	20334744	8276758	8275497	1263	1262	99.60	22424347	19495157	X	V
20333485	20334740	14675592	14674337	1256	1256	99.84	22424347	21540570	X	X
20333486	20334746	14153852	14152593	1261	1260	99.60	22424347	15455979	X	I
20424127	20425300	4984059	4982893	1174	1167	90.46	22424347	21540570	X	X
20468937	20469980	14398326	14397282	1044	1045	93.98	22424347	17485439	X	IV
20543883	20549103	12144947	12139686	5221	5262	98.99	22424347	14578851	X	III
20543884	20545266	3082974	3084355	1383	1382	99.86	22424347	17485439	X	IV
20545397	20549099	14642670	14638949	3703	3722	99.11	22424347	16627154	X	II
20547214	20548707	3005	4539	1494	1535	96.94	22424347	4539	X	cb25.NA_111
20547321	20549099	3086313	3088110	1779	1798	98.78	22424347	17485439	X	IV
20578488	20590478	19872975	19884964	11991	11990	99.99	22424347	21540570	X	X
20590714	20611431	2344108	2364824	20718	20717	99.99	22424347	14578851	X	III
20604397	20615852	19897419	19885965	11456	11455	99.92	22424347	21540570	X	X
20611539	20615974	19898420	19902855	4436	4436	99.89	22424347	21540570	X	X
20615820	20646729	19903129	19934030	30910	30902	99.97	22424347	21540570	X	X
20626737	20675689	19914046	19962989	48953	48944	99.94	22424347	21540570	X	X
20651744	20653747	1293811	1291813	2004	1999	93.79	22424347	17485439	X	IV
20651745	20655050	6751865	6748557	3306	3309	96.84	22424347	17485439	X	IV
20651745	20655050	14203201	14199893	3306	3309	96.83	22424347	17485439	X	IV
20651745	20655050	1429	4738	3306	3310	96.56	22424347	6154	X	cb25.NA_280
20653290	20655050	13947572	13945831	1761	1742	96.27	22424347	16627154	X	II
20655053	20656143	10447215	10446106	1091	1110	94.78	22424347	14578851	X	III
20672943	20675080	5584	7719	2138	2136	96.45	22424347	7721	X	cb25.NA_261
20672979	20680693	9	7720	7715	7712	96.42	22424347	7721	X	cb25.NA_261
20673065	20675811	19960243	19962989	2747	2747	98.80	22424347	21540570	X	X
20673797	20676543	19960243	19962989	2747	2747	97.96	22424347	21540570	X	X
20674651	20677397	19960243	19962989	2747	2747	97.49	22424347	21540570	X	X
20676359	20679105	19960243	19962989	2747	2747	97.12	22424347	21540570	X	X
20684446	20692152	9	7720	7707	7712	96.84	22424347	7721	X	cb25.NA_261
20684899	20687640	19960244	19962989	2742	2746	96.50	22424347	21540570	X	X
20686846	20689590	19960243	19962989	2745	2747	97.16	22424347	21540570	X	X
20688345	20696055	9	7719	7711	7711	95.92	22424347	7721	X	cb25.NA_261
20689808	20694591	9	4793	4784	4785	96.51	22424347	7721	X	cb25.NA_261
20694686	20699327	9	4649	4642	4641	96.04	22424347	7721	X	cb25.NA_261
20695475	20697127	19963120	19964772	1653	1653	96.31	22424347	21540570	X	X
20695906	20701423	9	5525	5518	5517	97.35	22424347	7721	X	cb25.NA_261
20697370	20702623	9	5261	5254	5253	96.78	22424347	7721	X	cb25.NA_261
20699327	20701668	5381	7720	2342	2340	96.46	22424347	7721	X	cb25.NA_261
20702429	20704084	19963120	19964775	1656	1656	96.80	22424347	21540570	X	X
20702623	20704473	5871	7719	1851	1849	96.00	22424347	7721	X	cb25.NA_261
20704015	20705670	19963120	19964775	1656	1656	97.28	22424347	21540570	X	X
20704080	20706280	9	2208	2201	2200	96.00	22424347	7721	X	cb25.NA_261
20704625	20707531	19963120	19966026	2907	2907	99.55	22424347	21540570	X	X
20707074	20708335	18838826	18837565	1262	1262	99.68	22424347	21540570	X	X
20707078	20708335	8442739	8441483	1258	1257	99.60	22424347	16627154	X	II
20707079	20708333	3349410	3348156	1255	1255	99.68	22424347	19495157	X	V
20707824	20714998	19966259	19973432	7175	7174	99.99	22424347	21540570	X	X
20715156	20807208	19973409	20065536	92053	92128	99.90	22424347	21540570	X	X
20723329	20724487	11990679	11989531	1159	1149	96.64	22424347	21540570	X	X
20759059	20760131	5492786	5493861	1073	1076	97.21	22424347	17485439	X	IV
20759059	20760326	21231648	21230375	1268	1274	96.16	22424347	21540570	X	X
20759060	20760318	16522170	16520925	1259	1246	95.80	22424347	16627154	X	II
20759060	20760313	1759162	1757910	1254	1253	96.99	22424347	17485439	X	IV
20759060	20760321	18668215	18666953	1262	1263	96.21	22424347	21540570	X	X
20776144	20777412	5971671	5970400	1269	1272	96.31	22424347	16627154	X	II
20776144	20777409	8399129	8397858	1266	1272	96.86	22424347	14578851	X	III
20776144	20777409	16567341	16566080	1266	1262	95.53	22424347	19495157	X	V
20776144	20777409	6237449	6238713	1266	1265	95.60	22424347	21540570	X	X
20776144	20777410	54925	53665	1267	1261	95.76	22424347	85292	X	cb25.fpc4095
20803126	20808843	20107097	20101397	5718	5701	98.97	22424347	21540570	X	X
20805643	20807133	20101386	20099896	1491	1491	99.87	22424347	21540570	X	X
20808176	20821284	20085259	20098367	13109	13109	99.98	22424347	21540570	X	X
20808618	20810334	20098367	20096650	1717	1718	99.71	22424347	21540570	X	X
20811532	20813390	20095426	20093619	1859	1808	90.75	22424347	21540570	X	X
20816535	20818342	20090474	20088616	1808	1859	90.75	22424347	21540570	X	X
20819567	20821726	20087418	20085259	2160	2160	99.86	22424347	21540570	X	X
20820370	20821595	15519083	15520320	1226	1238	97.01	22424347	16627154	X	II
20821059	20835699	20101397	20116033	14641	14637	99.95	22424347	21540570	X	X
20822694	20826762	20065536	20061454	4069	4083	98.63	22424347	21540570	X	X
20822769	20824259	20099896	20101386	1491	1491	99.93	22424347	21540570	X	X
20836020	20912266	20116181	20192425	76247	76245	99.99	22424347	21540570	X	X
20912289	20922104	20192991	20202806	9816	9816	99.88	22424347	21540570	X	X
20922141	21045177	20203607	20326631	123037	123025	99.99	22424347	21540570	X	X
21044043	21058061	17119968	17105952	14019	14017	98.06	22424347	21540570	X	X
21052405	21054670	16004	13739	2266	2266	96.48	22424347	19594	X	cb25.NA_018
21056632	21072163	20809413	20793883	15532	15531	99.99	22424347	21540570	X	X
21070588	21071710	9130578	9129444	1123	1135	92.58	22424347	19495157	X	V
21070596	21071716	19051464	19050335	1121	1130	93.14	22424347	21540570	X	X
21072307	21106559	20793824	20759575	34253	34250	99.99	22424347	21540570	X	X
21087818	21089754	20568522	20570526	1937	2005	84.69	22424347	21540570	X	X
21107787	21108926	20758580	20757441	1140	1140	99.91	22424347	21540570	X	X
21108504	21109615	1370	2481	1112	1112	100.00	22424347	4368	X	cb25.NA_129
21109672	21111004	20757012	20755680	1333	1333	100.00	22424347	21540570	X	X
21111572	21112951	20754997	20753618	1380	1380	99.64	22424347	21540570	X	X
21112627	21113935	10805637	10804336	1309	1302	99.39	22424347	15455979	X	I
21112629	21113935	5923493	5922188	1307	1306	99.85	22424347	16627154	X	II
21112630	21113937	20957056	20955750	1308	1307	99.85	22424347	21540570	X	X
21113103	21116554	20753259	20749808	3452	3452	100.00	22424347	21540570	X	X
21116240	21158738	20750234	20707742	42499	42493	99.96	22424347	21540570	X	X
21118354	21119807	20519092	20520553	1454	1462	87.23	22424347	21540570	X	X
21128380	21130090	6560334	6558634	1711	1701	93.13	22424347	14578851	X	III
21128380	21131780	5505666	5509074	3401	3409	90.26	22424347	19495157	X	V
21128396	21131202	1680	4445	2807	2766	91.66	22424347	4475	X	cb25.NA_306
21128688	21131777	21005637	21008697	3090	3061	87.96	22424347	21540570	X	X
21128740	21131781	16145472	16142416	3042	3057	91.33	22424347	21540570	X	X
21128968	21130771	21392554	21390755	1804	1800	91.48	22424347	21540570	X	X
21156636	21157668	7059981	7058931	1033	1051	87.10	22424347	19495157	X	V
21156638	21157914	12795247	12793960	1277	1288	87.28	22424347	17485439	X	IV
21156638	21157914	1643342	1642061	1277	1282	85.18	22424347	21540570	X	X
21159640	21161355	20706548	20704833	1716	1716	99.53	22424347	21540570	X	X
21161298	21238524	20704226	20627001	77227	77226	99.99	22424347	21540570	X	X
21179542	21180731	25770	24554	1190	1217	94.10	22424347	79173	X	cb25.NA_037
21179545	21180729	2182424	2181208	1185	1217	93.28	22424347	14578851	X	III
21181892	21183905	21080710	21078696	2014	2015	98.61	22424347	21540570	X	X
21185384	21186888	3369640	3368122	1505	1519	92.46	22424347	14578851	X	III
21237441	21238540	13266836	13265732	1100	1105	97.65	22424347	16627154	X	II
21237444	21239190	454871	453124	1747	1748	98.23	22424347	15455979	X	I
21237450	21238521	13929092	13928023	1072	1070	95.55	22424347	15455979	X	I
21237450	21238521	1813	2884	1072	1072	95.36	22424347	4259	X	cb25.NA_312
21238628	21239923	20626986	20625691	1296	1296	100.00	22424347	21540570	X	X
21239927	21243757	20625087	20621258	3831	3830	99.58	22424347	21540570	X	X
21244663	21272845	20621253	20593073	28183	28181	99.97	22424347	21540570	X	X
21271858	21272999	3944954	3946103	1142	1150	86.31	22424347	21540570	X	X
21273000	21279903	20593070	20586169	6904	6902	98.84	22424347	21540570	X	X
21277096	21282252	20586124	20580971	5157	5154	96.92	22424347	21540570	X	X
21278924	21281860	20589099	20586169	2937	2931	96.63	22424347	21540570	X	X
21280305	21285459	20586126	20580971	5155	5156	97.27	22424347	21540570	X	X
21281860	21301769	20585688	20565780	19910	19909	99.34	22424347	21540570	X	X
21281983	21286576	20586126	20581530	4594	4597	97.70	22424347	21540570	X	X
21297022	21299026	20776378	20778314	2005	1937	84.69	22424347	21540570	X	X
21297819	21302726	20557825	20562731	4908	4907	98.17	22424347	21540570	X	X
21300343	21301696	20817260	20818611	1354	1352	96.16	22424347	21540570	X	X
21302274	21330524	20565697	20537454	28251	28244	99.98	22424347	21540570	X	X
21306200	21310151	20565780	20569729	3952	3950	97.75	22424347	21540570	X	X
21330595	21346045	20536474	20521024	15451	15451	100.00	22424347	21540570	X	X
21339508	21340708	7553880	7552668	1201	1213	79.30	22424347	15455979	X	I
21339524	21340720	11063691	11062482	1197	1210	85.39	22424347	17485439	X	IV
21346251	21372789	20520784	20494248	26539	26537	99.99	22424347	21540570	X	X
21346482	21347943	20746668	20748121	1462	1454	87.23	22424347	21540570	X	X
21372925	21378505	20493660	20488080	5581	5581	100.00	22424347	21540570	X	X
21378962	21401506	20487771	20465229	22545	22543	99.99	22424347	21540570	X	X
21399943	21401314	6684365	6685707	1372	1343	92.66	22424347	21540570	X	X
21401600	21411769	20461836	20451665	10170	10172	99.97	22424347	21540570	X	X
21409226	21411877	20450576	20447925	2652	2652	99.96	22424347	21540570	X	X
21412380	21462189	20447877	20398071	49810	49807	99.97	22424347	21540570	X	X
21431942	21432984	4863813	4862765	1043	1049	88.56	22424347	21540570	X	X
21462388	21532582	20396921	20326732	70195	70190	99.97	22424347	21540570	X	X
21476886	21478012	3382958	3381830	1127	1129	94.10	22424347	16627154	X	II
21519354	21520618	7925145	7923881	1265	1265	99.84	22424347	21540570	X	X
21519358	21520615	7719616	7720872	1258	1257	99.44	22424347	17485439	X	IV
21519358	21520611	8117	9370	1254	1254	99.68	22424347	12345	X	cb25.NA_230
21530017	21531275	14909461	14908203	1259	1259	99.68	22424347	21540570	X	X
21530022	21531275	357	1610	1254	1254	99.12	22424347	2681	X	cb25.NA_368
21537717	21572204	20847788	20882272	34488	34485	99.99	22424347	21540570	X	X
21551345	21553675	16004228	16001894	2331	2335	98.42	22424347	16627154	X	II
21552061	21553677	1674938	1673321	1617	1618	98.89	22424347	15455979	X	I
21552061	21553678	5832414	5830802	1618	1613	98.95	22424347	19495157	X	V
21552062	21553677	5657284	5655674	1616	1611	99.38	22424347	21540570	X	X
21552063	21553681	1713289	1711681	1619	1609	98.70	22424347	14578851	X	III
21552064	21553677	6809823	6808209	1614	1615	99.13	22424347	19495157	X	V
21552064	21553677	6097202	6095590	1614	1613	99.57	22424347	21540570	X	X
21552068	21553677	13109202	13107592	1610	1611	99.01	22424347	17485439	X	IV
21571072	21572421	15487	14138	1350	1350	100.00	22424347	17077	X	cb25.NA_217
21574850	21591931	17077	1	17082	17077	99.97	22424347	17077	X	cb25.NA_217
21588555	21591107	21117808	21115273	2553	2536	94.35	22424347	21540570	X	X
21588626	21591931	20882283	20885588	3306	3306	100.00	22424347	21540570	X	X
21592002	21623526	20886786	20918308	31525	31523	99.99	22424347	21540570	X	X
21617070	21618148	1265319	1264231	1079	1089	92.43	22424347	15455979	X	I
21623572	21634162	20918437	20929025	10591	10589	99.97	22424347	21540570	X	X
21634545	21644544	20929024	20939022	10000	9999	99.99	22424347	21540570	X	X
21644687	21706782	20939507	21001593	62096	62087	99.98	22424347	21540570	X	X
21659195	21660515	7653564	7652262	1321	1303	92.02	22424347	21540570	X	X
21660925	21662239	4906171	4904859	1315	1313	99.62	22424347	14578851	X	III
21706044	21708196	20999304	20997154	2153	2151	99.49	22424347	21540570	X	X
21707754	21709862	21002959	21005053	2109	2095	98.63	22424347	21540570	X	X
21708204	21709632	20997048	20995623	1429	1426	95.12	22424347	21540570	X	X
21709862	21710919	943484	942434	1058	1051	90.19	22424347	21540570	X	X
21711104	21715577	4475	1	4474	4475	99.91	22424347	4475	X	cb25.NA_306
21711134	21713899	20735275	20738080	2766	2806	91.59	22424347	21540570	X	X
21711649	21713356	2478038	2476317	1708	1722	89.59	22424347	14578851	X	III
21713897	21719405	4123	9632	5509	5510	96.72	22424347	9632	X	cb25.NA_244
21718699	21726338	21010595	21002959	7640	7637	99.88	22424347	21540570	X	X
21720597	21723657	20734700	20737789	3061	3090	87.90	22424347	21540570	X	X
21721032	21722136	942339	941235	1105	1105	92.32	22424347	21540570	X	X
21721672	21723532	2478064	2476200	1861	1865	91.90	22424347	14578851	X	III
21722231	21723473	742584	741328	1243	1257	94.83	22424347	17485439	X	IV
21722515	21723657	10771370	10770196	1143	1175	94.55	22424347	16627154	X	II
21727310	21729597	21001593	20999304	2288	2290	99.61	22424347	21540570	X	X
21729349	21791873	21011596	21074153	62525	62558	99.90	22424347	21540570	X	X
21785066	21786320	7601257	7600004	1255	1254	99.68	22424347	14578851	X	III
21785067	21786320	21160114	21158861	1254	1254	100.00	22424347	21540570	X	X
21785067	21786320	21478552	21477300	1254	1253	99.92	22424347	21540570	X	X
21791923	21846497	21074306	21128876	54575	54571	99.99	22424347	21540570	X	X
21796313	21798328	20681620	20683632	2016	2013	98.61	22424347	21540570	X	X
21796327	21798388	21171896	21169837	2062	2060	97.87	22424347	21540570	X	X
21796327	21798515	21539452	21537265	2189	2188	97.67	22424347	21540570	X	X
21827003	21828261	4593241	4591984	1259	1258	99.92	22424347	15455979	X	I
21827006	21828267	7800349	7799088	1262	1262	99.76	22424347	19495157	X	V
21832893	21835358	20884764	20882283	2466	2482	94.66	22424347	21540570	X	X
21832893	21835429	825	3377	2537	2553	94.39	22424347	17077	X	cb25.NA_217
21846512	21849686	21129506	21132680	3175	3175	100.00	22424347	21540570	X	X
21847409	21849231	6217	7993	1823	1777	94.52	22424347	19978	X	cb25.NA_185
21850309	21855159	4849	1	4851	4849	99.88	22424347	4849	X	cb25.NA_299
21851082	21853038	7992	9943	1957	1952	98.12	22424347	19978	X	cb25.NA_185
21853163	21857707	9947	14490	4545	4544	99.38	22424347	19978	X	cb25.NA_185
21858213	21860869	14613	17270	2657	2658	99.44	22424347	19978	X	cb25.NA_185
21859894	21861570	19978	18301	1677	1678	99.76	22424347	19978	X	cb25.NA_185
21861129	21863422	17685	19978	2294	2294	99.87	22424347	19978	X	cb25.NA_185
21862446	21865103	17270	14613	2658	2658	99.47	22424347	19978	X	cb25.NA_185
21865609	21878704	14490	1398	13096	13093	99.76	22424347	19978	X	cb25.NA_185
21868157	21870154	1	1996	1998	1996	99.85	22424347	4849	X	cb25.NA_299
21870158	21872109	2121	4077	1952	1957	97.91	22424347	4849	X	cb25.NA_299
21872108	21873884	21132225	21130403	1777	1823	94.52	22424347	21540570	X	X
21875872	21877171	21134078	21132781	1300	1298	99.54	22424347	21540570	X	X
21877892	21882123	1	4229	4232	4229	99.88	22424347	19978	X	cb25.NA_185
21880824	21904988	21132781	21156938	24165	24158	99.83	22424347	21540570	X	X
21897130	21910673	21189823	21203366	13544	13544	100.00	22424347	21540570	X	X
21910733	21939496	21208497	21237256	28764	28760	99.96	22424347	21540570	X	X
21913808	21915061	3793304	3794557	1254	1254	99.68	22424347	19495157	X	V
21913808	21915061	7524706	7525959	1254	1254	99.68	22424347	19495157	X	V
21932615	21933888	20018657	20017390	1274	1268	96.16	22424347	21540570	X	X
21932616	21933884	1477713	1476452	1269	1262	96.15	22424347	17485439	X	IV
21932617	21933887	15617944	15616684	1271	1261	95.21	22424347	21540570	X	X
21932619	21933887	12863968	12862700	1269	1269	96.70	22424347	16627154	X	II
21932619	21933890	5849018	5847761	1272	1258	95.84	22424347	19495157	X	V
21932619	21933887	15592117	15590883	1269	1235	94.50	22424347	19495157	X	V
21932619	21933887	10108559	10107298	1269	1262	96.15	22424347	21540570	X	X
21932620	21933888	5815663	5814405	1269	1259	96.54	22424347	17485439	X	IV
21932620	21933887	14246197	14244943	1268	1255	95.12	22424347	21540570	X	X
21939481	21962246	21237868	21260633	22766	22766	100.00	22424347	21540570	X	X
21962212	22057738	21266809	21362345	95527	95537	99.92	22424347	21540570	X	X
22057759	22066588	21362544	21371372	8830	8829	99.97	22424347	21540570	X	X
22063093	22064350	6669716	6668459	1258	1258	99.84	22424347	16627154	X	II
22063093	22064350	12483763	12482507	1258	1257	99.76	22424347	14578851	X	III
22066593	22074528	21372591	21380526	7936	7936	99.99	22424347	21540570	X	X
22074748	22075893	21384941	21383796	1146	1146	99.91	22424347	21540570	X	X
22075507	22076935	21380978	21382406	1429	1429	99.72	22424347	21540570	X	X
22075999	22078592	21383571	21380978	2594	2594	100.00	22424347	21540570	X	X
22078206	22079351	21383796	21384941	1146	1146	99.91	22424347	21540570	X	X
22079874	22099359	21385127	21404609	19486	19483	99.98	22424347	21540570	X	X
22084405	22085481	2480155	2479078	1077	1078	94.72	22424347	14578851	X	III
22084405	22085484	943675	942603	1080	1073	95.19	22424347	21540570	X	X
22084405	22085481	15642760	15641690	1077	1071	92.53	22424347	21540570	X	X
22085505	22087304	20735706	20737509	1800	1804	91.48	22424347	21540570	X	X
22085669	22088017	2477951	2475602	2349	2350	94.43	22424347	14578851	X	III
22093342	22094442	6229441	6228332	1101	1110	95.68	22424347	15455979	X	I
22099510	22137280	21404620	21442387	37771	37768	99.99	22424347	21540570	X	X
22123096	22124132	4863813	4862761	1037	1053	85.50	22424347	21540570	X	X
22133660	22135625	21446639	21444674	1966	1966	99.80	22424347	21540570	X	X
22134177	22135384	518390	517185	1208	1206	98.26	22424347	17485439	X	IV
22135488	22137512	21444915	21442891	2025	2025	99.36	22424347	21540570	X	X
22135540	22138611	3073	1	3072	3073	99.93	22424347	3836	X	cb25.NA_321
22138062	22139319	15821526	15820268	1258	1259	99.44	22424347	19495157	X	V
22138062	22139319	6618	5360	1258	1259	99.44	22424347	9339	X	cb25.NA_246
22138067	22139322	3793304	3794559	1256	1256	99.76	22424347	19495157	X	V
22140411	22141417	3122	2116	1007	1007	99.80	22424347	5232	X	cb25.NA_179
22142227	22144208	1	1982	1982	1982	100.00	22424347	5232	X	cb25.NA_179
22145141	22146147	2116	3122	1007	1007	99.80	22424347	5232	X	cb25.NA_179
22147239	22148493	15651088	15649829	1255	1260	99.44	22424347	16627154	X	II
22147239	22148493	2673648	2672394	1255	1255	99.76	22424347	14578851	X	III
22147239	22148493	12649040	12647785	1255	1256	99.84	22424347	19495157	X	V
22147947	22151833	1	3836	3887	3836	98.61	22424347	3836	X	cb25.NA_321
22149046	22186593	21442891	21480404	37548	37514	99.83	22424347	21540570	X	X
22149278	22151070	21442387	21440595	1793	1793	99.78	22424347	21540570	X	X
22150829	22152794	21440732	21438767	1966	1966	99.90	22424347	21540570	X	X
22159860	22160999	21454814	21453675	1140	1140	80.30	22424347	21540570	X	X
22182566	22193462	21157939	21168836	10897	10898	99.99	22424347	21540570	X	X
22183485	22184741	6584773	6583517	1257	1257	99.76	22424347	16627154	X	II
22183486	22184741	10534489	10533234	1256	1256	99.76	22424347	15455979	X	I
22183486	22184741	3676186	3677441	1256	1256	99.68	22424347	17485439	X	IV
22183488	22184743	1037819	1036565	1256	1255	99.60	22424347	15455979	X	I
22183488	22184741	7600004	7601256	1254	1253	99.68	22424347	14578851	X	III
22183488	22184743	16660842	16659587	1256	1256	99.92	22424347	19495157	X	V
22183488	22184744	9643496	9642241	1257	1256	99.52	22424347	21540570	X	X
22183488	22184741	21068601	21067348	1254	1254	100.00	22424347	21540570	X	X
22183488	22184743	6192	7447	1256	1256	99.68	22424347	9108	X	cb25.NA_247
22184740	22185940	6648492	6647279	1201	1214	94.40	22424347	19495157	X	V
22191161	22193462	21482715	21480415	2302	2301	99.96	22424347	21540570	X	X
22193478	22251338	21482716	21540570	57861	57855	99.95	22424347	21540570	X	X
22198122	22199690	13814992	13813412	1569	1581	93.03	22424347	17485439	X	IV
22198122	22199690	4775596	4774032	1569	1565	90.59	22424347	19495157	X	V
22203895	22204929	9975577	9974568	1035	1010	93.69	22424347	17485439	X	IV
22203895	22205528	16559842	16558249	1634	1594	94.70	22424347	19495157	X	V
22203895	22205527	5495765	5494157	1633	1609	95.73	22424347	21540570	X	X
22223803	22225947	2542595	2540432	2145	2164	98.34	22424347	16627154	X	II
22223803	22225947	5103973	5101811	2145	2163	98.48	22424347	19495157	X	V
22224637	22225953	10738638	10737306	1317	1333	97.46	22424347	14578851	X	III
22225948	22227009	6648679	6647617	1062	1063	95.12	22424347	19495157	X	V
22225948	22227022	8718349	8717274	1075	1076	93.70	22424347	19495157	X	V
22225948	22227081	4837883	4836750	1134	1134	93.85	22424347	21540570	X	X
22227352	22228793	16240791	16242179	1442	1389	91.33	22424347	21540570	X	X
22230068	22231303	10971979	10970742	1236	1238	95.97	22424347	15455979	X	I
22237143	22239520	4030567	4028187	2378	2381	98.57	22424347	17485439	X	IV
22240254	22242002	4028188	4026433	1749	1756	98.75	22424347	17485439	X	IV
22248033	22250220	21080897	21078710	2188	2188	97.76	22424347	21540570	X	X
22248161	22251428	21169837	21173104	3268	3268	100.00	22424347	21540570	X	X
22251498	22266832	21173474	21188805	15335	15332	99.98	22424347	21540570	X	X
22251812	22253095	12676276	12674990	1284	1287	98.84	22424347	17485439	X	IV
22259457	22261105	14536198	14534548	1649	1651	99.21	22424347	17485439	X	IV
22259459	22261107	11000071	10998423	1649	1649	99.70	22424347	15455979	X	I
22265494	22266501	3369640	3368619	1008	1022	91.24	22424347	14578851	X	III
22266526	22268425	6902476	6904367	1900	1892	98.84	22424347	15455979	X	I
22266939	22276135	22026	31220	9197	9195	99.95	22424347	79173	X	cb25.NA_037
22269469	22270685	20684793	20685982	1217	1190	94.10	22424347	21540570	X	X
22274827	22275833	14935455	14934450	1007	1006	97.92	22424347	19495157	X	V
22274829	22275833	9386605	9385600	1005	1006	98.12	22424347	17485439	X	IV
22276150	22306063	31702	61558	29914	29857	99.72	22424347	79173	X	cb25.NA_037
22298882	22303209	7775	3457	4328	4319	89.97	22424347	15455979	X	I
22298882	22303913	13001555	13006573	5032	5019	90.91	22424347	15455979	X	I
22300454	22302382	6808	4877	1929	1932	83.96	22424347	25834	X	cb25.NA_080
22300661	22302022	1404	43	1362	1362	90.98	22424347	2851	X	cb25.NA_110
22302869	22305321	8846	6385	2453	2462	97.40	22424347	24336	X	cb25.NA_194
22306168	22323776	61569	79173	17609	17605	99.98	22424347	79173	X	cb25.NA_037
22306396	22309856	13008691	13012120	3461	3430	93.08	22424347	15455979	X	I
22306396	22309085	5710	3033	2690	2678	91.16	22424347	24336	X	cb25.NA_194
22307744	22309084	14204	15554	1341	1351	86.41	22424347	38484	X	cb25.NA_022
22308868	22309982	1118	1	1115	1118	92.75	22424347	15455979	X	I
22309832	22312758	14657608	14654682	2927	2927	96.48	22424347	16627154	X	II
22310246	22312758	13013486	13015996	2513	2511	95.11	22424347	15455979	X	I
22310279	22312546	18552777	18555050	2268	2274	90.56	22424347	19495157	X	V
22318858	22320098	8073	9315	1241	1243	97.27	22424347	26062	X	cb25.NA_032
22323982	22333834	26062	16209	9853	9854	99.97	22424347	26062	X	cb25.NA_032
22326679	22327944	13193125	13191859	1266	1267	99.53	22424347	17485439	X	IV
22333952	22348211	16039	1780	14260	14260	99.99	22424347	26062	X	cb25.NA_032
22340171	22341918	12893587	12891838	1748	1750	96.30	22424347	17485439	X	IV
22340290	22341489	7461719	7462921	1200	1203	96.35	22424347	21540570	X	X
22340428	22341849	4434689	4433266	1422	1424	97.89	22424347	14578851	X	III
22340646	22341918	945483	944209	1273	1275	97.49	22424347	21540570	X	X
22340676	22341918	75496	74256	1243	1241	97.27	22424347	79173	X	cb25.NA_037
22348272	22349844	1573	1	1573	1573	100.00	22424347	26062	X	cb25.NA_032
22351269	22366623	24659	9292	15355	15368	99.86	22424347	26022	X	cb25.NA_140
22368088	22369681	7905	6312	1594	1594	99.94	22424347	26022	X	cb25.NA_140
22370729	22373645	2917	1	2917	2917	99.79	22424347	26022	X	cb25.NA_140
22373095	22377754	709	5368	4660	4660	99.94	22424347	26022	X	cb25.NA_140
22377804	22416481	38672	1	38678	38672	99.92	22424347	38777	X	cb25.NA_204
22386551	22387699	5002603	5001446	1149	1158	97.84	22424347	17485439	X	IV
22406054	22407056	11995035	11996035	1003	1001	97.71	22424347	15455979	X	I
22416560	22419037	1	2477	2478	2477	99.96	22424347	38777	X	cb25.NA_204
