1	9640342	1	9640342	9640342	9640342	100.00	15540809	15540809	I	I
15888	17972	22642	20562	2085	2081	99.66	15540809	15540809	I	I
15888	17290	16579834	16578435	1403	1400	99.79	15540809	16595099	I	II
15888	17972	36829	34747	2085	2083	99.76	15540809	17080301	I	IV
18984	23027	14784053	14780015	4044	4039	99.18	15540809	14810976	I	III
18984	23027	14791637	14787599	4044	4039	99.14	15540809	14810976	I	III
18984	23027	14799218	14795179	4044	4040	99.21	15540809	14810976	I	III
18984	23027	14806804	14802761	4044	4044	99.21	15540809	14810976	I	III
20562	22642	17972	15888	2081	2085	99.66	15540809	15540809	I	I
20594	23027	16578433	16575999	2434	2435	98.69	15540809	16595099	I	II
28725	33380	40017	35364	4656	4654	99.87	15540809	15540809	I	I
29285	30542	15284288	15283031	1258	1258	99.76	15540809	22220885	I	X
29286	30542	6091958	6090702	1257	1257	99.76	15540809	14810976	I	III
29286	30542	9317395	9316139	1257	1257	100.00	15540809	14810976	I	III
29286	30542	7313317	7312061	1257	1257	100.00	15540809	19933398	I	V
29286	30542	12118982	12117726	1257	1257	99.76	15540809	22220885	I	X
29287	30542	15456022	15454767	1256	1256	99.84	15540809	16595099	I	II
29287	30542	13730850	13729595	1256	1256	99.76	15540809	22220885	I	X
33983	35275	16574401	16573109	1293	1293	98.22	15540809	16595099	I	II
33998	35275	5217861	5216632	1278	1230	89.01	15540809	19933398	I	V
34009	35275	14778463	14777208	1267	1256	97.08	15540809	14810976	I	III
34013	35275	5221265	5220041	1263	1225	87.75	15540809	19933398	I	V
35267	36370	44784	43678	1104	1107	99.19	15540809	15540809	I	I
35267	36370	48878	47772	1104	1107	99.19	15540809	15540809	I	I
35364	40017	33380	28725	4654	4656	99.87	15540809	15540809	I	I
38197	39453	7769215	7767959	1257	1257	100.00	15540809	15540809	I	I
38199	39453	4585301	4584047	1255	1255	100.00	15540809	17080301	I	IV
38199	39453	6229054	6227800	1255	1255	100.00	15540809	19933398	I	V
44776	46107	14785383	14784051	1332	1333	96.48	15540809	14810976	I	III
48870	50152	14785383	14784099	1283	1285	91.46	15540809	14810976	I	III
48870	50152	14792966	14791683	1283	1284	91.53	15540809	14810976	I	III
48870	50152	14800548	14799264	1283	1285	91.30	15540809	14810976	I	III
48870	50152	14808133	14806850	1283	1284	91.45	15540809	14810976	I	III
50291	52564	5218812	5216626	2274	2187	89.17	15540809	19933398	I	V
50313	52564	16575372	16573103	2252	2270	93.48	15540809	16595099	I	II
50948	52561	5221591	5220038	1614	1554	88.63	15540809	19933398	I	V
51323	52566	14778459	14777200	1244	1260	94.13	15540809	14810976	I	III
51353	52564	16583986	16582811	1212	1176	89.94	15540809	16595099	I	II
51474	52561	5219842	5218779	1088	1064	90.46	15540809	19933398	I	V
168050	169689	12383363	12381715	1640	1649	93.31	15540809	14810976	I	III
168230	169459	620606	619378	1230	1229	93.00	15540809	17080301	I	IV
190714	191738	5760644	5759621	1025	1024	97.95	15540809	16595099	I	II
190714	191738	9702160	9701139	1025	1022	98.44	15540809	14810976	I	III
190714	191724	5574285	5573275	1011	1011	97.53	15540809	17080301	I	IV
236694	238316	12496428	12494807	1623	1622	99.75	15540809	22220885	I	X
262575	266815	14748388	14744304	4241	4085	92.53	15540809	16595099	I	II
262575	267523	14753306	14748463	4949	4844	93.21	15540809	16595099	I	II
262575	264751	5333154	5330984	2177	2171	97.75	15540809	19933398	I	V
262575	267518	18491390	18486531	4944	4860	93.45	15540809	19933398	I	V
262577	267542	14764202	14759231	4966	4972	92.11	15540809	16595099	I	II
263793	267523	18670922	18667193	3731	3730	94.37	15540809	19933398	I	V
264855	266483	18095088	18093464	1629	1625	92.52	15540809	19933398	I	V
264892	267445	15610922	15608377	2554	2546	93.19	15540809	16595099	I	II
265485	267523	15610913	15608883	2039	2031	92.84	15540809	16595099	I	II
266433	267523	11942035	11940948	1091	1088	95.69	15540809	14810976	I	III
297468	298790	2348979	2347640	1323	1340	95.46	15540809	15540809	I	I
297468	298790	13130175	13128841	1323	1335	94.84	15540809	17080301	I	IV
297469	298851	345263	343841	1383	1423	95.99	15540809	15540809	I	I
297469	298845	3718546	3717176	1377	1371	95.23	15540809	15540809	I	I
297469	298790	13061446	13060118	1322	1329	94.47	15540809	17080301	I	IV
297470	298537	9525549	9524487	1068	1063	94.91	15540809	16595099	I	II
343841	345263	298851	297469	1423	1383	95.99	15540809	15540809	I	I
343902	345264	12830858	12829513	1363	1346	91.09	15540809	15540809	I	I
428220	429245	11806508	11805544	1026	965	91.36	15540809	15540809	I	I
428222	429244	16109003	16107985	1023	1019	95.13	15540809	19933398	I	V
493135	495075	951481	949549	1941	1933	96.50	15540809	22220885	I	X
493423	495171	20960857	20959111	1749	1747	98.23	15540809	22220885	I	X
493942	495169	10806697	10805461	1228	1237	95.55	15540809	15540809	I	I
493956	495186	11636232	11635005	1231	1228	98.05	15540809	22220885	I	X
552152	553573	1471243	1469821	1422	1423	99.72	15540809	14810976	I	III
552156	553684	2474712	2473188	1529	1525	99.41	15540809	16595099	I	II
552156	553686	2474960	2473434	1531	1527	99.61	15540809	16595099	I	II
552156	553686	2475168	2473639	1531	1530	99.74	15540809	16595099	I	II
552156	553565	1471230	1469821	1410	1410	99.86	15540809	14810976	I	III
552158	553686	2475366	2473839	1529	1528	99.74	15540809	16595099	I	II
552212	553686	2476625	2475150	1475	1476	99.26	15540809	16595099	I	II
612558	615487	655761	652832	2930	2930	99.80	15540809	15540809	I	I
636368	637418	15278882	15277830	1051	1053	93.17	15540809	16595099	I	II
643816	647707	12588266	12584413	3892	3854	89.03	15540809	15540809	I	I
644531	647395	1880759	1877901	2865	2859	90.56	15540809	16595099	I	II
645600	647395	1829751	1827958	1796	1794	93.56	15540809	16595099	I	II
645912	647403	3498733	3497243	1492	1491	92.84	15540809	19933398	I	V
646311	647401	12588266	12587176	1091	1091	92.76	15540809	15540809	I	I
652832	655761	615487	612558	2930	2930	99.80	15540809	15540809	I	I
684675	686157	14106682	14105103	1483	1580	91.97	15540809	16595099	I	II
684676	685756	8341153	8340073	1081	1081	94.92	15540809	16595099	I	II
718485	721681	14666892	14663725	3197	3168	86.64	15540809	16595099	I	II
718485	721684	3153248	3150052	3200	3197	88.26	15540809	14810976	I	III
718485	721267	15150877	15148102	2783	2776	89.08	15540809	17080301	I	IV
718485	721665	15152758	15149563	3181	3196	88.66	15540809	17080301	I	IV
718485	721684	15155679	15152489	3200	3191	88.48	15540809	17080301	I	IV
718485	721684	16070392	16067242	3200	3151	90.64	15540809	17080301	I	IV
718485	721684	16076051	16072868	3200	3184	91.44	15540809	17080301	I	IV
718488	720684	2654862	2652657	2197	2206	90.39	15540809	14810976	I	III
718927	721684	18389619	18386873	2758	2747	86.52	15540809	19933398	I	V
719483	720495	19122818	19121804	1013	1015	91.92	15540809	19933398	I	V
719533	721684	15156503	15154370	2152	2134	87.98	15540809	17080301	I	IV
719674	721684	16081830	16079850	2011	1981	88.69	15540809	17080301	I	IV
768264	770116	12064047	12062187	1853	1861	85.19	15540809	15540809	I	I
799045	800060	719819	718804	1016	1016	92.81	15540809	15540809	I	I
799045	800059	1106633	1105607	1015	1027	92.31	15540809	15540809	I	I
799045	800060	13059772	13058757	1016	1016	93.50	15540809	16595099	I	II
799045	800060	13061236	13060221	1016	1016	93.50	15540809	16595099	I	II
852843	854632	1803890	1802111	1790	1780	97.55	15540809	19933398	I	V
855151	860201	1800077	1795027	5051	5051	99.15	15540809	19933398	I	V
921396	922651	8420319	8419058	1256	1262	99.21	15540809	15540809	I	I
921397	922650	9353492	9352239	1254	1254	100.00	15540809	15540809	I	I
921397	922652	2957535	2956280	1256	1256	99.92	15540809	19933398	I	V
921397	922655	15995622	15994368	1259	1255	99.44	15540809	19933398	I	V
956336	957504	1001650	1000454	1169	1197	94.76	15540809	15540809	I	I
959309	964062	991825	987067	4754	4759	98.19	15540809	15540809	I	I
962384	963972	1891827	1890242	1589	1586	80.15	15540809	15540809	I	I
987067	991825	964062	959309	4759	4754	98.19	15540809	15540809	I	I
991824	992946	12398153	12397001	1123	1153	93.47	15540809	17080301	I	IV
991864	993147	7164352	7163037	1284	1316	90.69	15540809	15540809	I	I
992100	993303	2926116	2924904	1204	1213	93.83	15540809	16595099	I	II
992104	993302	3850969	3849762	1199	1208	93.71	15540809	19933398	I	V
1000454	1001650	957504	956336	1197	1169	94.76	15540809	15540809	I	I
1027902	1029666	1029917	1028145	1765	1773	87.75	15540809	16595099	I	II
1027911	1029938	3152022	3149994	2028	2029	88.65	15540809	14810976	I	III
1027911	1029938	16657251	16655213	2028	2039	90.39	15540809	19933398	I	V
1027966	1029379	1029540	1028144	1414	1397	88.69	15540809	16595099	I	II
1050849	1053892	16817075	16814070	3044	3006	88.05	15540809	19933398	I	V
1094388	1096158	1099902	1098133	1771	1770	99.49	15540809	15540809	I	I
1098133	1099902	1096158	1094388	1770	1771	99.49	15540809	15540809	I	I
1105045	1106052	1521399	1520419	1008	981	87.08	15540809	15540809	I	I
1105045	1106860	1523183	1521373	1816	1811	88.25	15540809	15540809	I	I
1105045	1106860	15153809	15151998	1816	1812	89.40	15540809	17080301	I	IV
1105045	1106860	18425147	18423345	1816	1803	89.28	15540809	19933398	I	V
1105047	1106860	18423937	18422113	1814	1825	89.20	15540809	19933398	I	V
1105269	1106850	14538640	14537077	1582	1564	90.27	15540809	16595099	I	II
1105607	1106633	800059	799045	1027	1015	92.31	15540809	15540809	I	I
1229065	1230451	14668287	14666905	1387	1383	93.19	15540809	16595099	I	II
1234517	1235755	14661324	14660091	1239	1234	91.85	15540809	16595099	I	II
1234517	1235755	3154693	3153456	1239	1238	94.75	15540809	14810976	I	III
1234521	1235747	14673606	14672348	1227	1259	91.66	15540809	16595099	I	II
1234521	1235755	16653407	16652174	1235	1234	94.66	15540809	19933398	I	V
1234526	1235691	16597930	16596755	1166	1176	92.87	15540809	19933398	I	V
1234527	1235616	16649704	16648617	1090	1088	95.96	15540809	19933398	I	V
1234578	1235755	16580648	16579472	1178	1177	97.37	15540809	17080301	I	IV
1249226	1250407	12067493	12066325	1182	1169	96.38	15540809	14810976	I	III
1249226	1250407	7361142	7359973	1182	1170	96.88	15540809	17080301	I	IV
1249245	1250407	10266530	10265383	1163	1148	96.58	15540809	14810976	I	III
1305045	1306681	2942332	2940706	1637	1627	93.84	15540809	14810976	I	III
1305280	1307252	13496568	13494596	1973	1973	92.50	15540809	17080301	I	IV
1305716	1309525	13498338	13494455	3810	3884	91.62	15540809	16595099	I	II
1305724	1308467	13501291	13498519	2744	2773	92.91	15540809	16595099	I	II
1307299	1308617	16133550	16132238	1319	1313	96.06	15540809	19933398	I	V
1308703	1310645	13496568	13494638	1943	1931	91.71	15540809	17080301	I	IV
1309578	1310719	18670922	18669792	1142	1131	90.46	15540809	19933398	I	V
1341964	1343050	7020225	7019151	1087	1075	93.02	15540809	17080301	I	IV
1341965	1343054	8343510	8342418	1090	1093	94.34	15540809	16595099	I	II
1341967	1343060	21329813	21328737	1094	1077	92.79	15540809	22220885	I	X
1341969	1343057	10300455	10299371	1089	1085	93.41	15540809	17080301	I	IV
1342030	1343058	9299373	9298348	1029	1026	92.41	15540809	14810976	I	III
1350923	1352002	1052882	1051797	1080	1086	88.25	15540809	15540809	I	I
1350991	1351995	1053885	1052863	1005	1023	89.17	15540809	15540809	I	I
1481291	1482306	1424611	1423599	1016	1013	99.41	15540809	14810976	I	III
1481291	1482307	13879265	13878248	1017	1018	99.51	15540809	14810976	I	III
1481291	1482307	13879776	13878761	1017	1016	99.51	15540809	14810976	I	III
1481291	1482305	2688967	2687952	1015	1016	95.89	15540809	19933398	I	V
1506459	1509877	14787018	14783577	3419	3442	89.72	15540809	16595099	I	II
1506742	1508916	1670784	1668513	2175	2272	90.45	15540809	16595099	I	II
1508792	1509877	13454372	13453280	1086	1093	93.51	15540809	17080301	I	IV
1520407	1533545	14735234	14722323	13139	12912	91.06	15540809	16595099	I	II
1521182	1522808	2942332	2940706	1627	1627	93.31	15540809	14810976	I	III
1523420	1524448	15142297	15141269	1029	1029	91.64	15540809	16595099	I	II
1524475	1527847	15133327	15129982	3373	3346	91.21	15540809	16595099	I	II
1525196	1530049	17458923	17454083	4854	4841	90.45	15540809	19933398	I	V
1525654	1526983	16999326	16997996	1330	1331	93.54	15540809	19933398	I	V
1526678	1528414	2637135	2635400	1737	1736	94.36	15540809	16595099	I	II
1531046	1533543	647395	644909	2498	2487	88.75	15540809	15540809	I	I
1531350	1533416	637418	635338	2067	2081	90.25	15540809	15540809	I	I
1531516	1533543	647390	645354	2028	2037	90.39	15540809	15540809	I	I
1531694	1533543	637418	635564	1850	1855	90.57	15540809	15540809	I	I
1531817	1533370	622438	620886	1554	1553	90.80	15540809	15540809	I	I
1532174	1533416	625135	623908	1243	1228	89.96	15540809	15540809	I	I
1532174	1533416	630973	629746	1243	1228	89.96	15540809	15540809	I	I
1532198	1533416	626897	625678	1219	1220	90.18	15540809	15540809	I	I
1532198	1533416	629155	627936	1219	1220	90.18	15540809	15540809	I	I
1532390	1533543	647395	646242	1154	1154	90.49	15540809	15540809	I	I
1532534	1533543	625135	624134	1010	1002	90.32	15540809	15540809	I	I
1532534	1533543	630973	629972	1010	1002	90.32	15540809	15540809	I	I
1532534	1533543	637418	636417	1010	1002	90.32	15540809	15540809	I	I
1586780	1588040	5200230	5198970	1261	1261	99.76	15540809	16595099	I	II
1586784	1588040	299278	298022	1257	1257	99.76	15540809	14810976	I	III
1586784	1588040	4935543	4934287	1257	1257	99.68	15540809	14810976	I	III
1586784	1588040	8237994	8236738	1257	1257	99.76	15540809	17080301	I	IV
1586786	1588042	11841213	11839957	1257	1257	100.00	15540809	19933398	I	V
1725638	1726772	14228327	14227304	1135	1024	75.49	15540809	16595099	I	II
1729110	1730343	14225982	14224758	1234	1225	84.10	15540809	16595099	I	II
1745072	1746689	665621	664013	1618	1609	98.58	15540809	16595099	I	II
1745072	1746690	16225378	16223770	1619	1609	97.78	15540809	19933398	I	V
1901025	1902215	1902215	1901025	1191	1191	95.07	15540809	15540809	I	I
2007538	2008816	2008816	2007538	1279	1279	82.42	15540809	15540809	I	I
2035148	2037008	1670796	1668933	1861	1864	92.27	15540809	16595099	I	II
2035229	2036333	14637530	14636433	1105	1098	92.13	15540809	17080301	I	IV
2047595	2049580	6314728	6312786	1986	1943	89.71	15540809	16595099	I	II
2047635	2049621	19402586	19400702	1987	1885	89.11	15540809	22220885	I	X
2047735	2049282	13677203	13675772	1548	1432	87.20	15540809	22220885	I	X
2192690	2193998	2195630	2194310	1309	1321	96.46	15540809	15540809	I	I
2194310	2195630	2193998	2192690	1321	1309	96.46	15540809	15540809	I	I
2244503	2245543	2269901	2268861	1041	1041	99.71	15540809	15540809	I	I
2264106	2265495	13325678	13324300	1390	1379	92.67	15540809	17080301	I	IV
2267933	2269903	5746551	5744613	1971	1939	93.73	15540809	19933398	I	V
2267935	2269901	4784061	4782079	1967	1983	95.63	15540809	16595099	I	II
2267935	2269901	12812788	12810819	1967	1970	94.68	15540809	14810976	I	III
2267935	2269901	880500	878527	1967	1974	95.03	15540809	17080301	I	IV
2268754	2269901	15238185	15237039	1148	1147	96.17	15540809	16595099	I	II
2268861	2269901	2245543	2244503	1041	1041	99.71	15540809	15540809	I	I
2269902	2271063	12761408	12760248	1162	1161	92.09	15540809	16595099	I	II
2347618	2348977	6755255	6753899	1360	1357	97.21	15540809	17080301	I	IV
2347625	2348978	12830873	12829514	1354	1360	95.03	15540809	15540809	I	I
2347626	2348978	11654545	11653173	1353	1373	94.28	15540809	14810976	I	III
2347640	2348978	7926596	7925340	1339	1257	91.87	15540809	15540809	I	I
2347640	2348979	1281981	1280649	1340	1333	97.32	15540809	19933398	I	V
2347640	2348979	17779067	17777770	1340	1298	92.94	15540809	19933398	I	V
2354140	2355262	5451687	5450566	1123	1122	97.96	15540809	15540809	I	I
2354140	2355262	2148951	2147829	1123	1123	97.70	15540809	19933398	I	V
2354216	2355216	1998081	1997082	1001	1000	98.61	15540809	15540809	I	I
2432644	2434028	9129880	9128496	1385	1385	95.62	15540809	14810976	I	III
2432644	2434030	7811008	7809624	1387	1385	95.48	15540809	19933398	I	V
2432825	2433900	11559931	11558817	1076	1115	90.36	15540809	17080301	I	IV
2448184	2452401	2283523	2279450	4218	4074	94.21	15540809	16595099	I	II
2569357	2570444	13854193	13853104	1088	1090	95.99	15540809	17080301	I	IV
2569360	2570444	1343054	1341967	1085	1088	94.23	15540809	15540809	I	I
2569360	2570439	7545358	7544276	1080	1083	95.77	15540809	16595099	I	II
2578319	2579759	2717585	2716155	1441	1431	95.35	15540809	15540809	I	I
2582579	2583590	16156299	16155286	1012	1014	97.44	15540809	17080301	I	IV
2690352	2691397	11607086	11606031	1046	1056	88.15	15540809	15540809	I	I
2707689	2709336	1516133	1514486	1648	1648	99.70	15540809	16595099	I	II
2707689	2709338	14326361	14324712	1650	1650	99.76	15540809	14810976	I	III
2707689	2709335	437494	435848	1647	1647	99.82	15540809	22220885	I	X
2716155	2717585	2579759	2578319	1431	1441	95.35	15540809	15540809	I	I
2726222	2727716	5717892	5716401	1495	1492	87.73	15540809	22220885	I	X
2795326	2796347	4573203	4572185	1022	1019	86.38	15540809	17080301	I	IV
2815648	2816675	6944392	6943365	1028	1028	100.00	15540809	16595099	I	II
2858573	2859938	2862057	2860693	1366	1365	99.19	15540809	15540809	I	I
2860693	2862057	2859938	2858573	1365	1366	99.19	15540809	15540809	I	I
2870696	2871724	6555380	6554340	1029	1041	94.68	15540809	19933398	I	V
2870696	2871724	10771641	10770618	1029	1024	98.06	15540809	19933398	I	V
2893765	2895022	6312868	6311611	1258	1258	88.66	15540809	15540809	I	I
3004741	3006791	19925368	19923319	2051	2050	99.71	15540809	19933398	I	V
3033973	3035006	485081	484072	1034	1010	91.73	15540809	17080301	I	IV
3161836	3163068	14560193	14558975	1233	1219	92.55	15540809	15540809	I	I
3161836	3163067	1081440	1080209	1232	1232	99.84	15540809	17080301	I	IV
3161839	3163064	12400345	12399131	1226	1215	93.85	15540809	15540809	I	I
3161858	3162952	745525	744436	1095	1090	96.36	15540809	16595099	I	II
3415532	3416788	2185374	2184118	1257	1257	99.84	15540809	17080301	I	IV
3429665	3430693	8457808	8456771	1029	1038	83.75	15540809	15540809	I	I
3496182	3497441	1933655	1932396	1260	1260	100.00	15540809	17080301	I	IV
3496182	3497440	14464778	14463520	1259	1259	99.92	15540809	19933398	I	V
3496184	3497440	1588041	1586785	1257	1257	100.00	15540809	15540809	I	I
3496184	3497446	6095151	6093889	1263	1263	99.76	15540809	22220885	I	X
3717176	3718546	298845	297469	1371	1377	95.23	15540809	15540809	I	I
3717176	3718546	3056752	3055378	1371	1375	95.65	15540809	16595099	I	II
3717176	3718546	17779122	17777771	1371	1352	94.20	15540809	19933398	I	V
3717231	3718549	12830858	12829511	1319	1348	92.90	15540809	15540809	I	I
3746996	3748303	3786436	3785104	1308	1333	82.90	15540809	15540809	I	I
3747149	3748390	4243666	4242397	1242	1270	81.62	15540809	15540809	I	I
3785104	3786436	3748303	3746996	1333	1308	82.90	15540809	15540809	I	I
3866264	3868432	13136460	13134308	2169	2153	98.85	15540809	15540809	I	I
3943474	3944734	15935340	15934074	1261	1267	93.77	15540809	22220885	I	X
4058890	4060402	4060402	4058890	1513	1513	90.72	15540809	15540809	I	I
4158865	4159905	10854841	10853814	1041	1028	85.78	15540809	16595099	I	II
4158897	4159905	4054396	4053372	1009	1025	83.85	15540809	19933398	I	V
4206056	4207122	2931484	2930408	1067	1077	92.81	15540809	16595099	I	II
4206060	4207118	4565964	4564894	1059	1071	93.12	15540809	15540809	I	I
4210443	4211703	13911495	13910235	1261	1261	100.00	15540809	22220885	I	X
4271892	4273149	3222549	3221292	1258	1258	99.68	15540809	22220885	I	X
4456845	4458376	7225864	7224350	1532	1515	93.04	15540809	14810976	I	III
4456845	4458342	7645752	7644263	1498	1490	93.44	15540809	14810976	I	III
4457312	4458376	5901322	5900277	1065	1046	92.01	15540809	15540809	I	I
4465876	4467056	3651424	3650229	1181	1196	92.40	15540809	19933398	I	V
4465876	4467058	16094340	16093130	1183	1211	91.76	15540809	22220885	I	X
4564891	4565969	4412212	4411139	1079	1074	93.80	15540809	16595099	I	II
4564891	4565968	13543148	13542074	1078	1075	94.09	15540809	16595099	I	II
4564891	4565967	13520318	13519248	1077	1071	92.78	15540809	22220885	I	X
4564894	4565964	4207118	4206060	1071	1059	93.12	15540809	15540809	I	I
4564894	4565964	8796817	8795750	1071	1068	94.68	15540809	16595099	I	II
4591747	4593023	15995642	15994373	1277	1270	99.06	15540809	19933398	I	V
4591770	4593027	2619284	2618027	1258	1258	100.00	15540809	17080301	I	IV
4591770	4593026	5341116	5339860	1257	1257	99.84	15540809	17080301	I	IV
4624517	4625654	2593278	2592150	1138	1129	93.90	15540809	16595099	I	II
4719413	4720453	7924214	7923170	1041	1045	97.61	15540809	19933398	I	V
4719413	4720975	182990	181421	1563	1570	97.08	15540809	22220885	I	X
4719413	4720975	7011481	7009905	1563	1577	97.40	15540809	22220885	I	X
4719451	4720945	4212125	4210632	1495	1494	96.69	15540809	17080301	I	IV
4723720	4731845	11498293	11490217	8126	8077	98.51	15540809	15540809	I	I
4730948	4735293	11490230	11485885	4346	4346	98.58	15540809	15540809	I	I
4840930	4842268	11837138	11835804	1339	1335	95.67	15540809	19933398	I	V
4851192	4852460	13911492	13910224	1269	1269	99.76	15540809	22220885	I	X
4851193	4852450	7697363	7696106	1258	1258	99.92	15540809	22220885	I	X
4957653	4958769	15292756	15291642	1117	1115	94.92	15540809	15540809	I	I
4957653	4958769	2047385	2046317	1117	1069	93.12	15540809	17080301	I	IV
4957653	4958770	3152173	3151061	1118	1113	96.87	15540809	17080301	I	IV
4999020	5000051	3753190	3752164	1032	1027	96.42	15540809	16595099	I	II
4999020	5000050	4619109	4618078	1031	1032	97.77	15540809	19933398	I	V
4999022	5000048	5008445	5007421	1027	1025	99.12	15540809	15540809	I	I
4999022	5000048	3253462	3252437	1027	1026	98.05	15540809	17080301	I	IV
5007419	5008447	12306735	12305706	1029	1030	97.87	15540809	16595099	I	II
5007420	5008445	11931410	11930384	1026	1027	96.51	15540809	16595099	I	II
5007420	5008445	4553368	4552346	1026	1023	97.08	15540809	14810976	I	III
5007421	5008445	5000048	4999022	1025	1027	99.12	15540809	15540809	I	I
5007421	5008445	5396097	5395059	1025	1039	95.04	15540809	15540809	I	I
5007421	5008446	10557758	10556727	1026	1032	97.48	15540809	16595099	I	II
5007421	5008446	6965046	6964019	1026	1028	97.28	15540809	14810976	I	III
5007421	5008445	9702160	9701139	1025	1022	96.89	15540809	14810976	I	III
5007421	5008445	14187602	14186574	1025	1029	98.15	15540809	14810976	I	III
5007421	5008431	5574285	5573275	1011	1011	97.14	15540809	17080301	I	IV
5007421	5008445	6109861	6108838	1025	1024	96.80	15540809	17080301	I	IV
5007421	5008445	12102601	12101579	1025	1023	97.37	15540809	17080301	I	IV
5009257	5010263	10842727	10841688	1007	1040	88.49	15540809	14810976	I	III
5019848	5021103	10789175	10787915	1256	1261	82.08	15540809	17080301	I	IV
5020029	5021033	6889320	6888305	1005	1016	81.62	15540809	15540809	I	I
5042135	5043391	6077917	6076661	1257	1257	99.76	15540809	14810976	I	III
5268339	5269609	8270566	8269310	1271	1257	86.36	15540809	17080301	I	IV
5394928	5396106	3753319	3752158	1179	1162	92.34	15540809	16595099	I	II
5395053	5396099	4619113	4618078	1047	1036	94.70	15540809	19933398	I	V
5395059	5396097	5008445	5007421	1039	1025	95.04	15540809	15540809	I	I
5395059	5396097	7150804	7149800	1039	1005	93.50	15540809	15540809	I	I
5395059	5396097	3634474	3633464	1039	1011	93.70	15540809	14810976	I	III
5395059	5396097	16877654	16876628	1039	1027	95.03	15540809	19933398	I	V
5450566	5451687	2355262	2354140	1122	1123	97.96	15540809	15540809	I	I
5450593	5451686	6437134	6436041	1094	1094	97.64	15540809	16595099	I	II
5502690	5503952	14012588	14011326	1263	1263	99.37	15540809	19933398	I	V
5502692	5503949	11414941	11413684	1258	1258	99.84	15540809	22220885	I	X
5502695	5503953	6662205	6660947	1259	1259	99.68	15540809	17080301	I	IV
5523001	5524200	8538678	8537478	1200	1201	94.18	15540809	15540809	I	I
5523005	5524334	5555769	5554422	1330	1348	95.07	15540809	14810976	I	III
5523006	5524335	6427605	6426256	1330	1350	93.90	15540809	22220885	I	X
5578263	5579783	8083709	8082219	1521	1491	92.66	15540809	19933398	I	V
5578653	5579869	4127561	4126360	1217	1202	94.20	15540809	15540809	I	I
5578653	5579869	4135059	4133858	1217	1202	94.20	15540809	15540809	I	I
5606035	5607888	11268268	11266418	1854	1851	98.27	15540809	17080301	I	IV
5606151	5607889	8444407	8442676	1739	1732	98.04	15540809	14810976	I	III
5623374	5624702	12095684	12094384	1329	1301	85.01	15540809	15540809	I	I
5623659	5624861	8021154	8019996	1203	1159	81.83	15540809	15540809	I	I
5623817	5625058	10852329	10851079	1242	1251	82.88	15540809	19933398	I	V
5630987	5632099	4192492	4191357	1113	1136	93.67	15540809	16595099	I	II
5660303	5661369	5665848	5664782	1067	1067	99.53	15540809	15540809	I	I
5664782	5665848	5661369	5660303	1067	1067	99.53	15540809	15540809	I	I
5679717	5680831	9276386	9275279	1115	1108	90.00	15540809	15540809	I	I
5751907	5753355	10059753	10058257	1449	1497	90.72	15540809	15540809	I	I
5751907	5753363	9742407	9740900	1457	1508	91.57	15540809	14810976	I	III
5751908	5753363	5800866	5799390	1456	1477	89.36	15540809	14810976	I	III
5751908	5753363	10911960	10910490	1456	1471	88.58	15540809	17080301	I	IV
5909517	5912126	5966443	5963856	2610	2588	91.91	15540809	15540809	I	I
5927723	5928980	14215138	14213881	1258	1258	99.92	15540809	16595099	I	II
5963856	5966443	5912126	5909517	2588	2610	91.91	15540809	15540809	I	I
5979670	5980790	6059942	6058822	1121	1121	98.48	15540809	15540809	I	I
6050936	6052706	2218547	2216777	1771	1771	97.69	15540809	16595099	I	II
6050936	6052902	7013053	7011092	1967	1962	98.48	15540809	22220885	I	X
6050939	6052320	13167544	13166162	1382	1383	99.20	15540809	19933398	I	V
6050949	6052902	13882735	13880790	1954	1946	98.57	15540809	19933398	I	V
6051198	6052902	184305	182601	1705	1705	98.77	15540809	22220885	I	X
6058822	6059942	5980790	5979670	1121	1121	98.48	15540809	15540809	I	I
6060338	6061988	1587794	1586143	1651	1652	99.94	15540809	17080301	I	IV
6087788	6088897	21826000	21824900	1110	1101	95.68	15540809	22220885	I	X
6116690	6118308	7694030	7692411	1619	1620	99.20	15540809	19933398	I	V
6116693	6118308	12378819	12377229	1616	1591	97.96	15540809	14810976	I	III
6116693	6118308	12722329	12720720	1616	1610	99.32	15540809	17080301	I	IV
6116693	6118308	3518986	3517370	1616	1617	99.63	15540809	19933398	I	V
6116693	6118315	7055419	7053796	1623	1624	99.20	15540809	19933398	I	V
6116694	6118308	1746688	1745072	1615	1617	99.57	15540809	15540809	I	I
6116694	6118308	13154485	13152871	1615	1615	99.63	15540809	15540809	I	I
6116694	6118308	1551498	1549884	1615	1615	99.81	15540809	16595099	I	II
6116694	6118315	13476651	13475030	1622	1622	98.89	15540809	16595099	I	II
6116694	6118309	3733915	3732299	1616	1617	99.51	15540809	19933398	I	V
6116694	6118308	6086033	6084425	1615	1609	99.26	15540809	19933398	I	V
6116694	6118312	8500387	8498769	1619	1619	99.20	15540809	19933398	I	V
6116694	6118312	6146147	6144530	1619	1618	99.20	15540809	22220885	I	X
6156979	6157985	5925631	5924642	1007	990	88.32	15540809	17080301	I	IV
6156979	6157985	20877716	20876726	1007	991	86.73	15540809	22220885	I	X
6173539	6174651	14440139	14439035	1113	1105	87.76	15540809	15540809	I	I
6236353	6239927	11400868	11397309	3575	3560	90.15	15540809	19933398	I	V
6311611	6312868	2895022	2893765	1258	1258	88.66	15540809	15540809	I	I
6400030	6401450	12923104	12921703	1421	1402	95.40	15540809	19933398	I	V
6400032	6401238	16776845	16775704	1207	1142	91.29	15540809	19933398	I	V
6400033	6401263	1802018	1800864	1231	1155	88.90	15540809	15540809	I	I
6400034	6401450	5283243	5281824	1417	1420	94.56	15540809	14810976	I	III
6400035	6401450	2113244	2111824	1416	1421	95.88	15540809	16595099	I	II
6598046	6599674	15753062	15751460	1629	1603	98.04	15540809	19933398	I	V
6619776	6620850	10496655	10495579	1075	1077	91.65	15540809	15540809	I	I
6619776	6620850	6983907	6982841	1075	1067	91.17	15540809	16595099	I	II
6743189	6745472	6749335	6747112	2284	2224	96.72	15540809	15540809	I	I
6747112	6749335	6745472	6743189	2224	2284	96.72	15540809	15540809	I	I
6828883	6830144	13666014	13664753	1262	1262	99.52	15540809	19933398	I	V
6828883	6830144	4471841	4470580	1262	1262	99.45	15540809	22220885	I	X
6828888	6830155	21647199	21645933	1268	1267	99.45	15540809	22220885	I	X
6828891	6830146	3815879	3814624	1256	1256	99.68	15540809	17080301	I	IV
6828891	6830146	14903698	14902443	1256	1256	99.60	15540809	22220885	I	X
6862605	6863923	10724302	10722894	1319	1409	89.82	15540809	16595099	I	II
6862608	6863915	7086745	7085351	1308	1395	91.42	15540809	15540809	I	I
6862608	6863915	10843303	10841940	1308	1364	91.47	15540809	15540809	I	I
6862608	6863915	3782728	3781347	1308	1382	88.91	15540809	17080301	I	IV
6862608	6863915	7372415	7371040	1308	1376	85.96	15540809	17080301	I	IV
6862611	6863914	8076253	8074917	1304	1337	87.37	15540809	19933398	I	V
6862633	6863915	7474859	7473464	1283	1396	87.54	15540809	17080301	I	IV
6862654	6863907	12395004	12393649	1254	1356	90.27	15540809	16595099	I	II
6888291	6889320	15617482	15616456	1030	1027	87.80	15540809	19933398	I	V
6910086	6912819	6915938	6913206	2734	2733	99.96	15540809	15540809	I	I
6913206	6915938	6912819	6910086	2733	2734	99.96	15540809	15540809	I	I
6913206	6915162	6917719	6915762	1957	1958	99.95	15540809	15540809	I	I
6941260	6943186	2692950	2691017	1927	1934	98.86	15540809	14810976	I	III
6941260	6943186	12120429	12118493	1927	1937	98.66	15540809	17080301	I	IV
6941267	6943174	15206463	15204546	1908	1918	98.85	15540809	16595099	I	II
6941267	6943172	21999327	21997409	1906	1919	98.75	15540809	22220885	I	X
6944600	6945882	9224282	9223010	1283	1273	91.60	15540809	14810976	I	III
6969999	6971218	10088884	10087729	1220	1156	90.17	15540809	22220885	I	X
6976108	6978454	6986978	6984651	2347	2328	92.60	15540809	15540809	I	I
6979212	6980373	8732384	8731242	1162	1143	93.27	15540809	17080301	I	IV
6984651	6986978	6978454	6976108	2328	2347	92.60	15540809	15540809	I	I
7033437	7037720	7043404	7039035	4284	4370	91.12	15540809	15540809	I	I
7037712	7039064	7034843	7033449	1353	1395	91.25	15540809	15540809	I	I
7037712	7040713	7036292	7033437	3002	2856	89.65	15540809	15540809	I	I
7037712	7038776	7045670	7044606	1065	1065	91.64	15540809	15540809	I	I
7037712	7039007	7045880	7044606	1296	1275	92.13	15540809	15540809	I	I
7037712	7039595	7046510	7044606	1884	1905	91.13	15540809	15540809	I	I
7037712	7039064	7050332	7048959	1353	1374	91.41	15540809	15540809	I	I
7037712	7043194	7050542	7045021	5483	5522	92.16	15540809	15540809	I	I
7037712	7044604	7052642	7045627	6893	7016	91.85	15540809	15540809	I	I
7037712	7044598	7052936	7045906	6887	7031	91.75	15540809	15540809	I	I
7037712	7038865	7055120	7053967	1154	1154	92.94	15540809	15540809	I	I
7037712	7038877	7058102	7056937	1166	1166	91.85	15540809	15540809	I	I
7037712	7044604	7062197	7055329	6893	6869	92.28	15540809	15540809	I	I
7037712	7043278	7063142	7057621	5567	5522	92.31	15540809	15540809	I	I
7037712	7044598	7063772	7056805	6887	6968	92.35	15540809	15540809	I	I
7037712	7043779	7064507	7058464	6068	6044	92.62	15540809	15540809	I	I
7037712	7044598	7070261	7063294	6887	6968	91.63	15540809	15540809	I	I
7037712	7041802	7071143	7067053	4091	4091	92.24	15540809	15540809	I	I
7037725	7043540	7057438	7051710	5816	5729	91.82	15540809	15540809	I	I
7037725	7044598	7069576	7062727	6874	6850	92.89	15540809	15540809	I	I
7038258	7042660	7037720	7033444	4403	4277	90.24	15540809	15540809	I	I
7038877	7044604	7055173	7049470	5728	5704	91.91	15540809	15540809	I	I
7038877	7044598	7056643	7050883	5722	5761	92.43	15540809	15540809	I	I
7040072	7044443	7048959	7044612	4372	4348	91.85	15540809	15540809	I	I
7040324	7044598	7048959	7044688	4275	4272	91.58	15540809	15540809	I	I
7041427	7044598	7049914	7046746	3172	3169	94.36	15540809	15540809	I	I
7041639	7044598	7037720	7034722	2960	2999	92.08	15540809	15540809	I	I
7044606	7049723	7042937	7037712	5118	5226	90.93	15540809	15540809	I	I
7045627	7052642	7044604	7037712	7016	6893	91.85	15540809	15540809	I	I
7046746	7050817	7044598	7040461	4072	4138	93.26	15540809	15540809	I	I
7047838	7054558	7044598	7037917	6721	6682	92.68	15540809	15540809	I	I
7048042	7055120	7044604	7037712	7079	6893	92.01	15540809	15540809	I	I
7056547	7063478	7044604	7037712	6932	6893	92.11	15540809	15540809	I	I
7060858	7067762	7044598	7037712	6905	6887	93.01	15540809	15540809	I	I
7063294	7070261	7044598	7037712	6968	6887	92.90	15540809	15540809	I	I
7064254	7071159	7044604	7037717	6906	6888	92.48	15540809	15540809	I	I
7085349	7086351	3486308	3485300	1003	1009	96.04	15540809	17080301	I	IV
7085350	7086441	10402416	10401318	1092	1099	94.04	15540809	16595099	I	II
7085351	7086745	6863915	6862608	1395	1308	91.42	15540809	15540809	I	I
7085352	7086737	7396715	7395335	1386	1381	95.97	15540809	19933398	I	V
7097729	7098793	14569473	14568424	1065	1050	92.59	15540809	19933398	I	V
7097730	7098794	10850561	10849472	1065	1090	90.54	15540809	19933398	I	V
7097730	7098731	11608061	11607048	1002	1014	91.56	15540809	22220885	I	X
7117458	7118771	4227148	4225828	1314	1321	95.25	15540809	19933398	I	V
7149799	7150804	4067746	4066714	1006	1033	91.15	15540809	14810976	I	III
7149800	7150804	5396097	5395059	1005	1039	93.50	15540809	15540809	I	I
7163037	7164352	993147	991864	1316	1284	90.69	15540809	15540809	I	I
7163037	7164088	12700769	12699716	1052	1054	92.06	15540809	16595099	I	II
7163037	7164084	10763103	10762065	1048	1039	94.01	15540809	14810976	I	III
7259069	7260339	10560504	10559247	1271	1258	82.71	15540809	14810976	I	III
7296763	7297805	10996909	10995869	1043	1041	99.23	15540809	15540809	I	I
7299795	7301776	4784061	4782079	1982	1983	97.28	15540809	16595099	I	II
7299795	7301776	12812788	12810819	1982	1970	94.19	15540809	14810976	I	III
7299795	7301776	880500	878527	1982	1974	96.73	15540809	17080301	I	IV
7299795	7301776	5746549	5744615	1982	1935	94.77	15540809	19933398	I	V
7300569	7301776	15238248	15237039	1208	1210	97.19	15540809	16595099	I	II
7323374	7324462	3799737	3798644	1089	1094	96.98	15540809	19933398	I	V
7335856	7336890	11336743	11335716	1035	1028	96.44	15540809	16595099	I	II
7335856	7336890	3253462	3252437	1035	1026	97.30	15540809	17080301	I	IV
7365156	7366244	16907000	16905929	1089	1072	89.75	15540809	17080301	I	IV
7455003	7456247	3557958	3556676	1245	1283	89.49	15540809	14810976	I	III
7531033	7532046	1196496	1195506	1014	991	86.82	15540809	17080301	I	IV
7535634	7537151	7834793	7833319	1518	1475	94.27	15540809	22220885	I	X
7537229	7538230	11871406	11870408	1002	999	97.11	15540809	22220885	I	X
7555320	7556730	11748812	11747399	1411	1414	92.30	15540809	16595099	I	II
7555472	7556730	10842835	10841577	1259	1259	96.83	15540809	22220885	I	X
7555474	7556730	10084001	10082742	1257	1260	96.91	15540809	22220885	I	X
7555480	7556730	5606947	5605675	1251	1273	95.05	15540809	17080301	I	IV
7577962	7579174	17296128	17294891	1213	1238	80.85	15540809	22220885	I	X
7591128	7592234	8064145	8063044	1107	1102	91.41	15540809	17080301	I	IV
7591151	7592244	12638770	12637710	1094	1061	90.26	15540809	16595099	I	II
7591151	7592244	10842779	10841688	1094	1092	90.96	15540809	14810976	I	III
7591151	7592245	7437671	7436591	1095	1081	91.39	15540809	19933398	I	V
7622729	7623752	9032869	9031901	1024	969	90.46	15540809	14810976	I	III
7633755	7634803	9030205	9029163	1049	1043	95.73	15540809	14810976	I	III
7679322	7680908	12878659	12877076	1587	1584	98.49	15540809	22220885	I	X
7767959	7769218	15011365	15010106	1260	1260	99.44	15540809	19933398	I	V
7769684	7771041	7396715	7395335	1358	1381	93.24	15540809	19933398	I	V
7769808	7771049	7293421	7292229	1242	1193	92.43	15540809	19933398	I	V
7769808	7770928	15335245	15334138	1121	1108	95.10	15540809	19933398	I	V
7776814	7778059	9224172	9222925	1246	1248	94.00	15540809	14810976	I	III
7778312	7780553	5853920	5851712	2242	2209	88.94	15540809	14810976	I	III
7778321	7779388	7780547	7779501	1068	1047	93.19	15540809	15540809	I	I
7779501	7780547	7779388	7778321	1047	1068	93.19	15540809	15540809	I	I
7871612	7872666	10851455	10850394	1055	1062	91.76	15540809	17080301	I	IV
7871961	7873029	16907000	16905929	1069	1072	88.43	15540809	17080301	I	IV
7923861	7925181	11654545	11653172	1321	1374	90.00	15540809	14810976	I	III
7923863	7925181	7926657	7925339	1319	1319	99.85	15540809	15540809	I	I
7923863	7925180	1282042	1280650	1318	1393	92.43	15540809	19933398	I	V
7923897	7925181	5671053	5669772	1285	1282	86.97	15540809	16595099	I	II
7923924	7925181	12830858	12829513	1258	1346	90.30	15540809	15540809	I	I
7925339	7926657	7925181	7923863	1319	1319	99.85	15540809	15540809	I	I
8043210	8044269	10817473	10816418	1060	1056	94.97	15540809	16595099	I	II
8096360	8097903	14429723	14428174	1544	1550	88.92	15540809	16595099	I	II
8096362	8098328	254668	252665	1967	2004	94.03	15540809	17080301	I	IV
8096365	8097902	12833031	12831495	1538	1537	98.05	15540809	19933398	I	V
8096367	8098326	321079	319093	1960	1987	93.65	15540809	17080301	I	IV
8096367	8098327	14367654	14365695	1961	1960	96.87	15540809	17080301	I	IV
8096484	8098327	9868183	9866313	1844	1871	93.18	15540809	14810976	I	III
8096695	8097924	16223773	16222521	1230	1253	95.06	15540809	19933398	I	V
8101059	8102208	4930251	4929093	1150	1159	98.02	15540809	17080301	I	IV
8101066	8102181	21194755	21193639	1116	1117	94.92	15540809	22220885	I	X
8101117	8102204	16472853	16471772	1088	1082	95.96	15540809	19933398	I	V
8151776	8153035	16162369	16161110	1260	1260	99.76	15540809	19933398	I	V
8349539	8350609	689728	688675	1071	1054	84.35	15540809	17080301	I	IV
8349539	8351036	8083709	8082219	1498	1491	93.63	15540809	19933398	I	V
8349928	8351121	4127561	4126360	1194	1202	96.35	15540809	15540809	I	I
8349928	8351121	4135059	4133858	1194	1202	96.35	15540809	15540809	I	I
8419055	8420318	3464327	3463062	1264	1266	99.45	15540809	16595099	I	II
8419056	8420318	1288531	1287275	1263	1257	98.97	15540809	19933398	I	V
8419058	8420319	922651	921396	1262	1256	99.21	15540809	15540809	I	I
8420317	8422411	8752209	8750139	2095	2071	87.71	15540809	15540809	I	I
8453842	8454843	2885824	2884821	1002	1004	96.32	15540809	16595099	I	II
8453842	8455036	8547476	8546294	1195	1183	95.49	15540809	16595099	I	II
8453842	8455111	11969045	11967769	1270	1277	95.39	15540809	14810976	I	III
8453842	8455110	6491192	6489933	1269	1260	94.15	15540809	19933398	I	V
8453844	8455108	16151947	16150676	1265	1272	96.24	15540809	19933398	I	V
8453844	8455110	1589697	1588424	1267	1274	94.91	15540809	22220885	I	X
8453849	8455107	3944734	3943474	1259	1261	95.72	15540809	15540809	I	I
8453851	8455107	20574574	20573314	1257	1261	94.87	15540809	22220885	I	X
8453876	8455108	8806602	8805338	1233	1265	94.09	15540809	15540809	I	I
8453876	8455107	6522110	6520879	1232	1232	94.93	15540809	16595099	I	II
8453884	8455069	3230381	3229197	1186	1185	95.79	15540809	17080301	I	IV
8455103	8456362	12278969	12277710	1260	1260	99.76	15540809	17080301	I	IV
8455107	8456362	12211022	12209767	1256	1256	99.92	15540809	17080301	I	IV
8455108	8456362	7313314	7312060	1255	1255	100.00	15540809	19933398	I	V
8456771	8457808	3430693	3429665	1038	1029	83.75	15540809	15540809	I	I
8483202	8484501	6960562	6959298	1300	1265	94.38	15540809	19933398	I	V
8536254	8538674	8538674	8536254	2421	2421	96.91	15540809	15540809	I	I
8536254	8537472	5555768	5554534	1219	1235	94.35	15540809	14810976	I	III
8537478	8538678	5524200	5523001	1201	1200	94.18	15540809	15540809	I	I
8537478	8538674	4518567	4517351	1197	1217	94.50	15540809	16595099	I	II
8537478	8538676	9982027	9980807	1199	1221	91.13	15540809	14810976	I	III
8572075	8573304	11268861	11267632	1230	1230	97.24	15540809	17080301	I	IV
8676040	8677298	6480619	6479361	1259	1259	99.76	15540809	16595099	I	II
8676040	8677299	3213813	3212554	1260	1260	99.76	15540809	17080301	I	IV
8676040	8677297	16193882	16192625	1258	1258	99.84	15540809	22220885	I	X
8676044	8677300	14910776	14909520	1257	1257	99.76	15540809	22220885	I	X
8750139	8752209	8422411	8420317	2071	2095	87.70	15540809	15540809	I	I
9186202	9188135	6314724	6312746	1934	1979	90.09	15540809	16595099	I	II
9186706	9187895	16567256	16566052	1190	1205	86.10	15540809	19933398	I	V
9186765	9188063	10849068	10847710	1299	1359	90.66	15540809	14810976	I	III
9252920	9254053	9876740	9875597	1134	1144	95.28	15540809	15540809	I	I
9252920	9254053	9881365	9880221	1134	1145	95.11	15540809	15540809	I	I
9275279	9276386	5680831	5679717	1108	1115	90.00	15540809	15540809	I	I
9275279	9276386	9985358	9984257	1108	1102	89.04	15540809	19933398	I	V
9306022	9307194	2538627	2537414	1173	1214	88.49	15540809	17080301	I	IV
9308689	9309948	8981096	8979837	1260	1260	99.60	15540809	19933398	I	V
9308690	9309948	10929338	10928080	1259	1259	99.84	15540809	15540809	I	I
9308690	9309948	7145347	7144089	1259	1259	99.84	15540809	14810976	I	III
9308694	9309950	9353493	9352237	1257	1257	99.92	15540809	15540809	I	I
9352234	9353492	3951336	3950079	1259	1258	99.60	15540809	19933398	I	V
9352237	9353493	9309950	9308694	1257	1257	99.92	15540809	15540809	I	I
9352237	9353495	3536788	3535530	1259	1259	99.84	15540809	17080301	I	IV
9352239	9353492	922650	921397	1254	1254	100.00	15540809	15540809	I	I
9352239	9353497	998665	997407	1259	1259	99.68	15540809	16595099	I	II
9352239	9353494	5473505	5472251	1256	1255	99.76	15540809	22220885	I	X
9433706	9435830	9899686	9897598	2125	2089	92.48	15540809	17080301	I	IV
9433706	9435829	10644342	10642236	2124	2107	94.11	15540809	19933398	I	V
9433911	9435374	7644269	7642791	1464	1479	91.67	15540809	14810976	I	III
9445605	9446737	12643497	12642366	1133	1132	99.29	15540809	19933398	I	V
9530806	9531990	3262149	3260993	1185	1157	90.92	15540809	14810976	I	III
9633887	9640342	13086752	13080299	6456	6454	97.88	15540809	22220885	I	X
9640843	15540809	9640843	15540809	5899967	5899967	100.00	15540809	15540809	I	I
9730733	9731863	9731863	9730733	1131	1131	89.79	15540809	15540809	I	I
9732221	9733280	8295625	8294600	1060	1026	93.13	15540809	14810976	I	III
9732913	9733945	11029701	11028678	1033	1024	87.77	15540809	19933398	I	V
9848897	9850988	5333276	5330978	2092	2299	83.19	15540809	19933398	I	V
9875597	9876740	9254053	9252920	1144	1134	95.28	15540809	15540809	I	I
9892459	9893865	9050759	9049438	1407	1322	83.07	15540809	17080301	I	IV
10030123	10031898	6854658	6852872	1776	1787	92.48	15540809	19933398	I	V
10058257	10059752	8926775	8925288	1496	1488	92.27	15540809	14810976	I	III
10058257	10059756	9171114	9169607	1500	1508	92.70	15540809	14810976	I	III
10058257	10059752	16155183	16153680	1496	1504	93.90	15540809	19933398	I	V
10200156	10201220	10202820	10201756	1065	1065	99.91	15540809	15540809	I	I
10201756	10202820	10201220	10200156	1065	1065	99.91	15540809	15540809	I	I
10389865	10391089	11939307	11938092	1225	1216	91.24	15540809	17080301	I	IV
10495571	10496655	1266238	1265156	1085	1083	91.31	15540809	17080301	I	IV
10495572	10496655	13961769	13960676	1084	1094	93.62	15540809	14810976	I	III
10495575	10496655	4037249	4036157	1081	1093	92.56	15540809	14810976	I	III
10495579	10496655	6620850	6619776	1077	1075	91.65	15540809	15540809	I	I
10538947	10540204	17031422	17030165	1258	1258	100.00	15540809	22220885	I	X
10538948	10540204	8231533	8230277	1257	1257	100.00	15540809	16595099	I	II
10538949	10540204	13162882	13161627	1256	1256	100.00	15540809	17080301	I	IV
10538951	10540207	11619979	11618723	1257	1257	100.00	15540809	17080301	I	IV
10545135	10546253	5435747	5434628	1119	1120	95.30	15540809	17080301	I	IV
10553912	10555171	13713870	13712611	1260	1260	99.52	15540809	14810976	I	III
10553918	10555183	8144274	8143009	1266	1266	99.68	15540809	22220885	I	X
10553918	10555174	13683340	13682084	1257	1257	99.84	15540809	22220885	I	X
10796319	10797623	7710244	7708934	1305	1311	99.31	15540809	19933398	I	V
10805449	10806697	7880357	7879107	1249	1251	98.80	15540809	19933398	I	V
10805461	10806697	495169	493942	1237	1228	95.55	15540809	15540809	I	I
10833187	10834495	10838587	10837279	1309	1309	88.93	15540809	15540809	I	I
10835405	10836421	15797133	15796094	1017	1040	96.44	15540809	19933398	I	V
10837279	10838587	10834495	10833187	1309	1309	88.93	15540809	15540809	I	I
10841941	10843295	7396715	7395335	1355	1381	93.53	15540809	19933398	I	V
10842041	10843303	7293476	7292229	1263	1248	92.81	15540809	19933398	I	V
10959187	10960424	21962210	21960975	1238	1236	95.97	15540809	22220885	I	X
10961908	10962927	10964399	10963380	1020	1020	99.90	15540809	15540809	I	I
10963380	10964399	10962927	10961908	1020	1020	99.90	15540809	15540809	I	I
10972603	10973675	11837649	11836500	1073	1150	85.46	15540809	22220885	I	X
10985165	10986813	21992014	21990366	1649	1649	99.76	15540809	22220885	I	X
10985166	10986814	7067858	7066218	1649	1641	99.39	15540809	19933398	I	V
10985167	10986814	1587788	1586141	1648	1648	99.88	15540809	17080301	I	IV
10989446	10990737	5781648	5780281	1292	1368	83.50	15540809	17080301	I	IV
10995869	10996909	7297805	7296763	1041	1043	99.23	15540809	15540809	I	I
10995882	10996908	15688442	15687408	1027	1035	86.76	15540809	19933398	I	V
11021492	11025270	11066293	11062515	3779	3779	97.86	15540809	15540809	I	I
11062515	11066293	11025270	11021492	3779	3779	97.86	15540809	15540809	I	I
11065123	11066204	11203646	11202572	1082	1075	89.94	15540809	15540809	I	I
11093890	11095202	2666640	2665334	1313	1307	99.24	15540809	16595099	I	II
11093890	11095202	4443845	4442539	1313	1307	99.24	15540809	19933398	I	V
11093890	11095204	17155651	17154345	1315	1307	99.16	15540809	19933398	I	V
11093890	11095205	4637860	4636551	1316	1310	99.24	15540809	22220885	I	X
11265174	11266393	1771931	1770711	1220	1221	99.67	15540809	19933398	I	V
11265175	11266393	12033160	12031925	1219	1236	98.22	15540809	15540809	I	I
11265176	11266393	14251715	14250497	1218	1219	99.59	15540809	17080301	I	IV
11265178	11266393	20286548	20285351	1216	1198	98.36	15540809	22220885	I	X
11265182	11266393	6354802	6353588	1212	1215	99.67	15540809	19933398	I	V
11266394	11267777	12029257	12027874	1384	1384	99.71	15540809	15540809	I	I
11266394	11267770	5058023	5056647	1377	1377	99.93	15540809	19933398	I	V
11266394	11267769	20281453	20280077	1376	1377	99.85	15540809	22220885	I	X
11354822	11355973	3308783	3307632	1152	1152	99.22	15540809	17080301	I	IV
11370291	11371392	11561823	11560717	1102	1107	92.47	15540809	15540809	I	I
11371696	11375796	11560604	11556497	4101	4108	99.39	15540809	15540809	I	I
11389033	11390238	12033148	12031931	1206	1218	95.26	15540809	15540809	I	I
11389033	11390266	9213999	9212777	1234	1223	93.61	15540809	19933398	I	V
11389033	11390238	20286539	20285357	1206	1183	94.87	15540809	22220885	I	X
11389099	11390238	4926641	4925511	1140	1131	95.98	15540809	17080301	I	IV
11403032	11404050	13469363	13468348	1019	1016	93.04	15540809	16595099	I	II
11415560	11416622	1421331	1420281	1063	1051	84.91	15540809	17080301	I	IV
11424074	11425764	2127917	2126207	1691	1711	88.84	15540809	17080301	I	IV
11443728	11445324	3733915	3732292	1597	1624	97.91	15540809	19933398	I	V
11443728	11445316	6086033	6084425	1589	1609	97.77	15540809	19933398	I	V
11443728	11445317	7055418	7053802	1590	1617	97.84	15540809	19933398	I	V
11443728	11445320	7694026	7692407	1593	1620	97.78	15540809	19933398	I	V
11485885	11490230	4735293	4730948	4346	4346	98.58	15540809	15540809	I	I
11490492	11498293	4731528	4723720	7802	7809	99.12	15540809	15540809	I	I
11492644	11494872	8022326	8020015	2229	2312	85.73	15540809	16595099	I	II
11492719	11494886	4730941	4728773	2168	2169	83.69	15540809	14810976	I	III
11495431	11497848	6527853	6525483	2418	2371	86.14	15540809	14810976	I	III
11556497	11560604	11375796	11371696	4108	4101	99.39	15540809	15540809	I	I
11560603	11561823	11371473	11370291	1221	1183	90.24	15540809	15540809	I	I
11606031	11607086	2691397	2690352	1056	1046	88.15	15540809	15540809	I	I
11759756	11760756	11758826	11757844	1001	983	97.80	15540809	15540809	I	I
11812954	11814593	14670074	14668435	1640	1640	91.73	15540809	16595099	I	II
11812954	11814594	15437787	15436147	1641	1641	93.07	15540809	16595099	I	II
11812954	11814055	3436878	3435769	1102	1110	92.88	15540809	14810976	I	III
11812954	11814594	12341357	12339717	1641	1641	93.85	15540809	14810976	I	III
11812954	11814602	15149842	15148194	1649	1649	90.67	15540809	17080301	I	IV
11812954	11814597	15155244	15153601	1644	1644	93.07	15540809	17080301	I	IV
11812954	11814331	17898450	17897073	1378	1378	95.72	15540809	19933398	I	V
11812956	11814523	12340443	12338876	1568	1568	93.89	15540809	14810976	I	III
11812956	11814597	14174771	14173133	1642	1639	91.43	15540809	17080301	I	IV
11813008	11814594	5893251	5891665	1587	1587	92.57	15540809	16595099	I	II
11813012	11814597	14177693	14176090	1586	1604	91.28	15540809	17080301	I	IV
11905603	11909611	11913788	11909793	4009	3996	99.25	15540809	15540809	I	I
11909793	11913788	11909611	11905603	3996	4009	99.25	15540809	15540809	I	I
11966270	11967350	6280108	6278943	1081	1166	89.76	15540809	14810976	I	III
12027874	12029257	11267777	11266394	1384	1384	99.71	15540809	15540809	I	I
12027878	12030610	2820814	2818082	2733	2733	99.71	15540809	17080301	I	IV
12027881	12032312	2336309	2331880	4432	4430	99.59	15540809	16595099	I	II
12027882	12033157	12452492	12447232	5276	5261	99.32	15540809	14810976	I	III
12031173	12033156	17315536	17313591	1984	1946	97.58	15540809	19933398	I	V
12048820	12050129	14735312	14734017	1310	1296	93.91	15540809	16595099	I	II
12048820	12050129	12348853	12347568	1310	1286	92.52	15540809	14810976	I	III
12048820	12050129	12350945	12349639	1310	1307	93.36	15540809	14810976	I	III
12048820	12050129	12352640	12351347	1310	1294	93.36	15540809	14810976	I	III
12053042	12054305	5271505	5270242	1264	1264	99.84	15540809	16595099	I	II
12053043	12054300	7667201	7665944	1258	1258	100.00	15540809	22220885	I	X
12062139	12064834	2996315	2993636	2696	2680	93.69	15540809	19933398	I	V
12062187	12064047	770116	768264	1861	1853	85.19	15540809	15540809	I	I
12062650	12064461	3010650	3008839	1812	1812	93.65	15540809	19933398	I	V
12064949	12067583	4894693	4892044	2635	2650	86.43	15540809	14810976	I	III
12064949	12067583	3000854	2998241	2635	2614	92.44	15540809	19933398	I	V
12064949	12066787	3020071	3018233	1839	1839	92.88	15540809	19933398	I	V
12064952	12067583	4898835	4896200	2632	2636	86.87	15540809	14810976	I	III
12065021	12067431	1119834	1117423	2411	2412	87.23	15540809	16595099	I	II
12065079	12067529	4901120	4898666	2451	2455	86.51	15540809	14810976	I	III
12065347	12066792	2437757	2436301	1446	1457	90.76	15540809	19933398	I	V
12065597	12067583	3021343	3019357	1987	1987	92.55	15540809	19933398	I	V
12065692	12067496	3010649	3008845	1805	1805	94.02	15540809	19933398	I	V
12065735	12067116	4001603	4000222	1382	1382	95.66	15540809	16595099	I	II
12065850	12066876	12960495	12959463	1027	1033	89.36	15540809	15540809	I	I
12065937	12067439	12397295	12395791	1503	1505	84.19	15540809	15540809	I	I
12065939	12067583	14318757	14317113	1645	1645	95.62	15540809	16595099	I	II
12065943	12067448	2437799	2436301	1506	1499	90.40	15540809	19933398	I	V
12065993	12067358	12222576	12221212	1366	1365	93.56	15540809	16595099	I	II
12066405	12067583	12676097	12674899	1179	1199	91.60	15540809	15540809	I	I
12085220	12086258	4001603	4000563	1039	1041	84.11	15540809	16595099	I	II
12090433	12092617	12103902	12101728	2185	2175	99.36	15540809	15540809	I	I
12101728	12103902	12092617	12090433	2175	2185	99.36	15540809	15540809	I	I
12149997	12151571	12797972	12796396	1575	1577	96.21	15540809	16595099	I	II
12168330	12169436	529008	527913	1107	1096	94.48	15540809	17080301	I	IV
12168330	12169437	1490096	1488999	1108	1098	93.60	15540809	17080301	I	IV
12190087	12191276	4839065	4837896	1190	1170	88.27	15540809	14810976	I	III
12190152	12191428	2348212	2346922	1277	1291	92.74	15540809	17080301	I	IV
12190152	12191428	2348446	2347148	1277	1299	92.77	15540809	17080301	I	IV
12190152	12191428	2348610	2347310	1277	1301	92.63	15540809	17080301	I	IV
12205067	12208729	266246	262575	3663	3672	92.57	15540809	15540809	I	I
12205067	12212366	16070392	16063096	7300	7297	92.44	15540809	17080301	I	IV
12205067	12214169	16077062	16068007	9103	9056	93.66	15540809	17080301	I	IV
12205462	12207366	267523	265612	1905	1912	91.74	15540809	15540809	I	I
12206139	12214174	16657466	16649412	8036	8055	91.03	15540809	19933398	I	V
12206632	12207761	12359282	12358148	1130	1135	93.33	15540809	14810976	I	III
12206843	12214174	16771909	16764529	7332	7381	88.51	15540809	19933398	I	V
12206981	12209620	12588266	12585601	2640	2666	92.59	15540809	15540809	I	I
12207218	12208870	14989080	14987426	1653	1655	90.84	15540809	16595099	I	II
12207608	12211439	12588266	12584430	3832	3837	92.56	15540809	15540809	I	I
12208138	12213061	267523	262575	4924	4949	92.99	15540809	15540809	I	I
12208187	12214174	16082985	16077075	5988	5911	92.05	15540809	17080301	I	IV
12208379	12212958	1528635	1524056	4580	4580	93.32	15540809	16595099	I	II
12208644	12209944	17149779	17148471	1301	1309	89.61	15540809	19933398	I	V
12208747	12209748	11574328	11573331	1002	998	93.06	15540809	15540809	I	I
12209126	12214165	16818713	16813791	5040	4923	90.11	15540809	19933398	I	V
12209760	12211216	16084609	16083182	1457	1428	93.58	15540809	17080301	I	IV
12210003	12211015	12693338	12692325	1013	1014	94.89	15540809	15540809	I	I
12210508	12212612	3040774	3038672	2105	2103	90.88	15540809	14810976	I	III
12211925	12212937	12693338	12692325	1013	1014	93.70	15540809	15540809	I	I
12212285	12213797	15278855	15277348	1513	1508	90.89	15540809	16595099	I	II
12269668	12270927	1006418	1005159	1260	1260	99.84	15540809	22220885	I	X
12269669	12270927	4304557	4303299	1259	1259	99.60	15540809	17080301	I	IV
12269671	12270930	15053225	15051966	1260	1260	99.76	15540809	19933398	I	V
12269672	12270929	34574	33318	1258	1257	99.76	15540809	22220885	I	X
12269674	12270928	7668568	7667314	1255	1255	99.84	15540809	14810976	I	III
12276269	12277415	4734386	4733247	1147	1140	97.57	15540809	14810976	I	III
12276269	12277415	4739718	4738579	1147	1140	97.74	15540809	14810976	I	III
12276269	12277415	4745050	4743911	1147	1140	97.82	15540809	14810976	I	III
12302611	12303918	12303918	12302611	1308	1308	86.23	15540809	15540809	I	I
12361988	12362990	13961687	13960676	1003	1012	94.78	15540809	14810976	I	III
12361988	12362988	5807248	5806247	1001	1002	94.44	15540809	17080301	I	IV
12394348	12395362	12693342	12692325	1015	1018	98.23	15540809	15540809	I	I
12394350	12396687	1880009	1877669	2338	2341	95.26	15540809	16595099	I	II
12394350	12397019	1881129	1878459	2670	2671	92.70	15540809	16595099	I	II
12394350	12395789	14632945	14631503	1440	1443	99.38	15540809	17080301	I	IV
12394352	12395599	1525300	1524056	1248	1245	99.12	15540809	16595099	I	II
12394352	12397196	1526907	1524061	2845	2847	94.50	15540809	16595099	I	II
12394352	12396788	15662045	15659557	2437	2489	96.91	15540809	17080301	I	IV
12394352	12396614	16065350	16063096	2263	2255	96.76	15540809	17080301	I	IV
12394352	12397298	16072036	16069108	2947	2929	94.54	15540809	17080301	I	IV
12394352	12395475	16084269	16083182	1124	1088	96.10	15540809	17080301	I	IV
12394363	12396811	14459836	14457387	2449	2450	96.25	15540809	17080301	I	IV
12394368	12397100	16081696	16079006	2733	2691	93.82	15540809	17080301	I	IV
12395791	12397295	12067439	12065937	1505	1503	84.19	15540809	15540809	I	I
12456025	12458463	19086543	19084095	2439	2449	82.16	15540809	19933398	I	V
12480818	12482642	12485788	12483909	1825	1880	87.13	15540809	15540809	I	I
12483909	12485788	12482642	12480818	1880	1825	87.10	15540809	15540809	I	I
12544489	12545697	12535689	12534538	1209	1152	79.15	15540809	15540809	I	I
12560450	12562130	12565665	12563960	1681	1706	98.30	15540809	15540809	I	I
12560450	12565646	19878614	19873445	5197	5170	99.02	15540809	22220885	I	X
12560469	12565417	6859461	6854520	4949	4942	98.89	15540809	22220885	I	X
12561812	12565268	2188845	2185373	3457	3473	98.31	15540809	17080301	I	IV
12563960	12565665	12562130	12560450	1706	1681	98.30	15540809	15540809	I	I
12566669	12568126	17457212	17455758	1458	1455	92.73	15540809	19933398	I	V
12567110	12568141	17518000	17516969	1032	1032	96.51	15540809	19933398	I	V
12584413	12588266	14725848	14722088	3854	3761	92.92	15540809	16595099	I	II
12584413	12588263	14739259	14735490	3851	3770	93.50	15540809	16595099	I	II
12584420	12586049	12909372	12907725	1630	1648	93.81	15540809	15540809	I	I
12584421	12588266	627377	623494	3846	3884	89.29	15540809	15540809	I	I
12584421	12588266	631452	627522	3846	3931	89.58	15540809	15540809	I	I
12584421	12588266	12209293	12205432	3846	3862	91.87	15540809	15540809	I	I
12584421	12588264	14722757	14719012	3844	3746	93.11	15540809	16595099	I	II
12584421	12588266	14732266	14728460	3846	3807	94.60	15540809	16595099	I	II
12584421	12588266	14749352	14745557	3846	3796	92.07	15540809	16595099	I	II
12584421	12586606	15132177	15129982	2186	2196	92.63	15540809	16595099	I	II
12584421	12588264	17458803	17454947	3844	3857	91.90	15540809	19933398	I	V
12584424	12586575	636163	634002	2152	2162	88.02	15540809	15540809	I	I
12584430	12587900	12208545	12205067	3471	3479	91.94	15540809	15540809	I	I
12584430	12588266	12211439	12207608	3837	3832	92.56	15540809	15540809	I	I
12584433	12588266	14773780	14769931	3834	3850	91.50	15540809	16595099	I	II
12584433	12588266	3109559	3105699	3834	3861	93.10	15540809	14810976	I	III
12584433	12587967	18668975	18665440	3535	3536	94.35	15540809	19933398	I	V
12584602	12588266	18670918	18667241	3665	3678	94.35	15540809	19933398	I	V
12584632	12586575	633937	631984	1944	1954	88.07	15540809	15540809	I	I
12584942	12588263	15133331	15130005	3322	3327	93.46	15540809	16595099	I	II
12585204	12586575	639817	638437	1372	1381	90.54	15540809	15540809	I	I
12585204	12588266	643266	640172	3063	3095	91.08	15540809	15540809	I	I
12585514	12586761	15341778	15340535	1248	1244	93.99	15540809	17080301	I	IV
12585661	12588263	644974	642356	2603	2619	89.34	15540809	15540809	I	I
12585907	12588266	18491617	18489274	2360	2344	92.84	15540809	19933398	I	V
12585921	12588264	13565241	13562906	2344	2336	83.13	15540809	14810976	I	III
12587110	12588264	13565307	13564154	1155	1154	81.97	15540809	14810976	I	III
12593848	12595087	2296524	2295196	1240	1329	91.89	15540809	17080301	I	IV
12593848	12601450	16933809	16926205	7603	7605	96.39	15540809	19933398	I	V
12595064	12601450	14453879	14447457	6387	6423	93.54	15540809	16595099	I	II
12595085	12601673	2293946	2287342	6589	6605	96.37	15540809	17080301	I	IV
12595118	12601450	22043662	22037300	6333	6363	94.18	15540809	22220885	I	X
12595303	12598340	16215404	16212367	3038	3038	97.33	15540809	19933398	I	V
12598502	12601450	16212145	16209196	2949	2950	96.37	15540809	19933398	I	V
12598624	12601430	13707063	13704251	2807	2813	93.29	15540809	16595099	I	II
12601858	12609002	2285766	2278669	7145	7098	93.96	15540809	17080301	I	IV
12603040	12604465	14445683	14444252	1426	1432	91.14	15540809	16595099	I	II
12603217	12604487	13702148	13700872	1271	1277	90.89	15540809	16595099	I	II
12603430	12608752	16207338	16201995	5323	5344	92.91	15540809	19933398	I	V
12603430	12609005	16924346	16918758	5576	5589	92.13	15540809	19933398	I	V
12603430	12608449	22034817	22029786	5020	5032	91.03	15540809	22220885	I	X
12603432	12609002	17369964	17364377	5571	5588	95.39	15540809	19933398	I	V
12674753	12676066	1522345	1521047	1314	1299	92.27	15540809	16595099	I	II
12679246	12681039	17455886	17454092	1794	1795	92.12	15540809	19933398	I	V
12692316	12693338	18482216	18481194	1023	1023	95.64	15540809	19933398	I	V
12692316	12693338	18484031	18483020	1023	1012	96.58	15540809	19933398	I	V
12692317	12693338	17455657	17454636	1022	1022	95.11	15540809	19933398	I	V
12692317	12693338	18488310	18487311	1022	1000	94.16	15540809	19933398	I	V
12692325	12693342	12395362	12394348	1018	1015	98.23	15540809	15540809	I	I
12692325	12693338	14731065	14730062	1014	1004	95.76	15540809	16595099	I	II
12692325	12693338	14734850	14733842	1014	1009	96.66	15540809	16595099	I	II
12692325	12693338	3333466	3332457	1014	1010	94.08	15540809	14810976	I	III
12692325	12693338	17456894	17455884	1014	1011	94.48	15540809	19933398	I	V
12692325	12693338	18490565	18489554	1014	1012	93.57	15540809	19933398	I	V
12692326	12693338	14737469	14736477	1013	993	93.84	15540809	16595099	I	II
12692328	12693338	18480358	18479354	1011	1005	95.66	15540809	19933398	I	V
12754088	12755907	12758280	12756499	1820	1782	85.77	15540809	15540809	I	I
12756499	12758280	12755907	12754088	1782	1820	85.72	15540809	15540809	I	I
12762837	12766622	3148744	3144970	3786	3775	92.29	15540809	14810976	I	III
12764315	12765597	15298152	15296874	1283	1279	93.22	15540809	16595099	I	II
12769101	12771220	14159859	14157712	2120	2148	98.51	15540809	14810976	I	III
12769102	12771218	13136452	13134309	2117	2144	98.69	15540809	15540809	I	I
12769102	12771222	6285594	6283452	2121	2143	98.05	15540809	17080301	I	IV
12829513	12830870	13061447	13060106	1358	1342	93.11	15540809	17080301	I	IV
12829514	12830873	2348978	2347625	1360	1354	95.03	15540809	15540809	I	I
12829514	12830871	13130174	13128828	1358	1347	93.47	15540809	17080301	I	IV
12893651	12894723	6656251	6655128	1073	1124	88.54	15540809	22220885	I	X
12893820	12894876	12894876	12893820	1057	1057	88.72	15540809	15540809	I	I
12907710	12916781	16082570	16073585	9072	8986	95.01	15540809	17080301	I	IV
12907727	12912054	16817802	16813533	4328	4270	93.53	15540809	19933398	I	V
12909239	12910667	18849874	18848446	1429	1429	94.54	15540809	19933398	I	V
12909576	12910604	19122831	19121804	1029	1028	95.44	15540809	19933398	I	V
12909829	12913556	18425158	18421447	3728	3712	92.44	15540809	19933398	I	V
12909933	12913697	458552	454787	3765	3766	93.34	15540809	15540809	I	I
12911663	12916773	15325842	15320689	5111	5154	90.18	15540809	16595099	I	II
12959462	12960484	1722328	1721320	1023	1009	87.99	15540809	16595099	I	II
12959471	12960481	2005456	2004453	1011	1004	85.15	15540809	16595099	I	II
12976507	12977535	16086192	16085183	1029	1010	97.00	15540809	17080301	I	IV
12976507	12977535	16087208	16086180	1029	1029	99.51	15540809	17080301	I	IV
12976508	12977535	1528516	1527489	1028	1028	98.83	15540809	16595099	I	II
12976508	12977535	13903156	13902129	1028	1028	98.44	15540809	16595099	I	II
12976508	12977535	14673746	14672717	1028	1030	93.98	15540809	16595099	I	II
12976508	12977535	16580525	16579498	1028	1028	99.32	15540809	17080301	I	IV
12976508	12977509	5172275	5171274	1002	1002	99.80	15540809	19933398	I	V
12976508	12977535	16654947	16653920	1028	1028	96.30	15540809	19933398	I	V
12976510	12977535	12749027	12747995	1026	1033	95.35	15540809	15540809	I	I
13028757	13029845	13080563	13079479	1089	1085	92.00	15540809	15540809	I	I
13030623	13032188	13078558	13076994	1566	1565	99.23	15540809	15540809	I	I
13032181	13034284	13075441	13073337	2104	2105	99.48	15540809	15540809	I	I
13073337	13075441	13034284	13032181	2105	2104	99.48	15540809	15540809	I	I
13076994	13078558	13032188	13030623	1565	1566	99.23	15540809	15540809	I	I
13079479	13080563	13029845	13028757	1085	1089	92.00	15540809	15540809	I	I
13082743	13083777	13087565	13086533	1035	1033	99.03	15540809	15540809	I	I
13082743	13086458	13093189	13089471	3716	3719	99.62	15540809	15540809	I	I
13089471	13093189	13086458	13082743	3719	3716	99.62	15540809	15540809	I	I
13134303	13136453	6113775	6111630	2151	2146	99.49	15540809	17080301	I	IV
13134308	13136460	3868432	3866264	2153	2169	98.85	15540809	15540809	I	I
13134309	13136452	12771218	12769102	2144	2117	98.69	15540809	15540809	I	I
13140046	13143049	13143049	13140046	3004	3004	98.84	15540809	15540809	I	I
13152871	13154489	13189642	13188026	1619	1617	98.95	15540809	15540809	I	I
13188019	13189642	12722339	12720720	1624	1620	98.46	15540809	17080301	I	IV
13188026	13189642	13154489	13152871	1617	1619	98.95	15540809	15540809	I	I
13188030	13189642	8500387	8498774	1613	1614	99.75	15540809	19933398	I	V
13205413	13207057	13209864	13208220	1645	1645	99.82	15540809	15540809	I	I
13208220	13209864	13207057	13205413	1645	1645	99.82	15540809	15540809	I	I
13213590	13215338	14665412	14663727	1749	1686	89.81	15540809	16595099	I	II
13214394	13215427	11574328	11573327	1034	1002	94.49	15540809	15540809	I	I
13291923	13293109	13293109	13291923	1187	1187	94.60	15540809	15540809	I	I
13323421	13324678	13683340	13682083	1258	1258	99.76	15540809	22220885	I	X
13525154	13526408	2957535	2956281	1255	1255	99.68	15540809	19933398	I	V
13531640	13532847	13537143	13535916	1208	1228	87.38	15540809	15540809	I	I
13535916	13537143	13532847	13531640	1228	1208	87.38	15540809	15540809	I	I
13640139	13643531	5041330	5037931	3393	3400	97.03	15540809	19933398	I	V
13642361	13643531	5048939	5047773	1171	1167	93.62	15540809	19933398	I	V
13686701	13687957	8420319	8419057	1257	1263	99.21	15540809	15540809	I	I
13686701	13687957	3408625	3407369	1257	1257	99.84	15540809	19933398	I	V
13686702	13687957	4515304	4514050	1256	1255	99.84	15540809	22220885	I	X
13814180	13816166	13819538	13817521	1987	2018	97.77	15540809	15540809	I	I
13817521	13819538	13816166	13814180	2018	1987	97.77	15540809	15540809	I	I
13879882	13882311	13885601	13883169	2430	2433	99.79	15540809	15540809	I	I
13883169	13885601	13882311	13879882	2433	2430	99.79	15540809	15540809	I	I
13986494	13987636	13989206	13988065	1143	1142	99.30	15540809	15540809	I	I
13988065	13989206	13987636	13986494	1142	1143	99.30	15540809	15540809	I	I
13991694	13993385	13993385	13991694	1692	1692	98.17	15540809	15540809	I	I
14047865	14048947	11636095	11635011	1083	1085	95.14	15540809	22220885	I	X
14047865	14048943	20473930	20472855	1079	1076	97.31	15540809	22220885	I	X
14112091	14113201	7309255	7308066	1111	1190	89.02	15540809	14810976	I	III
14160655	14161917	8231535	8230272	1263	1264	99.53	15540809	16595099	I	II
14160656	14161913	14920027	14918770	1258	1258	99.68	15540809	22220885	I	X
14231764	14233021	18999437	18998180	1258	1258	99.36	15540809	22220885	I	X
14429899	14431056	14433748	14432584	1158	1165	83.33	15540809	15540809	I	I
14432584	14433748	14431056	14429899	1165	1158	83.33	15540809	15540809	I	I
14439035	14440139	6174651	6173539	1105	1113	87.76	15540809	15540809	I	I
14439039	14440132	7509879	7508762	1094	1118	86.22	15540809	16595099	I	II
14439039	14440132	12911035	12909949	1094	1087	86.87	15540809	16595099	I	II
14439039	14440132	13923664	13922566	1094	1099	88.31	15540809	19933398	I	V
15004512	15005696	3253021	3251816	1185	1206	94.33	15540809	14810976	I	III
15004512	15005687	11404073	11402876	1176	1198	95.42	15540809	17080301	I	IV
15291642	15292756	4958769	4957653	1115	1117	94.92	15540809	15540809	I	I
15526061	15527235	1390	176	1175	1215	95.41	15540809	17080301	I	IV
15526061	15527240	7644	6421	1180	1224	96.32	15540809	17080301	I	IV
15526061	15527235	14068	12895	1175	1174	99.15	15540809	17080301	I	IV
15526232	15527240	13676	12663	1009	1014	99.02	15540809	17080301	I	IV
15538352	15540724	30965	28579	2373	2387	92.62	15540809	17080301	I	IV
15538407	15539876	1390	4	1470	1387	86.13	15540809	17080301	I	IV
15538579	15539765	13847	12615	1187	1233	94.17	15540809	17080301	I	IV
1	14716997	1	14716997	14716997	14716997	100.00	16595099	16595099	II	II
1	1779	16593342	16591564	1779	1779	100.00	16595099	16595099	II	II
1	2514	16595094	16592580	2514	2515	99.96	16595099	16595099	II	II
2	2514	16595099	16592586	2513	2514	99.96	16595099	16595099	II	II
340	2514	19933398	19931225	2175	2174	99.95	16595099	19933398	II	V
748	2514	19933398	19931633	1767	1766	99.94	16595099	19933398	II	V
917	2515	17080301	17078705	1599	1597	99.75	16595099	17080301	II	IV
1277	2514	17080301	17079065	1238	1237	99.92	16595099	17080301	II	IV
2510	6171	10378	6717	3662	3662	100.00	16595099	16595099	II	II
6717	10378	6171	2510	3662	3662	100.00	16595099	16595099	II	II
117646	119655	8386615	8384686	2010	1930	90.39	16595099	19933398	II	V
117848	119730	12338472	12336601	1883	1872	93.96	16595099	19933398	II	V
118600	119730	7051787	7050661	1131	1127	91.82	16595099	22220885	II	X
118606	119728	7331907	7330792	1123	1116	93.78	16595099	19933398	II	V
400080	403090	12236421	12233427	3011	2995	99.24	16595099	19933398	II	V
546712	547829	4211748	4210632	1118	1117	98.03	16595099	17080301	II	IV
546712	548587	182560	180685	1876	1876	97.14	16595099	22220885	II	X
546712	548587	7011051	7009175	1876	1877	97.71	16595099	22220885	II	X
551297	552403	17517721	17516625	1107	1097	96.30	16595099	19933398	II	V
661043	662300	11841212	11839955	1258	1258	100.00	16595099	19933398	II	V
661043	662300	16879813	16878556	1258	1258	99.76	16595099	19933398	II	V
664013	665621	1746689	1745072	1609	1618	98.58	16595099	15540809	II	I
664013	665625	3733916	3732296	1613	1621	98.89	16595099	19933398	II	V
664013	665621	5734203	5732592	1609	1612	98.95	16595099	22220885	II	X
664014	665621	12378818	12377229	1608	1590	96.91	16595099	14810976	II	III
664014	665623	1801690	1800073	1610	1618	98.15	16595099	19933398	II	V
664014	665621	3518985	3517370	1608	1616	98.64	16595099	19933398	II	V
690672	692618	14318471	14316525	1947	1947	93.27	16595099	16595099	II	II
691286	693270	4184101	4182112	1985	1990	93.38	16595099	14810976	II	III
691610	693270	14318757	14317097	1661	1661	93.32	16595099	16595099	II	II
833368	834929	14561676	14560121	1562	1556	91.36	16595099	17080301	II	IV
833487	834928	14562349	14560913	1442	1437	91.75	16595099	17080301	II	IV
851843	852998	14784543	14783388	1156	1156	97.66	16595099	22220885	II	X
868028	869064	12306736	12305707	1037	1030	95.38	16595099	16595099	II	II
868031	869063	1560997	1559972	1033	1026	96.23	16595099	17080301	II	IV
868031	869063	2563179	2562132	1033	1048	93.06	16595099	19933398	II	V
991273	992343	14345169	14344085	1071	1085	89.40	16595099	16595099	II	II
991283	992320	12063190	12062147	1038	1044	89.85	16595099	15540809	II	I
991283	992402	12063854	12062737	1120	1118	89.55	16595099	15540809	II	I
997403	998669	16791345	16790079	1267	1267	99.61	16595099	17080301	II	IV
997407	998665	9353497	9352239	1259	1259	99.68	16595099	15540809	II	I
997408	998666	8104382	8103124	1259	1259	99.92	16595099	22220885	II	X
997408	998669	16927938	16926677	1262	1262	99.76	16595099	22220885	II	X
997409	998670	945854	944594	1262	1261	99.84	16595099	17080301	II	IV
997412	998669	3213809	3212552	1258	1258	99.84	16595099	17080301	II	IV
997412	998666	14611236	14609982	1255	1255	100.00	16595099	22220885	II	X
1028143	1031464	15147132	15143823	3322	3310	88.67	16595099	17080301	II	IV
1028144	1029540	1029379	1027966	1397	1414	88.70	16595099	15540809	II	I
1028145	1030599	13059743	13057288	2455	2456	88.47	16595099	16595099	II	II
1028241	1032383	13789323	13785207	4143	4117	88.70	16595099	16595099	II	II
1065549	1068564	4016813	4013746	3016	3068	91.67	16595099	22220885	II	X
1066016	1068009	4184104	4182091	1994	2014	93.65	16595099	14810976	II	III
1067000	1069201	14318755	14316522	2202	2234	93.24	16595099	16595099	II	II
1067308	1068388	14013264	14012168	1081	1097	88.96	16595099	16595099	II	II
1067748	1069232	2055390	2053899	1485	1492	89.85	16595099	16595099	II	II
1078154	1079408	3434676	3433422	1255	1255	99.60	16595099	17080301	II	IV
1078154	1079408	3222550	3221296	1255	1255	99.92	16595099	22220885	II	X
1078155	1079408	3864507	3863254	1254	1254	99.68	16595099	17080301	II	IV
1078155	1079412	10465309	10464052	1258	1258	99.84	16595099	19933398	II	V
1118566	1119834	11583297	11582020	1269	1278	87.99	16595099	16595099	II	II
1213711	1215445	2993435	2991698	1735	1738	88.15	16595099	19933398	II	V
1213712	1215048	4015078	4013740	1337	1339	92.16	16595099	22220885	II	X
1213712	1216112	4018281	4015879	2401	2403	90.77	16595099	22220885	II	X
1213717	1216112	2996238	2993854	2396	2385	90.79	16595099	19933398	II	V
1213717	1216112	3003723	3001326	2396	2398	89.26	16595099	19933398	II	V
1213717	1215616	3662898	3661044	1900	1855	85.91	16595099	19933398	II	V
1213919	1215727	1218773	1216971	1809	1803	87.87	16595099	16595099	II	II
1214277	1216088	12397292	12395479	1812	1814	80.26	16595099	15540809	II	I
1214869	1216112	1218773	1217530	1244	1244	86.84	16595099	16595099	II	II
1255491	1256772	1260512	1259230	1282	1283	99.77	16595099	16595099	II	II
1259230	1260512	1256772	1255491	1283	1282	99.77	16595099	16595099	II	II
1323319	1324351	1334495	1333465	1033	1031	98.55	16595099	16595099	II	II
1333465	1334495	1324351	1323319	1031	1033	98.55	16595099	16595099	II	II
1468888	1470062	1473474	1472276	1175	1199	96.58	16595099	16595099	II	II
1468888	1470419	7057659	7056142	1532	1518	94.09	16595099	14810976	II	III
1468888	1471532	2190058	2187417	2645	2642	99.43	16595099	17080301	II	IV
1468888	1469901	5046690	5045677	1014	1014	99.51	16595099	19933398	II	V
1468888	1471532	5193633	5191001	2645	2633	98.90	16595099	19933398	II	V
1468888	1469979	9836027	9834938	1092	1090	98.63	16595099	22220885	II	X
1468888	1471444	15428906	15426377	2557	2530	98.55	16595099	22220885	II	X
1470101	1471532	19877267	19875837	1432	1431	99.44	16595099	22220885	II	X
1472276	1473474	1470062	1468888	1199	1175	96.58	16595099	16595099	II	II
1491777	1492781	1494939	1493934	1005	1006	99.60	16595099	16595099	II	II
1493934	1494939	1492781	1491777	1006	1005	99.60	16595099	16595099	II	II
1514486	1516133	2709336	2707689	1648	1648	99.70	16595099	15540809	II	I
1521047	1522345	12676066	12674753	1299	1314	92.27	16595099	15540809	II	I
1521047	1522437	14409844	14408453	1391	1392	96.48	16595099	16595099	II	II
1521048	1522314	3395641	3394373	1267	1269	94.18	16595099	16595099	II	II
1521051	1522406	4893386	4892031	1356	1356	88.13	16595099	14810976	II	III
1524056	1525300	12395599	12394352	1245	1248	99.12	16595099	15540809	II	I
1524056	1525628	2636975	2635400	1573	1576	97.15	16595099	16595099	II	II
1524057	1528635	18485895	18481387	4579	4509	94.45	16595099	19933398	II	V
1524060	1525092	18094494	18093464	1033	1031	94.59	16595099	19933398	II	V
1524967	1526140	14396128	14394956	1174	1173	94.22	16595099	17080301	II	IV
1526026	1528058	18654793	18652757	2033	2037	94.03	16595099	19933398	II	V
1527489	1528516	12977535	12976508	1028	1028	98.83	16595099	15540809	II	I
1534866	1535953	12675894	12674771	1088	1124	87.64	16595099	15540809	II	I
1534866	1536361	4015290	4013796	1496	1495	87.79	16595099	22220885	II	X
1534866	1536384	4017222	4015702	1519	1521	87.42	16595099	22220885	II	X
1534869	1536361	2996676	2995205	1493	1472	87.12	16595099	19933398	II	V
1534901	1536361	4018443	4016983	1461	1461	86.70	16595099	22220885	II	X
1538285	1540256	1548330	1546359	1972	1972	99.80	16595099	16595099	II	II
1544112	1545372	14243996	14242736	1261	1261	99.92	16595099	16595099	II	II
1544113	1545370	1933656	1932399	1258	1258	100.00	16595099	17080301	II	IV
1546359	1548330	1540256	1538285	1972	1972	99.80	16595099	16595099	II	II
1549884	1551498	6118308	6116694	1615	1615	99.81	16595099	15540809	II	I
1549884	1551499	21270422	21268808	1616	1615	99.01	16595099	22220885	II	X
1567746	1569243	14538612	14537098	1498	1515	91.29	16595099	16595099	II	II
1567746	1569060	4435972	4434647	1315	1326	91.33	16595099	14810976	II	III
1567746	1569259	15156255	15154744	1514	1512	91.08	16595099	17080301	II	IV
1567746	1568860	2895136	2894031	1115	1106	87.46	16595099	19933398	II	V
1567750	1569244	2654525	2653031	1495	1495	92.17	16595099	14810976	II	III
1567751	1569228	15150880	15149387	1478	1494	91.23	16595099	17080301	II	IV
1567774	1569262	14459832	14458346	1489	1487	92.14	16595099	17080301	II	IV
1567807	1569076	2895308	2894031	1270	1278	87.81	16595099	19933398	II	V
1577929	1579312	1595240	1593857	1384	1384	99.86	16595099	16595099	II	II
1593857	1595240	1579312	1577929	1384	1384	99.86	16595099	16595099	II	II
1595855	1598225	3998189	3995817	2371	2373	99.16	16595099	17080301	II	IV
1668512	1669935	12749413	12747983	1424	1431	90.19	16595099	15540809	II	I
1668513	1670797	14663327	14661033	2285	2295	90.97	16595099	16595099	II	II
1668513	1670804	14681070	14678768	2292	2303	90.71	16595099	16595099	II	II
1668513	1669843	16043181	16041852	1331	1330	94.21	16595099	16595099	II	II
1668513	1670804	3156083	3153793	2292	2291	93.24	16595099	14810976	II	III
1668513	1670795	16817658	16815376	2283	2283	93.67	16595099	19933398	II	V
1668513	1670110	18387617	18386021	1598	1597	93.18	16595099	19933398	II	V
1668913	1670230	13006686	13005369	1318	1318	94.69	16595099	16595099	II	II
1668933	1670796	2037008	2035148	1864	1861	92.27	16595099	15540809	II	I
1669133	1670804	15446717	15445048	1672	1670	96.35	16595099	17080301	II	IV
1720758	1721786	2743815	2742796	1029	1020	89.50	16595099	19933398	II	V
1739269	1741897	16762035	16759412	2629	2624	90.41	16595099	19933398	II	V
1739272	1741801	12586968	12584430	2530	2539	93.86	16595099	15540809	II	I
1739272	1741894	15322614	15319933	2623	2682	90.01	16595099	16595099	II	II
1739345	1740765	18849874	18848446	1421	1429	93.64	16595099	19933398	II	V
1739680	1741201	15278872	15277351	1522	1522	93.57	16595099	16595099	II	II
1739881	1741894	12341563	12339557	2014	2007	93.70	16595099	14810976	II	III
1739882	1741897	3040774	3038758	2016	2017	93.01	16595099	14810976	II	III
1739942	1741894	12588266	12586313	1953	1954	94.37	16595099	15540809	II	I
1740377	1741922	14716996	14715446	1546	1551	90.56	16595099	16595099	II	II
1740426	1741894	1882198	1880729	1469	1470	93.40	16595099	16595099	II	II
1808300	1810030	15539166	15537420	1731	1747	95.25	16595099	16595099	II	II
1808477	1810030	728769	727212	1554	1558	98.78	16595099	14810976	II	III
1808621	1810030	3334017	3332607	1410	1411	94.20	16595099	14810976	II	III
1808766	1810030	18325188	18323916	1265	1273	95.05	16595099	19933398	II	V
1827841	1829749	14780599	14778697	1909	1903	91.75	16595099	16595099	II	II
1827841	1829749	14784063	14782153	1909	1911	91.96	16595099	16595099	II	II
1827842	1829765	14738154	14736252	1924	1903	93.02	16595099	16595099	II	II
1827842	1829765	14759194	14757247	1924	1948	91.96	16595099	16595099	II	II
1827842	1829751	14777438	14775520	1910	1919	92.31	16595099	16595099	II	II
1827842	1829765	14782870	14780937	1924	1934	92.57	16595099	16595099	II	II
1827842	1829749	14786158	14784241	1908	1918	92.56	16595099	16595099	II	II
1827842	1829750	14787294	14785376	1909	1919	92.62	16595099	16595099	II	II
1827842	1829750	12363343	12361439	1909	1905	93.84	16595099	14810976	II	III
1827842	1829765	18489591	18487704	1924	1888	93.34	16595099	19933398	II	V
1827846	1829765	14729085	14727180	1920	1906	95.79	16595099	16595099	II	II
1827846	1829765	14772371	14770424	1920	1948	91.80	16595099	16595099	II	II
1827846	1829750	14779715	14777800	1905	1916	91.46	16595099	16595099	II	II
1827846	1829751	12345386	12343478	1906	1909	93.31	16595099	14810976	II	III
1827846	1829765	12352060	12350158	1920	1903	94.33	16595099	14810976	II	III
1827846	1829765	12353772	12351859	1920	1914	93.74	16595099	14810976	II	III
1827846	1829765	12369080	12367158	1920	1923	94.55	16595099	14810976	II	III
1827846	1829765	12372379	12370474	1920	1906	93.61	16595099	14810976	II	III
1827846	1829765	18377867	18375977	1920	1891	92.16	16595099	19933398	II	V
1827846	1829751	18479640	18477727	1906	1914	92.62	16595099	19933398	II	V
1827850	1829751	14723767	14721931	1902	1837	92.96	16595099	16595099	II	II
1827940	1829135	15418118	15416920	1196	1199	94.09	16595099	16595099	II	II
1827958	1829751	647395	645600	1794	1796	93.56	16595099	15540809	II	I
1828261	1829751	12375316	12373824	1491	1493	93.65	16595099	14810976	II	III
1828341	1829711	8891955	8890582	1371	1374	96.51	16595099	22220885	II	X
1839783	1841182	12107405	12106011	1400	1395	91.56	16595099	17080301	II	IV
1839794	1840914	1939445	1938339	1121	1107	92.57	16595099	16595099	II	II
1839819	1840920	15335374	15334288	1102	1087	91.84	16595099	19933398	II	V
1840033	1841181	7992519	7991365	1149	1155	89.40	16595099	17080301	II	IV
1877662	1882198	14730863	14726364	4537	4500	93.72	16595099	16595099	II	II
1877662	1882198	14768498	14764004	4537	4495	90.94	16595099	16595099	II	II
1877662	1882198	14771490	14766944	4537	4547	90.83	16595099	16595099	II	II
1877662	1882195	18483107	18478599	4534	4509	92.23	16595099	19933398	II	V
1877662	1882198	18484172	18479663	4537	4510	92.70	16595099	19933398	II	V
1877662	1882198	18487046	18482588	4537	4459	91.71	16595099	19933398	II	V
1877662	1880223	18668004	18665440	2562	2565	93.39	16595099	19933398	II	V
1877662	1882198	18670178	18665649	4537	4530	93.14	16595099	19933398	II	V
1877665	1882198	14779287	14774707	4534	4581	89.93	16595099	16595099	II	II
1877665	1880878	15133187	15129982	3214	3206	92.35	16595099	16595099	II	II
1877665	1882198	17458725	17454189	4534	4537	91.27	16595099	19933398	II	V
1878669	1880617	11942035	11940103	1949	1933	93.74	16595099	14810976	II	III
1880617	1882198	1741894	1740306	1582	1589	93.14	16595099	16595099	II	II
1880729	1882198	1741894	1740426	1470	1469	93.40	16595099	16595099	II	II
1924722	1925725	14032532	14031518	1004	1015	90.06	16595099	22220885	II	X
1930088	1931479	9947521	9946127	1392	1395	99.78	16595099	19933398	II	V
1930089	1931479	7523938	7522547	1391	1392	99.78	16595099	14810976	II	III
1930089	1931122	14374134	14373100	1034	1035	99.61	16595099	17080301	II	IV
1931726	1932763	15417951	15416914	1038	1038	86.14	16595099	16595099	II	II
1938068	1939445	7372416	7371041	1378	1376	90.65	16595099	17080301	II	IV
1938068	1939445	2134441	2133043	1378	1399	93.74	16595099	19933398	II	V
1938068	1939445	8076257	8074917	1378	1341	92.84	16595099	19933398	II	V
1938069	1939445	7086745	7085352	1377	1394	94.22	16595099	15540809	II	I
1938069	1939289	7771049	7769808	1221	1242	94.22	16595099	15540809	II	I
1938069	1939450	10724299	10722898	1382	1402	93.27	16595099	16595099	II	II
1938069	1939450	2796916	2795551	1382	1366	87.70	16595099	17080301	II	IV
1938101	1939236	4056463	4055338	1136	1126	88.54	16595099	17080301	II	IV
1938115	1939438	12395004	12393649	1324	1356	92.26	16595099	16595099	II	II
1938339	1939445	1840914	1839794	1107	1121	92.57	16595099	16595099	II	II
1938394	1939445	9681192	9680171	1052	1022	88.34	16595099	19933398	II	V
1995249	1996542	2003758	2002458	1294	1301	86.26	16595099	16595099	II	II
2001374	2002841	3019707	3018233	1468	1475	89.43	16595099	19933398	II	V
2001697	2003508	3010650	3008847	1812	1804	89.96	16595099	19933398	II	V
2002458	2003758	1996542	1995249	1301	1294	86.26	16595099	16595099	II	II
2053891	2055389	17287467	17285969	1499	1499	90.59	16595099	19933398	II	V
2053898	2055390	11393081	11391545	1493	1537	84.32	16595099	16595099	II	II
2053919	2054996	14164447	14163370	1078	1078	92.97	16595099	16595099	II	II
2054195	2055390	17288714	17287520	1196	1195	88.30	16595099	19933398	II	V
2054273	2055380	2930782	2929690	1108	1093	88.00	16595099	19933398	II	V
2063199	2064982	8527608	8525874	1784	1735	90.33	16595099	22220885	II	X
2063341	2064417	5719162	5718103	1077	1060	89.22	16595099	19933398	II	V
2063808	2064982	11687576	11686391	1175	1186	87.02	16595099	14810976	II	III
2063815	2064982	5842661	5841523	1168	1139	91.23	16595099	22220885	II	X
2098992	2100263	20506613	20505347	1272	1267	97.09	16595099	22220885	II	X
2098993	2100266	1541522	1540255	1274	1268	97.02	16595099	17080301	II	IV
2098996	2100267	12790105	12788836	1272	1270	97.41	16595099	17080301	II	IV
2098996	2100263	5277021	5275769	1268	1253	96.53	16595099	19933398	II	V
2098996	2100263	8160251	8158986	1268	1266	97.08	16595099	19933398	II	V
2098996	2100268	9025565	9024301	1273	1265	97.01	16595099	22220885	II	X
2098997	2100267	12495351	12494079	1271	1273	97.41	16595099	16595099	II	II
2098997	2100263	5720623	5719366	1267	1258	97.63	16595099	17080301	II	IV
2098997	2100263	15613640	15612374	1267	1267	96.31	16595099	19933398	II	V
2098997	2100263	10286690	10285429	1267	1262	97.55	16595099	22220885	II	X
2098997	2100264	15855027	15853769	1268	1259	95.98	16595099	22220885	II	X
2099179	2100274	14461257	14460177	1096	1081	95.62	16595099	22220885	II	X
2111824	2113244	6401450	6400035	1421	1416	95.88	16595099	15540809	II	I
2111824	2113061	13753398	13752193	1238	1206	90.28	16595099	22220885	II	X
2174664	2175845	15435745	15434608	1182	1138	89.20	16595099	16595099	II	II
2174664	2176140	15436009	15434608	1477	1402	88.97	16595099	16595099	II	II
2174664	2176331	15436193	15434608	1668	1586	88.78	16595099	16595099	II	II
2174664	2177728	15437545	15434608	3065	2938	89.12	16595099	16595099	II	II
2174664	2178044	15437825	15434608	3381	3218	89.35	16595099	16595099	II	II
2174673	2178492	15318773	15314983	3820	3791	85.80	16595099	16595099	II	II
2174673	2176442	16016032	16014351	1770	1682	90.54	16595099	16595099	II	II
2176381	2177697	14550635	14549381	1317	1255	81.27	16595099	17080301	II	IV
2176672	2178437	14989080	14987390	1766	1691	88.81	16595099	16595099	II	II
2216777	2218036	546172	544922	1260	1251	96.52	16595099	16595099	II	II
2216777	2218551	1441680	1439904	1775	1777	97.30	16595099	22220885	II	X
2227577	2228855	2627473	2626127	1279	1347	89.90	16595099	16595099	II	II
2270156	2271327	12340067	12338877	1172	1191	90.61	16595099	14810976	II	III
2270156	2271795	12341355	12339706	1640	1650	91.86	16595099	14810976	II	III
2270156	2271187	18494914	18493880	1032	1035	90.64	16595099	19933398	II	V
2279259	2281717	4044652	4042203	2459	2450	95.69	16595099	16595099	II	II
2279450	2283523	2452401	2448184	4074	4218	94.21	16595099	15540809	II	I
2281819	2283523	4042197	4040435	1705	1763	93.35	16595099	16595099	II	II
2283519	2284530	14503685	14502674	1012	1012	94.20	16595099	16595099	II	II
2283523	2284527	13629890	13628887	1005	1004	95.04	16595099	16595099	II	II
2283523	2284528	11813264	11812259	1006	1006	95.04	16595099	14810976	II	III
2331880	2336309	12032312	12027881	4430	4432	99.59	16595099	15540809	II	I
2331880	2336308	14250882	14246453	4429	4430	99.66	16595099	17080301	II	IV
2331880	2336310	1771097	1766688	4431	4410	99.19	16595099	19933398	II	V
2331881	2336308	6353974	6349577	4428	4398	99.07	16595099	19933398	II	V
2332156	2336309	5060798	5056647	4154	4152	99.76	16595099	19933398	II	V
2332945	2336308	20283442	20280077	3364	3366	99.76	16595099	22220885	II	X
2444674	2447298	2451314	2448691	2625	2624	99.81	16595099	16595099	II	II
2448691	2449735	2444673	2443629	1045	1045	100.00	16595099	16595099	II	II
2448691	2451314	2447298	2444674	2624	2625	99.81	16595099	16595099	II	II
2473639	2475168	553686	552156	1530	1531	99.74	16595099	15540809	II	I
2475150	2476625	553686	552212	1476	1475	99.26	16595099	15540809	II	I
2483375	2486599	12236315	12233093	3225	3223	99.69	16595099	19933398	II	V
2526725	2528008	12909009	12907727	1284	1283	94.08	16595099	15540809	II	I
2526725	2528335	12910025	12908416	1611	1610	93.23	16595099	15540809	II	I
2526725	2528337	12911273	12909654	1613	1620	92.84	16595099	15540809	II	I
2526737	2528337	12915949	12914350	1601	1600	92.69	16595099	15540809	II	I
2527070	2528337	2637135	2635868	1268	1268	95.50	16595099	16595099	II	II
2591780	2593277	3808272	3806772	1498	1501	92.21	16595099	16595099	II	II
2591780	2593277	9264151	9262643	1498	1509	92.98	16595099	16595099	II	II
2591784	2593269	10059749	10058257	1486	1493	93.36	16595099	15540809	II	I
2591784	2593277	9742403	9740900	1494	1504	93.74	16595099	14810976	II	III
2591784	2593237	1050477	1049062	1454	1416	90.71	16595099	17080301	II	IV
2591784	2593237	1073938	1072523	1454	1416	90.78	16595099	17080301	II	IV
2591784	2592930	13102116	13100942	1147	1175	90.93	16595099	17080301	II	IV
2591784	2593278	89297	87816	1495	1482	88.71	16595099	19933398	II	V
2591789	2592875	5787092	5786017	1087	1076	88.32	16595099	14810976	II	III
2591809	2592876	12806125	12805068	1068	1058	87.53	16595099	17080301	II	IV
2591939	2593105	11641711	11640513	1167	1199	92.19	16595099	14810976	II	III
2592055	2593278	4392189	4390948	1224	1242	93.98	16595099	19933398	II	V
2592150	2593278	4625654	4624517	1129	1138	93.90	16595099	15540809	II	I
2592197	2593283	9767629	9766501	1087	1129	91.43	16595099	16595099	II	II
2626127	2627482	10843307	10841931	1356	1377	91.25	16595099	15540809	II	I
2626127	2627473	2228855	2227577	1347	1279	90.81	16595099	16595099	II	II
2626131	2627472	10724299	10722903	1342	1397	91.24	16595099	16595099	II	II
2635400	2637135	1527438	1525702	1736	1737	93.90	16595099	15540809	II	I
2635400	2637135	1528414	1526678	1736	1737	94.36	16595099	15540809	II	I
2635400	2637135	1528998	1527262	1736	1737	93.73	16595099	15540809	II	I
2635400	2636975	1525628	1524056	1576	1573	97.15	16595099	16595099	II	II
2635400	2637135	16070305	16068576	1736	1730	97.87	16595099	17080301	II	IV
2635400	2636419	3498161	3497141	1020	1021	95.11	16595099	19933398	II	V
2635404	2637134	1522258	1520527	1731	1732	93.65	16595099	15540809	II	I
2635404	2636975	2528306	2526725	1572	1582	93.99	16595099	16595099	II	II
2635405	2637135	1531833	1530102	1731	1732	92.79	16595099	15540809	II	I
2635406	2637135	14265398	14263666	1730	1733	96.60	16595099	16595099	II	II
2635406	2637135	16073589	16071866	1730	1724	97.92	16595099	17080301	II	IV
2635868	2637135	2528337	2527070	1268	1268	95.50	16595099	16595099	II	II
2658184	2659437	2659437	2658184	1254	1254	85.12	16595099	16595099	II	II
2665332	2666640	7175885	7174577	1309	1309	99.62	16595099	19933398	II	V
2665332	2666640	12694183	12692887	1309	1297	98.70	16595099	22220885	II	X
2665333	2666640	3830987	3829686	1308	1302	98.93	16595099	15540809	II	I
2665333	2666640	14990435	14989119	1308	1317	98.41	16595099	16595099	II	II
2665333	2666640	3779521	3778214	1308	1308	99.31	16595099	19933398	II	V
2665333	2666640	5881090	5879783	1308	1308	99.54	16595099	19933398	II	V
2665334	2666640	11095202	11093890	1307	1313	99.24	16595099	15540809	II	I
2665334	2666654	3539920	3538600	1321	1321	99.24	16595099	16595099	II	II
2665334	2666644	15862891	15861581	1311	1311	99.54	16595099	16595099	II	II
2665458	2666640	6119882	6118701	1183	1182	99.41	16595099	22220885	II	X
2665536	2666640	13880367	13879263	1105	1105	99.82	16595099	19933398	II	V
2799289	2800340	2802377	2801324	1052	1054	99.53	16595099	16595099	II	II
2800359	2801422	2803407	2802342	1064	1066	98.78	16595099	16595099	II	II
2801324	2802377	2800340	2799289	1054	1052	99.53	16595099	16595099	II	II
2802342	2803407	2801422	2800359	1066	1064	98.78	16595099	16595099	II	II
2812240	2814084	4642552	4640767	1845	1786	95.02	16595099	22220885	II	X
2812285	2813914	9869807	9868180	1630	1628	98.65	16595099	14810976	II	III
2812289	2813913	18793736	18792125	1625	1612	97.66	16595099	19933398	II	V
2852960	2853966	2862104	2861098	1007	1007	87.03	16595099	16595099	II	II
2861098	2862104	2853966	2852960	1007	1007	87.03	16595099	16595099	II	II
2884821	2885824	8454843	8453842	1004	1002	96.32	16595099	15540809	II	I
2884821	2885825	10594582	10593578	1005	1005	96.62	16595099	19933398	II	V
2884821	2885824	12934193	12933189	1004	1005	95.33	16595099	22220885	II	X
2918483	2919718	16094341	16093132	1236	1210	94.26	16595099	22220885	II	X
2918484	2919706	8664264	8663060	1223	1205	95.18	16595099	14810976	II	III
2918484	2919719	3651424	3650228	1236	1197	94.34	16595099	19933398	II	V
2918484	2919719	503828	502601	1236	1228	96.44	16595099	22220885	II	X
2924904	2926116	993303	992100	1213	1204	93.83	16595099	15540809	II	I
2924904	2925937	12602053	12601012	1034	1042	91.40	16595099	16595099	II	II
2924904	2926442	10763259	10761725	1539	1535	95.16	16595099	14810976	II	III
2925020	2926442	12700809	12699382	1423	1428	95.12	16595099	16595099	II	II
2930408	2931484	4207122	4206056	1077	1067	92.81	16595099	15540809	II	I
2930412	2931480	4412209	4411144	1069	1066	94.68	16595099	16595099	II	II
2930412	2931480	8796817	8795750	1069	1068	94.61	16595099	16595099	II	II
2930412	2931480	13543145	13542078	1069	1068	94.88	16595099	16595099	II	II
2930412	2931480	13520315	13519251	1069	1065	93.48	16595099	22220885	II	X
2962126	2963553	631155	629728	1428	1428	98.88	16595099	17080301	II	IV
2962178	2963591	17505289	17503876	1414	1414	99.50	16595099	19933398	II	V
3048823	3050245	6782853	6781495	1423	1359	87.13	16595099	16595099	II	II
3049014	3050055	3050055	3049014	1042	1042	90.70	16595099	16595099	II	II
3055377	3056697	13130175	13128841	1321	1335	94.39	16595099	17080301	II	IV
3055378	3056752	3718546	3717176	1375	1371	95.65	16595099	15540809	II	I
3055378	3056758	7740433	7739046	1381	1388	96.26	16595099	17080301	II	IV
3055378	3056697	13061446	13060118	1320	1329	93.95	16595099	17080301	II	IV
3059875	3061372	3063316	3061806	1498	1511	95.04	16595099	16595099	II	II
3061806	3063316	3061372	3059875	1511	1498	95.04	16595099	16595099	II	II
3272258	3273386	21194765	21193639	1129	1127	94.10	16595099	22220885	II	X
3272261	3273386	2913664	2912547	1126	1118	97.07	16595099	22220885	II	X
3272319	3273414	16472853	16471767	1096	1087	95.81	16595099	19933398	II	V
3352728	3353748	15797132	15796094	1021	1039	96.82	16595099	19933398	II	V
3394373	3395858	14529785	14528301	1486	1485	93.15	16595099	16595099	II	II
3394638	3395982	4133058	4131716	1345	1343	92.64	16595099	16595099	II	II
3394659	3395706	12467025	12465980	1048	1046	93.71	16595099	17080301	II	IV
3463058	3464325	10437912	10436652	1268	1261	99.29	16595099	14810976	II	III
3463062	3464327	8420318	8419055	1266	1264	99.45	16595099	15540809	II	I
3463062	3464322	15584684	15583430	1261	1255	99.29	16595099	16595099	II	II
3463062	3464325	10560356	10559100	1264	1257	98.97	16595099	22220885	II	X
3473596	3474754	14529674	14528507	1159	1168	95.55	16595099	16595099	II	II
3485370	3486382	3474608	3473596	1013	1013	93.29	16595099	16595099	II	II
3485370	3486468	3001520	3000428	1099	1093	88.95	16595099	19933398	II	V
3485370	3486452	4014998	4013916	1083	1083	92.26	16595099	22220885	II	X
3507044	3508307	21470944	21469680	1264	1265	99.84	16595099	22220885	II	X
3507054	3508313	15584684	15583424	1260	1261	99.60	16595099	16595099	II	II
3507054	3508311	3434675	3433418	1258	1258	99.68	16595099	17080301	II	IV
3512830	3514198	21097328	21095963	1369	1366	86.93	16595099	22220885	II	X
3513150	3514198	3585736	3584691	1049	1046	93.05	16595099	16595099	II	II
3538612	3539920	3353008	3351700	1309	1309	99.54	16595099	19933398	II	V
3538614	3539920	11285388	11284082	1307	1307	99.85	16595099	14810976	II	III
3584422	3585688	14338283	14337017	1267	1267	89.11	16595099	16595099	II	II
3623057	3624148	8669731	8668644	1092	1088	95.82	16595099	14810976	II	III
3623057	3624156	15172522	15171422	1100	1101	95.24	16595099	19933398	II	V
3623127	3624150	2883545	2882579	1024	967	88.87	16595099	22220885	II	X
3660441	3661509	16282734	16281656	1069	1079	95.56	16595099	19933398	II	V
3746069	3747329	5368737	5367478	1261	1260	99.84	16595099	16595099	II	II
3746071	3747331	547747	546487	1261	1261	99.92	16595099	19933398	II	V
3746071	3747334	19325442	19324180	1264	1263	99.68	16595099	22220885	II	X
3746076	3747329	3464322	3463062	1254	1261	99.37	16595099	16595099	II	II
3746076	3747329	5766905	5765652	1254	1254	100.00	16595099	16595099	II	II
3752158	3753319	5396106	5394928	1162	1179	92.34	16595099	15540809	II	I
3752164	3753190	5000051	4999020	1027	1032	96.42	16595099	15540809	II	I
3752166	3753188	5760645	5759621	1023	1025	95.92	16595099	16595099	II	II
3752167	3753189	7336890	7335855	1023	1036	96.54	16595099	15540809	II	I
3752167	3753189	9028431	9027405	1023	1027	96.60	16595099	14810976	II	III
3752167	3753189	502684	501659	1023	1026	96.02	16595099	17080301	II	IV
3806761	3808273	16155202	16153678	1513	1525	92.90	16595099	19933398	II	V
3806772	3808271	9171122	9169611	1500	1512	91.44	16595099	14810976	II	III
3806772	3807901	87644	86530	1130	1115	91.74	16595099	19933398	II	V
3806967	3808050	7461591	7460499	1084	1093	93.12	16595099	14810976	II	III
3813966	3815027	3815027	3813966	1062	1062	94.38	16595099	16595099	II	II
3837306	3838356	3882875	3881825	1051	1051	95.91	16595099	16595099	II	II
3969528	3970783	4882004	4880749	1256	1256	99.92	16595099	17080301	II	IV
3969530	3970789	1859706	1858447	1260	1260	99.68	16595099	19933398	II	V
4000056	4001142	4004421	4003335	1087	1087	93.56	16595099	16595099	II	II
4000324	4001601	11583285	11582008	1278	1278	88.91	16595099	16595099	II	II
4000563	4001603	12086258	12085220	1041	1039	84.11	16595099	15540809	II	I
4003335	4004421	4001142	4000056	1087	1087	93.56	16595099	16595099	II	II
4015554	4016602	4016602	4015554	1049	1049	75.32	16595099	16595099	II	II
4038090	4039214	7490375	7489270	1125	1106	93.81	16595099	17080301	II	IV
4038091	4039214	5685745	5684661	1124	1085	92.65	16595099	17080301	II	IV
4038091	4039214	6339806	6338731	1124	1076	91.07	16595099	17080301	II	IV
4038091	4039214	6388744	6387713	1124	1032	86.36	16595099	19933398	II	V
4038102	4039214	13347058	13346008	1113	1051	89.46	16595099	17080301	II	IV
4040435	4042316	2283523	2281700	1882	1824	92.82	16595099	16595099	II	II
4042316	4044652	2281604	2279259	2337	2346	95.73	16595099	16595099	II	II
4131000	4133058	3020500	3018445	2059	2056	93.16	16595099	19933398	II	V
4131012	4132964	4015682	4013738	1953	1945	93.91	16595099	22220885	II	X
4131017	4132046	14408791	14407741	1030	1051	95.72	16595099	16595099	II	II
4131041	4133010	4148578	4146596	1970	1983	88.86	16595099	16595099	II	II
4131321	4132379	2985715	2984664	1059	1052	92.82	16595099	19933398	II	V
4131330	4133058	4149885	4148128	1729	1758	89.95	16595099	16595099	II	II
4131631	4133058	4184104	4182678	1428	1427	95.10	16595099	14810976	II	III
4131998	4133109	3194599	3193490	1112	1110	88.14	16595099	19933398	II	V
4146596	4148578	4133010	4131041	1983	1970	88.86	16595099	16595099	II	II
4147108	4149803	12064830	12062147	2696	2684	89.88	16595099	15540809	II	I
4148307	4149885	4132971	4131394	1579	1578	91.17	16595099	16595099	II	II
4191357	4192492	5632099	5630987	1136	1113	93.67	16595099	15540809	II	I
4191358	4192484	5506636	5505515	1127	1122	97.07	16595099	16595099	II	II
4191359	4192484	8569315	8568197	1126	1119	94.59	16595099	17080301	II	IV
4191361	4192484	10546253	10545136	1124	1118	95.04	16595099	15540809	II	I
4301554	4302817	14576749	14575547	1264	1203	91.99	16595099	17080301	II	IV
4302855	4304472	14574935	14573287	1618	1649	93.77	16595099	17080301	II	IV
4303352	4304472	15568003	15566879	1121	1125	97.16	16595099	19933398	II	V
4411139	4412212	4565969	4564891	1074	1079	93.80	16595099	15540809	II	I
4411144	4412209	2931480	2930412	1066	1069	94.68	16595099	16595099	II	II
4516045	4517338	2989986	2988736	1294	1251	93.68	16595099	19933398	II	V
4516046	4517338	11756360	11755071	1293	1290	87.08	16595099	19933398	II	V
4516047	4517338	15559189	15557989	1292	1201	90.33	16595099	16595099	II	II
4516047	4517338	8169584	8168290	1292	1295	97.30	16595099	14810976	II	III
4516047	4517339	4509073	4507778	1293	1296	97.54	16595099	19933398	II	V
4517351	4518567	8538674	8537478	1217	1197	94.50	16595099	15540809	II	I
4517351	4518588	5555768	5554534	1238	1235	96.77	16595099	14810976	II	III
4615135	4616731	4619624	4618028	1597	1597	99.87	16595099	16595099	II	II
4616731	4618138	3006147	3004740	1408	1408	99.72	16595099	15540809	II	I
4616731	4618137	13135714	13134309	1407	1406	99.72	16595099	15540809	II	I
4616731	4618139	13672841	13671433	1409	1409	99.50	16595099	16595099	II	II
4616731	4618137	5804567	5803161	1407	1407	99.86	16595099	14810976	II	III
4616731	4617926	13718724	13717529	1196	1196	99.92	16595099	17080301	II	IV
4616731	4618142	16730696	16729286	1412	1411	99.50	16595099	19933398	II	V
4618028	4619624	4616731	4615135	1597	1597	99.87	16595099	16595099	II	II
4619621	4622099	4622099	4619621	2479	2479	98.11	16595099	16595099	II	II
4660580	4661840	3993115	3991855	1261	1261	99.13	16595099	19933398	II	V
4782079	4784061	2269901	2267935	1983	1967	95.63	16595099	15540809	II	I
4782079	4784061	7301776	7299795	1983	1982	97.28	16595099	15540809	II	I
4782079	4783956	13684042	13682184	1878	1859	95.48	16595099	16595099	II	II
4885338	4886381	4887704	4886724	1044	981	93.30	16595099	16595099	II	II
4935480	4936747	4942184	4940916	1268	1269	85.04	16595099	16595099	II	II
4940916	4942184	4936747	4935480	1269	1268	85.04	16595099	16595099	II	II
5008591	5009862	13705229	13703969	1272	1261	86.78	16595099	17080301	II	IV
5011107	5012319	6505291	6504088	1213	1204	93.16	16595099	19933398	II	V
5011408	5012925	17325992	17324482	1518	1511	94.06	16595099	19933398	II	V
5011413	5012925	14429197	14427698	1513	1500	94.69	16595099	16595099	II	II
5049095	5054149	1800077	1795026	5055	5052	99.01	16595099	19933398	II	V
5193035	5194301	12603872	12602606	1267	1267	99.84	16595099	19933398	II	V
5193042	5194299	14631149	14629892	1258	1258	99.84	16595099	14810976	II	III
5193042	5194299	2619288	2618031	1258	1258	100.00	16595099	17080301	II	IV
5193042	5194299	14910780	14909523	1258	1258	99.84	16595099	22220885	II	X
5193043	5194299	7052263	7051007	1257	1257	99.76	16595099	14810976	II	III
5193043	5194299	10465312	10464056	1257	1257	99.68	16595099	19933398	II	V
5193046	5194303	11615646	11614389	1258	1258	99.92	16595099	17080301	II	IV
5195840	5197067	17374609	17373396	1228	1214	80.81	16595099	22220885	II	X
5198965	5200224	19093311	19092052	1260	1260	99.68	16595099	19933398	II	V
5198970	5200230	1588040	1586780	1261	1261	99.76	16595099	15540809	II	I
5240365	5241392	2802977	2801947	1028	1031	93.15	16595099	19933398	II	V
5240369	5241416	12954805	12953775	1048	1031	91.70	16595099	17080301	II	IV
5265575	5266740	3843169	3841977	1166	1193	91.89	16595099	16595099	II	II
5270242	5271505	12054305	12053042	1264	1264	99.84	16595099	15540809	II	I
5270248	5271504	7806426	7805170	1257	1257	100.00	16595099	16595099	II	II
5270249	5271509	10555173	10553913	1261	1261	99.84	16595099	15540809	II	I
5270250	5271508	14375833	14374575	1259	1259	99.76	16595099	16595099	II	II
5270251	5271506	4852446	4851191	1256	1256	99.92	16595099	15540809	II	I
5270251	5271507	7769212	7767956	1257	1257	99.84	16595099	15540809	II	I
5270251	5271518	7374069	7372800	1268	1270	99.61	16595099	14810976	II	III
5270251	5271507	13162880	13161624	1257	1257	99.92	16595099	17080301	II	IV
5270251	5271507	15651189	15649933	1257	1257	99.76	16595099	19933398	II	V
5270251	5271510	6446006	6444747	1260	1260	99.76	16595099	22220885	II	X
5367473	5368731	6823658	6822400	1259	1259	99.76	16595099	17080301	II	IV
5367473	5368731	3036118	3034860	1259	1259	99.84	16595099	19933398	II	V
5367475	5368732	1209794	1208537	1258	1258	99.92	16595099	22220885	II	X
5367476	5368739	13217499	13216235	1264	1265	99.84	16595099	22220885	II	X
5367477	5368736	6704644	6703385	1260	1260	99.68	16595099	19933398	II	V
5367478	5368734	14233021	14231765	1257	1257	99.44	16595099	15540809	II	I
5367478	5368737	3747329	3746069	1260	1261	99.84	16595099	16595099	II	II
5367478	5368732	10408252	10406998	1255	1255	100.00	16595099	14810976	II	III
5367478	5368732	13503871	13502617	1255	1255	100.00	16595099	14810976	II	III
5367478	5368735	7716325	7715070	1258	1256	99.36	16595099	19933398	II	V
5367478	5368734	14464775	14463519	1257	1257	99.84	16595099	19933398	II	V
5505515	5506636	4192484	4191358	1122	1127	97.07	16595099	16595099	II	II
5505515	5506642	5435746	5434619	1128	1128	94.88	16595099	17080301	II	IV
5561525	5567259	17084060	17078334	5735	5727	99.56	16595099	19933398	II	V
5731892	5733154	6091958	6090696	1263	1263	99.60	16595099	14810976	II	III
5731895	5733151	13666006	13664750	1257	1257	99.68	16595099	19933398	II	V
5732123	5733151	6944392	6943364	1029	1029	99.81	16595099	16595099	II	II
5759610	5760644	3634485	3633464	1035	1022	95.95	16595099	14810976	II	III
5759621	5760644	2871724	2870696	1024	1029	98.15	16595099	15540809	II	I
5759621	5760645	3753188	3752166	1025	1023	95.92	16595099	16595099	II	II
5759621	5760644	11389199	11388180	1024	1020	97.56	16595099	16595099	II	II
5759621	5760644	14252573	14251530	1024	1044	94.55	16595099	16595099	II	II
5759621	5760644	10043470	10042449	1024	1022	98.34	16595099	19933398	II	V
5759621	5760646	16721028	16720007	1026	1022	97.18	16595099	19933398	II	V
5759621	5760644	16877654	16876628	1024	1027	97.47	16595099	19933398	II	V
5765643	5766905	14064721	14063459	1263	1263	99.52	16595099	16595099	II	II
5765644	5766905	13911499	13910238	1262	1262	99.68	16595099	22220885	II	X
5765647	5766909	10929339	10928076	1263	1264	99.68	16595099	15540809	II	I
5765652	5766916	662296	661032	1265	1265	99.68	16595099	16595099	II	II
5765652	5766905	3747329	3746076	1254	1254	100.00	16595099	16595099	II	II
5765652	5766909	14004811	14003554	1258	1258	99.84	16595099	16595099	II	II
5798387	5799642	10045625	10044378	1256	1248	98.96	16595099	22220885	II	X
5798388	5799643	4477165	4475910	1256	1256	99.92	16595099	17080301	II	IV
5798389	5799642	4661833	4660580	1254	1254	99.84	16595099	16595099	II	II
5798389	5799646	170233	168976	1258	1258	99.52	16595099	22220885	II	X
5811544	5812816	20523609	20522341	1273	1269	96.47	16595099	22220885	II	X
5811546	5812813	10562322	10561051	1268	1272	96.70	16595099	14810976	II	III
5811547	5812803	1325847	1324592	1257	1256	96.19	16595099	22220885	II	X
5815553	5816688	5818565	5817461	1136	1105	88.41	16595099	16595099	II	II
5817461	5818565	5816688	5815553	1105	1136	88.41	16595099	16595099	II	II
5891373	5893212	14728337	14726510	1840	1828	93.65	16595099	16595099	II	II
5891373	5893251	14730880	14729017	1879	1864	92.45	16595099	16595099	II	II
5891373	5893251	14734987	14733123	1879	1865	91.71	16595099	16595099	II	II
5891373	5893251	5333084	5331206	1879	1879	94.15	16595099	19933398	II	V
5891373	5893211	18479752	18477917	1839	1836	90.47	16595099	19933398	II	V
5891373	5893251	18483703	18481850	1879	1854	91.68	16595099	19933398	II	V
5891373	5893251	18490251	18488397	1879	1855	90.61	16595099	19933398	II	V
5891462	5893204	17030214	17028471	1743	1744	82.22	16595099	19933398	II	V
5891505	5893212	3110931	3109228	1708	1704	90.48	16595099	14810976	II	III
5891626	5893251	17030872	17029248	1626	1625	82.72	16595099	19933398	II	V
5891650	5892897	15341778	15340535	1248	1244	92.07	16595099	17080301	II	IV
5891665	5893251	11814594	11813008	1587	1587	92.57	16595099	15540809	II	I
5892075	5893251	16133556	16132379	1177	1178	94.15	16595099	19933398	II	V
6071352	6072967	3986114	3984466	1616	1649	91.66	16595099	19933398	II	V
6071352	6072970	11174050	11172384	1619	1667	90.07	16595099	22220885	II	X
6312634	6314454	13220827	13219007	1821	1821	92.67	16595099	16595099	II	II
6312685	6313979	13618125	13616825	1295	1301	93.75	16595099	22220885	II	X
6312714	6314353	7800113	7798478	1640	1636	92.94	16595099	19933398	II	V
6312746	6314724	9188135	9186202	1979	1934	90.43	16595099	15540809	II	I
6312747	6314728	15854380	15852400	1982	1981	92.71	16595099	16595099	II	II
6312768	6314204	11725989	11724620	1437	1370	88.02	16595099	14810976	II	III
6312786	6314728	2049580	2047595	1943	1986	89.71	16595099	15540809	II	I
6313054	6314251	10756089	10754916	1198	1174	91.43	16595099	17080301	II	IV
6313199	6314724	21118076	21116603	1526	1474	88.18	16595099	22220885	II	X
6395408	6396663	6929606	6928351	1256	1256	100.00	16595099	16595099	II	II
6395409	6396666	13576423	13575166	1258	1258	99.68	16595099	17080301	II	IV
6395409	6396665	21915646	21914390	1257	1257	99.76	16595099	22220885	II	X
6408507	6409814	13179434	13178127	1308	1308	99.77	16595099	16595099	II	II
6408508	6409816	7237770	7236462	1309	1309	99.85	16595099	17080301	II	IV
6408508	6409814	14467641	14466335	1307	1307	99.62	16595099	17080301	II	IV
6436041	6437134	5451686	5450593	1094	1094	97.64	16595099	15540809	II	I
6436041	6437134	2148950	2147856	1094	1095	98.00	16595099	19933398	II	V
6457206	6458282	8490997	8489911	1077	1087	92.77	16595099	19933398	II	V
6479358	6480618	2114782	2113523	1261	1260	99.84	16595099	22220885	II	X
6479359	6480615	17135950	17134694	1257	1257	99.92	16595099	22220885	II	X
6479359	6480616	21795921	21794664	1258	1258	99.76	16595099	22220885	II	X
6479360	6480615	11619981	11618726	1256	1256	100.00	16595099	17080301	II	IV
6520971	6522110	12934371	12933223	1140	1149	94.27	16595099	22220885	II	X
6522929	6523955	6525244	6524222	1027	1023	99.51	16595099	16595099	II	II
6524222	6525244	6523955	6522929	1023	1027	99.51	16595099	16595099	II	II
6530935	6532029	5807329	5806247	1095	1083	92.33	16595099	17080301	II	IV
6558893	6560138	7037813	7036568	1246	1246	99.20	16595099	14810976	II	III
6729156	6734892	17084060	17078334	5737	5727	99.56	16595099	19933398	II	V
6781495	6782853	3050245	3048823	1359	1423	87.06	16595099	16595099	II	II
6803943	6805376	8961732	8960303	1434	1430	90.13	16595099	19933398	II	V
6803945	6805708	7366247	7364499	1764	1749	89.54	16595099	15540809	II	I
6803948	6805920	7873029	7871067	1973	1963	89.35	16595099	15540809	II	I
6803948	6805897	9985416	9983486	1950	1931	88.73	16595099	19933398	II	V
6803949	6805455	6818812	6817309	1507	1504	90.73	16595099	14810976	II	III
6804045	6805376	7409340	7408008	1332	1333	91.08	16595099	15540809	II	I
6804109	6805918	5549427	5547629	1810	1799	88.44	16595099	14810976	II	III
6804251	6805921	6881595	6879936	1671	1660	94.28	16595099	16595099	II	II
6804285	6805366	11421055	11419978	1082	1078	91.90	16595099	17080301	II	IV
6804761	6805920	6938121	6936972	1160	1150	89.66	16595099	14810976	II	III
6879936	6881595	6805921	6804251	1660	1671	94.29	16595099	16595099	II	II
6880405	6881529	9264745	9263607	1125	1139	89.33	16595099	17080301	II	IV
6928351	6929606	6396663	6395408	1256	1256	100.00	16595099	16595099	II	II
6928352	6929608	8504900	8503644	1257	1257	99.84	16595099	19933398	II	V
6928352	6929608	12740358	12739102	1257	1257	100.00	16595099	22220885	II	X
6943362	6944392	7364799	7363769	1031	1031	99.81	16595099	14810976	II	III
6943364	6944392	5733151	5732123	1029	1029	99.81	16595099	16595099	II	II
6943365	6944392	2816675	2815648	1028	1028	100.00	16595099	15540809	II	I
6943365	6944392	8153037	8152010	1028	1028	99.90	16595099	15540809	II	I
6943365	6944392	998667	997640	1028	1028	99.90	16595099	16595099	II	II
6982828	6983909	19585790	19584794	1082	997	84.73	16595099	22220885	II	X
6982841	6983907	6620850	6619776	1067	1075	91.17	16595099	15540809	II	I
7184329	7185894	11423186	11421596	1566	1591	94.80	16595099	17080301	II	IV
7184344	7185894	8347225	8345665	1551	1561	97.06	16595099	14810976	II	III
7200622	7201627	9414904	9413890	1006	1015	91.80	16595099	16595099	II	II
7262597	7263887	7274401	7273033	1291	1369	88.36	16595099	16595099	II	II
7273033	7274401	7263887	7262597	1369	1291	88.36	16595099	16595099	II	II
7508762	7509879	12638803	12637710	1118	1094	90.22	16595099	16595099	II	II
7508762	7509879	10842812	10841688	1118	1125	90.14	16595099	14810976	II	III
7508762	7509869	8064144	8063044	1108	1101	90.88	16595099	17080301	II	IV
7508762	7509879	5178673	5177560	1118	1114	93.61	16595099	19933398	II	V
7508762	7509879	7437704	7436592	1118	1113	93.46	16595099	19933398	II	V
7544272	7545358	8343507	8342418	1087	1090	92.59	16595099	16595099	II	II
7544272	7545363	6922618	6921528	1092	1091	95.53	16595099	19933398	II	V
7544276	7545358	2570439	2569360	1083	1080	95.77	16595099	15540809	II	I
7544276	7545363	914167	913066	1088	1102	91.23	16595099	19933398	II	V
7592664	7594300	1206847	1205212	1637	1636	99.69	16595099	17080301	II	IV
7592669	7594289	2813912	2812289	1621	1624	98.22	16595099	16595099	II	II
7796237	7797354	2897580	2896509	1118	1072	88.64	16595099	19933398	II	V
7796244	7797361	4037249	4036153	1118	1097	90.35	16595099	14810976	II	III
7805165	7806423	10678487	10677229	1259	1259	99.84	16595099	22220885	II	X
7805168	7806427	945853	944594	1260	1260	99.84	16595099	17080301	II	IV
7805169	7806429	14499654	14498394	1261	1261	99.76	16595099	14810976	II	III
7805170	7806426	5271504	5270248	1257	1257	100.00	16595099	16595099	II	II
7805170	7806424	12771973	12770719	1255	1255	99.92	16595099	14810976	II	III
8071305	8075276	8087841	8083789	3972	4053	97.78	16595099	16595099	II	II
8083789	8087841	8075276	8071305	4053	3972	97.78	16595099	16595099	II	II
8230264	8231530	12740371	12739105	1267	1267	99.76	16595099	22220885	II	X
8230271	8231530	8981095	8979837	1260	1259	99.92	16595099	19933398	II	V
8230272	8231535	14161917	14160655	1264	1263	99.53	16595099	15540809	II	I
8230276	8231530	16611558	16610304	1255	1255	99.84	16595099	19933398	II	V
8230276	8231530	7667202	7665948	1255	1255	100.00	16595099	22220885	II	X
8230276	8231530	8144275	8143021	1255	1255	100.00	16595099	22220885	II	X
8230276	8231530	14903699	14902445	1255	1255	100.00	16595099	22220885	II	X
8230276	8231530	16927935	16926681	1255	1255	100.00	16595099	22220885	II	X
8230277	8231535	11903777	11902519	1259	1259	99.76	16595099	19933398	II	V
8340073	8341153	685756	684676	1081	1081	94.92	16595099	15540809	II	I
8340073	8341153	4153854	4152783	1081	1072	93.54	16595099	19933398	II	V
8342415	8343506	12596400	12595374	1092	1027	91.60	16595099	16595099	II	II
8342415	8343506	13854193	13853106	1092	1088	93.61	16595099	17080301	II	IV
8342418	8343510	1343054	1341965	1093	1090	94.34	16595099	15540809	II	I
8342418	8343507	9051834	9050761	1090	1074	94.96	16595099	17080301	II	IV
8343503	8344573	7086432	7085352	1071	1081	93.84	16595099	15540809	II	I
8343503	8344573	10842989	10841941	1071	1049	91.25	16595099	15540809	II	I
8343503	8344573	10723987	10722903	1071	1085	93.04	16595099	16595099	II	II
8343503	8344566	12394715	12393649	1064	1067	92.88	16595099	16595099	II	II
8343503	8344573	2796604	2795555	1071	1050	88.44	16595099	17080301	II	IV
8343503	8344573	3782416	3781348	1071	1069	92.18	16595099	17080301	II	IV
8343503	8344573	5459680	5458611	1071	1070	92.12	16595099	17080301	II	IV
8343503	8344573	7372119	7371041	1071	1079	93.65	16595099	17080301	II	IV
8343503	8344578	8075946	8074913	1076	1034	89.74	16595099	19933398	II	V
8343514	8344573	2134112	2133043	1060	1070	92.57	16595099	19933398	II	V
8343520	8344573	9681192	9680171	1054	1022	88.44	16595099	19933398	II	V
8542555	8543841	8543841	8542555	1287	1287	88.48	16595099	16595099	II	II
8546294	8547476	8455036	8453842	1183	1195	95.49	16595099	15540809	II	I
8546310	8547476	12934370	12933189	1167	1182	94.09	16595099	22220885	II	X
8727694	8728915	7136644	7135393	1222	1252	95.14	16595099	14810976	II	III
8834492	8836373	5456557	5454677	1882	1881	97.67	16595099	17080301	II	IV
8834523	8836756	3580644	3578421	2234	2224	98.39	16595099	14810976	II	III
8850196	8851334	15335269	15334138	1139	1132	91.41	16595099	19933398	II	V
8850321	8851456	7992507	7991365	1136	1143	91.88	16595099	17080301	II	IV
8875590	8876714	723296	722144	1125	1153	92.44	16595099	19933398	II	V
8882500	8883781	2325872	2324611	1282	1262	92.45	16595099	17080301	II	IV
8882597	8883778	12934371	12933189	1182	1183	83.67	16595099	22220885	II	X
8882633	8883779	2336696	2335539	1147	1158	89.94	16595099	17080301	II	IV
9072825	9074034	10442351	10441149	1210	1203	96.71	16595099	16595099	II	II
9262639	9264160	8926787	8925278	1522	1510	92.50	16595099	14810976	II	III
9262643	9264151	2593277	2591780	1509	1498	92.98	16595099	16595099	II	II
9262643	9264150	9171122	9169611	1508	1512	93.30	16595099	14810976	II	III
9262643	9263773	87644	86537	1131	1108	92.11	16595099	19933398	II	V
9262643	9263837	7059481	7058287	1195	1195	94.19	16595099	19933398	II	V
9262842	9263924	7461589	7460499	1083	1091	93.52	16595099	14810976	II	III
9413097	9414876	5642533	5640727	1780	1807	92.32	16595099	14810976	II	III
9413097	9414904	11791354	11789506	1808	1849	91.23	16595099	19933398	II	V
9413859	9414904	9222432	9221395	1046	1038	92.58	16595099	15540809	II	I
9413876	9414903	5636644	5635629	1028	1016	91.55	16595099	19933398	II	V
9413890	9414904	7201627	7200622	1015	1006	91.80	16595099	16595099	II	II
9524487	9525550	6754973	6753898	1064	1076	96.75	16595099	17080301	II	IV
9524544	9525549	17778769	17777772	1006	998	92.77	16595099	19933398	II	V
9766506	9767628	7059482	7058387	1123	1096	92.89	16595099	19933398	II	V
9766507	9767629	10131466	10130349	1123	1118	91.26	16595099	14810976	II	III
9894906	9896628	10015470	10013731	1723	1740	96.61	16595099	16595099	II	II
9912820	9914120	14049647	14048347	1301	1301	99.92	16595099	19933398	II	V
9912821	9914117	8062886	8061590	1297	1297	99.92	16595099	19933398	II	V
9922799	9927310	9933078	9928567	4512	4512	99.93	16595099	16595099	II	II
9928567	9933078	9927310	9922799	4512	4512	99.93	16595099	16595099	II	II
10013731	10015470	9896628	9894906	1740	1723	96.61	16595099	16595099	II	II
10018207	10020517	5571181	5568916	2311	2266	97.06	16595099	19933398	II	V
10018208	10019758	13062369	13060881	1551	1489	95.81	16595099	22220885	II	X
10018248	10020109	10022082	10020222	1862	1861	99.46	16595099	16595099	II	II
10018762	10020109	13548773	13547456	1348	1318	96.88	16595099	22220885	II	X
10018824	10020523	4374982	4373288	1700	1695	97.30	16595099	17080301	II	IV
10019780	10021630	9053247	9051456	1851	1792	94.94	16595099	14810976	II	III
10020222	10022082	10020109	10018248	1861	1862	99.46	16595099	16595099	II	II
10020222	10021439	2289174	2287958	1218	1217	99.26	16595099	19933398	II	V
10020222	10021506	13547343	13546060	1285	1284	98.76	16595099	22220885	II	X
10247441	10248651	13705229	13703969	1211	1261	85.61	16595099	17080301	II	IV
10401318	10402416	7086441	7085350	1099	1092	94.04	16595099	15540809	II	I
10401318	10402415	1840885	1839793	1098	1093	91.28	16595099	16595099	II	II
10401318	10402414	5459689	5458611	1097	1079	92.33	16595099	17080301	II	IV
10401318	10402416	6676146	6675060	1099	1087	92.59	16595099	17080301	II	IV
10401318	10402415	7372128	7371040	1098	1089	94.83	16595099	17080301	II	IV
10401318	10402417	2134135	2133040	1100	1096	92.53	16595099	19933398	II	V
10441149	10442351	9074034	9072825	1203	1210	96.71	16595099	16595099	II	II
10486486	10487831	6535893	6534556	1346	1338	90.61	16595099	14810976	II	III
10486657	10487831	21455201	21454059	1175	1143	94.30	16595099	22220885	II	X
10486704	10487831	16448399	16447273	1128	1127	92.13	16595099	22220885	II	X
10486773	10487831	5833508	5832450	1059	1059	93.13	16595099	19933398	II	V
10489127	10490608	5265590	5264131	1482	1460	95.08	16595099	14810976	II	III
10500170	10501461	3009789	3008533	1292	1257	95.05	16595099	17080301	II	IV
10556727	10557758	5008446	5007421	1032	1026	97.48	16595099	15540809	II	I
10556727	10557758	11336744	11335716	1032	1029	96.81	16595099	16595099	II	II
10556728	10557751	2583589	2582573	1024	1017	96.58	16595099	15540809	II	I
10556728	10557758	11389199	11388180	1031	1020	96.31	16595099	16595099	II	II
10556728	10557758	13553252	13552226	1031	1027	97.48	16595099	14810976	II	III
10556728	10557760	1242161	1241137	1033	1025	94.72	16595099	17080301	II	IV
10556728	10557759	12074934	12073905	1032	1030	97.67	16595099	17080301	II	IV
10556728	10557758	4619107	4618080	1031	1028	97.38	16595099	19933398	II	V
10556728	10557758	16877654	16876628	1031	1027	97.29	16595099	19933398	II	V
10557779	10559595	10559595	10557779	1817	1817	98.41	16595099	16595099	II	II
10722898	10723982	9249267	9248199	1085	1069	94.58	16595099	17080301	II	IV
10722903	10724299	2627472	2626131	1397	1342	91.24	16595099	16595099	II	II
10786186	10787240	2533125	2532028	1055	1098	88.30	16595099	22220885	II	X
10816418	10817473	8044269	8043210	1056	1060	94.97	16595099	15540809	II	I
10853814	10854817	11099379	11098351	1004	1029	85.01	16595099	19933398	II	V
10981889	10982919	12954798	12953775	1031	1024	91.35	16595099	17080301	II	IV
11233812	11235960	14159862	14157714	2149	2149	99.49	16595099	14810976	II	III
11233816	11235963	5805305	5803158	2148	2148	99.53	16595099	14810976	II	III
11335664	11336969	12306800	12305495	1306	1306	95.09	16595099	16595099	II	II
11335713	11336745	14948225	14947265	1033	961	88.99	16595099	16595099	II	II
11335715	11336743	11931410	11930384	1029	1027	96.12	16595099	16595099	II	II
11335715	11336743	4553368	4552346	1029	1023	95.83	16595099	14810976	II	III
11335716	11336743	7336890	7335856	1028	1035	96.44	16595099	15540809	II	I
11335716	11336744	10557758	10556727	1029	1032	96.81	16595099	16595099	II	II
11433106	11434363	17595433	17594176	1258	1258	99.76	16595099	22220885	II	X
11433107	11434363	12211024	12209768	1257	1257	99.68	16595099	17080301	II	IV
11519947	11521094	15548577	15547430	1148	1148	92.77	16595099	16595099	II	II
11519947	11521094	15549378	15548230	1148	1149	92.25	16595099	16595099	II	II
11519947	11520974	18387048	18386021	1028	1028	94.65	16595099	19933398	II	V
11519947	11521092	18388520	18387375	1146	1146	92.84	16595099	19933398	II	V
11519950	11521094	18387533	18386381	1145	1153	93.93	16595099	19933398	II	V
11549550	11550762	12913482	12912271	1213	1212	90.93	16595099	15540809	II	I
11549550	11550767	11941404	11940188	1218	1217	92.37	16595099	14810976	II	III
11549550	11550767	15147233	15146025	1218	1209	90.56	16595099	17080301	II	IV
11549735	11550767	11942027	11940996	1033	1032	93.61	16595099	14810976	II	III
11581943	11582958	5255782	5254769	1016	1014	87.01	16595099	19933398	II	V
11747398	11748654	6858882	6857644	1257	1239	93.30	16595099	14810976	II	III
11747398	11748654	5442401	5441140	1257	1262	94.80	16595099	19933398	II	V
11747399	11748812	7556730	7555320	1414	1411	92.30	16595099	15540809	II	I
11747504	11748654	3846618	3845460	1151	1159	93.31	16595099	19933398	II	V
11771990	11773556	11918299	11916734	1567	1566	97.64	16595099	16595099	II	II
11916734	11918299	11773556	11771990	1566	1567	97.64	16595099	16595099	II	II
11920850	11921876	9048445	9047422	1027	1024	94.87	16595099	14810976	II	III
11930384	11931410	11336743	11335715	1027	1029	96.12	16595099	16595099	II	II
11935095	11936286	5954026	5952834	1192	1193	82.64	16595099	15540809	II	I
12022275	12024301	2258868	2256826	2027	2043	88.79	16595099	22220885	II	X
12023010	12024067	16039348	16038291	1058	1058	96.13	16595099	19933398	II	V
12023021	12024325	14365858	14364552	1305	1307	95.49	16595099	16595099	II	II
12089925	12094119	12100184	12095975	4195	4210	96.36	16595099	16595099	II	II
12095975	12100184	12094119	12089925	4210	4195	96.34	16595099	16595099	II	II
12102402	12103620	12106643	12105439	1219	1205	88.91	16595099	16595099	II	II
12105439	12106643	12103620	12102402	1205	1219	88.91	16595099	16595099	II	II
12204699	12207347	4990298	4987708	2649	2591	96.27	16595099	17080301	II	IV
12205032	12207356	3439979	3437655	2325	2325	97.90	16595099	17080301	II	IV
12221212	12222309	14529399	14528301	1098	1099	92.81	16595099	16595099	II	II
12221404	12222417	3016020	3015015	1014	1006	94.18	16595099	19933398	II	V
12229738	12231221	12241935	12240456	1484	1480	91.68	16595099	16595099	II	II
12240456	12241935	12231221	12229738	1480	1484	91.68	16595099	16595099	II	II
12305495	12306800	11336969	11335664	1306	1306	95.09	16595099	16595099	II	II
12305703	12306734	14207073	14206038	1032	1036	96.92	16595099	14810976	II	III
12305706	12306735	5008447	5007419	1030	1029	97.87	16595099	15540809	II	I
12305708	12306733	12074934	12073906	1026	1029	97.76	16595099	17080301	II	IV
12362948	12364239	3009795	3008530	1292	1266	93.29	16595099	17080301	II	IV
12393649	12395004	6863907	6862654	1356	1254	90.27	16595099	15540809	II	I
12393649	12395004	1939438	1938115	1356	1324	92.26	16595099	16595099	II	II
12393649	12395004	7396708	7395373	1356	1336	93.64	16595099	19933398	II	V
12393667	12394929	15335374	15334138	1263	1237	92.92	16595099	19933398	II	V
12393742	12395004	7293476	7292275	1263	1202	91.37	16595099	19933398	II	V
12420486	12421564	13043079	13041992	1079	1088	91.35	16595099	14810976	II	III
12472439	12473452	12473452	12472439	1014	1014	97.06	16595099	16595099	II	II
12494079	12495351	2100267	2098997	1273	1271	97.41	16595099	16595099	II	II
12494083	12495351	12754157	12752896	1269	1262	97.87	16595099	16595099	II	II
12494084	12495352	21665844	21664576	1269	1269	96.70	16595099	22220885	II	X
12541518	12542825	5400968	5399661	1308	1308	99.62	16595099	17080301	II	IV
12541519	12542825	11430314	11429008	1307	1307	99.77	16595099	17080301	II	IV
12552072	12556246	12562582	12558462	4175	4121	96.65	16595099	16595099	II	II
12558425	12562582	12556262	12552072	4158	4191	96.18	16595099	16595099	II	II
12561031	12562324	12539505	12538239	1294	1267	91.50	16595099	16595099	II	II
12588187	12589205	13334216	13333219	1019	998	91.07	16595099	22220885	II	X
12595374	12596400	8343506	8342415	1027	1092	91.60	16595099	16595099	II	II
12598516	12599773	13268604	13267347	1258	1258	99.76	16595099	17080301	II	IV
12598516	12599773	13747157	13745900	1258	1258	99.76	16595099	22220885	II	X
12601012	12602053	2925937	2924904	1042	1034	91.40	16595099	16595099	II	II
12601012	12602052	3850794	3849762	1041	1033	91.39	16595099	19933398	II	V
12606216	12607224	8501394	8500386	1009	1009	98.32	16595099	19933398	II	V
12637707	12638803	13923667	13922566	1097	1102	87.08	16595099	19933398	II	V
12637709	12638803	6174648	6173546	1095	1103	86.20	16595099	15540809	II	I
12637710	12638803	7509879	7508762	1094	1118	90.22	16595099	16595099	II	II
12637710	12638804	12911035	12909948	1095	1088	85.27	16595099	16595099	II	II
12664371	12665629	14243991	14242733	1259	1259	99.92	16595099	16595099	II	II
12664371	12665628	7757292	7756035	1258	1258	99.76	16595099	19933398	II	V
12669936	12670944	15342040	15341042	1009	999	86.72	16595099	19933398	II	V
12670940	12672196	1588043	1586787	1257	1257	99.92	16595099	15540809	II	I
12670940	12672196	14243994	14242738	1257	1257	99.92	16595099	16595099	II	II
12670940	12672197	20749107	20747850	1258	1258	99.84	16595099	22220885	II	X
12670943	12672200	14947245	14945988	1258	1258	99.84	16595099	19933398	II	V
12699382	12700809	2926442	2925020	1428	1423	95.12	16595099	16595099	II	II
12699382	12700567	12398187	12397001	1186	1187	89.95	16595099	17080301	II	IV
12699382	12700809	3851307	3849877	1428	1431	95.18	16595099	19933398	II	V
12699716	12700769	7164088	7163037	1054	1052	92.06	16595099	15540809	II	I
12702724	12703790	17550703	17549676	1067	1028	93.18	16595099	22220885	II	X
12719245	12720313	12763078	12762033	1069	1046	93.64	16595099	16595099	II	II
12722393	12724328	12758268	12756330	1936	1939	96.30	16595099	16595099	II	II
12726723	12727784	12757136	12756081	1062	1056	88.96	16595099	16595099	II	II
12731326	12732461	12732461	12731326	1136	1136	95.99	16595099	16595099	II	II
12735040	12738180	12742209	12738967	3141	3243	96.39	16595099	16595099	II	II
12738967	12742209	12738180	12735040	3243	3141	96.36	16595099	16595099	II	II
12744151	12745539	21959700	21958259	1389	1442	91.26	16595099	22220885	II	X
12748174	12749353	2260699	2259494	1180	1206	84.72	16595099	22220885	II	X
12752889	12754157	15613648	15612373	1269	1276	95.80	16595099	19933398	II	V
12752892	12754156	15855031	15853770	1265	1262	95.60	16595099	22220885	II	X
12752895	12754156	13607259	13606006	1262	1254	96.06	16595099	22220885	II	X
12752896	12754157	12495351	12494083	1262	1269	97.87	16595099	16595099	II	II
12752896	12754156	5720623	5719366	1261	1258	97.24	16595099	17080301	II	IV
12752896	12754156	12790104	12788840	1261	1265	97.01	16595099	17080301	II	IV
12752896	12754156	5277020	5275769	1261	1252	96.21	16595099	19933398	II	V
12752896	12754156	6102602	6101347	1261	1256	96.69	16595099	19933398	II	V
12752896	12754158	8160250	8158984	1263	1267	96.70	16595099	19933398	II	V
12752896	12754156	9025564	9024306	1261	1259	96.45	16595099	22220885	II	X
12752896	12754158	10286690	10285427	1263	1264	97.09	16595099	22220885	II	X
12752896	12754156	20506608	20505347	1261	1262	96.69	16595099	22220885	II	X
12752903	12754157	5137105	5135857	1255	1249	96.12	16595099	19933398	II	V
12753079	12754158	14461257	14460184	1080	1074	96.20	16595099	22220885	II	X
12755596	12757136	12728213	12726723	1541	1491	86.83	16595099	16595099	II	II
12756330	12758268	12724328	12722393	1939	1936	96.30	16595099	16595099	II	II
12758650	12759904	6747981	6746704	1255	1278	85.14	16595099	22220885	II	X
12760248	12761408	2271063	2269902	1161	1162	92.09	16595099	15540809	II	I
12762033	12763078	12720313	12719245	1046	1069	93.64	16595099	16595099	II	II
12762467	12764629	12768798	12766636	2163	2163	99.86	16595099	16595099	II	II
12764628	12765766	3405632	3404495	1139	1138	96.49	16595099	17080301	II	IV
12766636	12768798	12764629	12762467	2163	2163	99.86	16595099	16595099	II	II
12796391	12797942	602593	601036	1552	1558	96.73	16595099	19933398	II	V
12796393	12797973	21930601	21929029	1581	1573	90.25	16595099	22220885	II	X
12796396	12797972	12151571	12149997	1577	1575	96.21	16595099	15540809	II	I
12796396	12797971	12834015	12832447	1576	1569	88.46	16595099	14810976	II	III
12796396	12797972	2099074	2097488	1577	1587	90.87	16595099	17080301	II	IV
12796396	12797972	4733255	4731676	1577	1580	96.71	16595099	17080301	II	IV
12796396	12797960	6203748	6202252	1565	1497	86.77	16595099	19933398	II	V
12796396	12797972	18932178	18930623	1577	1556	87.08	16595099	22220885	II	X
12796467	12797557	3643451	3642380	1091	1072	88.32	16595099	17080301	II	IV
12796951	12797972	930294	929283	1022	1012	95.69	16595099	17080301	II	IV
12844627	12845905	2325875	2324614	1279	1262	87.58	16595099	17080301	II	IV
12844635	12845905	3279680	3278409	1271	1272	90.81	16595099	19933398	II	V
12844635	12845906	15342040	15340786	1272	1255	91.68	16595099	19933398	II	V
12844764	12845905	2336694	2335540	1142	1155	91.34	16595099	17080301	II	IV
12847046	12849447	2260711	2258234	2402	2478	84.33	16595099	22220885	II	X
12847682	12849447	693270	691513	1766	1758	87.09	16595099	16595099	II	II
12860799	12861841	5255809	5254767	1043	1043	93.96	16595099	19933398	II	V
12861196	12862582	14338410	14337040	1387	1371	89.40	16595099	16595099	II	II
12906305	12907563	13747156	13745898	1259	1259	99.92	16595099	22220885	II	X
12913313	12914327	16556839	16555815	1015	1025	97.56	16595099	19933398	II	V
12913315	12914327	7367510	7366513	1013	998	95.69	16595099	22220885	II	X
12944140	12945788	10930356	10928708	1649	1649	99.64	16595099	14810976	II	III
12990426	12991651	908240	907054	1226	1187	88.66	16595099	22220885	II	X
13005362	13006686	13496588	13495248	1325	1341	93.17	16595099	16595099	II	II
13005362	13006685	14759496	14758178	1324	1319	92.77	16595099	16595099	II	II
13005362	13006685	14781060	14779737	1324	1324	91.99	16595099	16595099	II	II
13005362	13006691	14782932	14781594	1330	1339	92.61	16595099	16595099	II	II
13005362	13006685	14785580	14784265	1324	1316	92.52	16595099	16595099	II	II
13005362	13006686	14786220	14784888	1325	1333	92.72	16595099	16595099	II	II
13005362	13006686	14786716	14785384	1325	1333	92.05	16595099	16595099	II	II
13005362	13006686	14787356	14786024	1325	1333	92.42	16595099	16595099	II	II
13005362	13006686	15132328	15130988	1325	1341	93.96	16595099	16595099	II	II
13005362	13006686	15132480	15131156	1325	1325	94.57	16595099	16595099	II	II
13005369	13006686	1670230	1668913	1318	1318	94.69	16595099	16595099	II	II
13005369	13006686	14733306	14731987	1318	1320	95.48	16595099	16595099	II	II
13005369	13006685	14764256	14762943	1317	1314	92.28	16595099	16595099	II	II
13005369	13006696	14781573	14780245	1328	1329	91.57	16595099	16595099	II	II
13005369	13006686	15296608	15295270	1318	1339	93.88	16595099	17080301	II	IV
13005369	13006542	16133412	16132238	1174	1175	95.15	16595099	19933398	II	V
13005369	13006686	18485808	18484532	1318	1277	92.04	16595099	19933398	II	V
13005372	13006685	3108114	3106806	1314	1309	95.51	16595099	14810976	II	III
13005407	13006686	15133328	15132052	1280	1277	94.61	16595099	16595099	II	II
13005575	13006686	15133328	15132220	1112	1109	95.14	16595099	16595099	II	II
13057287	13062433	15154621	15149498	5147	5124	90.07	16595099	17080301	II	IV
13057288	13062415	1310094	1304961	5128	5134	90.64	16595099	15540809	II	I
13057288	13059743	1030599	1028145	2456	2455	88.47	16595099	16595099	II	II
13057288	13058760	14264974	14263503	1473	1472	91.79	16595099	16595099	II	II
13057288	13061973	15152811	15148102	4686	4710	89.79	16595099	17080301	II	IV
13057288	13062433	16074050	16068929	5146	5122	93.77	16595099	17080301	II	IV
13057288	13062433	16080597	16075474	5146	5124	92.58	16595099	17080301	II	IV
13057438	13061406	3156992	3153025	3969	3968	90.88	16595099	14810976	II	III
13059541	13062433	2656514	2653622	2893	2893	91.25	16595099	14810976	II	III
13059566	13062433	15156503	15153652	2868	2852	91.25	16595099	17080301	II	IV
13059661	13062429	6801246	6798480	2769	2767	94.08	16595099	22220885	II	X
13059795	13062433	15662834	15660138	2639	2697	93.07	16595099	17080301	II	IV
13060031	13062345	13512291	13509984	2315	2308	92.83	16595099	17080301	II	IV
13060070	13062433	14459836	14457473	2364	2364	93.40	16595099	17080301	II	IV
13060890	13061990	18101897	18100797	1101	1101	91.02	16595099	19933398	II	V
13060972	13062433	17088562	17087101	1462	1462	94.80	16595099	19933398	II	V
13061198	13062429	15156503	15155264	1232	1240	91.94	16595099	17080301	II	IV
13061234	13062433	6801249	6800050	1200	1200	95.67	16595099	22220885	II	X
13076682	13077930	5341120	5339863	1249	1258	98.89	16595099	17080301	II	IV
13088024	13089962	3930232	3928372	1939	1861	89.61	16595099	19933398	II	V
13090643	13091857	3913767	3912523	1215	1245	83.63	16595099	19933398	II	V
13105619	13114029	13124142	13115731	8411	8412	99.92	16595099	16595099	II	II
13115731	13124142	13114029	13105619	8412	8411	99.92	16595099	16595099	II	II
13121541	13122816	6754904	6753660	1276	1245	77.87	16595099	22220885	II	X
13178122	13179432	5045821	5044512	1311	1310	99.69	16595099	14810976	II	III
13178127	13179434	6409814	6408507	1308	1308	99.77	16595099	16595099	II	II
13219229	13220915	7445441	7443793	1687	1649	89.94	16595099	22220885	II	X
13227553	13229201	3313807	3312152	1649	1656	94.39	16595099	17080301	II	IV
13234019	13235500	9053039	9051583	1482	1457	96.31	16595099	14810976	II	III
13234253	13235500	10020109	10018827	1248	1283	96.49	16595099	16595099	II	II
13234253	13235997	13547343	13545567	1745	1777	96.69	16595099	22220885	II	X
13286639	13287948	4594140	4592831	1310	1310	99.69	16595099	14810976	II	III
13292341	13298585	13305011	13298766	6245	6246	99.90	16595099	16595099	II	II
13298766	13305011	13298585	13292341	6246	6245	99.90	16595099	16595099	II	II
13302909	13304182	5733164	5731891	1274	1274	99.29	16595099	16595099	II	II
13302920	13304178	10313658	10312400	1259	1259	99.52	16595099	22220885	II	X
13302921	13304178	8178907	8177650	1258	1258	99.84	16595099	19933398	II	V
13302925	13304178	19237057	19235804	1254	1254	99.92	16595099	22220885	II	X
13314435	13315692	10027395	10026138	1258	1258	99.76	16595099	14810976	II	III
13314438	13315696	6632006	6630748	1259	1259	99.68	16595099	14810976	II	III
13314438	13315695	13378167	13376910	1258	1258	99.52	16595099	14810976	II	III
13326947	13328159	1949162	1947950	1213	1213	98.76	16595099	19933398	II	V
13334554	13336013	16692484	16691025	1460	1460	97.95	16595099	22220885	II	X
13341185	13342838	3064583	3062938	1654	1646	99.09	16595099	19933398	II	V
13371625	13372749	13440213	13439088	1125	1126	96.91	16595099	16595099	II	II
13439088	13440213	13372749	13371625	1126	1125	96.91	16595099	16595099	II	II
13468348	13469363	11404050	11403032	1016	1019	93.04	16595099	15540809	II	I
13475030	13476651	6233776	6232157	1622	1620	99.32	16595099	17080301	II	IV
13475035	13476654	11854830	11853210	1620	1621	98.77	16595099	19933398	II	V
13475035	13476653	16225380	16223770	1619	1611	98.58	16595099	19933398	II	V
13484693	13486505	13899967	13898146	1813	1822	93.79	16595099	16595099	II	II
13484693	13486061	14109838	14108442	1369	1397	89.09	16595099	16595099	II	II
13484696	13486505	14276246	14274451	1810	1796	93.29	16595099	16595099	II	II
13484696	13486421	14427286	14425533	1726	1754	93.97	16595099	16595099	II	II
13484698	13486421	14571968	14570261	1724	1708	90.53	16595099	16595099	II	II
13484805	13485901	14133513	14132419	1097	1095	93.28	16595099	16595099	II	II
13488899	13490282	13899628	13898219	1384	1410	93.77	16595099	16595099	II	II
13488899	13490271	14426950	14425533	1373	1418	93.30	16595099	16595099	II	II
13491288	13492843	14427697	14426120	1556	1578	91.68	16595099	16595099	II	II
13491326	13492843	13900332	13898816	1518	1517	87.29	16595099	16595099	II	II
13491326	13492842	14135515	14133973	1517	1543	93.14	16595099	16595099	II	II
13491326	13492843	14284185	14282656	1518	1530	88.28	16595099	16595099	II	II
13491482	13492842	14110052	14108670	1361	1383	92.42	16595099	16595099	II	II
13491626	13492843	14572042	14570817	1218	1226	93.90	16595099	16595099	II	II
13491835	13492843	14133490	14132486	1009	1005	89.02	16595099	16595099	II	II
13494454	13497721	14662627	14659367	3268	3261	88.33	16595099	16595099	II	II
13494454	13498338	14679744	14675901	3885	3844	90.23	16595099	16595099	II	II
13494454	13498342	15318809	15314895	3889	3915	86.78	16595099	16595099	II	II
13494454	13498337	3149620	3145798	3884	3823	90.54	16595099	14810976	II	III
13494454	13498338	16655355	16651533	3885	3823	92.06	16595099	19933398	II	V
13494455	13498338	14681215	14677385	3884	3831	90.03	16595099	16595099	II	II
13494469	13498334	14664901	14661082	3866	3820	88.69	16595099	16595099	II	II
13494882	13498338	16657338	16653948	3457	3391	91.70	16595099	19933398	II	V
13495248	13496588	13006686	13005362	1341	1325	93.17	16595099	16595099	II	II
13495824	13497617	13903652	13901887	1794	1766	93.31	16595099	16595099	II	II
13495908	13497546	16580648	16579038	1639	1611	94.51	16595099	17080301	II	IV
13498523	13499579	552348	551303	1057	1046	93.51	16595099	16595099	II	II
13498523	13500203	14265149	14263503	1681	1647	93.99	16595099	16595099	II	II
13498523	13501291	14701056	14698306	2769	2751	90.38	16595099	16595099	II	II
13498523	13501291	3147027	3144320	2769	2708	91.79	16595099	14810976	II	III
13498523	13501291	16656956	16654148	2769	2809	91.15	16595099	19933398	II	V
13498532	13501291	14662267	14659550	2760	2718	88.99	16595099	16595099	II	II
13499520	13501291	13903672	13901933	1772	1740	94.25	16595099	16595099	II	II
13499661	13501291	16580648	16579046	1631	1603	94.60	16595099	17080301	II	IV
13500013	13501291	13903652	13902389	1279	1264	94.30	16595099	16595099	II	II
13536330	13538697	3998189	3995817	2368	2373	99.20	16595099	17080301	II	IV
13539431	13541172	3995818	3994072	1742	1747	99.14	16595099	17080301	II	IV
13542074	13543148	4565968	4564891	1075	1078	94.09	16595099	15540809	II	I
13542078	13543145	2931480	2930412	1068	1069	94.88	16595099	16595099	II	II
13570014	13571197	7887928	7886745	1184	1184	97.55	16595099	22220885	II	X
13624219	13627509	13693531	13690238	3291	3294	97.27	16595099	16595099	II	II
13627719	13628886	13689367	13688199	1168	1169	97.69	16595099	16595099	II	II
13628885	13629890	2733585	2732599	1006	987	92.27	16595099	19933398	II	V
13628886	13629889	2221593	2220594	1004	1000	92.17	16595099	19933398	II	V
13628887	13629890	2284527	2283523	1004	1005	95.04	16595099	16595099	II	II
13628887	13629889	17131792	17130786	1003	1007	94.65	16595099	19933398	II	V
13628887	13629889	22127705	22126703	1003	1003	92.94	16595099	22220885	II	X
13628887	13629889	22201277	22200275	1003	1003	92.94	16595099	22220885	II	X
13628890	13629890	3116211	3115211	1001	1001	92.14	16595099	14810976	II	III
13644889	13646232	208855	207528	1344	1328	91.17	16595099	22220885	II	X
13644890	13646232	1196489	1195168	1343	1322	89.02	16595099	17080301	II	IV
13664920	13665929	13677890	13676896	1010	995	86.15	16595099	16595099	II	II
13682184	13684042	4783956	4782079	1859	1878	95.48	16595099	16595099	II	II
13682184	13684044	12812683	12810817	1861	1867	94.39	16595099	14810976	II	III
13682184	13684099	880406	878468	1916	1939	94.80	16595099	17080301	II	IV
13682184	13684042	5746452	5744615	1859	1838	93.58	16595099	19933398	II	V
13688199	13689367	13628886	13627719	1169	1168	97.69	16595099	16595099	II	II
13690238	13693531	13627509	13624219	3294	3291	97.27	16595099	16595099	II	II
13700872	13701946	12604487	12603422	1075	1066	93.87	16595099	15540809	II	I
13704251	13707063	12601430	12598624	2813	2807	93.29	16595099	15540809	II	I
13719067	13720715	15772482	15770834	1649	1649	99.70	16595099	19933398	II	V
13785207	13789323	1032383	1028241	4117	4143	88.70	16595099	16595099	II	II
13785207	13789328	1528312	1524185	4122	4128	93.06	16595099	16595099	II	II
13785207	13789314	3150012	3145906	4108	4107	91.17	16595099	14810976	II	III
13785207	13786389	16580225	16579037	1183	1189	95.12	16595099	17080301	II	IV
13785222	13789328	16818683	16814584	4107	4100	91.82	16595099	19933398	II	V
13785416	13787020	16580648	16579038	1605	1611	94.35	16595099	17080301	II	IV
13867683	13868750	12064574	12063507	1068	1068	88.40	16595099	15540809	II	I
13897650	13900306	14279987	14277325	2657	2663	93.50	16595099	16595099	II	II
13898146	13899967	13486505	13484693	1822	1813	93.79	16595099	16595099	II	II
13898219	13899628	13490282	13488899	1410	1384	93.76	16595099	16595099	II	II
13898347	13900332	14987389	14985392	1986	1998	92.15	16595099	16595099	II	II
13901849	13903698	15132194	15130349	1850	1846	92.44	16595099	16595099	II	II
13901887	13902930	14568489	14567445	1044	1045	94.16	16595099	17080301	II	IV
13901901	13903641	3109302	3107563	1741	1740	94.43	16595099	14810976	II	III
13920935	13922016	8490997	8489911	1082	1087	91.64	16595099	19933398	II	V
13922504	13924069	13328334	13326769	1566	1566	99.04	16595099	16595099	II	II
13922504	13924070	15751962	15750396	1567	1567	98.98	16595099	16595099	II	II
13922504	13924070	2058956	2057401	1567	1556	98.53	16595099	17080301	II	IV
13922504	13924069	12916002	12914437	1566	1566	99.17	16595099	17080301	II	IV
13922504	13924070	3533359	3531793	1567	1567	99.23	16595099	19933398	II	V
13922504	13924069	7783859	7782294	1566	1566	98.72	16595099	19933398	II	V
13922717	13924069	16854526	16853174	1353	1353	98.82	16595099	22220885	II	X
13947292	13948333	1932752	1931735	1042	1018	80.30	16595099	16595099	II	II
13947292	13948334	17088504	17087462	1043	1043	85.63	16595099	19933398	II	V
13947300	13948334	456314	455272	1035	1043	83.37	16595099	15540809	II	I
13947300	13948333	458450	457417	1034	1034	83.70	16595099	15540809	II	I
13947302	13948332	457000	455978	1031	1023	84.13	16595099	15540809	II	I
14003557	14004814	1776953	1775696	1258	1258	100.00	16595099	17080301	II	IV
14003558	14004815	3497438	3496181	1258	1258	100.00	16595099	15540809	II	I
14003558	14004815	13687955	13686698	1258	1258	100.00	16595099	15540809	II	I
14003558	14004815	19237057	19235800	1258	1258	99.76	16595099	22220885	II	X
14012106	14013194	2004267	2003179	1089	1089	87.37	16595099	16595099	II	II
14012106	14013248	2005937	2004773	1143	1165	86.22	16595099	16595099	II	II
14012106	14013205	17287820	17286712	1100	1109	90.90	16595099	19933398	II	V
14012134	14013205	2006774	2005694	1072	1081	86.73	16595099	16595099	II	II
14012136	14013248	17286597	17285487	1113	1111	90.75	16595099	19933398	II	V
14012144	14013264	14529872	14528753	1121	1120	90.93	16595099	16595099	II	II
14012144	14013269	17285797	17284674	1126	1124	92.38	16595099	19933398	II	V
14012145	14013171	17285532	17284506	1027	1027	93.29	16595099	19933398	II	V
14012150	14013264	2003159	2002031	1115	1129	88.61	16595099	16595099	II	II
14012168	14013264	1068388	1067308	1097	1081	88.95	16595099	16595099	II	II
14012168	14013194	2005163	2004130	1027	1034	88.52	16595099	16595099	II	II
14013875	14016226	14018716	14016404	2352	2313	97.75	16595099	16595099	II	II
14016404	14018716	14016226	14013875	2313	2352	97.75	16595099	16595099	II	II
14025201	14027312	2655590	2653482	2112	2109	91.15	16595099	14810976	II	III
14025201	14027347	15153708	15151571	2147	2138	90.79	16595099	17080301	II	IV
14025201	14027343	15155532	15153392	2143	2141	91.28	16595099	17080301	II	IV
14025236	14027344	18388145	18386040	2109	2106	91.47	16595099	19933398	II	V
14025850	14027343	13512291	13510797	1494	1495	92.58	16595099	17080301	II	IV
14039676	14040848	14043104	14041937	1173	1168	92.00	16595099	16595099	II	II
14041595	14042727	14034578	14033483	1133	1096	81.29	16595099	16595099	II	II
14041937	14043304	14040848	14039403	1368	1446	86.40	16595099	16595099	II	II
14063452	14064712	16079674	16078414	1261	1261	99.44	16595099	19933398	II	V
14063456	14064716	21237362	21236102	1261	1261	99.44	16595099	22220885	II	X
14063457	14064712	14890753	14889498	1256	1256	99.84	16595099	22220885	II	X
14063459	14064721	5766905	5765643	1263	1263	99.52	16595099	16595099	II	II
14073042	14074510	3728163	3726699	1469	1465	97.55	16595099	17080301	II	IV
14073458	14074510	2949545	2948465	1053	1081	95.48	16595099	17080301	II	IV
14076252	14077373	4734386	4733250	1122	1137	95.47	16595099	14810976	II	III
14076252	14077373	4739718	4738582	1122	1137	95.38	16595099	14810976	II	III
14076252	14077373	4745050	4743914	1122	1137	95.47	16595099	14810976	II	III
14102231	14103380	4157468	4156323	1150	1146	96.97	16595099	19933398	II	V
14103903	14105450	4155441	4153887	1548	1555	97.56	16595099	19933398	II	V
14105103	14106682	686157	684675	1580	1483	91.97	16595099	15540809	II	I
14105555	14106681	4153887	4152783	1127	1105	95.83	16595099	19933398	II	V
14108441	14109494	13489912	13488899	1054	1014	91.18	16595099	16595099	II	II
14108442	14109838	13486061	13484693	1397	1369	89.09	16595099	16595099	II	II
14108442	14110052	14279050	14277455	1611	1596	90.79	16595099	16595099	II	II
14108442	14110052	14835361	14833786	1611	1576	92.74	16595099	16595099	II	II
14108442	14110052	14987146	14985548	1611	1599	92.81	16595099	16595099	II	II
14108670	14110052	13492842	13491482	1383	1361	92.42	16595099	16595099	II	II
14126127	14130591	6755948	6751500	4465	4449	84.52	16595099	22220885	II	X
14126129	14127686	5767859	5766289	1558	1571	88.05	16595099	19933398	II	V
14132419	14133513	13485901	13484805	1095	1097	93.28	16595099	16595099	II	II
14132419	14133513	14278889	14277781	1095	1109	93.06	16595099	16595099	II	II
14132419	14133490	14835201	14834121	1072	1081	88.94	16595099	16595099	II	II
14132419	14133513	14986986	14985874	1095	1113	91.32	16595099	16595099	II	II
14132486	14133490	13492843	13491835	1005	1009	89.02	16595099	16595099	II	II
14133507	14135489	14279295	14277325	1983	1971	92.08	16595099	16595099	II	II
14133507	14135214	14584166	14582501	1708	1666	91.96	16595099	16595099	II	II
14133509	14135515	14987389	14985392	2007	1998	93.75	16595099	16595099	II	II
14133973	14135515	13492842	13491326	1543	1517	93.14	16595099	16595099	II	II
14134364	14135516	14834762	14833629	1153	1134	95.23	16595099	16595099	II	II
14154822	14156173	21018674	21017321	1352	1354	96.24	16595099	22220885	II	X
14160911	14162057	13453622	13452468	1147	1155	91.95	16595099	17080301	II	IV
14160921	14162061	16999139	16997998	1141	1142	93.70	16595099	19933398	II	V
14160921	14162057	17517733	17516597	1137	1137	94.37	16595099	19933398	II	V
14160956	14162057	15418118	15417017	1102	1102	91.30	16595099	16595099	II	II
14163361	14164447	1218087	1217000	1087	1088	87.59	16595099	16595099	II	II
14163362	14164437	4895109	4894019	1076	1091	84.55	16595099	14810976	II	III
14163370	14164447	12191355	12190282	1078	1074	93.32	16595099	15540809	II	I
14163370	14164447	2054996	2053919	1078	1078	92.97	16595099	16595099	II	II
14163370	14164496	12023612	12022486	1127	1127	95.39	16595099	16595099	II	II
14163370	14164496	4183880	4182755	1127	1126	94.68	16595099	14810976	II	III
14163370	14164439	4894222	4893154	1070	1069	85.90	16595099	14810976	II	III
14163370	14164496	4896387	4895263	1127	1125	84.93	16595099	14810976	II	III
14163370	14164496	4898216	4897092	1127	1125	85.28	16595099	14810976	II	III
14163370	14164399	4898831	4897804	1030	1028	86.61	16595099	14810976	II	III
14163370	14164439	4899614	4898539	1070	1076	86.64	16595099	14810976	II	III
14163370	14164496	4900189	4899065	1127	1125	84.22	16595099	14810976	II	III
14163370	14164407	4900828	4899777	1038	1052	87.97	16595099	14810976	II	III
14163370	14164496	3001085	2999966	1127	1120	92.35	16595099	19933398	II	V
14163375	14164496	4892730	4891609	1122	1122	86.20	16595099	14810976	II	III
14163444	14164447	1218755	1217752	1004	1004	89.15	16595099	16595099	II	II
14163493	14164496	4895857	4894855	1004	1003	87.75	16595099	14810976	II	III
14163495	14164496	4897676	4896677	1002	1000	86.16	16595099	14810976	II	III
14183957	14188192	14204068	14199831	4236	4238	99.67	16595099	16595099	II	II
14189785	14194618	14199831	14194999	4834	4833	99.88	16595099	16595099	II	II
14194999	14199831	14194618	14189785	4833	4834	99.88	16595099	16595099	II	II
14199831	14204068	14188192	14183957	4238	4236	99.67	16595099	16595099	II	II
14204068	14209017	14214397	14209438	4950	4960	99.30	16595099	16595099	II	II
14209438	14214397	14209017	14204068	4960	4950	99.30	16595099	16595099	II	II
14213880	14215138	5799647	5798389	1259	1259	99.68	16595099	16595099	II	II
14213881	14215138	5928980	5927723	1258	1258	99.92	16595099	15540809	II	I
14213883	14215138	21237361	21236106	1256	1256	99.76	16595099	22220885	II	X
14224758	14225982	1730343	1729110	1225	1234	84.10	16595099	15540809	II	I
14227304	14228327	1726772	1725638	1024	1135	75.51	16595099	15540809	II	I
14231288	14232855	14235432	14233856	1568	1577	92.48	16595099	16595099	II	II
14233856	14235432	14232855	14231288	1577	1568	92.48	16595099	16595099	II	II
14242733	14243991	12665629	12664371	1259	1259	99.92	16595099	16595099	II	II
14242736	14243996	1545372	1544112	1261	1261	99.92	16595099	16595099	II	II
14242736	14243991	3464324	3463062	1256	1263	99.37	16595099	16595099	II	II
14242737	14243992	13306147	13304892	1256	1256	100.00	16595099	16595099	II	II
14251529	14252573	13583549	13582504	1045	1046	92.97	16595099	19933398	II	V
14251530	14252573	9028431	9027406	1044	1026	94.75	16595099	14810976	II	III
14251530	14252573	14187602	14186574	1044	1029	94.84	16595099	14810976	II	III
14251530	14252573	502684	501660	1044	1025	94.74	16595099	17080301	II	IV
14251530	14252573	17048916	17047889	1044	1028	94.75	16595099	19933398	II	V
14263666	14265398	2637135	2635406	1733	1730	96.60	16595099	16595099	II	II
14273962	14276407	14279984	14277512	2446	2473	95.00	16595099	16595099	II	II
14274451	14276246	13486505	13484696	1796	1810	93.29	16595099	16595099	II	II
14277325	14279987	13900306	13897650	2663	2657	93.50	16595099	16595099	II	II
14277325	14278436	14135489	14134364	1112	1126	92.55	16595099	16595099	II	II
14277325	14279987	14284159	14281523	2663	2637	93.84	16595099	16595099	II	II
14277325	14279410	14427633	14425533	2086	2101	95.34	16595099	16595099	II	II
14277455	14279050	14110052	14108442	1596	1611	90.79	16595099	16595099	II	II
14277512	14279984	14276407	14273962	2473	2446	95.00	16595099	16595099	II	II
14277781	14278889	14133513	14132419	1109	1095	93.06	16595099	16595099	II	II
14278477	14279522	14980623	14979580	1046	1044	95.61	16595099	16595099	II	II
14281523	14284159	14279987	14277325	2637	2663	93.84	16595099	16595099	II	II
14282216	14284370	14835606	14833446	2155	2161	89.71	16595099	16595099	II	II
14287244	14290217	6612217	6609230	2974	2988	93.27	16595099	17080301	II	IV
14287885	14289549	3395674	3394010	1665	1665	98.14	16595099	19933398	II	V
14290944	14292381	14294565	14293125	1438	1441	99.44	16595099	16595099	II	II
14293125	14294565	14292381	14290944	1441	1438	99.44	16595099	16595099	II	II
14305441	14307060	4183704	4182091	1620	1614	90.89	16595099	14810976	II	III
14305441	14307280	2995160	2993335	1840	1826	88.92	16595099	19933398	II	V
14316522	14317679	1066706	1065549	1158	1158	94.13	16595099	16595099	II	II
14316522	14318755	1069201	1067000	2234	2202	93.24	16595099	16595099	II	II
14316525	14318471	692618	690672	1947	1947	93.27	16595099	16595099	II	II
14337017	14338283	3585688	3584422	1267	1267	89.11	16595099	16595099	II	II
14337017	14338324	17285825	17284518	1308	1308	92.35	16595099	19933398	II	V
14337040	14338410	12862582	12861196	1371	1387	89.40	16595099	16595099	II	II
14337249	14338418	1536365	1535196	1170	1170	85.25	16595099	16595099	II	II
14343811	14345254	4018779	4017336	1444	1444	88.15	16595099	22220885	II	X
14343881	14344911	2992717	2991687	1031	1031	86.00	16595099	19933398	II	V
14343881	14345254	4016815	4015435	1374	1381	88.78	16595099	22220885	II	X
14343917	14345254	4015486	4014141	1338	1346	90.75	16595099	22220885	II	X
14343965	14345254	3001706	3000414	1290	1293	89.17	16595099	19933398	II	V
14343997	14345254	2996474	2995214	1258	1261	91.54	16595099	19933398	II	V
14344080	14345254	2999101	2997931	1175	1171	90.79	16595099	19933398	II	V
14344233	14345248	12397295	12396278	1016	1018	87.62	16595099	15540809	II	I
14355414	14356687	14476743	14475494	1274	1250	92.24	16595099	16595099	II	II
14355721	14356892	14490198	14488986	1172	1213	91.37	16595099	16595099	II	II
14358706	14360086	14476760	14475407	1381	1354	88.82	16595099	16595099	II	II
14359030	14360113	14490198	14489122	1084	1077	88.45	16595099	16595099	II	II
14363881	14365861	4899853	4897862	1981	1992	86.84	16595099	14810976	II	III
14364528	14365858	2437781	2436450	1331	1332	91.40	16595099	19933398	II	V
14364552	14365858	12024325	12023021	1307	1305	95.49	16595099	16595099	II	II
14374575	14375833	5271508	5270250	1259	1259	99.76	16595099	16595099	II	II
14374578	14375835	4471834	4470577	1258	1258	99.52	16595099	22220885	II	X
14374579	14375835	388980	387724	1257	1257	99.68	16595099	19933398	II	V
14376821	14377968	14377968	14376821	1148	1148	94.39	16595099	16595099	II	II
14407741	14408791	4132046	4131017	1051	1030	95.72	16595099	16595099	II	II
14407762	14409196	14529721	14528301	1435	1421	94.64	16595099	16595099	II	II
14407815	14408950	4109186	4108067	1136	1120	94.02	16595099	19933398	II	V
14408453	14409844	1522437	1521047	1392	1391	96.48	16595099	16595099	II	II
14408807	14410204	3488613	3487276	1398	1338	91.46	16595099	14810976	II	III
14408849	14409849	14176457	14175462	1001	996	98.31	16595099	16595099	II	II
14422947	14424702	14460909	14459152	1756	1758	99.15	16595099	16595099	II	II
14425533	14427286	13486421	13484696	1754	1726	93.97	16595099	16595099	II	II
14425533	14426950	13490271	13488899	1418	1373	93.30	16595099	16595099	II	II
14425533	14427633	14279410	14277325	2101	2086	95.34	16595099	16595099	II	II
14425648	14427659	14835606	14833630	2012	1977	92.47	16595099	16595099	II	II
14425650	14427697	14987389	14985354	2048	2036	95.46	16595099	16595099	II	II
14426120	14427697	13492843	13491288	1578	1556	91.68	16595099	16595099	II	II
14427698	14429197	5012925	5011413	1500	1513	94.69	16595099	16595099	II	II
14428174	14429723	8097903	8096360	1550	1544	88.92	16595099	15540809	II	I
14428174	14429716	8581898	8580363	1543	1536	88.73	16595099	14810976	II	III
14428174	14429720	13160069	13158529	1547	1541	88.65	16595099	17080301	II	IV
14428337	14429716	7066151	7064783	1380	1369	89.67	16595099	19933398	II	V
14436197	14437324	14479410	14478328	1128	1083	91.56	16595099	16595099	II	II
14439935	14445299	17378574	17373209	5365	5366	94.23	16595099	19933398	II	V
14441126	14445037	4046781	4042868	3912	3914	94.10	16595099	19933398	II	V
14444252	14445683	12604465	12603040	1432	1426	91.14	16595099	15540809	II	I
14447457	14453879	12601450	12595064	6423	6387	93.54	16595099	15540809	II	I
14451357	14453358	15653218	15651211	2002	2008	90.85	16595099	19933398	II	V
14457206	14459702	14486162	14483678	2497	2485	95.94	16595099	16595099	II	II
14459152	14460909	14424702	14422947	1758	1756	99.15	16595099	16595099	II	II
14462024	14463440	12120422	12119006	1417	1417	99.72	16595099	17080301	II	IV
14462025	14463440	15206463	15205047	1416	1417	99.86	16595099	16595099	II	II
14462025	14463440	2692943	2691529	1416	1415	99.44	16595099	14810976	II	III
14462025	14463440	21999327	21997911	1416	1417	99.72	16595099	22220885	II	X
14475407	14476760	14360086	14358706	1354	1381	88.82	16595099	16595099	II	II
14475494	14476743	14356687	14355414	1250	1274	92.24	16595099	16595099	II	II
14478328	14479410	14437324	14436197	1083	1128	91.56	16595099	16595099	II	II
14483678	14486162	14459702	14457206	2485	2497	95.94	16595099	16595099	II	II
14489122	14490198	14360113	14359030	1077	1084	88.45	16595099	16595099	II	II
14502674	14503685	2284530	2283519	1012	1012	94.20	16595099	16595099	II	II
14502675	14503680	17131794	17130786	1006	1009	96.64	16595099	19933398	II	V
14502677	14503681	2733583	2732599	1005	985	92.27	16595099	19933398	II	V
14507342	14509559	5881420	5879222	2218	2199	98.20	16595099	14810976	II	III
14509649	14513930	5878979	5874693	4282	4287	98.67	16595099	14810976	II	III
14514034	14516058	5874692	5872667	2025	2026	98.37	16595099	14810976	II	III
14516074	14521127	5872505	5867462	5054	5044	98.83	16595099	14810976	II	III
14528295	14530351	3020853	3018798	2057	2056	92.51	16595099	19933398	II	V
14528301	14529457	3395530	3394373	1157	1158	93.62	16595099	16595099	II	II
14528301	14529399	12222309	12221212	1099	1098	92.81	16595099	16595099	II	II
14528301	14529510	3019959	3018751	1210	1209	92.98	16595099	19933398	II	V
14528301	14530260	3020215	3018233	1960	1983	92.54	16595099	19933398	II	V
14528301	14530351	2640015	2637899	2051	2117	84.41	16595099	22220885	II	X
14528332	14530351	4148283	4146257	2020	2027	87.96	16595099	16595099	II	II
14528479	14530055	3395944	3394375	1577	1570	92.86	16595099	16595099	II	II
14528633	14530351	3010660	3008935	1719	1726	93.34	16595099	19933398	II	V
14528753	14529872	14013264	14012144	1120	1121	90.93	16595099	16595099	II	II
14536988	14538640	13058989	13057337	1653	1653	89.60	16595099	16595099	II	II
14536988	14538640	14719770	14718160	1653	1611	91.17	16595099	16595099	II	II
14536988	14538644	14724718	14723089	1657	1630	93.09	16595099	16595099	II	II
14536988	14538639	14727855	14726229	1652	1627	93.89	16595099	16595099	II	II
14536988	14538640	14728740	14727100	1653	1641	94.86	16595099	16595099	II	II
14536988	14538644	14742221	14740593	1657	1629	91.98	16595099	16595099	II	II
14536988	14538640	12347714	12346063	1653	1652	91.76	16595099	14810976	II	III
14536988	14538640	12352883	12351251	1653	1633	92.26	16595099	14810976	II	III
14536988	14538640	12367944	12366294	1653	1651	92.20	16595099	14810976	II	III
14536988	14538640	12371263	12369620	1653	1644	92.20	16595099	14810976	II	III
14536988	14538640	12375260	12373609	1653	1652	91.83	16595099	14810976	II	III
14536990	14538640	12348783	12347149	1651	1635	91.48	16595099	14810976	II	III
14536990	14538640	12354578	12352936	1651	1643	92.37	16595099	14810976	II	III
14536990	14538640	12375106	12373441	1651	1666	91.72	16595099	14810976	II	III
14536994	14538638	13501034	13499358	1645	1677	91.18	16595099	16595099	II	II
14536994	14538639	14749824	14748203	1646	1622	92.42	16595099	16595099	II	II
14536994	14538638	14776549	14774890	1645	1660	90.25	16595099	16595099	II	II
14536994	14538640	14784421	14782776	1647	1646	90.35	16595099	16595099	II	II
14537077	14538640	1106850	1105269	1564	1582	90.27	16595099	15540809	II	I
14537098	14538612	1569243	1567746	1515	1498	91.29	16595099	16595099	II	II
14537140	14538640	14787555	14786064	1501	1492	91.21	16595099	16595099	II	II
14537498	14538631	14568577	14567445	1134	1133	92.77	16595099	17080301	II	IV
14537556	14538640	1569277	1568182	1085	1096	90.98	16595099	16595099	II	II
14537570	14538640	12365018	12363973	1071	1046	90.96	16595099	14810976	II	III
14537571	14538639	18377916	18376848	1069	1069	92.99	16595099	19933398	II	V
14569917	14575496	14584627	14579047	5580	5581	99.73	16595099	16595099	II	II
14570261	14571968	13486421	13484698	1708	1724	90.53	16595099	16595099	II	II
14570261	14572042	14279410	14277600	1782	1811	91.37	16595099	16595099	II	II
14570377	14572042	14835606	14833931	1666	1676	90.92	16595099	16595099	II	II
14570379	14572042	14987389	14985693	1664	1697	90.06	16595099	16595099	II	II
14570817	14572042	13492843	13491626	1226	1218	93.90	16595099	16595099	II	II
14579047	14584627	14575496	14569917	5581	5580	99.73	16595099	16595099	II	II
14582501	14584283	13900036	13898230	1783	1807	91.40	16595099	16595099	II	II
14582501	14583843	14109907	14108552	1343	1356	92.35	16595099	16595099	II	II
14582501	14584166	14135214	14133507	1666	1708	91.96	16595099	16595099	II	II
14582501	14584283	14276318	14274535	1783	1784	89.27	16595099	16595099	II	II
14582501	14584283	14283886	14282101	1783	1786	92.70	16595099	16595099	II	II
14582501	14584627	14427358	14425189	2127	2170	93.39	16595099	16595099	II	II
14582710	14583793	14133490	14132419	1084	1072	91.71	16595099	16595099	II	II
14583255	14584283	14980754	14979693	1029	1062	90.83	16595099	16595099	II	II
14583386	14584627	15017524	15016253	1242	1272	93.25	16595099	16595099	II	II
14659367	14662779	13497849	13494454	3413	3396	88.46	16595099	16595099	II	II
14659367	14666399	14724467	14717498	7033	6970	89.24	16595099	16595099	II	II
14659367	14668372	14726383	14717498	9006	8886	89.42	16595099	16595099	II	II
14659367	14675585	14735384	14719329	16219	16056	90.87	16595099	16595099	II	II
14659367	14669712	14741939	14731672	10346	10268	90.46	16595099	16595099	II	II
14659367	14676203	14754219	14737682	16837	16538	89.99	16595099	16595099	II	II
14659367	14676206	14761244	14744581	16840	16664	89.55	16595099	16595099	II	II
14659367	14672768	14774630	14761158	13402	13473	89.14	16595099	16595099	II	II
14659367	14661876	12345268	12342766	2510	2503	89.44	16595099	14810976	II	III
14659367	14660438	12350594	12349542	1072	1053	90.22	16595099	14810976	II	III
14659367	14661346	12367050	12365092	1980	1959	89.98	16595099	14810976	II	III
14659367	14666507	12367594	12360486	7141	7109	89.33	16595099	14810976	II	III
14659367	14669510	12371337	12361162	10144	10176	90.41	16595099	14810976	II	III
14659367	14660701	18094780	18093464	1335	1317	89.53	16595099	19933398	II	V
14659374	14662114	13501291	13498525	2741	2767	89.55	16595099	16595099	II	II
14659562	14662118	15610922	15608380	2557	2543	89.54	16595099	16595099	II	II
14659756	14670536	14728096	14717501	10781	10596	90.13	16595099	16595099	II	II
14659946	14667597	12212743	12205067	7652	7677	89.06	16595099	15540809	II	I
14660091	14661324	1235755	1234517	1234	1239	91.85	16595099	15540809	II	I
14660681	14661810	14568577	14567445	1130	1133	89.76	16595099	17080301	II	IV
14661033	14663327	1670797	1668513	2295	2285	90.97	16595099	16595099	II	II
14661265	14663692	15524689	15522317	2428	2373	90.39	16595099	16595099	II	II
14661494	14668086	12349322	12342794	6593	6529	89.17	16595099	14810976	II	III
14661797	14672783	14787550	14776552	10987	10999	89.19	16595099	16595099	II	II
14662556	14663680	14396128	14395002	1125	1127	92.47	16595099	17080301	II	IV
14662950	14674868	18491624	18479802	11919	11823	90.25	16595099	19933398	II	V
14663087	14665210	13215756	13213590	2124	2167	89.91	16595099	15540809	II	I
14663094	14673414	12375316	12365073	10321	10244	90.45	16595099	14810976	II	III
14663727	14669208	14780013	14774513	5482	5501	89.44	16595099	16595099	II	II
14663727	14673898	14780853	14770589	10172	10265	89.86	16595099	16595099	II	II
14663727	14669584	14781325	14775450	5858	5876	89.47	16595099	16595099	II	II
14664525	14666967	15524689	15522273	2443	2417	89.80	16595099	16595099	II	II
14666905	14668287	1230451	1229065	1383	1387	93.19	16595099	15540809	II	I
14667079	14670959	15147645	15143791	3881	3855	89.40	16595099	17080301	II	IV
14667275	14669754	18377916	18375415	2480	2502	90.75	16595099	19933398	II	V
14668242	14672112	13498338	13494454	3871	3885	90.21	16595099	16595099	II	II
14668427	14671138	13501291	13498524	2712	2768	91.32	16595099	16595099	II	II
14668435	14670074	11814593	11812954	1640	1640	91.73	16595099	15540809	II	I
14670043	14690105	14786214	14766214	20063	20001	90.16	16595099	16595099	II	II
14670856	14673174	1670804	1668513	2319	2292	90.65	16595099	16595099	II	II
14671325	14672679	19016237	19014895	1355	1343	88.94	16595099	19933398	II	V
14672113	14673310	14396128	14394955	1198	1174	89.82	16595099	17080301	II	IV
14672717	14673746	12977535	12976508	1030	1028	93.98	16595099	15540809	II	I
14672784	14686116	14776032	14762749	13333	13284	90.59	16595099	16595099	II	II
14673898	14693047	14768313	14749311	19150	19003	90.57	16595099	16595099	II	II
14676133	14696209	14758071	14738356	20077	19716	90.51	16595099	16595099	II	II
14680695	14696294	14779822	14764219	15600	15604	90.27	16595099	16595099	II	II
14681852	14690689	14787555	14778680	8838	8876	90.01	16595099	16595099	II	II
14685679	14688177	18377916	18375422	2499	2495	91.04	16595099	19933398	II	V
14689341	14691847	18377916	18375428	2507	2489	89.55	16595099	19933398	II	V
14690105	14698279	14765491	14757343	8175	8149	90.61	16595099	16595099	II	II
14690689	14702028	14776393	14765010	11340	11384	90.28	16595099	16595099	II	II
14690999	14716996	14766214	14740576	25998	25639	90.18	16595099	16595099	II	II
14691242	14702909	14787555	14776016	11668	11540	90.14	16595099	16595099	II	II
14692030	14702214	14727480	14717498	10185	9983	90.50	16595099	16595099	II	II
14692247	14711281	14778678	14759550	19035	19129	90.29	16595099	16595099	II	II
14693254	14699946	12349322	12342765	6693	6558	89.16	16595099	14810976	II	III
14695041	14700583	18670922	18665440	5543	5483	91.36	16595099	19933398	II	V
14695393	14699946	12365018	12360485	4554	4534	89.93	16595099	14810976	II	III
14698306	14701056	13501291	13498523	2751	2769	90.38	16595099	16595099	II	II
14698706	14702541	13498338	13494454	3836	3885	90.12	16595099	16595099	II	II
14699733	14716996	14739460	14722516	17264	16945	91.32	16595099	16595099	II	II
14701057	14704741	13498167	13494456	3685	3712	89.64	16595099	16595099	II	II
14704641	14706848	13454372	13452155	2208	2218	91.71	16595099	17080301	II	IV
14705744	14716996	14786214	14774946	11253	11269	89.78	16595099	16595099	II	II
14705813	14716996	14782273	14771081	11184	11193	89.89	16595099	16595099	II	II
14706657	14716997	14776719	14766373	10341	10347	90.38	16595099	16595099	II	II
14706686	14716996	14779714	14769374	10311	10341	90.09	16595099	16595099	II	II
14709325	14711259	11942035	11940103	1935	1933	92.56	16595099	14810976	II	III
14709894	14716988	14787558	14780417	7095	7142	89.66	16595099	16595099	II	II
14714289	14716237	11942035	11940105	1949	1931	92.15	16595099	14810976	II	III
14715446	14716996	1741922	1740377	1551	1546	90.56	16595099	16595099	II	II
14717498	14727409	1530525	1520407	9912	10119	89.84	16595099	15540809	II	I
14717498	14724467	14666399	14659367	6970	7033	89.24	16595099	16595099	II	II
14717498	14726149	14672562	14663727	8652	8836	90.39	16595099	16595099	II	II
14717498	14723503	14674691	14668530	6006	6162	90.55	16595099	16595099	II	II
14717498	14725688	14683485	14675155	8191	8331	90.53	16595099	16595099	II	II
14717498	14726223	14684149	14675188	8726	8962	90.79	16595099	16595099	II	II
14717498	14727569	14687329	14677103	10072	10227	90.56	16595099	16595099	II	II
14717498	14727426	14701020	14690804	9929	10217	90.32	16595099	16595099	II	II
14717498	14727566	14703370	14693152	10069	10219	90.41	16595099	16595099	II	II
14717498	14727575	14704698	14694480	10078	10219	90.31	16595099	16595099	II	II
14717498	14727535	14706884	14696666	10038	10219	90.31	16595099	16595099	II	II
14717498	14723657	14710974	14704663	6160	6312	90.60	16595099	16595099	II	II
14717498	14718605	14711174	14710057	1108	1118	91.15	16595099	16595099	II	II
14717498	14728728	14715722	14704239	11231	11484	90.67	16595099	16595099	II	II
14717498	16595099	14717498	16595099	1877602	1877602	100.00	16595099	16595099	II	II
14717498	14723408	16069124	16063099	5911	6026	93.50	16595099	17080301	II	IV
14717498	14720595	16069404	16066300	3098	3105	93.58	16595099	17080301	II	IV
14717498	14729497	16077158	16065006	12000	12153	94.67	16595099	17080301	II	IV
14717498	14728537	16079947	16068667	11040	11281	94.73	16595099	17080301	II	IV
14717502	14719740	16815771	16813530	2239	2242	90.70	16595099	19933398	II	V
14717885	14720519	12341563	12338876	2635	2688	92.72	16595099	14810976	II	III
14717885	14718994	12359282	12358151	1110	1132	93.03	16595099	14810976	II	III
14718145	14743427	14685146	14659367	25283	25780	90.87	16595099	16595099	II	II
14719012	14722757	12588264	12584421	3746	3844	93.11	16595099	15540809	II	I
14719157	14720586	16084609	16083182	1430	1428	92.63	16595099	17080301	II	IV
14719409	14730539	16074375	16063096	11131	11280	94.62	16595099	17080301	II	IV
14719609	14722829	16082986	16079814	3221	3173	92.76	16595099	17080301	II	IV
14720003	14721348	3437137	3435769	1346	1369	91.90	16595099	14810976	II	III
14720078	14727795	14177693	14170052	7718	7642	89.68	16595099	17080301	II	IV
14720341	14724328	267523	263473	3988	4051	93.37	16595099	15540809	II	I
14720544	14722043	16084609	16083102	1500	1508	93.37	16595099	17080301	II	IV
14720670	14732508	16075045	16063096	11839	11950	94.80	16595099	17080301	II	IV
14722088	14725848	12588266	12584413	3761	3854	92.92	16595099	15540809	II	I
14722323	14735210	1533545	1520407	12888	13139	91.14	16595099	15540809	II	I
14722579	14734321	16078795	16066955	11743	11841	95.75	16595099	17080301	II	IV
14722954	14730620	1310718	1302852	7667	7867	92.58	16595099	15540809	II	I
14723101	14724741	14989061	14987390	1641	1672	92.44	16595099	16595099	II	II
14723588	14731826	15156490	15148102	8239	8389	91.84	16595099	17080301	II	IV
14724062	14731457	16082986	16075735	7396	7252	93.81	16595099	17080301	II	IV
14724339	14725767	16084609	16083183	1429	1427	93.70	16595099	17080301	II	IV
14724469	14725826	3437142	3435769	1358	1374	90.56	16595099	14810976	II	III
14724950	14730064	16818713	16813530	5115	5184	92.56	16595099	19933398	II	V
14726075	14729061	16087929	16084953	2987	2977	94.55	16595099	17080301	II	IV
14726229	14727855	14538639	14536988	1627	1652	93.89	16595099	16595099	II	II
14726254	14730464	14663639	14659367	4211	4273	91.50	16595099	16595099	II	II
14726330	14729706	1509869	1506459	3377	3411	93.55	16595099	15540809	II	I
14726499	14727759	16914881	16913621	1261	1261	96.77	16595099	19933398	II	V
14726657	14727961	12050129	12048820	1305	1310	95.19	16595099	15540809	II	I
14726745	14737441	15325842	15314888	10697	10955	90.17	16595099	16595099	II	II
14727021	14728537	15278882	15277354	1517	1529	94.84	16595099	16595099	II	II
14727180	14729085	1829765	1827846	1906	1920	95.79	16595099	16595099	II	II
14727272	14734430	14675188	14667987	7159	7202	91.97	16595099	16595099	II	II
14727359	14731359	267523	263475	4001	4049	95.61	16595099	15540809	II	I
14727396	14728537	5172425	5171275	1142	1151	96.97	16595099	19933398	II	V
14727535	14744075	14694136	14677365	16541	16772	91.59	16595099	16595099	II	II
14727572	14728712	12359282	12358148	1141	1135	94.26	16595099	14810976	II	III
14727743	14732280	1528635	1524056	4538	4580	96.01	16595099	16595099	II	II
14728067	14729519	16084609	16083182	1453	1428	96.24	16595099	17080301	II	IV
14728460	14732266	12588266	12584421	3807	3846	94.60	16595099	15540809	II	I
14728898	14730354	16084609	16083182	1457	1428	95.15	16595099	17080301	II	IV
14729063	14733282	14994303	14990056	4220	4248	94.15	16595099	17080301	II	IV
14729354	14737975	16657338	16648617	8622	8722	93.85	16595099	19933398	II	V
14729519	14741925	16082935	16070445	12407	12491	94.90	16595099	17080301	II	IV
14729552	14737268	1310719	1302857	7717	7863	93.15	16595099	15540809	II	I
14729913	14731359	16084609	16083182	1447	1428	94.74	16595099	17080301	II	IV
14731405	14734429	16087942	16084953	3025	2990	94.53	16595099	17080301	II	IV
14731814	14739463	14177695	14170049	7650	7647	91.18	16595099	17080301	II	IV
14731823	14732951	12359283	12358148	1129	1136	94.92	16595099	14810976	II	III
14731894	14744686	14716996	14703996	12793	13001	91.09	16595099	16595099	II	II
14731987	14733306	13006686	13005369	1320	1318	95.48	16595099	16595099	II	II
14732131	14733656	16084673	16083182	1526	1492	94.48	16595099	17080301	II	IV
14732746	14734172	18849874	18848446	1427	1429	94.25	16595099	19933398	II	V
14733407	14737365	267522	263473	3959	4050	94.13	16595099	15540809	II	I
14733545	14736065	18399702	18397172	2521	2531	88.98	16595099	19933398	II	V
14733813	14735266	16084609	16083182	1454	1428	94.89	16595099	17080301	II	IV
14733821	14735176	3437137	3435769	1356	1369	92.51	16595099	14810976	II	III
14733857	14735161	13006686	13005369	1305	1318	95.69	16595099	16595099	II	II
14734017	14735312	12050129	12048820	1296	1310	93.91	16595099	15540809	II	I
14734497	14738333	16066953	16063096	3837	3858	93.90	16595099	17080301	II	IV
14735220	14736521	13006686	13005369	1302	1318	94.42	16595099	16595099	II	II
14735521	14737864	12341563	12339163	2344	2401	93.35	16595099	14810976	II	III
14735564	14743880	15553641	15545160	8317	8482	90.35	16595099	16595099	II	II
14736480	14737901	16084609	16083182	1422	1428	93.09	16595099	17080301	II	IV
14736539	14739157	12341563	12338880	2619	2684	93.79	16595099	14810976	II	III
14737835	14763495	14712860	14686948	25661	25913	90.29	16595099	16595099	II	II
14738168	14739528	3437137	3435769	1361	1369	91.09	16595099	14810976	II	III
14738311	14754879	14695322	14678621	16569	16702	90.39	16595099	16595099	II	II
14738521	14741296	6801248	6798421	2776	2828	94.10	16595099	22220885	II	X
14739548	14754513	16079626	16064461	14966	15166	93.75	16595099	17080301	II	IV
14739587	14740709	12359282	12358148	1123	1135	93.79	16595099	14810976	II	III
14741177	14750283	16657325	16648031	9107	9295	91.60	16595099	19933398	II	V
14741996	14743628	14989061	14987390	1633	1672	91.56	16595099	16595099	II	II
14742320	14744793	14177693	14175214	2474	2480	90.53	16595099	17080301	II	IV
14743542	14748388	267523	262575	4847	4949	92.53	16595099	15540809	II	I
14744001	14751599	14177695	14170052	7599	7644	90.04	16595099	17080301	II	IV
14744075	14759594	14675191	14659367	15520	15825	89.55	16595099	16595099	II	II
14744075	14752789	14675503	14666476	8715	9028	90.05	16595099	16595099	II	II
14744614	14755474	16074090	16063096	10861	10995	93.37	16595099	17080301	II	IV
14745557	14749352	12588266	12584421	3796	3846	92.07	16595099	15540809	II	I
14746470	14760378	14703109	14689003	13909	14107	90.38	16595099	16595099	II	II
14747022	14763495	14688616	14671982	16474	16635	90.43	16595099	16595099	II	II
14747023	14763428	14716454	14699880	16406	16575	90.22	16595099	16595099	II	II
14748540	14759181	15325842	15314888	10642	10955	88.19	16595099	16595099	II	II
14749245	14761445	14698734	14686325	12201	12410	90.47	16595099	16595099	II	II
14750901	14759531	16657323	16648621	8631	8703	92.03	16595099	19933398	II	V
14751368	14759664	15156499	15148102	8297	8398	90.16	16595099	17080301	II	IV
14751529	14772430	14696012	14675035	20902	20978	90.28	16595099	16595099	II	II
14751774	14761990	16082982	16072784	10217	10199	92.92	16595099	17080301	II	IV
14753473	14767669	14712219	14697920	14197	14300	90.62	16595099	16595099	II	II
14753485	14767669	14687504	14673233	14185	14272	90.44	16595099	16595099	II	II
14753510	14767669	14707764	14693565	14160	14200	90.32	16595099	16595099	II	II
14754595	14755599	1280960	1279937	1005	1024	92.09	16595099	14810976	II	III
14754773	14758613	2656525	2652657	3841	3869	88.80	16595099	14810976	II	III
14754967	14768322	16076381	16063096	13356	13286	92.89	16595099	17080301	II	IV
14755684	14766996	14678616	14667256	11313	11361	90.26	16595099	16595099	II	II
14756008	14759051	19086606	19083554	3044	3053	90.32	16595099	19933398	II	V
14756871	14761445	14716996	14712398	4575	4599	89.90	16595099	16595099	II	II
14757247	14759194	1829765	1827842	1948	1924	91.96	16595099	16595099	II	II
14757665	14760342	12341563	12338876	2678	2688	92.06	16595099	14810976	II	III
14757673	14769558	14699803	14687916	11886	11888	90.40	16595099	16595099	II	II
14757673	14771996	14712371	14698244	14324	14128	89.93	16595099	16595099	II	II
14757679	14770150	14702669	14690172	12472	12498	90.57	16595099	16595099	II	II
14757697	14770140	14682014	14669522	12444	12493	90.47	16595099	16595099	II	II
14759035	14760165	12359282	12358148	1131	1135	91.94	16595099	14810976	II	III
14759972	14764941	16657545	16652545	4970	5001	90.49	16595099	19933398	II	V
14760241	14772113	14699399	14687444	11873	11956	90.17	16595099	16595099	II	II
14760422	14767669	14716997	14709708	7248	7290	90.35	16595099	16595099	II	II
14761328	14763024	14989072	14987390	1697	1683	89.88	16595099	16595099	II	II
14761447	14767536	14711786	14705573	6090	6214	90.59	16595099	16595099	II	II
14761488	14763140	14716996	14715360	1653	1637	89.19	16595099	16595099	II	II
14761928	14777512	14692148	14676437	15585	15712	90.43	16595099	16595099	II	II
14762331	14763666	13006686	13005362	1336	1325	92.07	16595099	16595099	II	II
14762340	14782435	14684994	14664880	20096	20115	90.02	16595099	16595099	II	II
14762364	14773642	14708241	14696850	11279	11392	90.03	16595099	16595099	II	II
14762482	14787535	14706211	14681192	25054	25020	89.81	16595099	16595099	II	II
14762868	14771582	14689001	14680341	8715	8661	91.04	16595099	16595099	II	II
14763143	14773190	14712075	14701878	10048	10198	90.27	16595099	16595099	II	II
14763159	14771734	14716996	14708510	8576	8487	90.00	16595099	16595099	II	II
14763160	14771858	16657338	16648617	8699	8722	91.68	16595099	19933398	II	V
14763495	14774630	14670542	14659367	11136	11176	89.32	16595099	16595099	II	II
14764480	14766355	1829747	1827842	1876	1906	92.57	16595099	16595099	II	II
14764705	14773229	15553641	15545160	8525	8482	89.00	16595099	16595099	II	II
14764772	14766146	15459663	15458249	1375	1415	88.98	16595099	16595099	II	II
14765009	14774779	16072784	16063096	9771	9689	92.51	16595099	17080301	II	IV
14765423	14774807	14716997	14707618	9385	9380	89.86	16595099	16595099	II	II
14767054	14768851	13903698	13901894	1798	1805	92.78	16595099	16595099	II	II
14767671	14773072	14697255	14691747	5402	5509	90.03	16595099	16595099	II	II
14767682	14780734	3156992	3143960	13053	13033	90.12	16595099	14810976	II	III
14768733	14776400	14697920	14690278	7668	7643	90.26	16595099	16595099	II	II
14768887	14787555	14716996	14698477	18669	18520	90.11	16595099	16595099	II	II
14769098	14770880	5893244	5891462	1783	1783	90.10	16595099	16595099	II	II
14769221	14770876	14989080	14987426	1656	1655	91.00	16595099	16595099	II	II
14770374	14773445	19086606	19083561	3072	3046	90.07	16595099	19933398	II	V
14770505	14779354	16657431	16648617	8850	8815	91.06	16595099	19933398	II	V
14771081	14777656	14716996	14710418	6576	6579	89.96	16595099	16595099	II	II
14771736	14784033	14708226	14695793	12298	12434	90.42	16595099	16595099	II	II
14772543	14774283	1810023	1808300	1741	1724	92.19	16595099	16595099	II	II
14775520	14777438	1829751	1827842	1919	1910	92.31	16595099	16595099	II	II
14776272	14782392	14177695	14171696	6121	6000	89.51	16595099	17080301	II	IV
14776560	14778230	14989060	14987386	1671	1675	89.54	16595099	16595099	II	II
14777097	14784818	14177693	14170049	7722	7645	89.67	16595099	17080301	II	IV
14777512	14787555	14674663	14664500	10044	10164	89.75	16595099	16595099	II	II
14781319	14782978	14989061	14987390	1660	1672	90.43	16595099	16595099	II	II
14783577	14787018	1509877	1506459	3442	3419	89.72	16595099	15540809	II	I
14783754	14787555	1882198	1878397	3802	3802	90.66	16595099	16595099	II	II
14784338	14787555	1882198	1878989	3218	3210	90.65	16595099	16595099	II	II
14785089	14787555	12341563	12339097	2467	2467	91.60	16595099	14810976	II	III
14785666	14787555	1882198	1880325	1890	1874	90.85	16595099	16595099	II	II
14786009	14787555	12341563	12340017	1547	1547	92.05	16595099	14810976	II	III
14833446	14835606	13900515	13898345	2161	2171	90.44	16595099	16595099	II	II
14833446	14835606	14284370	14282216	2161	2155	89.71	16595099	16595099	II	II
14833629	14834762	14135516	14134364	1134	1153	95.23	16595099	16595099	II	II
14833786	14835361	14110052	14108442	1576	1611	92.74	16595099	16595099	II	II
14836603	14837611	3371192	3370185	1009	1008	98.12	16595099	14810976	II	III
14919155	14920404	3471422	3470095	1250	1328	92.87	16595099	22220885	II	X
14979580	14980623	14279522	14278477	1044	1046	95.61	16595099	16595099	II	II
14979609	14980623	13486505	13485490	1015	1016	94.79	16595099	16595099	II	II
14979682	14980754	13490282	13489228	1073	1055	93.48	16595099	16595099	II	II
14985354	14987389	14427697	14425650	2036	2048	95.46	16595099	16595099	II	II
14985392	14987389	13900332	13898347	1998	1986	92.15	16595099	16595099	II	II
14985392	14987389	14135515	14133509	1998	2007	93.75	16595099	16595099	II	II
14985392	14987389	14284185	14282218	1998	1968	91.19	16595099	16595099	II	II
14985548	14987146	14110052	14108442	1599	1611	92.81	16595099	16595099	II	II
14987390	14988729	636674	635338	1340	1337	92.34	16595099	15540809	II	I
14987390	14989072	2176894	2175113	1683	1782	89.18	16595099	16595099	II	II
14987390	14989080	2177685	2175918	1691	1768	89.11	16595099	16595099	II	II
14987390	14989080	2178437	2176672	1691	1766	88.81	16595099	16595099	II	II
14987390	14989061	2180238	2178485	1672	1754	88.91	16595099	16595099	II	II
14987390	14989072	2181578	2179807	1683	1772	88.55	16595099	16595099	II	II
14987390	14989061	14724741	14723101	1672	1641	92.44	16595099	16595099	II	II
14987390	14989080	14729730	14728063	1691	1668	94.04	16595099	16595099	II	II
14987390	14989081	14746844	14745164	1692	1681	90.38	16595099	16595099	II	II
14987390	14989072	14763024	14761328	1683	1697	89.88	16595099	16595099	II	II
14987390	14989080	14780754	14779072	1691	1683	90.21	16595099	16595099	II	II
14987390	14989061	14781954	14780279	1672	1676	89.56	16595099	16595099	II	II
14987390	14989061	14782978	14781319	1672	1660	90.43	16595099	16595099	II	II
14987390	14989059	14786482	14784817	1670	1666	90.16	16595099	16595099	II	II
14987390	14988554	728142	726984	1165	1159	95.28	16595099	14810976	II	III
14987390	14988567	11941274	11940103	1178	1172	93.63	16595099	14810976	II	III
14987390	14989061	12347561	12345910	1672	1652	91.57	16595099	14810976	II	III
14987390	14989080	12351665	12349998	1691	1668	91.80	16595099	14810976	II	III
14987390	14989010	12366711	12365111	1621	1601	91.92	16595099	14810976	II	III
14987390	14989061	12370037	12368380	1672	1658	92.40	16595099	14810976	II	III
14987390	14989052	12373859	12372209	1663	1651	91.41	16595099	14810976	II	III
14987393	14989080	14766972	14765319	1688	1654	91.11	16595099	16595099	II	II
14987393	14989060	14784551	14782888	1668	1664	89.62	16595099	16595099	II	II
14987418	14989080	14744300	14742679	1663	1622	92.56	16595099	16595099	II	II
14987418	14989072	14777734	14776089	1655	1646	90.42	16595099	16595099	II	II
14987426	14989080	12208870	12207218	1655	1653	90.84	16595099	15540809	II	I
14987452	14989080	14787558	14785920	1629	1639	90.60	16595099	16595099	II	II
14987493	14988729	625135	623908	1237	1228	92.72	16595099	15540809	II	I
14987493	14988729	626897	625678	1237	1220	92.16	16595099	15540809	II	I
14987493	14988729	629155	627936	1237	1220	92.16	16595099	15540809	II	I
14987493	14988729	630973	629746	1237	1228	92.72	16595099	15540809	II	I
14987493	14989060	637418	635851	1568	1568	92.54	16595099	15540809	II	I
14987774	14989080	2181596	2180220	1307	1377	88.82	16595099	16595099	II	II
14987929	14989061	18670922	18669799	1133	1124	93.38	16595099	19933398	II	V
15129982	15132177	12586606	12584421	2196	2186	92.63	16595099	15540809	II	I
15129982	15133328	16765974	16762617	3347	3358	90.31	16595099	19933398	II	V
15130029	15132742	12341563	12338859	2714	2705	93.23	16595099	14810976	II	III
15130029	15131179	12359282	12358148	1151	1135	91.93	16595099	14810976	II	III
15130349	15132194	13903698	13901849	1846	1850	92.44	16595099	16595099	II	II
15130881	15132209	13006696	13005369	1329	1328	93.83	16595099	16595099	II	II
15141269	15142297	1524448	1523420	1029	1029	91.64	16595099	15540809	II	I
15141269	15142298	1879199	1878170	1030	1030	93.20	16595099	16595099	II	II
15141269	15142298	1880535	1879506	1030	1030	93.59	16595099	16595099	II	II
15141269	15142298	15316861	15315808	1030	1054	90.05	16595099	16595099	II	II
15141269	15142298	15318542	15317489	1030	1054	90.05	16595099	16595099	II	II
15141269	15142298	14992875	14991846	1030	1030	94.08	16595099	17080301	II	IV
15141269	15142296	14993947	14992920	1028	1028	94.75	16595099	17080301	II	IV
15141269	15142298	16764999	16763970	1030	1030	91.46	16595099	19933398	II	V
15141269	15142299	19085060	19084030	1031	1031	93.50	16595099	19933398	II	V
15144544	15145672	15151218	15150090	1129	1129	99.65	16595099	16595099	II	II
15146690	15148084	1441919	1440537	1395	1383	96.70	16595099	22220885	II	X
15146957	15148076	3833502	3832395	1120	1108	97.41	16595099	19933398	II	V
15150090	15151218	15145672	15144544	1129	1129	99.65	16595099	16595099	II	II
15150090	15151180	15149888	15148817	1091	1072	95.42	16595099	16595099	II	II
15186028	15187080	12911661	12910615	1053	1047	90.60	16595099	15540809	II	I
15186028	15187080	12912485	12911439	1053	1047	90.31	16595099	15540809	II	I
15186028	15187080	12913837	12912791	1053	1047	90.22	16595099	15540809	II	I
15186028	15187080	12914365	12913319	1053	1047	90.31	16595099	15540809	II	I
15186040	15187080	12909377	12908343	1041	1035	90.59	16595099	15540809	II	I
15202041	15204547	15224390	15221821	2507	2570	94.89	16595099	16595099	II	II
15204546	15206463	6943174	6941267	1918	1908	98.85	16595099	15540809	II	I
15204563	15206463	1300702	1298802	1901	1901	99.63	16595099	19933398	II	V
15209541	15210921	15243651	15242290	1381	1362	95.24	16595099	16595099	II	II
15210921	15211998	14956453	14955378	1078	1076	98.33	16595099	19933398	II	V
15210927	15212039	13223119	13221996	1113	1124	96.10	16595099	17080301	II	IV
15221274	15223234	15232732	15230781	1961	1952	98.78	16595099	16595099	II	II
15221821	15224390	15204547	15202041	2570	2507	94.89	16595099	16595099	II	II
15230781	15232732	15223234	15221274	1952	1961	98.78	16595099	16595099	II	II
15237039	15238248	7301776	7300569	1210	1208	97.19	16595099	15540809	II	I
15237039	15238185	13684042	13682898	1147	1145	96.69	16595099	16595099	II	II
15242290	15243651	15210921	15209541	1362	1381	95.24	16595099	16595099	II	II
15257655	15259721	15262389	15260324	2067	2066	99.95	16595099	16595099	II	II
15260324	15262389	15259721	15257655	2066	2067	99.95	16595099	16595099	II	II
15277348	15278855	12213797	12212285	1508	1513	90.89	16595099	15540809	II	I
15277348	15278849	18483428	18481947	1502	1482	93.63	16595099	19933398	II	V
15277351	15278872	1741201	1739680	1522	1522	93.57	16595099	16595099	II	II
15277351	15278755	13058700	13057287	1405	1414	90.24	16595099	16595099	II	II
15277351	15278882	14721537	14720030	1532	1508	94.06	16595099	16595099	II	II
15277351	15278882	14736948	14735450	1532	1499	92.58	16595099	16595099	II	II
15277354	15278855	12910893	12909391	1502	1503	94.94	16595099	15540809	II	I
15277354	15278882	12912061	12910534	1529	1528	93.86	16595099	15540809	II	I
15277354	15278882	14728537	14727021	1529	1517	94.84	16595099	16595099	II	II
15277367	15278882	15511333	15509824	1516	1510	92.76	16595099	16595099	II	II
15277830	15278882	637418	636368	1053	1051	93.17	16595099	15540809	II	I
15296832	15297968	12763979	12762835	1137	1145	91.79	16595099	15540809	II	I
15296832	15298152	12764171	12762843	1321	1329	93.01	16595099	15540809	II	I
15296832	15298158	12764475	12763150	1327	1326	92.11	16595099	15540809	II	I
15296832	15298130	2203469	2202163	1299	1307	93.88	16595099	19933398	II	V
15296867	15298152	12764556	12763243	1286	1314	92.12	16595099	15540809	II	I
15296867	15298152	3109250	3107962	1286	1289	92.64	16595099	14810976	II	III
15296867	15298158	3109674	3108372	1292	1303	91.41	16595099	14810976	II	III
15296867	15298153	3110926	3109632	1287	1295	91.20	16595099	14810976	II	III
15296874	15298152	12765597	12764315	1279	1283	93.22	16595099	15540809	II	I
15309602	15310693	15661811	15660770	1092	1042	90.23	16595099	17080301	II	IV
15309602	15310711	15662411	15661347	1110	1065	89.99	16595099	17080301	II	IV
15309606	15310624	16064052	16063096	1019	957	89.70	16595099	17080301	II	IV
15310809	15312068	34575	33317	1260	1259	99.84	16595099	22220885	II	X
15310812	15312070	2600709	2599451	1259	1259	99.68	16595099	22220885	II	X
15314983	15322322	12914915	12907725	7340	7191	89.70	16595099	15540809	II	I
15314983	15318773	2178492	2174673	3791	3820	85.80	16595099	16595099	II	II
15319097	15325842	12356284	12349655	6746	6630	89.83	16595099	14810976	II	III
15319610	15324155	12364942	12360491	4546	4452	89.11	16595099	14810976	II	III
15416913	15418091	16043030	16041852	1179	1179	93.47	16595099	16595099	II	II
15416920	15418079	1932853	1931702	1160	1152	84.98	16595099	16595099	II	II
15416920	15418000	15459348	15458248	1081	1101	89.65	16595099	16595099	II	II
15416920	15418118	3147180	3145990	1199	1191	92.51	16595099	14810976	II	III
15416920	15418111	3155173	3153983	1192	1191	92.37	16595099	14810976	II	III
15416920	15418118	14561799	14560602	1199	1198	93.58	16595099	17080301	II	IV
15416921	15418104	16760016	16758831	1184	1186	90.50	16595099	19933398	II	V
15416921	15418104	16761432	16760249	1184	1184	90.96	16595099	19933398	II	V
15417017	15418118	14162057	14160956	1102	1102	91.30	16595099	16595099	II	II
15434608	15439058	12211487	12207020	4451	4468	90.97	16595099	15540809	II	I
15435123	15437754	1741894	1739272	2632	2623	92.75	16595099	16595099	II	II
15435651	15436974	17996597	17995266	1324	1332	86.42	16595099	19933398	II	V
15435804	15437051	15341778	15340535	1248	1244	92.31	16595099	17080301	II	IV
15454767	15456022	14503371	14502116	1256	1256	99.92	16595099	19933398	II	V
15496824	15498117	6470503	6469244	1294	1260	88.57	16595099	17080301	II	IV
15496824	15498117	11756359	11755071	1294	1289	86.34	16595099	19933398	II	V
15509138	15512101	14562340	14559334	2964	3007	92.39	16595099	17080301	II	IV
15509824	15511333	15278882	15277367	1510	1516	92.76	16595099	16595099	II	II
15512568	15514163	16068740	16067036	1596	1705	88.99	16595099	17080301	II	IV
15512568	15514148	16816342	16814669	1581	1674	88.24	16595099	19933398	II	V
15516628	15518069	16815649	16814116	1442	1534	84.12	16595099	19933398	II	V
15516631	15518066	18423056	18421490	1436	1567	83.76	16595099	19933398	II	V
15521622	15524689	16068680	16065573	3068	3108	92.62	16595099	17080301	II	IV
15521622	15524689	16071835	16068680	3068	3156	93.86	16595099	17080301	II	IV
15521622	15524689	16076587	16073423	3068	3165	93.93	16595099	17080301	II	IV
15521622	15524689	16078714	16075550	3068	3165	93.50	16595099	17080301	II	IV
15521623	15524477	3146888	3143960	2855	2929	90.74	16595099	14810976	II	III
15521637	15524689	16067817	16064695	3053	3123	93.37	16595099	17080301	II	IV
15521646	15522914	16814839	16813530	1269	1310	89.64	16595099	19933398	II	V
15522290	15524659	18392417	18390037	2370	2381	90.11	16595099	19933398	II	V
15522317	15524689	14663692	14661265	2373	2428	90.39	16595099	16595099	II	II
15523619	15524689	2037008	2035940	1071	1069	92.63	16595099	15540809	II	I
15534635	15539979	15550964	15545572	5345	5393	91.33	16595099	16595099	II	II
15534654	15537919	15548409	15545160	3266	3250	92.25	16595099	16595099	II	II
15534654	15539366	16067773	16063096	4713	4678	94.73	16595099	17080301	II	IV
15535080	15539986	267523	262602	4907	4922	94.41	16595099	15540809	II	I
15535400	15540238	15553641	15548793	4839	4849	89.22	16595099	16595099	II	II
15535733	15538803	14562349	14559281	3071	3069	93.91	16595099	17080301	II	IV
15536117	15537392	16914881	16913621	1276	1261	94.91	16595099	19933398	II	V
15536528	15537744	11550767	11549550	1217	1218	92.70	16595099	16595099	II	II
15536535	15537536	4066674	4065673	1002	1002	96.61	16595099	16595099	II	II
15536553	15539591	16087942	16084953	3039	2990	93.89	16595099	17080301	II	IV
15536784	15539986	15156503	15153309	3203	3195	91.73	16595099	17080301	II	IV
15536824	15537846	1280960	1279937	1023	1024	93.75	16595099	14810976	II	III
15545160	15547601	15537095	15534654	2442	2442	91.90	16595099	16595099	II	II
15545160	15549516	15538999	15534635	4357	4365	91.94	16595099	16595099	II	II
15545165	15547241	15536730	15534654	2077	2077	92.20	16595099	16595099	II	II
15545165	15549154	15538634	15534654	3990	3981	92.31	16595099	16595099	II	II
15547487	15549372	3333975	3332102	1886	1874	91.05	16595099	14810976	II	III
15583426	15584684	4585304	4584047	1259	1258	99.68	16595099	17080301	II	IV
15583426	15584690	8572349	8571085	1265	1265	99.37	16595099	17080301	II	IV
15583426	15584684	12519918	12518661	1259	1258	99.60	16595099	22220885	II	X
15583426	15584684	13370980	13369723	1259	1258	99.36	16595099	22220885	II	X
15583429	15584689	8178904	8177645	1261	1260	99.60	16595099	19933398	II	V
15583430	15584684	3464322	3463062	1255	1261	99.29	16595099	16595099	II	II
15583430	15584690	6293788	6292529	1261	1260	99.68	16595099	19933398	II	V
15596862	15599494	15146810	15144146	2633	2665	88.53	16595099	17080301	II	IV
15596869	15598066	1029115	1027911	1198	1205	89.15	16595099	15540809	II	I
15597694	15599494	18491617	18489827	1801	1791	89.59	16595099	19933398	II	V
15598008	15599494	2271787	2270306	1487	1482	89.10	16595099	16595099	II	II
15608377	15610033	14989058	14987390	1657	1669	91.55	16595099	16595099	II	II
15608377	15610636	15317272	15314952	2260	2321	87.34	16595099	16595099	II	II
15608380	15610922	14662118	14659562	2543	2557	89.54	16595099	16595099	II	II
15611835	15613041	2204306	2203109	1207	1198	93.05	16595099	19933398	II	V
15611857	15613026	14396116	14394954	1170	1163	92.41	16595099	17080301	II	IV
15689710	15691125	16522204	16520784	1416	1421	93.92	16595099	19933398	II	V
15689711	15690730	2836059	2835042	1020	1018	88.50	16595099	14810976	II	III
15740765	15741876	16064469	16063385	1112	1085	92.88	16595099	17080301	II	IV
15750395	15751965	7514126	7512553	1571	1574	98.41	16595099	19933398	II	V
15785879	15786955	15788141	15787065	1077	1077	100.00	16595099	16595099	II	II
15787065	15788141	15786955	15785879	1077	1077	100.00	16595099	16595099	II	II
15852400	15854380	6314728	6312747	1981	1982	92.71	16595099	16595099	II	II
15852400	15854294	10849550	10847717	1895	1834	89.64	16595099	14810976	II	III
15852440	15854366	19402587	19400710	1927	1878	90.65	16595099	22220885	II	X
15861583	15862892	1480635	1479326	1310	1310	99.39	16595099	19933398	II	V
15861583	15862892	14049648	14048349	1310	1300	99.01	16595099	19933398	II	V
15861585	15862892	10878378	10877072	1308	1307	99.62	16595099	14810976	II	III
15861585	15862894	11285388	11284079	1310	1310	99.69	16595099	14810976	II	III
15861585	15862892	4443845	4442538	1308	1308	99.62	16595099	19933398	II	V
15888995	15890395	18325009	18323613	1401	1397	94.16	16595099	19933398	II	V
15909903	15912052	14159862	14157713	2150	2150	99.67	16595099	14810976	II	III
15909907	15912051	5805305	5803161	2145	2145	99.72	16595099	14810976	II	III
15909907	15912052	6285594	6283455	2146	2140	99.21	16595099	17080301	II	IV
15909907	15911840	13719462	13717529	1934	1934	99.64	16595099	17080301	II	IV
15910001	15912052	3006791	3004740	2052	2052	99.51	16595099	15540809	II	I
16478506	16479778	12790107	12788821	1273	1287	96.05	16595099	17080301	II	IV
16478507	16479757	8160252	8158986	1251	1267	95.98	16595099	19933398	II	V
16478508	16479757	9025565	9024306	1250	1260	95.97	16595099	22220885	II	X
16478512	16479757	5720620	5719366	1246	1255	96.59	16595099	17080301	II	IV
16478512	16479757	15613637	15612374	1246	1264	95.74	16595099	19933398	II	V
16478512	16479757	10286687	10285429	1246	1259	96.04	16595099	22220885	II	X
16478512	16479757	20506605	20505347	1246	1259	95.88	16595099	22220885	II	X
16478515	16479757	5137106	5135858	1243	1249	95.15	16595099	19933398	II	V
16482495	16484104	16225378	16223772	1610	1607	99.07	16595099	19933398	II	V
16482495	16484104	16853818	16852203	1610	1616	98.58	16595099	19933398	II	V
16568901	16570531	17059433	17057817	1631	1617	92.33	16595099	19933398	II	V
16569443	16570535	485158	484068	1093	1091	93.67	16595099	17080301	II	IV
16573103	16575372	52564	50313	2270	2252	93.48	16595099	15540809	II	I
16573109	16574401	35275	33983	1293	1293	98.22	16595099	15540809	II	I
16575361	16576487	28643	27516	1127	1128	97.62	16595099	15540809	II	I
16575361	16576487	42835	41706	1127	1130	97.80	16595099	17080301	II	IV
16575999	16578433	23027	20594	2435	2434	98.69	16595099	15540809	II	I
16575999	16577783	16580217	16578435	1785	1783	98.33	16595099	16595099	II	II
16575999	16578433	37216	34779	2435	2438	98.94	16595099	17080301	II	IV
16578435	16580217	14789379	14787599	1783	1781	98.94	16595099	14810976	II	III
16578435	16580217	14804544	14802761	1783	1784	98.99	16595099	14810976	II	III
16582811	16583986	52564	51353	1176	1212	89.94	16595099	15540809	II	I
1	14810976	1	14810976	14810976	14810976	100.00	14810976	14810976	III	III
1	1593	19932118	19930524	1593	1595	99.75	14810976	19933398	III	V
1	2082	19932609	19930524	2082	2086	99.62	14810976	19933398	III	V
1	2192	19933251	19931055	2192	2197	99.59	14810976	19933398	III	V
101	2189	17080301	17078204	2089	2098	98.81	14810976	17080301	III	IV
742	2192	17080301	17078847	1451	1455	99.45	14810976	17080301	III	IV
2191	3401	14785872	14784662	1211	1211	94.73	14810976	14810976	III	III
2191	3401	14793455	14792246	1211	1210	94.81	14810976	14810976	III	III
2191	3402	14801035	14799827	1212	1209	94.64	14810976	14810976	III	III
2191	3401	14808622	14807413	1211	1210	94.72	14810976	14810976	III	III
42810	44061	11559979	11558767	1252	1213	94.12	14810976	14810976	III	III
42810	44100	858213	856968	1291	1246	93.89	14810976	19933398	III	V
42810	44100	6426355	6425104	1291	1252	94.83	14810976	19933398	III	V
42810	44100	17107673	17106484	1291	1190	90.26	14810976	19933398	III	V
42810	44103	19689028	19687777	1294	1252	94.22	14810976	19933398	III	V
42810	44100	12939281	12938033	1291	1249	94.59	14810976	22220885	III	X
264942	269889	277737	272790	4948	4948	100.00	14810976	14810976	III	III
272790	277737	269889	264942	4948	4948	100.00	14810976	14810976	III	III
416344	417558	3474976	3473743	1215	1234	94.54	14810976	17080301	III	IV
416344	417566	7083487	7082241	1223	1247	94.42	14810976	19933398	III	V
726984	728772	16071523	16069749	1789	1775	98.99	14810976	17080301	III	IV
726984	728770	16073366	16071585	1787	1782	99.50	14810976	17080301	III	IV
729380	730643	13666015	13664752	1264	1264	99.53	14810976	19933398	III	V
729384	730643	12004732	12003473	1260	1260	99.68	14810976	17080301	III	IV
729384	730642	4471838	4470580	1259	1259	99.52	14810976	22220885	III	X
729386	730647	13713867	13712606	1262	1262	99.52	14810976	14810976	III	III
729389	730647	3796135	3794877	1259	1259	99.76	14810976	17080301	III	IV
753362	760211	760211	753362	6850	6850	99.65	14810976	14810976	III	III
753362	760211	784549	777699	6850	6851	99.64	14810976	14810976	III	III
758286	760630	5965580	5963259	2345	2322	97.15	14810976	19933398	III	V
760631	767007	805564	799187	6377	6378	99.87	14810976	14810976	III	III
764890	767007	752634	750516	2118	2119	99.86	14810976	14810976	III	III
764890	767007	776971	774853	2118	2119	99.91	14810976	14810976	III	III
784969	791348	805564	799187	6380	6378	99.86	14810976	14810976	III	III
789229	791348	752634	750516	2120	2119	99.86	14810976	14810976	III	III
789229	791348	776971	774853	2120	2119	99.91	14810976	14810976	III	III
799187	805564	767007	760631	6378	6377	99.87	14810976	14810976	III	III
799187	805564	791348	784969	6378	6380	99.86	14810976	14810976	III	III
839280	843793	718322	713778	4514	4545	96.66	14810976	22220885	III	X
871446	873942	1305427	1302916	2497	2512	88.33	14810976	15540809	III	I
871446	873027	14265086	14263503	1582	1584	89.05	14810976	16595099	III	II
871447	874789	16763960	16760629	3343	3332	87.17	14810976	19933398	III	V
871447	874789	16768936	16765533	3343	3404	86.81	14810976	19933398	III	V
871451	874789	16764324	16761005	3339	3320	86.63	14810976	19933398	III	V
871451	874785	16767884	16764554	3335	3331	87.38	14810976	19933398	III	V
871451	874789	16768524	16765165	3339	3360	86.92	14810976	19933398	III	V
871885	874789	16771896	16769021	2905	2876	86.48	14810976	19933398	III	V
872290	873393	552403	551297	1104	1107	85.99	14810976	16595099	III	II
873272	874720	18849872	18848446	1449	1427	89.87	14810976	19933398	III	V
1064208	1065467	4882004	4880745	1260	1260	99.92	14810976	17080301	III	IV
1064209	1065466	14012584	14011327	1258	1258	99.52	14810976	19933398	III	V
1064209	1065465	7702304	7701048	1257	1257	100.00	14810976	22220885	III	X
1064209	1065466	21795919	21794662	1258	1258	99.68	14810976	22220885	III	X
1064210	1065480	4273145	4271873	1271	1273	99.45	14810976	15540809	III	I
1064210	1065466	5043389	5042133	1257	1257	99.92	14810976	15540809	III	I
1064210	1065466	13077930	13076683	1257	1248	98.97	14810976	16595099	III	II
1064210	1065466	1982348	1981092	1257	1257	99.76	14810976	17080301	III	IV
1064210	1065466	9352878	9351622	1257	1257	99.76	14810976	19933398	III	V
1064210	1065466	15481187	15479931	1257	1257	99.68	14810976	19933398	III	V
1064210	1065466	7927207	7925951	1257	1257	100.00	14810976	22220885	III	X
1064210	1065466	19325437	19324181	1257	1257	100.00	14810976	22220885	III	X
1279937	1280960	11814093	11813071	1024	1023	93.26	14810976	15540809	III	I
1423378	1424693	13568475	13567184	1316	1292	94.67	14810976	14810976	III	III
1423378	1424642	13569143	13567884	1265	1260	98.66	14810976	14810976	III	III
1423378	1424693	13569679	13568357	1316	1323	97.74	14810976	14810976	III	III
1423442	1424595	3285710	3284577	1154	1134	97.49	14810976	19933398	III	V
1423599	1424611	1482306	1481291	1013	1016	99.41	14810976	15540809	III	I
1755437	1758103	1761393	1758727	2667	2667	100.00	14810976	14810976	III	III
1755437	1758727	6778523	6775230	3291	3294	98.85	14810976	14810976	III	III
1758727	1761393	1758103	1755437	2667	2667	100.00	14810976	14810976	III	III
1869162	1870273	1870273	1869162	1112	1112	83.50	14810976	14810976	III	III
2170184	2171400	20900766	20899578	1217	1189	93.69	14810976	22220885	III	X
2280950	2282040	12790695	12789618	1091	1078	93.14	14810976	22220885	III	X
2340813	2342959	14159860	14157714	2147	2147	99.81	14810976	14810976	III	III
2340815	2342959	13136452	13134309	2145	2144	99.81	14810976	15540809	III	I
2340815	2342964	5805305	5803156	2150	2150	99.81	14810976	14810976	III	III
2341490	2342963	16730759	16729286	1474	1474	99.59	14810976	19933398	III	V
2435865	2438215	21819575	21817227	2351	2349	94.56	14810976	22220885	III	X
2436463	2439651	21455076	21451893	3189	3184	90.57	14810976	22220885	III	X
2436580	2437698	6535450	6534331	1119	1120	90.57	14810976	14810976	III	III
2436580	2440123	21427295	21423774	3544	3522	89.10	14810976	22220885	III	X
2436581	2440316	16448165	16444428	3736	3738	91.14	14810976	22220885	III	X
2437158	2440319	5832765	5829610	3162	3156	91.13	14810976	19933398	III	V
2439238	2440315	21817039	21815963	1078	1077	94.63	14810976	22220885	III	X
2544568	2546189	15753057	15751461	1622	1597	98.03	14810976	19933398	III	V
2544568	2546190	19561790	19560167	1623	1624	99.45	14810976	22220885	III	X
2652649	2655350	721170	718488	2702	2683	89.72	14810976	15540809	III	I
2652657	2655742	15146889	15143794	3086	3096	89.97	14810976	17080301	III	IV
2653458	2656527	13062429	13059329	3070	3101	91.23	14810976	16595099	III	II
2834906	2836059	5684944	5683801	1154	1144	94.63	14810976	17080301	III	IV
2834906	2836059	6213380	6212193	1154	1188	92.45	14810976	19933398	III	V
2834906	2836062	6387998	6386837	1157	1162	93.70	14810976	19933398	III	V
2834909	2836059	16159643	16158464	1151	1180	92.18	14810976	19933398	III	V
2835042	2836059	15690730	15689711	1018	1020	88.50	14810976	16595099	III	II
2852511	2853569	2861245	2860117	1059	1129	88.93	14810976	14810976	III	III
2852511	2853569	2863927	2862823	1059	1105	93.58	14810976	14810976	III	III
2852511	2853569	2865766	2864621	1059	1146	89.80	14810976	14810976	III	III
2852511	2853569	2868290	2867113	1059	1178	88.21	14810976	14810976	III	III
2852511	2853558	2874904	2873811	1048	1094	86.88	14810976	14810976	III	III
2852532	2853569	2873200	2872139	1038	1062	89.00	14810976	14810976	III	III
2862823	2863927	2853569	2852511	1105	1059	93.58	14810976	14810976	III	III
2864821	2865913	2853569	2852511	1093	1059	91.32	14810976	14810976	III	III
2871576	2872814	2876666	2875461	1239	1206	94.59	14810976	14810976	III	III
2872090	2873371	2876699	2875461	1282	1239	94.77	14810976	14810976	III	III
2872596	2873778	2876666	2875474	1183	1193	93.86	14810976	14810976	III	III
2873772	2874980	2876699	2875461	1209	1239	92.85	14810976	14810976	III	III
2873805	2875462	3423165	3421542	1658	1624	89.04	14810976	17080301	III	IV
2874404	2875462	2876666	2875652	1059	1015	92.07	14810976	14810976	III	III
2875461	2876666	2857371	2856111	1206	1261	91.60	14810976	14810976	III	III
2875461	2876666	2860582	2859249	1206	1334	88.31	14810976	14810976	III	III
2875461	2876666	2862025	2860774	1206	1252	93.62	14810976	14810976	III	III
2875461	2876666	2863109	2861860	1206	1250	93.28	14810976	14810976	III	III
2875461	2876666	2864392	2863228	1206	1165	90.07	14810976	14810976	III	III
2875461	2876666	2865107	2863922	1206	1186	93.84	14810976	14810976	III	III
2875461	2876666	2865527	2864290	1206	1238	94.03	14810976	14810976	III	III
2875461	2876666	2866126	2864889	1206	1238	93.03	14810976	14810976	III	III
2875461	2876666	2867399	2866150	1206	1250	93.28	14810976	14810976	III	III
2875461	2876666	2869175	2867970	1206	1206	94.66	14810976	14810976	III	III
2875461	2876666	2870395	2869115	1206	1281	89.47	14810976	14810976	III	III
2875461	2876666	2871657	2870419	1206	1239	94.03	14810976	14810976	III	III
2875461	2876666	2871920	2870671	1206	1250	93.04	14810976	14810976	III	III
2875461	2876666	2872183	2870923	1206	1261	90.25	14810976	14810976	III	III
2875461	2876699	2873371	2872090	1239	1282	94.77	14810976	14810976	III	III
2875474	2876666	2874809	2873668	1193	1142	85.87	14810976	14810976	III	III
2875475	2876698	2859789	2858554	1224	1236	90.30	14810976	14810976	III	III
2875484	2876699	2857831	2856615	1216	1217	93.22	14810976	14810976	III	III
2875484	2876666	2861042	2859838	1183	1205	93.26	14810976	14810976	III	III
2875495	2876666	2856621	2855395	1172	1227	93.32	14810976	14810976	III	III
2875496	2876666	2859021	2857924	1171	1098	89.68	14810976	14810976	III	III
2875496	2876666	2866522	2865425	1171	1098	89.42	14810976	14810976	III	III
2875496	2876666	2871106	2869903	1171	1204	94.52	14810976	14810976	III	III
2875496	2876666	2873914	2872733	1171	1182	96.45	14810976	14810976	III	III
2875632	2876666	2875461	2874383	1035	1079	92.77	14810976	14810976	III	III
2880070	2881134	2325868	2324823	1065	1046	91.09	14810976	17080301	III	IV
2940700	2942332	17900048	17898446	1633	1603	94.31	14810976	19933398	III	V
2940700	2942332	17902016	17900382	1633	1635	94.92	14810976	19933398	III	V
2940700	2942332	17903368	17901694	1633	1675	92.30	14810976	19933398	III	V
2940706	2942332	1306681	1305045	1627	1637	93.84	14810976	15540809	III	I
2940706	2942334	1522808	1521204	1629	1605	92.51	14810976	15540809	III	I
2940706	2942332	16069627	16068021	1627	1607	97.17	14810976	17080301	III	IV
2940706	2942332	16074616	16072986	1627	1631	97.37	14810976	17080301	III	IV
2940706	2942332	16076174	16074550	1627	1625	98.16	14810976	17080301	III	IV
2940706	2941916	16086093	16084953	1211	1141	92.76	14810976	17080301	III	IV
2940706	2942249	17898616	17897073	1544	1544	96.57	14810976	19933398	III	V
2940706	2942332	17898832	17897206	1627	1627	96.44	14810976	19933398	III	V
2940706	2942332	17898968	17897342	1627	1627	96.31	14810976	19933398	III	V
2940706	2942332	17899144	17897518	1627	1627	96.19	14810976	19933398	III	V
2940706	2942332	17899720	17898086	1627	1635	95.54	14810976	19933398	III	V
2940706	2942332	17900416	17898766	1627	1651	94.37	14810976	19933398	III	V
2940706	2942332	17900744	17899142	1627	1603	94.16	14810976	19933398	III	V
2940706	2942332	17902672	17901030	1627	1643	94.16	14810976	19933398	III	V
2940706	2941980	18495154	18493880	1275	1275	95.76	14810976	19933398	III	V
2940706	2942332	6800048	6798424	1627	1625	96.19	14810976	22220885	III	X
3017325	3018613	3021545	3020283	1289	1263	96.35	14810976	14810976	III	III
3020283	3021545	3018613	3017325	1263	1289	96.35	14810976	14810976	III	III
3038758	3040774	1741897	1739882	2017	2016	93.01	14810976	16595099	III	II
3073133	3075217	14550637	14548550	2085	2088	88.72	14810976	17080301	III	IV
3076273	3078367	14550637	14548550	2095	2088	89.09	14810976	17080301	III	IV
3105213	3110652	16068469	16063096	5440	5374	93.45	14810976	17080301	III	IV
3105213	3110931	16075888	16070197	5719	5692	95.32	14810976	17080301	III	IV
3105213	3107676	16087368	16084953	2464	2416	94.03	14810976	17080301	III	IV
3105214	3110933	14175995	14170353	5720	5643	89.88	14810976	17080301	III	IV
3105699	3109559	12588266	12584433	3861	3834	93.09	14810976	15540809	III	I
3106806	3108114	13006685	13005372	1309	1314	95.51	14810976	16595099	III	II
3107328	3108919	3498733	3497141	1592	1593	92.41	14810976	19933398	III	V
3107563	3109302	13903641	13901901	1740	1741	94.43	14810976	16595099	III	II
3108120	3109410	15298153	15296867	1291	1287	92.11	14810976	16595099	III	II
3109377	3110930	14177693	14176142	1554	1552	89.47	14810976	17080301	III	IV
3115211	3116215	11813264	11812259	1005	1006	97.02	14810976	14810976	III	III
3140410	3141758	3143792	3142444	1349	1349	99.93	14810976	14810976	III	III
3142444	3143792	3141758	3140410	1349	1349	99.93	14810976	14810976	III	III
3143960	3146484	12345285	12342766	2525	2520	91.43	14810976	14810976	III	III
3143960	3145031	12350611	12349541	1072	1071	93.84	14810976	14810976	III	III
3143960	3145701	12362237	12360486	1742	1752	92.47	14810976	14810976	III	III
3143960	3153893	12370391	12360486	9934	9906	92.08	14810976	14810976	III	III
3143960	3154124	12371354	12361231	10165	10124	92.35	14810976	14810976	III	III
3143960	3152541	12373703	12365111	8582	8593	92.74	14810976	14810976	III	III
3143960	3153524	18487066	18477594	9565	9473	91.72	14810976	19933398	III	V
3144970	3148744	12766622	12762837	3775	3786	92.29	14810976	15540809	III	I
3145798	3149620	13498337	13494454	3823	3884	90.54	14810976	16595099	III	II
3145906	3150012	13789314	13785207	4107	4108	91.17	14810976	16595099	III	II
3147494	3149514	1029938	1027911	2021	2028	89.35	14810976	15540809	III	I
3149938	3152760	2205002	2202163	2823	2840	92.71	14810976	19933398	III	V
3149994	3152022	1029938	1027911	2029	2028	88.65	14810976	15540809	III	I
3150025	3156992	12375317	12368361	6968	6957	92.87	14810976	14810976	III	III
3150053	3153880	15147645	15143791	3828	3855	90.32	14810976	17080301	III	IV
3152192	3157004	13062433	13057603	4813	4831	91.22	14810976	16595099	III	II
3152905	3154244	19016237	19014895	1340	1343	91.31	14810976	19933398	III	V
3153456	3154693	1235755	1234517	1238	1239	94.75	14810976	15540809	III	I
3153787	3155387	18095064	18093464	1601	1601	92.13	14810976	19933398	III	V
3153793	3156083	1670804	1668513	2291	2292	93.24	14810976	16595099	III	II
3251816	3253021	15005696	15004512	1206	1185	94.33	14810976	15540809	III	I
3251825	3253024	11213315	11212112	1200	1204	96.37	14810976	17080301	III	IV
3251828	3253028	3269868	3268662	1201	1207	97.19	14810976	14810976	III	III
3251828	3253021	10957089	10955890	1194	1200	96.18	14810976	17080301	III	IV
3251828	3253026	7404740	7403533	1199	1208	96.78	14810976	22220885	III	X
3251828	3253021	13261957	13260761	1194	1197	96.35	14810976	22220885	III	X
3251828	3253021	17270349	17269154	1194	1196	96.10	14810976	22220885	III	X
3251828	3253024	17687044	17685844	1197	1201	96.28	14810976	22220885	III	X
3260993	3262149	9531990	9530806	1157	1185	90.92	14810976	15540809	III	I
3268658	3269872	6613862	6612652	1215	1211	96.40	14810976	17080301	III	IV
3268662	3269868	3253028	3251828	1207	1201	97.19	14810976	14810976	III	III
3268669	3269868	11404073	11402876	1200	1198	97.43	14810976	17080301	III	IV
3268766	3269868	18027529	18026461	1103	1069	95.02	14810976	19933398	III	V
3332102	3333975	15549372	15547487	1874	1886	91.05	14810976	16595099	III	II
3332129	3333920	14991851	14990056	1792	1796	92.32	14810976	17080301	III	IV
3332129	3333975	14993563	14991721	1847	1843	92.60	14810976	17080301	III	IV
3332457	3333466	12693338	12692325	1010	1014	94.08	14810976	15540809	III	I
3332792	3334017	1810021	1808797	1226	1225	94.07	14810976	16595099	III	II
3334598	3336134	3075094	3073569	1537	1526	92.60	14810976	14810976	III	III
3334598	3336134	3076980	3075438	1537	1543	92.76	14810976	14810976	III	III
3334598	3336134	3077780	3076244	1537	1537	93.19	14810976	14810976	III	III
3334598	3336134	3078380	3076844	1537	1537	93.59	14810976	14810976	III	III
3334598	3336134	17029533	17027989	1537	1545	85.55	14810976	19933398	III	V
3334620	3336134	17029311	17027797	1515	1515	86.46	14810976	19933398	III	V
3334821	3336116	14411970	14410674	1296	1297	95.47	14810976	17080301	III	IV
3370185	3371391	14837803	14836597	1207	1207	98.10	14810976	16595099	III	II
3370185	3371450	14681610	14680330	1266	1281	95.40	14810976	17080301	III	IV
3370185	3371462	16499062	16497786	1278	1277	97.50	14810976	19933398	III	V
3435760	3437143	15132034	15130683	1384	1352	90.97	14810976	16595099	III	II
3435769	3436988	646325	645088	1220	1238	90.47	14810976	15540809	III	I
3435769	3436878	11814055	11812954	1110	1102	92.88	14810976	15540809	III	I
3435769	3437137	12909634	12908266	1369	1369	92.11	14810976	15540809	III	I
3435769	3437137	12910786	12909418	1369	1369	92.55	14810976	15540809	III	I
3435769	3437116	13496968	13495605	1348	1364	91.07	14810976	16595099	III	II
3435769	3437137	14721348	14720003	1369	1346	91.90	14810976	16595099	III	II
3435769	3437137	14721907	14720559	1369	1349	92.58	14810976	16595099	III	II
3435769	3437142	14725081	14723735	1374	1347	91.78	14810976	16595099	III	II
3435769	3437142	14728512	14727155	1374	1358	93.09	14810976	16595099	III	II
3435769	3437137	14733948	14732590	1369	1359	92.24	14810976	16595099	III	II
3435769	3437137	14735660	14734294	1369	1367	92.76	14810976	16595099	III	II
3435769	3437137	14739528	14738168	1369	1361	91.09	14810976	16595099	III	II
3435769	3437137	14747472	14746145	1369	1328	89.86	14810976	16595099	III	II
3435769	3437142	14760658	14759267	1374	1392	89.60	14810976	16595099	III	II
3435769	3437137	14761635	14760242	1369	1394	89.76	14810976	16595099	III	II
3435769	3437137	14767318	14765964	1369	1355	90.52	14810976	16595099	III	II
3435769	3437158	14770321	14768933	1390	1389	89.58	14810976	16595099	III	II
3435769	3437137	14781996	14780620	1369	1377	89.13	14810976	16595099	III	II
3435769	3437137	14783220	14781860	1369	1361	90.14	14810976	16595099	III	II
3435769	3437137	14786500	14785132	1369	1369	89.76	14810976	16595099	III	II
3435769	3437137	15133096	15131720	1369	1377	91.50	14810976	16595099	III	II
3435769	3437137	12362395	12361027	1369	1369	91.02	14810976	14810976	III	III
3435769	3437137	18377364	18375996	1369	1369	90.50	14810976	19933398	III	V
3435769	3437137	18666833	18665483	1369	1351	92.11	14810976	19933398	III	V
3435769	3437142	18668709	18667346	1374	1364	91.61	14810976	19933398	III	V
3435769	3437137	18669916	18668565	1369	1352	92.04	14810976	19933398	III	V
3435810	3437137	14787555	14786268	1328	1288	89.16	14810976	16595099	III	II
3435919	3437116	13498338	13497121	1198	1218	89.59	14810976	16595099	III	II
3436011	3437137	15540230	15539104	1127	1127	85.63	14810976	16595099	III	II
3444427	3445945	20906924	20905420	1519	1505	92.59	14810976	22220885	III	X
3444931	3445945	21997401	21996401	1015	1001	91.18	14810976	22220885	III	X
3456985	3458366	8670015	8668630	1382	1386	94.79	14810976	14810976	III	III
3457213	3458351	15172579	15171430	1139	1150	94.84	14810976	19933398	III	V
3463017	3464520	3492125	3490623	1504	1503	95.52	14810976	14810976	III	III
3467677	3468696	2985683	2984664	1020	1020	92.07	14810976	19933398	III	V
3480383	3483750	2996008	2992543	3368	3466	86.80	14810976	19933398	III	V
3480383	3483748	3000671	2997199	3366	3473	86.72	14810976	19933398	III	V
3487273	3488613	3003621	3002293	1341	1329	86.94	14810976	19933398	III	V
3487276	3488613	14410204	14408807	1338	1398	91.46	14810976	16595099	III	II
3487276	3488611	3001113	2999741	1336	1373	89.07	14810976	19933398	III	V
3487367	3488628	2997510	2996222	1262	1289	88.42	14810976	19933398	III	V
3487367	3488613	2998588	2997368	1247	1221	89.38	14810976	19933398	III	V
3487367	3488613	4015565	4014282	1247	1284	91.19	14810976	22220885	III	X
3490623	3492125	3464520	3463017	1503	1504	95.52	14810976	14810976	III	III
3556676	3557958	7456247	7455003	1283	1245	89.49	14810976	15540809	III	I
3578421	3580644	8836756	8834523	2224	2234	98.39	14810976	16595099	III	II
3598918	3600367	3610403	3608954	1450	1450	93.19	14810976	14810976	III	III
3608954	3610403	3600367	3598918	1450	1450	93.19	14810976	14810976	III	III
3633463	3634474	4553368	4552346	1012	1023	94.75	14810976	14810976	III	III
3633463	3634474	502685	501660	1012	1026	95.33	14810976	17080301	III	IV
3633464	3634485	5760644	5759610	1022	1035	95.95	14810976	16595099	III	II
3633464	3634474	4067745	4066714	1011	1032	92.66	14810976	14810976	III	III
3633464	3634475	6965046	6964019	1012	1028	94.95	14810976	14810976	III	III
3633464	3634474	14187602	14186574	1011	1029	95.72	14810976	14810976	III	III
3633464	3634474	13583548	13582504	1011	1045	93.33	14810976	19933398	III	V
3747161	3748468	2071550	2070243	1308	1308	99.77	14810976	22220885	III	X
3772992	3774051	9235388	9234328	1060	1061	99.81	14810976	14810976	III	III
3772997	3774312	7036881	7035565	1316	1317	99.16	14810976	14810976	III	III
3773059	3774312	7037806	7036553	1254	1254	99.28	14810976	14810976	III	III
4036153	4037249	6532035	6530937	1097	1099	91.52	14810976	16595099	III	II
4036153	4037249	7797361	7796244	1097	1118	90.35	14810976	16595099	III	II
4036153	4037249	357101	356027	1097	1075	93.56	14810976	22220885	III	X
4036157	4037249	10496655	10495575	1093	1081	92.56	14810976	15540809	III	I
4036207	4037249	2507692	2506655	1043	1038	92.80	14810976	17080301	III	IV
4066712	4067745	14926933	14925906	1034	1028	94.20	14810976	19933398	III	V
4066712	4067745	16721030	16720009	1034	1022	92.88	14810976	19933398	III	V
4066714	4067745	2871724	2870696	1032	1029	93.64	14810976	15540809	III	I
4066714	4067746	7150804	7149799	1033	1006	91.15	14810976	15540809	III	I
4066714	4067745	3634474	3633464	1032	1011	92.66	14810976	14810976	III	III
4066714	4067745	14207068	14206039	1032	1030	93.36	14810976	14810976	III	III
4066714	4067745	3253462	3252437	1032	1026	93.90	14810976	17080301	III	IV
4066714	4067746	12074934	12073905	1033	1030	93.45	14810976	17080301	III	IV
4066714	4067745	10043470	10042449	1032	1022	93.99	14810976	19933398	III	V
4068516	4070024	4111338	4109829	1509	1510	96.16	14810976	14810976	III	III
4068657	4070023	4203199	4201859	1367	1341	90.88	14810976	14810976	III	III
4109829	4111338	4070024	4068516	1510	1509	96.16	14810976	14810976	III	III
4182128	4184104	4133058	4131084	1977	1975	95.36	14810976	16595099	III	II
4182264	4184104	4133056	4131212	1841	1845	95.66	14810976	16595099	III	II
4182678	4184104	4133058	4131631	1427	1428	95.10	14810976	16595099	III	II
4391331	4392983	17059433	17057821	1653	1613	90.26	14810976	19933398	III	V
4460842	4462218	4568635	4567256	1377	1380	89.96	14810976	14810976	III	III
4510673	4512809	495165	493048	2137	2118	95.48	14810976	15540809	III	I
4510826	4513988	3397127	3394010	3163	3118	91.67	14810976	19933398	III	V
4511176	4513668	6612656	6610118	2493	2539	93.65	14810976	17080301	III	IV
4511189	4512227	3654100	3653087	1039	1014	95.67	14810976	17080301	III	IV
4552345	4553367	4936089	4935050	1023	1040	94.18	14810976	17080301	III	IV
4552345	4553369	14926932	14925904	1025	1029	96.71	14810976	19933398	III	V
4552345	4553367	16721029	16720009	1023	1021	95.73	14810976	19933398	III	V
4552346	4553367	4619107	4618080	1022	1028	97.37	14810976	19933398	III	V
4567256	4568635	4462218	4460842	1380	1377	89.96	14810976	14810976	III	III
4574928	4576603	4631504	4629834	1676	1671	88.28	14810976	14810976	III	III
4575003	4576339	4639128	4637793	1337	1336	87.75	14810976	14810976	III	III
4592829	4594139	11430318	11429008	1311	1311	99.69	14810976	17080301	III	IV
4592831	4594140	13287948	13286639	1310	1310	99.69	14810976	16595099	III	II
4592833	4594152	3709797	3708480	1320	1318	99.39	14810976	14810976	III	III
4592833	4594140	5400967	5399660	1308	1308	99.69	14810976	17080301	III	IV
4629834	4631504	4576603	4574928	1671	1676	88.28	14810976	14810976	III	III
4633852	4636922	4640261	4637191	3071	3071	99.48	14810976	14810976	III	III
4634982	4636319	4631432	4630091	1338	1342	90.25	14810976	14810976	III	III
4637191	4640261	4636922	4633852	3071	3071	99.48	14810976	14810976	III	III
4637546	4639128	4576567	4575003	1583	1565	85.05	14810976	14810976	III	III
4681510	4682622	7651969	7650892	1113	1078	91.65	14810976	14810976	III	III
4731354	4732503	9050521	9049438	1150	1084	84.75	14810976	17080301	III	IV
4733250	4734386	14077373	14076252	1137	1122	95.47	14810976	16595099	III	II
4821211	4822278	3010650	3009572	1068	1079	92.44	14810976	19933398	III	V
4823834	4825422	2995477	2993838	1589	1640	90.93	14810976	19933398	III	V
4823834	4825422	3001544	2999913	1589	1632	90.32	14810976	19933398	III	V
4823841	4825423	3003349	3001742	1583	1608	89.87	14810976	19933398	III	V
4824007	4825427	3000326	2998875	1421	1452	92.32	14810976	19933398	III	V
4824007	4825423	4016441	4014987	1417	1455	92.36	14810976	22220885	III	X
4824014	4825427	2995952	2994528	1414	1425	93.13	14810976	19933398	III	V
4837879	4839306	2993095	2991687	1428	1409	87.77	14810976	19933398	III	V
4837879	4839540	3003634	3001912	1662	1723	88.88	14810976	19933398	III	V
4837896	4839065	12191276	12190087	1170	1190	88.27	14810976	15540809	III	I
4837896	4839281	3395780	3394375	1386	1406	90.20	14810976	16595099	III	II
4837896	4839540	2995304	2993654	1645	1651	90.09	14810976	19933398	III	V
4837896	4839506	2996420	2994798	1611	1623	90.90	14810976	19933398	III	V
4837896	4839540	2998496	2996828	1645	1669	89.14	14810976	19933398	III	V
4837896	4839540	2999973	2998311	1645	1663	88.99	14810976	19933398	III	V
4837896	4839506	3020137	3018501	1611	1637	90.68	14810976	19933398	III	V
4837896	4838967	4014832	4013732	1072	1101	92.01	14810976	22220885	III	X
4837896	4839540	4016131	4014458	1645	1674	90.29	14810976	22220885	III	X
4837896	4839540	4016603	4014930	1645	1674	89.21	14810976	22220885	III	X
4837896	4839540	4018027	4016341	1645	1687	89.93	14810976	22220885	III	X
4837896	4839540	4018499	4016821	1645	1679	89.76	14810976	22220885	III	X
4837905	4839506	3002257	3000612	1602	1646	88.98	14810976	19933398	III	V
4838077	4839506	3395982	3394550	1430	1433	89.62	14810976	16595099	III	II
4838317	4839434	3474738	3473590	1118	1149	91.99	14810976	16595099	III	II
4892044	4894860	12067583	12064949	2817	2635	84.08	14810976	15540809	III	I
4892337	4893699	1536220	1534866	1363	1355	84.47	14810976	16595099	III	II
4892416	4893802	1522437	1521050	1387	1388	88.69	14810976	16595099	III	II
4892644	4893846	2583443	2582236	1203	1208	87.83	14810976	16595099	III	II
4893399	4894581	1536206	1535023	1183	1184	82.70	14810976	16595099	III	II
4893608	4895005	1522437	1521047	1398	1391	85.93	14810976	16595099	III	II
4893783	4896515	12064826	12062147	2733	2680	85.84	14810976	15540809	III	I
4894075	4895277	2583443	2582236	1203	1208	85.36	14810976	16595099	III	II
5032222	5034098	5031768	5029892	1877	1877	100.00	14810976	14810976	III	III
5032222	5036742	5041780	5037259	4521	4522	99.87	14810976	14810976	III	III
5037259	5041780	5036742	5032222	4522	4521	99.87	14810976	14810976	III	III
5044508	5045821	21373935	21372621	1314	1315	99.77	14810976	22220885	III	X
5044509	5045817	10146461	10145153	1309	1309	99.62	14810976	17080301	III	IV
5044511	5045818	10415068	10413766	1308	1303	99.39	14810976	14810976	III	III
5044511	5045817	7385949	7384643	1307	1307	99.77	14810976	17080301	III	IV
5044511	5045828	7187530	7186214	1318	1317	99.54	14810976	22220885	III	X
5044512	5045818	10797620	10796320	1307	1301	99.31	14810976	15540809	III	I
5044512	5045818	5764696	5763390	1307	1307	99.77	14810976	16595099	III	II
5044512	5045821	13179432	13178122	1310	1311	99.69	14810976	16595099	III	II
5044512	5045818	7237769	7236463	1307	1307	99.85	14810976	17080301	III	IV
5139798	5141751	5262935	5260981	1954	1955	99.34	14810976	14810976	III	III
5260981	5262935	5141751	5139798	1955	1954	99.34	14810976	14810976	III	III
5264131	5265590	10490608	10489127	1460	1482	95.08	14810976	16595099	III	II
5281824	5283243	6401450	6400034	1420	1417	94.56	14810976	15540809	III	I
5281824	5283242	13753398	13752060	1419	1339	88.12	14810976	22220885	III	X
5553168	5554420	5555768	5554536	1253	1233	95.47	14810976	14810976	III	III
5553168	5554420	6427605	6426372	1253	1234	93.65	14810976	22220885	III	X
5554422	5555769	5524334	5523005	1348	1330	95.07	14810976	15540809	III	I
5554534	5555768	4518588	4517351	1235	1238	96.77	14810976	16595099	III	II
5554534	5555768	9982048	9980809	1235	1240	92.84	14810976	14810976	III	III
5554536	5555768	5554420	5553168	1233	1253	95.47	14810976	14810976	III	III
5619780	5621003	10951509	10950285	1224	1225	99.84	14810976	17080301	III	IV
5619785	5621004	5916283	5915063	1220	1221	99.75	14810976	16595099	III	II
5640727	5642533	9414876	9413097	1807	1780	92.32	14810976	16595099	III	II
5690473	5691796	6052259	6050936	1324	1324	97.66	14810976	15540809	III	I
5690473	5691798	16126665	16125337	1326	1329	97.52	14810976	19933398	III	V
5705936	5708192	5710659	5708403	2257	2257	99.91	14810976	14810976	III	III
5706031	5708192	6041726	6039560	2162	2167	97.51	14810976	14810976	III	III
5708403	5710659	5708192	5705936	2257	2257	99.91	14810976	14810976	III	III
5708403	5710564	6039349	6037183	2162	2167	97.60	14810976	14810976	III	III
5795329	5796960	7741792	7740164	1632	1629	98.84	14810976	22220885	III	X
5795702	5796960	6503414	6502167	1259	1248	97.70	14810976	19933398	III	V
5803157	5805305	19925373	19923225	2149	2149	99.86	14810976	19933398	III	V
5803158	5805305	11235963	11233816	2148	2148	99.53	14810976	16595099	III	II
5803160	5805306	6113770	6111630	2147	2141	99.53	14810976	17080301	III	IV
5803161	5805305	15912051	15909907	2145	2145	99.72	14810976	16595099	III	II
5814779	5815793	10129278	10128241	1015	1038	94.90	14810976	17080301	III	IV
5851712	5853920	7780553	7778312	2209	2242	88.94	14810976	15540809	III	I
5852828	5853913	5852716	5851720	1086	997	91.44	14810976	14810976	III	III
5867462	5872505	14521127	14516074	5044	5054	98.83	14810976	16595099	III	II
5872667	5874696	14516058	14514030	2030	2029	98.33	14810976	16595099	III	II
5874703	5878979	14513917	14509649	4277	4269	98.74	14810976	16595099	III	II
5879222	5881420	14509559	14507342	2199	2218	98.20	14810976	16595099	III	II
5888331	5889640	5872848	5871539	1310	1310	99.77	14810976	19933398	III	V
6035432	6039349	6043477	6039560	3918	3918	99.77	14810976	14810976	III	III
6037183	6039349	5710564	5708403	2167	2162	97.60	14810976	14810976	III	III
6039560	6043477	6039349	6035432	3918	3918	99.77	14810976	14810976	III	III
6076661	6077917	5043391	5042135	1257	1257	99.76	14810976	15540809	III	I
6090696	6091958	5733154	5731892	1263	1263	99.60	14810976	16595099	III	II
6090698	6091955	6293792	6292535	1258	1258	99.76	14810976	19933398	III	V
6092556	6093634	6093634	6092556	1079	1079	88.28	14810976	14810976	III	III
6278757	6280108	9129880	9128499	1352	1382	95.44	14810976	14810976	III	III
6278757	6280110	7811008	7809627	1354	1382	95.44	14810976	19933398	III	V
6278760	6280108	9342605	9341245	1349	1361	90.78	14810976	19933398	III	V
6278936	6279982	11559931	11558817	1047	1115	89.17	14810976	17080301	III	IV
6280932	6282151	10054422	10053207	1220	1216	84.33	14810976	17080301	III	IV
6394231	6395360	6395360	6394231	1130	1130	94.37	14810976	14810976	III	III
6479647	6480827	6482609	6481427	1181	1183	95.88	14810976	14810976	III	III
6481427	6482609	6480827	6479647	1183	1181	95.88	14810976	14810976	III	III
6525816	6527382	11497479	11495918	1567	1562	90.69	14810976	15540809	III	I
6529236	6530284	16721033	16720009	1049	1025	95.24	14810976	19933398	III	V
6529240	6530286	14926932	14925904	1047	1029	94.02	14810976	19933398	III	V
6529241	6530291	15951587	15950553	1051	1035	94.80	14810976	19933398	III	V
6534330	6536030	20850694	20848987	1701	1708	93.29	14810976	22220885	III	X
6534331	6535450	2437698	2436580	1120	1119	90.57	14810976	14810976	III	III
6534556	6535893	10487831	10486486	1338	1346	90.61	14810976	16595099	III	II
6566162	6567452	14173886	14172597	1291	1290	89.35	14810976	19933398	III	V
6566163	6567324	4433842	4432704	1162	1139	94.52	14810976	19933398	III	V
6597203	6598729	16155191	16153680	1527	1512	91.65	14810976	19933398	III	V
6597411	6598503	7461595	7460499	1093	1097	93.66	14810976	14810976	III	III
6630748	6632006	13315696	13314438	1259	1259	99.68	14810976	16595099	III	II
6630749	6632007	6635055	6633797	1259	1259	99.92	14810976	14810976	III	III
6630750	6632006	7668571	7667315	1257	1257	100.00	14810976	14810976	III	III
6633797	6635055	6632007	6630749	1259	1259	99.92	14810976	14810976	III	III
6633798	6635056	14631145	14629887	1259	1259	99.76	14810976	14810976	III	III
6633798	6635063	19093306	19092041	1266	1266	99.53	14810976	19933398	III	V
6731512	6732906	4277195	4275862	1395	1334	88.72	14810976	19933398	III	V
6731513	6732906	7225865	7224430	1394	1436	92.54	14810976	14810976	III	III
6731513	6732906	7645753	7644309	1394	1445	91.68	14810976	14810976	III	III
6775230	6778523	1758727	1755437	3294	3291	98.85	14810976	14810976	III	III
6817309	6818812	6805455	6803949	1504	1507	90.73	14810976	16595099	III	II
6817733	6818812	16907000	16905930	1080	1071	89.98	14810976	17080301	III	IV
6857643	6858883	10842834	10841575	1241	1260	94.86	14810976	22220885	III	X
6857644	6858882	11748654	11747398	1239	1257	93.30	14810976	16595099	III	II
6857644	6858882	10084001	10082741	1239	1261	95.00	14810976	22220885	III	X
6857650	6858888	5606947	5605669	1239	1279	94.06	14810976	17080301	III	IV
6936972	6938121	6805920	6804761	1150	1160	89.66	14810976	16595099	III	II
6964742	6965844	6529180	6528053	1103	1128	92.12	14810976	17080301	III	IV
7036568	7037813	6560138	6558893	1246	1246	99.20	14810976	16595099	III	II
7054157	7056677	2188686	2186169	2521	2518	99.44	14810976	17080301	III	IV
7054157	7055340	4952408	4951225	1184	1184	99.83	14810976	17080301	III	IV
7054157	7055582	5192273	5190847	1426	1427	99.65	14810976	19933398	III	V
7054157	7057735	6857960	6854371	3579	3590	98.83	14810976	22220885	III	X
7054157	7055340	15427560	15426377	1184	1184	99.83	14810976	22220885	III	X
7054157	7057735	19877108	19873521	3579	3588	98.92	14810976	22220885	III	X
7055690	7057735	5190847	5188866	2046	1982	96.38	14810976	19933398	III	V
7135393	7136644	8728915	8727694	1252	1222	95.14	14810976	16595099	III	II
7135396	7136643	13222737	13221499	1248	1239	97.36	14810976	14810976	III	III
7144086	7145342	4882005	4880749	1257	1257	99.92	14810976	17080301	III	IV
7144088	7145347	5766906	5765648	1260	1259	99.84	14810976	16595099	III	II
7144088	7145342	7364795	7363541	1255	1255	100.00	14810976	14810976	III	III
7214644	7216061	9645927	9644522	1418	1406	82.76	14810976	22220885	III	X
7214648	7216466	7216466	7214648	1819	1819	92.90	14810976	14810976	III	III
7265350	7266749	8444074	8442680	1400	1395	97.50	14810976	14810976	III	III
7265350	7266749	11267819	11266421	1400	1399	97.36	14810976	17080301	III	IV
7265431	7266748	7361293	7359978	1318	1316	97.95	14810976	17080301	III	IV
7308066	7309255	14113201	14112091	1190	1111	89.10	14810976	15540809	III	I
7363541	7364795	7145342	7144088	1255	1255	100.00	14810976	14810976	III	III
7363769	7364799	6944392	6943362	1031	1031	99.81	14810976	16595099	III	II
7372800	7374069	5271518	5270251	1270	1268	99.61	14810976	16595099	III	II
7372814	7374072	11903779	11902521	1259	1259	100.00	14810976	19933398	III	V
7372816	7374076	21221155	21219895	1261	1261	99.92	14810976	22220885	III	X
7459192	7460502	16632872	16631562	1311	1311	99.62	14810976	17080301	III	IV
7459193	7460500	11430314	11429007	1308	1308	99.62	14810976	17080301	III	IV
7459193	7460500	13125125	13123820	1308	1306	99.54	14810976	19933398	III	V
7460499	7461595	6598503	6597411	1097	1093	93.66	14810976	14810976	III	III
7460499	7461591	9742180	9741096	1093	1085	94.17	14810976	14810976	III	III
7460499	7461551	11641647	11640594	1053	1054	94.15	14810976	14810976	III	III
7460499	7461591	11428509	11427420	1093	1090	94.35	14810976	17080301	III	IV
7467963	7468967	10464908	10463911	1005	998	97.31	14810976	16595099	III	II
7476594	7477937	13768287	13766878	1344	1410	89.72	14810976	22220885	III	X
7643023	7644023	13000800	12999804	1001	997	93.84	14810976	19933398	III	V
7644263	7645752	4458342	4456845	1490	1498	93.44	14810976	15540809	III	I
7644354	7645753	8818010	8816634	1400	1377	91.68	14810976	19933398	III	V
7650892	7651969	4682622	4681510	1078	1113	91.65	14810976	14810976	III	III
7667314	7668568	12270928	12269674	1255	1255	99.84	14810976	15540809	III	I
7667315	7668571	14243991	14242735	1257	1257	99.76	14810976	16595099	III	II
7667315	7668571	6632006	6630750	1257	1257	100.00	14810976	14810976	III	III
7885179	7886288	5074794	5073689	1110	1106	95.23	14810976	22220885	III	X
7901929	7903129	15930088	15928867	1201	1222	94.85	14810976	19933398	III	V
8036132	8037751	12496426	12494806	1620	1621	99.63	14810976	22220885	III	X
8080937	8082193	3864507	3863251	1257	1257	99.52	14810976	17080301	III	IV
8080937	8082193	14903698	14902442	1257	1257	99.92	14810976	22220885	III	X
8168290	8169584	4517338	4516047	1295	1292	97.30	14810976	16595099	III	II
8168408	8169584	6223787	6222623	1177	1165	96.09	14810976	19933398	III	V
8177460	8192377	9519755	9504838	14918	14918	97.82	14810976	14810976	III	III
8177460	8192411	18769783	18754833	14952	14951	98.40	14810976	19933398	III	V
8187284	8189729	15655796	15653308	2446	2489	85.75	14810976	19933398	III	V
8188872	8191410	4038004	4035464	2539	2541	90.31	14810976	19933398	III	V
8192910	8194170	12327860	12326600	1261	1261	99.60	14810976	17080301	III	IV
8294600	8295625	9733280	9732221	1026	1060	93.13	14810976	15540809	III	I
8345665	8347225	7185894	7184344	1561	1551	97.06	14810976	16595099	III	II
8353552	8354822	11042171	11040892	1271	1280	96.33	14810976	19933398	III	V
8353553	8354822	7846173	7844947	1270	1227	92.46	14810976	15540809	III	I
8353553	8354822	8883778	8882505	1270	1274	95.85	14810976	16595099	III	II
8353553	8354822	7638228	7636952	1270	1277	96.64	14810976	19933398	III	V
8353616	8354822	12369079	12367870	1207	1210	95.87	14810976	19933398	III	V
8353706	8354826	8508027	8506911	1121	1117	94.59	14810976	17080301	III	IV
8353716	8354822	11462033	11460924	1107	1110	96.94	14810976	19933398	III	V
8353765	8354826	2881132	2880066	1062	1067	95.04	14810976	14810976	III	III
8353819	8354822	12670944	12669936	1004	1009	96.13	14810976	16595099	III	II
8442669	8444212	16387120	16385572	1544	1549	97.87	14810976	16595099	III	II
8442676	8444407	5607889	5606151	1732	1739	98.04	14810976	15540809	III	I
8442676	8444371	7367513	7365832	1696	1682	95.84	14810976	22220885	III	X
8442679	8444141	16556837	16555369	1463	1469	97.28	14810976	19933398	III	V
8442680	8444074	7266749	7265350	1395	1400	97.50	14810976	14810976	III	III
8442681	8444407	15259541	15257808	1727	1734	97.58	14810976	17080301	III	IV
8442815	8444407	5032896	5031298	1593	1599	97.87	14810976	17080301	III	IV
8443118	8444404	10069121	10067829	1287	1293	95.67	14810976	19933398	III	V
8536665	8537940	10562321	10561045	1276	1277	97.50	14810976	14810976	III	III
8536665	8537940	1325847	1324576	1276	1272	96.56	14810976	22220885	III	X
8536665	8537939	20523606	20522339	1275	1268	97.02	14810976	22220885	III	X
8580358	8581897	12833034	12831495	1540	1540	97.60	14810976	19933398	III	V
8580362	8582321	254664	252667	1960	1998	94.69	14810976	17080301	III	IV
8580363	8581898	14429716	14428174	1536	1543	88.73	14810976	16595099	III	II
8580363	8582321	321079	319093	1959	1987	94.38	14810976	17080301	III	IV
8580363	8582321	14367654	14365696	1959	1959	97.16	14810976	17080301	III	IV
8654391	8655881	8658584	8657168	1491	1417	94.90	14810976	14810976	III	III
8657168	8658584	8655881	8654391	1417	1491	94.90	14810976	14810976	III	III
8663060	8664264	4467044	4465876	1205	1169	90.75	14810976	15540809	III	I
8663060	8664264	2919706	2918484	1205	1223	95.18	14810976	16595099	III	II
8663060	8664268	11926147	11924925	1209	1223	95.35	14810976	19933398	III	V
8663060	8664264	14098332	14097109	1205	1224	95.92	14810976	19933398	III	V
8666039	8667906	8281247	8279335	1868	1913	85.16	14810976	19933398	III	V
8668630	8670015	3458366	3456985	1386	1382	94.79	14810976	14810976	III	III
8668644	8669731	3624148	3623057	1088	1092	95.82	14810976	16595099	III	II
8668644	8669806	8197676	8196501	1163	1176	96.09	14810976	19933398	III	V
8704480	8705683	11559979	11558767	1204	1213	97.28	14810976	14810976	III	III
8704480	8705722	858213	856968	1243	1246	96.96	14810976	19933398	III	V
8704480	8705723	6426355	6425103	1244	1253	97.61	14810976	19933398	III	V
8704480	8705722	12939281	12938033	1243	1249	97.84	14810976	22220885	III	X
8925286	8926784	10911962	10910489	1499	1474	90.30	14810976	17080301	III	IV
8925287	8926755	1386408	1384936	1469	1473	92.28	14810976	19933398	III	V
8925288	8926775	10059752	10058257	1488	1496	92.27	14810976	15540809	III	I
8925288	8926783	3808271	3806772	1496	1500	90.83	14810976	16595099	III	II
8925438	8926536	11641714	11640612	1099	1103	94.50	14810976	14810976	III	III
9027405	9028431	3753189	3752167	1027	1023	96.61	14810976	16595099	III	II
9027406	9028431	14252573	14251530	1026	1044	94.75	14810976	16595099	III	II
9029163	9030205	7634803	7633755	1043	1049	95.73	14810976	15540809	III	I
9029184	9030192	14952526	14951511	1009	1016	88.14	14810976	17080301	III	IV
9029196	9030205	6536482	6535413	1010	1070	89.05	14810976	22220885	III	X
9030837	9032869	9032869	9030837	2033	2033	91.08	14810976	14810976	III	III
9047422	9048445	11921876	11920850	1024	1027	94.87	14810976	16595099	III	II
9051456	9053247	10021630	10019780	1792	1851	94.94	14810976	16595099	III	II
9051518	9053247	13548773	13547014	1730	1760	95.53	14810976	22220885	III	X
9051583	9053039	13235500	13234019	1457	1482	96.31	14810976	16595099	III	II
9051647	9053247	2290489	2288845	1601	1645	95.53	14810976	19933398	III	V
9080559	9082285	10326667	10324926	1727	1742	88.81	14810976	17080301	III	IV
9109126	9110670	8386617	8385074	1545	1544	95.41	14810976	19933398	III	V
9109334	9111213	12338472	12336599	1880	1874	95.00	14810976	19933398	III	V
9110083	9111212	7051787	7050660	1130	1128	93.56	14810976	22220885	III	X
9110089	9111213	7331907	7330788	1125	1120	95.38	14810976	19933398	III	V
9128496	9129880	2434028	2432644	1385	1385	95.62	14810976	15540809	III	I
9128499	9129880	6280108	6278757	1382	1352	95.44	14810976	14810976	III	III
9128625	9129701	16176534	16175450	1077	1085	95.21	14810976	19933398	III	V
9144186	9145394	9148168	9146959	1209	1210	99.59	14810976	14810976	III	III
9146959	9148168	9145394	9144186	1210	1209	99.59	14810976	14810976	III	III
9169610	9171094	1386408	1384936	1485	1473	93.21	14810976	19933398	III	V
9169611	9171122	9264150	9262643	1512	1508	93.30	14810976	16595099	III	II
9169611	9171122	9742406	9740900	1512	1507	93.63	14810976	14810976	III	III
9169611	9171060	11428735	11427286	1450	1450	93.50	14810976	17080301	III	IV
9169770	9170878	11641714	11640612	1109	1103	94.24	14810976	14810976	III	III
9169890	9171125	4392189	4390946	1236	1244	93.76	14810976	19933398	III	V
9222925	9224172	7778059	7776814	1248	1246	94.00	14810976	15540809	III	I
9223010	9224282	6945882	6944600	1273	1283	91.60	14810976	15540809	III	I
9234328	9235387	6559955	6558896	1060	1060	99.81	14810976	16595099	III	II
9234328	9235388	3774051	3772992	1061	1060	99.81	14810976	14810976	III	III
9234328	9235388	6917347	6916287	1061	1061	99.81	14810976	17080301	III	IV
9234328	9235383	11280344	11279290	1056	1055	99.91	14810976	17080301	III	IV
9234333	9235383	6560137	6559087	1051	1051	100.00	14810976	16595099	III	II
9234333	9235383	6917433	6916383	1051	1051	100.00	14810976	17080301	III	IV
9234333	9235383	11280715	11279665	1051	1051	100.00	14810976	17080301	III	IV
9234334	9235383	3774310	3773261	1050	1050	100.00	14810976	14810976	III	III
9234335	9235383	6560138	6559090	1049	1049	100.00	14810976	16595099	III	II
9234335	9235383	6917434	6916386	1049	1049	100.00	14810976	17080301	III	IV
9264296	9265612	12107394	12106057	1317	1338	92.38	14810976	17080301	III	IV
9265609	9267182	14429716	14428174	1574	1543	86.49	14810976	16595099	III	II
9265609	9267624	254663	252667	2016	1997	96.15	14810976	17080301	III	IV
9265609	9267624	321079	319093	2016	1987	95.42	14810976	17080301	III	IV
9265609	9267624	14367654	14365696	2016	1959	91.94	14810976	17080301	III	IV
9265609	9267181	12833029	12831495	1573	1535	93.39	14810976	19933398	III	V
9265726	9267624	9868183	9866314	1899	1870	95.09	14810976	14810976	III	III
9265950	9267203	16223773	16222521	1254	1253	95.54	14810976	19933398	III	V
9357638	9358839	16671522	16670330	1202	1193	97.17	14810976	19933398	III	V
9357805	9359362	16127752	16126202	1558	1551	95.59	14810976	22220885	III	X
9358280	9360471	10129869	10127682	2192	2188	97.32	14810976	17080301	III	IV
9494798	9496107	8083554	8082219	1310	1336	92.44	14810976	19933398	III	V
9495034	9496192	4127561	4126360	1159	1202	93.43	14810976	15540809	III	I
9495034	9496192	4135059	4133858	1159	1202	93.43	14810976	15540809	III	I
9504838	9519755	8192377	8177460	14918	14918	97.82	14810976	14810976	III	III
9504838	9508394	4226815	4223252	3557	3564	94.62	14810976	17080301	III	IV
9514295	9518123	4217754	4213928	3829	3827	88.69	14810976	17080301	III	IV
9515037	9517026	22033344	22031358	1990	1987	81.71	14810976	22220885	III	X
9680693	9682049	12421574	12420231	1357	1344	92.82	14810976	16595099	III	II
9680696	9681921	12794976	12793764	1226	1213	93.65	14810976	19933398	III	V
9680697	9681835	11568542	11567400	1139	1143	95.72	14810976	14810976	III	III
9680697	9682049	19237837	19236491	1353	1347	94.19	14810976	19933398	III	V
9680761	9682045	12928729	12927464	1285	1266	94.20	14810976	17080301	III	IV
9701138	9702164	11389200	11388175	1027	1026	96.99	14810976	16595099	III	II
9701139	9702160	191738	190714	1022	1025	98.44	14810976	15540809	III	I
9701139	9702160	2871724	2870696	1022	1029	97.96	14810976	15540809	III	I
9701139	9702160	5008445	5007421	1022	1025	96.89	14810976	15540809	III	I
9701139	9702160	14207068	14206039	1022	1030	97.48	14810976	14810976	III	III
9701139	9702160	3253462	3252437	1022	1026	98.05	14810976	17080301	III	IV
9701139	9702160	5573249	5572227	1022	1023	97.95	14810976	17080301	III	IV
9701139	9702160	6572612	6571600	1022	1013	95.82	14810976	19933398	III	V
9740900	9742407	5753363	5751907	1508	1457	91.50	14810976	15540809	III	I
9740900	9742406	9171122	9169611	1507	1512	93.63	14810976	14810976	III	III
9740900	9742407	10131466	10129941	1508	1526	93.89	14810976	14810976	III	III
9740900	9742033	87644	86530	1134	1115	92.41	14810976	19933398	III	V
9740900	9742091	7059481	7058287	1192	1195	94.60	14810976	19933398	III	V
9741096	9742180	7461591	7460499	1085	1093	94.17	14810976	14810976	III	III
9801081	9802547	9804241	9802776	1467	1466	99.73	14810976	14810976	III	III
9802776	9804241	9802547	9801081	1466	1467	99.73	14810976	14810976	III	III
9804970	9806217	10684273	10682998	1248	1276	87.12	14810976	19933398	III	V
9866301	9868183	13160510	13158650	1883	1861	93.17	14810976	17080301	III	IV
9866314	9868183	8582321	8580480	1870	1842	93.84	14810976	14810976	III	III
9866819	9868183	7066223	7064900	1365	1324	92.56	14810976	19933398	III	V
9868180	9869807	2813914	2812285	1628	1630	98.65	14810976	16595099	III	II
9964858	9966118	8060775	8059515	1261	1261	99.68	14810976	17080301	III	IV
9964860	9966115	4213933	4212678	1256	1256	100.00	14810976	17080301	III	IV
9964861	9966119	16196162	16194904	1259	1259	99.76	14810976	19933398	III	V
9964861	9966120	12519915	12518656	1260	1260	99.92	14810976	22220885	III	X
9964861	9966117	13615762	13614506	1257	1257	100.00	14810976	22220885	III	X
9964862	9966117	6929605	6928350	1256	1256	100.00	14810976	16595099	III	II
9964862	9966119	12327860	12326603	1258	1258	99.68	14810976	17080301	III	IV
9980807	9982027	8538676	8537478	1221	1199	91.13	14810976	15540809	III	I
10026137	10027392	14935907	14934652	1256	1256	99.68	14810976	19933398	III	V
10026138	10027395	13315692	13314435	1258	1258	99.76	14810976	16595099	III	II
10026139	10027396	11414938	11413681	1258	1258	99.68	14810976	22220885	III	X
10112608	10113866	16390757	16389499	1259	1259	99.84	14810976	19933398	III	V
10112610	10113866	2643143	2641887	1257	1257	99.76	14810976	17080301	III	IV
10112611	10113869	1528455	1527197	1259	1259	99.76	14810976	17080301	III	IV
10112612	10113866	9128357	9127103	1255	1255	100.00	14810976	22220885	III	X
10112612	10113867	9202053	9200798	1256	1256	100.00	14810976	22220885	III	X
10112613	10113867	8153035	8151781	1255	1255	100.00	14810976	15540809	III	I
10112613	10113868	7364794	7363539	1256	1256	99.92	14810976	14810976	III	III
10112613	10113866	10116635	10115382	1254	1254	100.00	14810976	14810976	III	III
10112613	10113867	21795918	21794664	1255	1255	99.92	14810976	22220885	III	X
10129931	10131438	1386417	1384936	1508	1482	91.96	14810976	19933398	III	V
10129933	10131406	11428746	11427284	1474	1463	92.95	14810976	17080301	III	IV
10129941	10131458	10059753	10058257	1518	1497	92.69	14810976	15540809	III	I
10129941	10131470	6598730	6597199	1530	1532	90.23	14810976	14810976	III	III
10129941	10131466	9742407	9740900	1526	1508	93.89	14810976	14810976	III	III
10129942	10131470	9264150	9262639	1529	1512	92.81	14810976	16595099	III	II
10129942	10131466	5800866	5799390	1525	1477	90.80	14810976	14810976	III	III
10129942	10131118	13102119	13100942	1177	1178	90.52	14810976	17080301	III	IV
10130101	10131293	11641714	11640513	1193	1202	91.84	14810976	14810976	III	III
10130220	10131471	4392189	4390944	1252	1246	93.99	14810976	19933398	III	V
10130318	10131466	4625642	4624518	1149	1125	93.92	14810976	15540809	III	I
10130349	10131466	9767629	9766507	1118	1123	91.26	14810976	16595099	III	II
10254707	10255968	20284699	20283441	1262	1259	99.52	14810976	22220885	III	X
10254712	10255976	2287344	2286082	1265	1263	99.53	14810976	17080301	III	IV
10265376	10266530	16387120	16385960	1155	1161	97.76	14810976	16595099	III	II
10265383	10266530	5607889	5606735	1148	1155	97.49	14810976	15540809	III	I
10265388	10266530	15259541	15258392	1143	1150	97.83	14810976	17080301	III	IV
10373993	10375333	10377301	10375927	1341	1375	91.62	14810976	14810976	III	III
10375927	10377301	10375333	10373993	1375	1341	91.62	14810976	14810976	III	III
10406993	10408252	13576429	13575170	1260	1260	99.60	14810976	17080301	III	IV
10406994	10408252	2185379	2184121	1259	1259	99.92	14810976	17080301	III	IV
10406996	10408253	2982947	2981690	1258	1258	99.92	14810976	17080301	III	IV
10436652	10437912	3464325	3463058	1261	1268	99.29	14810976	16595099	III	II
10436653	10437914	17031420	17030159	1262	1262	99.76	14810976	22220885	III	X
10554338	10555416	10556769	10555682	1079	1088	98.99	14810976	14810976	III	III
10555682	10556769	10555416	10554338	1088	1079	98.99	14810976	14810976	III	III
10559247	10560504	7260339	7259069	1258	1271	82.71	14810976	15540809	III	I
10561045	10562321	8537940	8536665	1277	1276	97.50	14810976	14810976	III	III
10561046	10562321	16688637	16687373	1276	1265	96.01	14810976	19933398	III	V
10561051	10562322	5812813	5811546	1272	1268	96.70	14810976	16595099	III	II
10561051	10562322	1499763	1498504	1272	1260	96.23	14810976	19933398	III	V
10561051	10562321	3071108	3069842	1271	1267	97.17	14810976	19933398	III	V
10561051	10562321	6252856	6251593	1271	1264	96.23	14810976	22220885	III	X
10564775	10566794	19367840	19365820	2020	2021	97.63	14810976	22220885	III	X
10575699	10577242	7087947	7086418	1544	1530	96.19	14810976	19933398	III	V
10575701	10576810	20393841	20392751	1110	1091	94.51	14810976	22220885	III	X
10588984	10592820	10616271	10612399	3837	3873	97.96	14810976	14810976	III	III
10593201	10594787	10612149	10610565	1587	1585	97.55	14810976	14810976	III	III
10594955	10596035	10610401	10609302	1081	1100	95.28	14810976	14810976	III	III
10609302	10610401	10596035	10594955	1100	1081	95.28	14810976	14810976	III	III
10610565	10612149	10594787	10593201	1585	1587	97.55	14810976	14810976	III	III
10612399	10616271	10592820	10588984	3873	3837	97.96	14810976	14810976	III	III
10761712	10763258	3851320	3849762	1547	1559	95.77	14810976	19933398	III	V
10761725	10763259	2926442	2924904	1535	1539	95.16	14810976	16595099	III	II
10762065	10763103	7164084	7163037	1039	1048	94.01	14810976	15540809	III	I
10777619	10779905	7683800	7681495	2287	2306	95.16	14810976	22220885	III	X
10792814	10794061	44102	42810	1248	1293	94.36	14810976	14810976	III	III
10792814	10794061	5741033	5739788	1248	1246	97.60	14810976	19933398	III	V
10792816	10794061	3445228	3443985	1246	1244	97.60	14810976	19933398	III	V
10795766	10798448	10893072	10890393	2683	2680	93.65	14810976	14810976	III	III
10806251	10807515	15441498	15440235	1265	1264	99.45	14810976	17080301	III	IV
10829862	10831084	6505302	6504088	1223	1215	93.69	14810976	19933398	III	V
10835525	10837693	21956861	21954711	2169	2151	98.43	14810976	22220885	III	X
10835530	10837678	12600979	12598828	2149	2152	98.56	14810976	17080301	III	IV
10837357	10838540	21954679	21953511	1184	1169	97.97	14810976	22220885	III	X
10841686	10842750	13031431	13030370	1065	1062	91.67	14810976	17080301	III	IV
10841688	10842727	5010263	5009257	1040	1007	88.49	14810976	15540809	III	I
10841688	10842812	7509879	7508762	1125	1118	90.14	14810976	16595099	III	II
10841688	10842812	4682622	4681510	1125	1113	90.78	14810976	14810976	III	III
10847574	10849068	5420557	5419008	1495	1550	91.31	14810976	17080301	III	IV
10847578	10849100	13220777	13219257	1523	1521	90.97	14810976	16595099	III	II
10847578	10849505	17194682	17192755	1928	1928	89.27	14810976	19933398	III	V
10847630	10849066	7800113	7798655	1437	1459	92.50	14810976	19933398	III	V
10847669	10848867	13618024	13616825	1199	1200	93.32	14810976	22220885	III	X
10847710	10849068	9188063	9186765	1359	1299	91.00	14810976	15540809	III	I
10847710	10849104	7730933	7729562	1395	1372	90.69	14810976	22220885	III	X
10847717	10849550	15854294	15852400	1834	1895	89.85	14810976	16595099	III	II
10847947	10849104	10756089	10754935	1158	1155	92.86	14810976	17080301	III	IV
10848069	10849550	11725628	11724211	1482	1418	87.95	14810976	14810976	III	III
10848092	10849546	21118076	21116603	1455	1474	89.41	14810976	22220885	III	X
10890393	10893072	10798448	10795766	2680	2683	93.65	14810976	14810976	III	III
10908816	10910397	10126524	10124944	1582	1581	97.98	14810976	17080301	III	IV
10909208	10910398	15631512	15630321	1191	1192	97.82	14810976	19933398	III	V
11030957	11033466	11048029	11045520	2510	2510	99.56	14810976	14810976	III	III
11030957	11033466	11063347	11060838	2510	2510	99.52	14810976	14810976	III	III
11030957	11033466	11078665	11076156	2510	2510	99.56	14810976	14810976	III	III
11255756	11258544	11261440	11258650	2789	2791	99.71	14810976	14810976	III	III
11258650	11261440	11258544	11255756	2791	2789	99.71	14810976	14810976	III	III
11284079	11285388	15862894	15861585	1310	1310	99.69	14810976	16595099	III	II
11284082	11285388	11095202	11093890	1307	1313	99.31	14810976	15540809	III	I
11284082	11285388	3539920	3538614	1307	1307	99.85	14810976	16595099	III	II
11284082	11285390	7175883	7174575	1309	1309	99.69	14810976	19933398	III	V
11286991	11306932	11327731	11307787	19942	19945	99.95	14810976	14810976	III	III
11307787	11327731	11306932	11286991	19945	19942	99.95	14810976	14810976	III	III
11485149	11486216	12163520	12162450	1068	1071	98.97	14810976	14810976	III	III
11485149	11486456	15446600	15445293	1308	1308	99.54	14810976	17080301	III	IV
11485149	11486456	16065478	16064188	1308	1291	98.01	14810976	17080301	III	IV
11485149	11486456	16080587	16079307	1308	1281	96.35	14810976	17080301	III	IV
11558767	11559979	8705683	8704480	1213	1204	97.28	14810976	14810976	III	III
11567400	11568542	9681835	9680697	1143	1139	95.72	14810976	14810976	III	III
11567400	11568543	653105	651991	1144	1115	92.76	14810976	19933398	III	V
11578377	11579730	11581426	11580073	1354	1354	99.78	14810976	14810976	III	III
11580073	11581426	11579730	11578377	1354	1354	99.78	14810976	14810976	III	III
11640513	11641714	10131293	10130101	1202	1193	91.84	14810976	14810976	III	III
11640612	11641714	8926536	8925438	1103	1099	94.50	14810976	14810976	III	III
11640612	11641714	9170878	9169770	1103	1109	94.24	14810976	14810976	III	III
11653171	11654482	3718548	3717253	1312	1296	94.15	14810976	15540809	III	I
11653173	11654482	2348978	2347662	1310	1317	95.90	14810976	15540809	III	I
11653174	11654247	9525549	9524490	1074	1060	95.44	14810976	16595099	III	II
11686290	11687576	13166411	13165154	1287	1258	84.71	14810976	17080301	III	IV
11686391	11687576	2064982	2063808	1186	1175	87.02	14810976	16595099	III	II
11759071	11760104	5058056	5056993	1034	1064	90.83	14810976	22220885	III	X
11759071	11760104	20891313	20890276	1034	1038	93.22	14810976	22220885	III	X
11759072	11760104	12748107	12747065	1033	1043	95.02	14810976	14810976	III	III
11812259	11813264	2284528	2283523	1006	1006	95.04	14810976	16595099	III	II
11812259	11813264	3116215	3115211	1006	1005	97.02	14810976	14810976	III	III
11812260	11813263	2221592	2220594	1004	999	97.41	14810976	19933398	III	V
11812260	11813264	2733583	2732599	1005	985	94.33	14810976	19933398	III	V
11812260	11813263	5338999	5338015	1004	985	90.98	14810976	19933398	III	V
11812260	11813263	891374	890382	1004	993	96.51	14810976	22220885	III	X
11812260	11813263	22127705	22126703	1004	1003	98.21	14810976	22220885	III	X
11812260	11813263	22201277	22200275	1004	1003	98.21	14810976	22220885	III	X
11864942	11866036	6537030	6535922	1095	1109	93.33	14810976	17080301	III	IV
11864946	11866035	12077212	12076106	1090	1107	94.42	14810976	14810976	III	III
11864947	11866043	4245901	4244793	1097	1109	92.93	14810976	17080301	III	IV
11940103	11942035	1880617	1878669	1933	1949	93.74	14810976	16595099	III	II
11940103	11942035	1881785	1879845	1933	1941	93.87	14810976	16595099	III	II
11940103	11942030	14670552	14668621	1928	1932	92.97	14810976	16595099	III	II
11940103	11942030	14672543	14670603	1928	1941	92.70	14810976	16595099	III	II
11940105	11942035	14716237	14714289	1931	1949	92.15	14810976	16595099	III	II
11940160	11941295	12359283	12358148	1136	1136	95.51	14810976	14810976	III	III
11940188	11941404	11550767	11549550	1217	1218	92.37	14810976	16595099	III	II
11967764	11969045	15935348	15934067	1282	1282	95.17	14810976	22220885	III	X
11967769	11969045	8455111	8453842	1277	1270	95.39	14810976	15540809	III	I
11967773	11969045	10594834	10593579	1273	1256	94.04	14810976	19933398	III	V
11967774	11969046	15054935	15053682	1273	1254	93.26	14810976	22220885	III	X
11967865	11969045	12934371	12933189	1181	1183	94.60	14810976	22220885	III	X
12066324	12067784	16387114	16385650	1461	1465	97.75	14810976	16595099	III	II
12066325	12067784	5607889	5606425	1460	1465	97.75	14810976	15540809	III	I
12066335	12067784	15259536	15258082	1450	1455	97.87	14810976	17080301	III	IV
12076105	12077211	5203976	5202880	1107	1097	96.93	14810976	19933398	III	V
12076106	12077212	11866035	11864946	1107	1090	94.42	14810976	14810976	III	III
12338859	12341563	14756284	14753613	2705	2672	92.67	14810976	16595099	III	II
12338859	12341561	18668874	18666162	2703	2713	93.93	14810976	19933398	III	V
12338865	12341564	14724925	14722269	2700	2657	93.57	14810976	16595099	III	II
12338865	12341563	14740975	14738293	2699	2683	93.69	14810976	16595099	III	II
12338865	12341563	12347281	12344584	2699	2698	93.04	14810976	14810976	III	III
12338865	12341563	12364105	12361400	2699	2706	92.55	14810976	14810976	III	III
12338865	12341563	12364692	12362000	2699	2693	92.68	14810976	14810976	III	III
12338870	12341565	12354160	12351490	2696	2671	93.14	14810976	14810976	III	III
12338876	12341563	14760342	14757665	2688	2678	92.06	14810976	16595099	III	II
12338876	12341564	14762289	14759589	2689	2701	91.87	14810976	16595099	III	II
12338876	12341563	15133268	15130565	2688	2704	93.09	14810976	16595099	III	II
12338876	12340421	11941656	11940103	1546	1554	95.31	14810976	14810976	III	III
12338877	12341563	14734835	14732182	2687	2654	94.76	14810976	16595099	III	II
12338877	12341563	14738330	14735657	2687	2674	93.08	14810976	16595099	III	II
12338877	12341563	14742388	14739760	2687	2629	93.13	14810976	16595099	III	II
12338877	12341122	14742773	14740563	2246	2211	93.11	14810976	16595099	III	II
12338877	12341563	14780359	14777673	2687	2687	90.96	14810976	16595099	III	II
12338877	12341564	14783823	14781136	2688	2688	92.27	14810976	16595099	III	II
12338877	12340381	12344278	12342766	1505	1513	92.73	14810976	14810976	III	III
12338877	12341563	12347821	12345144	2687	2678	92.86	14810976	14810976	III	III
12338877	12341563	12355800	12353126	2687	2675	93.16	14810976	14810976	III	III
12338877	12340293	12361902	12360486	1417	1417	92.61	14810976	14810976	III	III
12338877	12341563	12368068	12365384	2687	2685	93.34	14810976	14810976	III	III
12338877	12341563	12371379	12368694	2687	2686	93.40	14810976	14810976	III	III
12338877	12341563	12374288	12371612	2687	2677	93.12	14810976	14810976	III	III
12338878	12341563	12353607	12350949	2686	2659	92.97	14810976	14810976	III	III
12338878	12341563	12363647	12360960	2686	2688	93.35	14810976	14810976	III	III
12338878	12339960	13562312	13561232	1083	1081	86.78	14810976	14810976	III	III
12339001	12340939	11942035	11940105	1939	1931	95.41	14810976	14810976	III	III
12339041	12341183	14027343	14025199	2143	2145	92.68	14810976	16595099	III	II
12339557	12341563	1741894	1739881	2007	2014	93.70	14810976	16595099	III	II
12339673	12341564	18670922	18669008	1892	1915	94.05	14810976	19933398	III	V
12339869	12341563	15133328	15131637	1695	1692	94.10	14810976	16595099	III	II
12342766	12349320	14671044	14664508	6555	6537	89.78	14810976	16595099	III	II
12342766	12349322	14679720	14673082	6557	6639	89.25	14810976	16595099	III	II
12342766	12345285	3146484	3143960	2520	2525	91.43	14810976	14810976	III	III
12342766	12349322	3156853	3150215	6557	6639	91.45	14810976	14810976	III	III
12342767	12348980	14709224	14702957	6214	6268	89.81	14810976	16595099	III	II
12342767	12349322	14713466	14706811	6556	6656	89.18	14810976	16595099	III	II
12342771	12343788	15597879	15596862	1018	1018	89.91	14810976	16595099	III	II
12342775	12349356	14702668	14695965	6582	6704	89.02	14810976	16595099	III	II
12342829	12349322	14674531	14667899	6494	6633	89.50	14810976	16595099	III	II
12342843	12349322	14670663	14664111	6480	6553	89.59	14810976	16595099	III	II
12343478	12345386	1829751	1827846	1909	1906	93.31	14810976	16595099	III	II
12349541	12356284	16070309	16063570	6744	6740	94.01	14810976	17080301	III	IV
12349541	12356284	16075969	16069229	6744	6741	95.60	14810976	17080301	III	IV
12349541	12351090	18422998	18421447	1550	1552	92.01	14810976	19933398	III	V
12350265	12356284	3156992	3150953	6020	6040	92.96	14810976	14810976	III	III
12354674	12356285	15662834	15661175	1612	1660	93.67	14810976	17080301	III	IV
12358130	12359282	14766983	14765843	1153	1141	92.35	14810976	16595099	III	II
12358130	12359282	18667151	18666000	1153	1152	94.37	14810976	19933398	III	V
12358130	12359282	18670818	18669721	1153	1098	90.74	14810976	19933398	III	V
12358147	12359282	14745188	14744066	1136	1123	91.54	14810976	16595099	III	II
12358148	12359282	14720578	14719455	1135	1124	92.62	14810976	16595099	III	II
12358148	12359282	14733078	14731948	1135	1131	94.82	14810976	16595099	III	II
12358148	12359282	14740709	14739587	1135	1123	93.79	14810976	16595099	III	II
12358148	12359278	14755290	14754179	1131	1112	93.29	14810976	16595099	III	II
12358148	12359283	11941295	11940160	1136	1136	95.51	14810976	14810976	III	III
12358148	12359282	11941847	11940713	1135	1135	95.51	14810976	14810976	III	III
12360486	12365018	14701433	14696867	4533	4567	89.64	14810976	16595099	III	II
12360486	12362237	3145701	3143960	1752	1742	92.47	14810976	14810976	III	III
12360486	12374879	16078242	16063886	14394	14357	94.48	14810976	17080301	III	IV
12360486	12365018	16655147	16650580	4533	4568	92.24	14810976	19933398	III	V
12360491	12364942	15324155	15319610	4452	4546	89.11	14810976	16595099	III	II
12360791	12362472	14989080	14987391	1682	1690	92.15	14810976	16595099	III	II
12360883	12373919	3156992	3143960	13037	13033	92.42	14810976	14810976	III	III
12360975	12362292	13006686	13005369	1318	1318	93.70	14810976	16595099	III	II
12360991	12362521	15278882	15277351	1531	1532	93.02	14810976	16595099	III	II
12361027	12362395	3437137	3435769	1369	1369	91.02	14810976	14810976	III	III
12361111	12362764	14538640	14536988	1654	1653	92.39	14810976	16595099	III	II
12365073	12375316	14673414	14663094	10244	10321	90.45	14810976	16595099	III	II
12365111	12371643	16655160	16648618	6533	6543	93.47	14810976	19933398	III	V
12366761	12373025	3156992	3150726	6265	6267	93.08	14810976	14810976	III	III
12375951	12377147	13409524	13408339	1197	1186	95.34	14810976	17080301	III	IV
12377229	12378818	665621	664014	1590	1608	96.91	14810976	16595099	III	II
12377229	12378821	6233769	6232154	1593	1616	97.28	14810976	17080301	III	IV
12381715	12383363	169689	168050	1649	1640	93.31	14810976	15540809	III	I
12447232	12452492	12033157	12027882	5261	5276	99.32	14810976	15540809	III	I
12447232	12452492	14251714	14246453	5261	5262	99.62	14810976	17080301	III	IV
12447232	12449127	20286548	20284693	1896	1856	97.52	14810976	22220885	III	X
12447233	12452503	1771927	1766680	5271	5248	99.15	14810976	19933398	III	V
12447236	12452493	6354802	6349576	5258	5227	99.09	14810976	19933398	III	V
12448338	12452492	5060798	5056648	4155	4151	99.71	14810976	19933398	III	V
12449126	12452493	20283442	20280076	3368	3367	99.70	14810976	22220885	III	X
12566794	12568053	12118983	12117724	1260	1260	99.60	14810976	22220885	III	X
12566798	12568055	2271232	2269980	1258	1253	99.44	14810976	17080301	III	IV
12566798	12568053	21470933	21469678	1256	1256	99.76	14810976	22220885	III	X
12609270	12610436	12619156	12617991	1167	1166	99.66	14810976	14810976	III	III
12617991	12619156	12610436	12609270	1166	1167	99.66	14810976	14810976	III	III
12717218	12718580	12730668	12729305	1363	1364	87.70	14810976	14810976	III	III
12723272	12724335	12726158	12725095	1064	1064	100.00	14810976	14810976	III	III
12725095	12726158	12724335	12723272	1064	1064	100.00	14810976	14810976	III	III
12729305	12730668	12718580	12717218	1364	1363	87.70	14810976	14810976	III	III
12747065	12748107	11760104	11759072	1043	1033	95.02	14810976	14810976	III	III
12747065	12748107	6309247	6308230	1043	1018	92.25	14810976	19933398	III	V
12770716	12771973	9128360	9127103	1258	1258	99.84	14810976	22220885	III	X
12770717	12771974	9202055	9200798	1258	1258	99.84	14810976	22220885	III	X
12810817	12812790	7296217	7294260	1974	1958	96.04	14810976	19933398	III	V
12810819	12812788	2269901	2267935	1970	1967	94.68	14810976	15540809	III	I
12936224	12937326	12938566	12937464	1103	1103	100.00	14810976	14810976	III	III
12937464	12938566	12937326	12936224	1103	1103	100.00	14810976	14810976	III	III
12989412	12991035	13476658	13475036	1624	1623	98.89	14810976	16595099	III	II
12989418	12991040	6526714	6525092	1623	1623	99.38	14810976	19933398	III	V
12989419	12991034	16484104	16482495	1616	1610	98.77	14810976	16595099	III	II
12989419	12991034	12378818	12377229	1616	1590	96.54	14810976	14810976	III	III
12989419	12991035	7278843	7277226	1617	1618	99.51	14810976	17080301	III	IV
12989419	12991035	10776837	10775220	1617	1618	99.63	14810976	17080301	III	IV
12989419	12991034	1801690	1800075	1616	1616	99.51	14810976	19933398	III	V
12989419	12991035	17654193	17652583	1617	1611	98.70	14810976	19933398	III	V
12989511	12991034	11631983	11630461	1524	1523	99.48	14810976	19933398	III	V
12989527	12991035	17920735	17919228	1509	1508	99.73	14810976	22220885	III	X
12989925	12991034	15249908	15248799	1110	1110	99.91	14810976	19933398	III	V
13025679	13029590	2190133	2186169	3912	3965	97.14	14810976	17080301	III	IV
13025679	13028124	5193707	5191268	2446	2440	97.93	14810976	19933398	III	V
13025734	13027276	13030585	13029056	1543	1530	93.57	14810976	14810976	III	III
13028122	13030585	6856901	6854426	2464	2476	97.31	14810976	22220885	III	X
13029056	13030585	13027276	13025734	1530	1543	93.82	14810976	14810976	III	III
13041991	13043079	11568537	11567441	1089	1097	91.83	14810976	14810976	III	III
13041991	13043079	12794970	12793892	1089	1079	91.29	14810976	19933398	III	V
13041991	13043079	13475148	13474052	1089	1097	91.09	14810976	19933398	III	V
13041991	13043079	19237832	19236745	1089	1088	91.83	14810976	19933398	III	V
13041992	13043079	12421564	12420486	1088	1079	91.35	14810976	16595099	III	II
13221499	13222737	7136643	7135396	1239	1248	97.36	14810976	14810976	III	III
13376912	13378167	14920025	14918770	1256	1256	99.84	14810976	22220885	III	X
13376914	13378171	1079408	1078151	1258	1258	99.52	14810976	16595099	III	II
13376914	13378171	19364576	19363319	1258	1258	99.68	14810976	19933398	III	V
13376914	13378171	1006412	1005155	1258	1258	99.68	14810976	22220885	III	X
13376914	13378178	5473505	5472243	1265	1263	99.45	14810976	22220885	III	X
13502618	13503876	8031969	8030711	1259	1259	99.84	14810976	19933398	III	V
13509368	13510435	13722861	13721800	1068	1062	92.30	14810976	17080301	III	IV
13511046	13512795	2096816	2095066	1750	1751	98.23	14810976	22220885	III	X
13527904	13530806	13561056	13558146	2903	2911	99.55	14810976	14810976	III	III
13552223	13553255	14187605	14186571	1033	1035	97.49	14810976	14810976	III	III
13552226	13553252	7336890	7335856	1027	1035	96.53	14810976	15540809	III	I
13552226	13553253	13583548	13582503	1028	1046	95.24	14810976	19933398	III	V
13558146	13561056	13530806	13527904	2911	2903	99.55	14810976	14810976	III	III
13561233	13564103	18388893	18386021	2871	2873	82.89	14810976	19933398	III	V
13567032	13570302	2476556	2473225	3271	3332	97.19	14810976	16595099	III	II
13567032	13568173	2689129	2687952	1142	1178	92.04	14810976	19933398	III	V
13567384	13568671	1424693	1423378	1288	1316	94.51	14810976	14810976	III	III
13568357	13569679	1424693	1423378	1323	1316	97.74	14810976	14810976	III	III
13568608	13570302	2689837	2688144	1695	1694	99.12	14810976	19933398	III	V
13568721	13570040	1424693	1423377	1320	1317	98.64	14810976	14810976	III	III
13569061	13570302	2689861	2688620	1242	1242	98.87	14810976	19933398	III	V
13712600	13713864	11619990	11618726	1265	1265	99.53	14810976	17080301	III	IV
13712606	13713867	730647	729386	1262	1262	99.52	14810976	14810976	III	III
13712607	13713869	15824081	15822819	1263	1263	99.37	14810976	16595099	III	II
13712607	13713864	7766955	7765700	1258	1256	99.13	14810976	19933398	III	V
13712607	13713864	11414942	11413685	1258	1258	99.52	14810976	22220885	III	X
13712611	13713870	10555171	10553912	1260	1260	99.52	14810976	15540809	III	I
13960676	13961769	10496655	10495572	1094	1084	93.62	14810976	15540809	III	I
13960676	13961687	12362990	12361988	1012	1003	94.78	14810976	15540809	III	I
13960775	13961794	14329996	14328986	1020	1011	94.22	14810976	19933398	III	V
14157714	14159862	11235960	11233812	2149	2149	99.49	14810976	16595099	III	II
14157714	14159860	2342959	2340813	2147	2147	99.81	14810976	14810976	III	III
14157714	14159859	19925368	19923224	2146	2145	99.81	14810976	19933398	III	V
14186571	14187605	13553255	13552223	1035	1033	97.49	14810976	14810976	III	III
14186572	14187602	14207070	14206039	1031	1032	98.36	14810976	14810976	III	III
14186574	14187602	5008445	5007421	1029	1025	98.15	14810976	15540809	III	I
14186574	14187602	14252573	14251530	1029	1044	94.84	14810976	16595099	III	II
14186574	14187602	16877654	16876628	1029	1027	97.08	14810976	19933398	III	V
14206038	14207073	12306734	12305703	1036	1032	96.92	14810976	16595099	III	II
14206039	14207068	5000048	4999022	1030	1027	97.00	14810976	15540809	III	I
14206039	14207068	9702160	9701139	1030	1022	97.48	14810976	14810976	III	III
14206039	14207070	14187602	14186572	1032	1031	98.36	14810976	14810976	III	III
14206039	14207069	6109861	6108837	1031	1025	95.85	14810976	17080301	III	IV
14259614	14260724	10446198	10445074	1111	1125	92.42	14810976	19933398	III	V
14370440	14373232	16608733	16605926	2793	2808	96.58	14810976	19933398	III	V
14498394	14499654	7806429	7805169	1261	1261	99.76	14810976	16595099	III	II
14498395	14499653	19237062	19235804	1259	1259	99.76	14810976	22220885	III	X
14530803	14532060	6091959	6090702	1258	1258	99.76	14810976	14810976	III	III
14530803	14532060	12118983	12117726	1258	1258	99.76	14810976	22220885	III	X
14530805	14532060	2957537	2956282	1256	1256	99.84	14810976	19933398	III	V
14530806	14532060	10465310	10464056	1255	1255	99.92	14810976	19933398	III	V
14530806	14532061	21221156	21219901	1256	1256	100.00	14810976	22220885	III	X
14586219	14587365	2732609	2731500	1147	1110	86.06	14810976	16595099	III	II
14629887	14631145	6635056	6633798	1259	1259	99.76	14810976	14810976	III	III
14629888	14631145	10313657	10312400	1258	1258	99.68	14810976	22220885	III	X
14629889	14631145	11841215	11839959	1257	1257	100.00	14810976	19933398	III	V
14629890	14631146	2185376	2184120	1257	1257	100.00	14810976	17080301	III	IV
14629890	14631145	2982946	2981691	1256	1256	100.00	14810976	17080301	III	IV
14629892	14631147	13731490	13730235	1256	1256	100.00	14810976	17080301	III	IV
14629892	14631147	15932231	15930976	1256	1256	100.00	14810976	19933398	III	V
14710059	14711109	16462168	16461118	1051	1051	99.05	14810976	17080301	III	IV
14777200	14778459	52566	51306	1260	1261	95.00	14810976	15540809	III	I
14777208	14778463	35275	34009	1256	1267	97.08	14810976	15540809	III	I
14779365	14780499	28655	27516	1135	1140	98.16	14810976	15540809	III	I
14779365	14780499	42847	41706	1135	1142	98.16	14810976	17080301	III	IV
14784051	14785383	46107	44776	1333	1332	96.48	14810976	15540809	III	I
14799264	14800548	50152	48870	1285	1283	91.30	14810976	15540809	III	I
14802761	14804544	16580217	16578435	1784	1783	98.99	14810976	16595099	III	II
1	17080301	1	17080301	17080301	17080301	100.00	17080301	17080301	IV	IV
12663	13676	15527240	15526232	1014	1009	99.02	17080301	15540809	IV	I
28579	30330	15540298	15538579	1752	1720	91.67	17080301	15540809	IV	I
28579	29941	17079377	17078016	1363	1362	91.60	17080301	17080301	IV	IV
33169	37216	14784053	14780015	4048	4039	99.09	17080301	14810976	IV	III
33169	37216	14791637	14787599	4048	4039	99.09	17080301	14810976	IV	III
33169	37216	14799218	14795179	4048	4040	99.11	17080301	14810976	IV	III
33169	37216	14806804	14802761	4048	4044	99.16	17080301	14810976	IV	III
34747	36829	17972	15888	2083	2085	99.76	17080301	15540809	IV	I
34779	37216	16578433	16575999	2438	2435	98.94	17080301	16595099	IV	II
41706	42835	16576487	16575361	1130	1127	97.80	17080301	16595099	IV	II
41706	42905	14788084	14786885	1200	1200	97.84	17080301	14810976	IV	III
41706	42905	14795664	14794465	1200	1200	97.84	17080301	14810976	IV	III
41706	42905	14803248	14802047	1200	1202	98.01	17080301	14810976	IV	III
201483	202997	14587675	14586153	1515	1523	81.64	17080301	14810976	IV	III
202819	204526	642920	641195	1708	1726	86.59	17080301	17080301	IV	IV
205311	206969	3556535	3554884	1659	1652	96.63	17080301	19933398	IV	V
252665	254665	13160500	13158531	2001	1970	93.88	17080301	17080301	IV	IV
252667	254663	9267624	9265609	1997	2016	96.15	17080301	14810976	IV	III
299524	300748	9361032	9359834	1225	1199	96.33	17080301	19933398	IV	V
319093	321079	9267624	9265609	1987	2016	95.42	17080301	14810976	IV	III
319093	321079	13160498	13158533	1987	1966	93.81	17080301	17080301	IV	IV
384915	386544	15488130	15486502	1630	1629	99.33	17080301	19933398	IV	V
384923	386543	238317	236696	1621	1622	99.69	17080301	15540809	IV	I
384923	386547	4618228	4616604	1625	1625	99.57	17080301	22220885	IV	X
384924	386543	3666168	3664548	1620	1621	99.88	17080301	16595099	IV	II
384924	386543	12734271	12732663	1620	1609	99.14	17080301	16595099	IV	II
384924	386543	2546190	2544571	1620	1620	99.44	17080301	14810976	IV	III
384924	386543	8037750	8036132	1620	1619	99.63	17080301	14810976	IV	III
384924	386545	395876	394254	1622	1623	99.57	17080301	19933398	IV	V
384924	386543	1710302	1708682	1620	1621	99.69	17080301	19933398	IV	V
384924	386543	4785239	4783619	1620	1621	99.75	17080301	19933398	IV	V
384925	386543	6599673	6598054	1619	1620	99.51	17080301	15540809	IV	I
384925	386548	13035272	13033648	1624	1625	99.69	17080301	16595099	IV	II
384925	386543	16050734	16049122	1619	1613	99.01	17080301	19933398	IV	V
384925	386543	1864453	1862834	1619	1620	99.44	17080301	22220885	IV	X
420596	423385	15335651	15332836	2790	2816	95.13	17080301	17080301	IV	IV
454972	456469	7793225	7791730	1498	1496	98.00	17080301	22220885	IV	X
454975	456469	6592594	6591116	1495	1479	96.33	17080301	19933398	IV	V
455270	456469	5296919	5295726	1200	1194	97.42	17080301	19933398	IV	V
456474	457586	2836818	2835699	1113	1120	94.34	17080301	17080301	IV	IV
484068	485158	16570535	16569443	1091	1093	93.67	17080301	16595099	IV	II
484072	485081	3035006	3033973	1010	1034	91.73	17080301	15540809	IV	I
484075	485158	4392983	4391881	1084	1103	90.22	17080301	14810976	IV	III
484119	485158	7069198	7068153	1040	1046	94.67	17080301	17080301	IV	IV
501658	502686	10043472	10042447	1029	1026	96.80	17080301	19933398	IV	V
501659	502684	3753189	3752167	1026	1023	96.02	17080301	16595099	IV	II
501660	502685	15951587	15950560	1026	1028	97.57	17080301	19933398	IV	V
527913	529008	12169436	12168330	1096	1107	94.48	17080301	15540809	IV	I
527913	529015	12077211	12076106	1103	1106	97.83	17080301	14810976	IV	III
527913	529014	3309882	3308776	1102	1107	97.92	17080301	17080301	IV	IV
527913	529015	15745221	15744121	1103	1101	97.64	17080301	19933398	IV	V
641195	642920	204526	202819	1726	1708	86.59	17080301	17080301	IV	IV
682390	684203	688511	686665	1814	1847	97.41	17080301	17080301	IV	IV
686665	688511	684203	682390	1847	1814	97.41	17080301	17080301	IV	IV
878526	880778	7296216	7294000	2253	2217	94.23	17080301	19933398	IV	V
878527	880500	7301776	7299795	1974	1982	96.73	17080301	15540809	IV	I
882985	888729	15989776	15984035	5745	5742	99.69	17080301	19933398	IV	V
929283	930294	12797972	12796951	1012	1022	95.69	17080301	16595099	IV	II
944594	945853	7806427	7805168	1260	1260	99.84	17080301	16595099	IV	II
944598	945851	1613441	1612188	1254	1254	100.00	17080301	17080301	IV	IV
944598	945856	1655857	1654599	1259	1259	99.92	17080301	17080301	IV	IV
1080209	1081440	3163067	3161836	1232	1232	99.84	17080301	15540809	IV	I
1140031	1141776	16522203	16520391	1746	1813	90.95	17080301	19933398	IV	V
1195067	1196402	3921734	3920455	1336	1280	85.29	17080301	19933398	IV	V
1195168	1196489	13646232	13644890	1322	1343	89.02	17080301	16595099	IV	II
1205212	1206847	7594300	7592664	1636	1637	99.69	17080301	16595099	IV	II
1205222	1206844	4642505	4640938	1623	1568	94.83	17080301	22220885	IV	X
1205223	1206844	9869803	9868181	1622	1623	98.46	17080301	14810976	IV	III
1205223	1206844	18793736	18792125	1622	1612	97.48	17080301	19933398	IV	V
1241137	1242161	10557760	10556728	1025	1033	94.72	17080301	16595099	IV	II
1265156	1266238	10496655	10495571	1083	1085	91.31	17080301	15540809	IV	I
1317472	1318739	1320694	1319431	1268	1264	85.92	17080301	17080301	IV	IV
1319431	1320694	1318739	1317472	1264	1268	85.87	17080301	17080301	IV	IV
1367570	1369568	20391445	20389441	1999	2005	93.79	17080301	22220885	IV	X
1424281	1425281	10286673	10285668	1001	1006	95.54	17080301	19933398	IV	V
1470046	1471548	1473482	1471980	1503	1503	99.07	17080301	17080301	IV	IV
1471980	1473482	1471548	1470046	1503	1503	99.07	17080301	17080301	IV	IV
1527196	1528454	14499657	14498399	1259	1259	99.84	17080301	14810976	IV	III
1527197	1528453	15312068	15310812	1257	1257	99.76	17080301	16595099	IV	II
1527197	1528455	10113869	10112611	1259	1259	99.76	17080301	14810976	IV	III
1527199	1528453	1209792	1208538	1255	1255	99.92	17080301	22220885	IV	X
1540253	1541518	16914337	16913070	1266	1268	96.23	17080301	22220885	IV	X
1540261	1541522	21665841	21664573	1262	1269	96.15	17080301	22220885	IV	X
1559970	1561005	7150806	7149793	1036	1014	95.46	17080301	15540809	IV	I
1559971	1560998	1242162	1241138	1028	1025	95.85	17080301	17080301	IV	IV
1559972	1560997	2871724	2870696	1026	1029	97.96	17080301	15540809	IV	I
1559972	1560997	869063	868031	1026	1033	96.23	17080301	16595099	IV	II
1559972	1560997	11389199	11388180	1026	1020	97.17	17080301	16595099	IV	II
1559972	1560997	14926931	14925906	1026	1026	98.15	17080301	19933398	IV	V
1559972	1560997	16721028	16720009	1026	1020	96.79	17080301	19933398	IV	V
1586141	1587788	10986814	10985167	1648	1648	99.88	17080301	15540809	IV	I
1586141	1587789	12945789	12944141	1649	1649	99.94	17080301	16595099	IV	II
1586141	1587788	13342833	13341187	1648	1647	99.82	17080301	16595099	IV	II
1586142	1587788	2709336	2707690	1647	1647	99.88	17080301	15540809	IV	I
1586142	1587788	13720715	13719069	1647	1647	99.82	17080301	16595099	IV	II
1586142	1587789	14963751	14962104	1648	1648	99.94	17080301	16595099	IV	II
1586142	1587788	13986374	13984728	1647	1647	99.82	17080301	17080301	IV	IV
1586143	1587794	6061988	6060338	1652	1651	99.94	17080301	15540809	IV	I
1654604	1655861	2546518	2545261	1258	1258	99.52	17080301	17080301	IV	IV
1654604	1655861	9713458	9712201	1258	1258	99.68	17080301	19933398	IV	V
1654604	1655858	19093306	19092052	1255	1255	99.76	17080301	19933398	IV	V
1733028	1734291	21647206	21645943	1264	1264	99.76	17080301	22220885	IV	X
1733033	1734291	6704648	6703390	1259	1259	99.76	17080301	19933398	IV	V
1733035	1734295	7224638	7223378	1261	1261	99.92	17080301	17080301	IV	IV
1733035	1734291	11615649	11614393	1257	1257	99.92	17080301	17080301	IV	IV
1733035	1734295	13666009	13664749	1261	1261	99.76	17080301	19933398	IV	V
1733036	1734298	7536591	7535329	1263	1263	99.92	17080301	19933398	IV	V
1733036	1734291	17595431	17594176	1256	1256	99.92	17080301	22220885	IV	X
1733037	1734295	2663249	2661991	1259	1259	99.76	17080301	19933398	IV	V
1733038	1734296	19338935	19337677	1259	1259	99.84	17080301	22220885	IV	X
1775695	1776952	14464779	14463522	1258	1258	99.92	17080301	19933398	IV	V
1775696	1776953	14004814	14003557	1258	1258	100.00	17080301	16595099	IV	II
1775698	1776953	662297	661042	1256	1256	100.00	17080301	16595099	IV	II
1775698	1776956	20749105	20747847	1259	1259	99.92	17080301	22220885	IV	X
1775699	1776956	7993524	7992267	1258	1258	99.92	17080301	22220885	IV	X
1805700	1806717	6019894	6018895	1018	1000	92.87	17080301	15540809	IV	I
1805700	1806721	11760086	11759067	1022	1020	94.17	17080301	14810976	IV	III
1805700	1806717	6288245	6287236	1018	1010	93.28	17080301	19933398	IV	V
1805700	1806717	7714374	7713360	1018	1015	93.08	17080301	22220885	IV	X
1907538	1909227	8527608	8525948	1690	1661	90.12	17080301	22220885	IV	X
1907680	1908833	5719162	5718004	1154	1159	87.97	17080301	19933398	IV	V
1908164	1909221	5842661	5841603	1058	1059	93.35	17080301	22220885	IV	X
1932396	1933655	3497441	3496182	1260	1260	100.00	17080301	15540809	IV	I
1932399	1933656	1545370	1544113	1258	1258	100.00	17080301	16595099	IV	II
1953280	1954918	1957885	1956247	1639	1639	99.57	17080301	17080301	IV	IV
1956247	1957885	1954918	1953280	1639	1639	99.57	17080301	17080301	IV	IV
2048352	2049488	5564578	5563428	1137	1151	91.56	17080301	19933398	IV	V
2048495	2049498	5679328	5678317	1004	1012	88.09	17080301	22220885	IV	X
2057401	2058956	13924070	13922504	1556	1567	98.53	17080301	16595099	IV	II
2081100	2084820	3994073	3990279	3721	3795	87.55	17080301	17080301	IV	IV
2081341	2082801	2091415	2089921	1461	1495	88.74	17080301	17080301	IV	IV
2081559	2082705	2096916	2095749	1147	1168	85.39	17080301	17080301	IV	IV
2087478	2089921	3989573	3987136	2444	2438	97.43	17080301	17080301	IV	IV
2089916	2091629	3986350	3984644	1714	1707	92.28	17080301	17080301	IV	IV
2089921	2091415	2082801	2081341	1495	1461	88.74	17080301	17080301	IV	IV
2093614	2096343	3984644	3981885	2730	2760	93.14	17080301	17080301	IV	IV
2095749	2096916	2082705	2081559	1168	1147	85.39	17080301	17080301	IV	IV
2110534	2112116	3981883	3980283	1583	1601	89.34	17080301	17080301	IV	IV
2126207	2127917	11425764	11424074	1711	1691	89.21	17080301	15540809	IV	I
2126889	2127915	11029701	11028678	1027	1024	92.91	17080301	19933398	IV	V
2184118	2185374	3416788	3415532	1257	1257	99.84	17080301	15540809	IV	I
2184118	2185374	14947248	14945992	1257	1257	99.92	17080301	19933398	IV	V
2184118	2185374	14611239	14609983	1257	1257	99.84	17080301	22220885	IV	X
2184119	2185376	13268602	13267345	1258	1258	99.92	17080301	17080301	IV	IV
2184120	2185376	14631146	14629890	1257	1257	100.00	17080301	14810976	IV	III
2184121	2185379	10408252	10406994	1259	1259	99.92	17080301	14810976	IV	III
2185373	2188845	12565268	12561812	3473	3457	98.31	17080301	15540809	IV	I
2185373	2190133	13030350	13025679	4761	4672	96.82	17080301	14810976	IV	III
2186169	2188686	7056677	7054157	2518	2521	99.44	17080301	14810976	IV	III
2187417	2190058	1471532	1468888	2642	2645	99.43	17080301	16595099	IV	II
2189080	2190206	6127589	6126466	1127	1124	99.20	17080301	19933398	IV	V
2228961	2230080	5564544	5563431	1120	1114	91.71	17080301	19933398	IV	V
2253537	2254599	12765715	12764631	1063	1085	93.83	17080301	16595099	IV	II
2253537	2254599	4613367	4612300	1063	1068	92.78	17080301	17080301	IV	IV
2269980	2271232	12568055	12566798	1253	1258	99.44	17080301	14810976	IV	III
2278669	2285766	12609002	12601858	7098	7145	93.96	17080301	15540809	IV	I
2279807	2282407	17356631	17354034	2601	2598	92.32	17080301	19933398	IV	V
2281753	2284409	15661448	15658780	2657	2669	81.10	17080301	19933398	IV	V
2286082	2287344	10255976	10254712	1263	1265	99.53	17080301	14810976	IV	III
2286088	2287346	4477167	4475909	1259	1259	99.68	17080301	17080301	IV	IV
2286088	2287344	13734696	13733440	1257	1257	99.92	17080301	19933398	IV	V
2286088	2287347	12837385	12836126	1260	1260	99.84	17080301	22220885	IV	X
2286089	2287344	2295199	2293944	1256	1256	100.00	17080301	17080301	IV	IV
2287342	2293946	12601673	12595085	6605	6589	96.38	17080301	15540809	IV	I
2291435	2293450	15653218	15651197	2016	2022	91.55	17080301	19933398	IV	V
2293935	2295197	16234147	16232885	1263	1263	99.76	17080301	19933398	IV	V
2293940	2295197	2589364	2588107	1258	1258	99.92	17080301	22220885	IV	X
2293941	2295197	14503374	14502118	1257	1257	99.84	17080301	19933398	IV	V
2293941	2295197	16390755	16389499	1257	1257	100.00	17080301	19933398	IV	V
2293941	2295197	16879816	16878560	1257	1257	99.76	17080301	19933398	IV	V
2293942	2295197	922652	921397	1256	1256	99.84	17080301	15540809	IV	I
2293942	2295197	14807613	14806358	1256	1256	99.76	17080301	17080301	IV	IV
2293943	2295197	13687956	13686702	1255	1255	100.00	17080301	15540809	IV	I
2293943	2295197	2965524	2964270	1255	1255	100.00	17080301	17080301	IV	IV
2293943	2295197	15932232	15930978	1255	1255	100.00	17080301	19933398	IV	V
2293944	2295198	1734291	1733037	1255	1255	100.00	17080301	17080301	IV	IV
2293944	2295199	2287344	2286089	1256	1256	100.00	17080301	17080301	IV	IV
2293944	2295198	4882002	4880748	1255	1255	100.00	17080301	17080301	IV	IV
2293944	2295200	16842548	16841292	1257	1257	99.76	17080301	22220885	IV	X
2295196	2296524	12595087	12593848	1329	1240	91.89	17080301	15540809	IV	I
2312409	2313531	14684337	14683215	1123	1123	99.47	17080301	22220885	IV	X
2312415	2313527	7706699	7705572	1113	1128	88.79	17080301	15540809	IV	I
2324609	2325868	7638233	7636952	1260	1282	92.36	17080301	19933398	IV	V
2324611	2325872	8883781	8882500	1262	1282	92.45	17080301	16595099	IV	II
2324614	2325869	11042170	11040891	1256	1280	92.42	17080301	19933398	IV	V
2324677	2325868	12369079	12367870	1192	1210	91.90	17080301	19933398	IV	V
2324776	2325868	11462033	11460924	1093	1110	92.44	17080301	19933398	IV	V
2324823	2325868	2881134	2880070	1046	1065	91.09	17080301	14810976	IV	III
2335539	2336696	8883779	8882633	1158	1147	89.94	17080301	16595099	IV	II
2335539	2336696	7638229	7637080	1158	1150	89.78	17080301	19933398	IV	V
2335540	2336694	12845905	12844764	1155	1142	91.34	17080301	16595099	IV	II
2335540	2336696	11042170	11041020	1157	1151	90.04	17080301	19933398	IV	V
2335692	2336696	8508027	8507042	1005	986	87.90	17080301	17080301	IV	IV
2346771	2348958	4015907	4013738	2188	2170	94.27	17080301	22220885	IV	X
2346793	2349828	4018775	4015737	3036	3039	93.62	17080301	22220885	IV	X
2347510	2348641	2630043	2628927	1132	1117	95.32	17080301	22220885	IV	X
2347927	2349893	3021343	3019361	1967	1983	91.87	17080301	19933398	IV	V
2394311	2395529	3221873	3220655	1219	1219	100.00	17080301	17080301	IV	IV
2506652	2507692	5807330	5806295	1041	1036	93.03	17080301	17080301	IV	IV
2506652	2507691	9975952	9974941	1040	1012	93.28	17080301	19933398	IV	V
2507691	2508767	6915660	6914569	1077	1092	97.53	17080301	17080301	IV	IV
2537414	2538627	9307194	9306022	1214	1173	88.49	17080301	15540809	IV	I
2537414	2538416	13544849	13543862	1003	988	88.37	17080301	19933398	IV	V
2545261	2546522	9128360	9127099	1262	1262	99.52	17080301	22220885	IV	X
2545264	2546521	6635052	6633795	1258	1258	99.52	17080301	14810976	IV	III
2545265	2546521	6929605	6928349	1257	1257	99.60	17080301	16595099	IV	II
2545265	2546518	2643140	2641887	1254	1254	99.68	17080301	17080301	IV	IV
2545265	2546521	2965523	2964267	1257	1257	99.76	17080301	17080301	IV	IV
2545265	2546521	16076472	16075216	1257	1257	99.60	17080301	19933398	IV	V
2618027	2619284	4593027	4591770	1258	1258	100.00	17080301	15540809	IV	I
2618030	2619285	16893431	16892176	1256	1256	100.00	17080301	22220885	IV	X
2641884	2643142	8504903	8503645	1259	1259	99.92	17080301	19933398	IV	V
2641887	2643143	10113866	10112610	1257	1257	99.76	17080301	14810976	IV	III
2641887	2643140	2546518	2545265	1254	1254	99.68	17080301	17080301	IV	IV
2652648	2653763	15556589	15555467	1116	1123	93.59	17080301	22220885	IV	X
2674427	2675699	3279681	3278409	1273	1273	89.41	17080301	19933398	IV	V
2674427	2675700	2832029	2830739	1274	1291	93.19	17080301	22220885	IV	X
2730170	2731577	6418523	6417124	1408	1400	90.21	17080301	17080301	IV	IV
2730546	2731573	4935428	4934392	1028	1037	92.03	17080301	22220885	IV	X
2730546	2731576	6085121	6084078	1031	1044	92.92	17080301	22220885	IV	X
2730546	2731573	8079774	8078742	1028	1033	91.00	17080301	22220885	IV	X
2730558	2731573	604585	603561	1016	1025	92.33	17080301	22220885	IV	X
2744511	2751567	2758941	2751889	7057	7053	99.90	17080301	17080301	IV	IV
2751889	2758941	2751567	2744511	7053	7057	99.90	17080301	17080301	IV	IV
2758942	2760076	2763676	2762543	1135	1134	99.74	17080301	17080301	IV	IV
2762543	2763676	2760076	2758942	1134	1135	99.74	17080301	17080301	IV	IV
2787778	2789000	4461549	4460323	1223	1227	93.24	17080301	17080301	IV	IV
2795551	2796591	9249266	9248203	1041	1064	90.76	17080301	17080301	IV	IV
2795554	2796916	12107394	12106013	1363	1382	91.65	17080301	17080301	IV	IV
2795555	2796604	8344573	8343503	1050	1071	88.44	17080301	16595099	IV	II
2795580	2796795	15335374	15334138	1216	1237	89.62	17080301	19933398	IV	V
2815759	2817628	20286544	20284693	1870	1852	98.88	17080301	22220885	IV	X
2818082	2820814	12030610	12027878	2733	2733	99.71	17080301	15540809	IV	I
2818082	2820810	14249182	14246453	2729	2730	99.71	17080301	17080301	IV	IV
2818082	2820811	5059374	5056647	2730	2728	99.60	17080301	19933398	IV	V
2835699	2836818	457586	456474	1120	1113	94.34	17080301	17080301	IV	IV
2836153	2837172	17357296	17356299	1020	998	95.10	17080301	22220885	IV	X
2876313	2877376	2726179	2725095	1064	1085	90.64	17080301	19933398	IV	V
2876313	2877376	14569470	14568424	1064	1047	92.95	17080301	19933398	IV	V
2876313	2877314	11608059	11607048	1002	1012	90.64	17080301	22220885	IV	X
2926610	2927616	3152076	3151062	1007	1015	96.76	17080301	17080301	IV	IV
2948072	2949326	4358820	4357593	1255	1228	94.77	17080301	17080301	IV	IV
2948465	2949545	14074510	14073458	1081	1053	95.48	17080301	16595099	IV	II
2958330	2959572	5469765	5468528	1243	1238	93.06	17080301	17080301	IV	IV
3008530	3009795	12364239	12362948	1266	1292	93.29	17080301	16595099	IV	II
3008533	3009789	10501461	10500170	1257	1292	95.05	17080301	16595099	IV	II
3039040	3040251	3040251	3039040	1212	1212	95.73	17080301	17080301	IV	IV
3050651	3053116	7742204	7739712	2466	2493	97.47	17080301	22220885	IV	X
3051420	3053117	6503414	6501718	1698	1697	99.29	17080301	19933398	IV	V
3151061	3152173	4958770	4957653	1113	1118	96.87	17080301	15540809	IV	I
3151061	3152173	1758730	1757630	1113	1101	94.99	17080301	19933398	IV	V
3151061	3152173	17085321	17084212	1113	1110	94.90	17080301	19933398	IV	V
3151062	3152076	2927616	2926610	1015	1007	96.76	17080301	17080301	IV	IV
3151087	3152171	17034531	17033455	1085	1077	94.21	17080301	19933398	IV	V
3166513	3168285	3168285	3166513	1773	1773	95.24	17080301	17080301	IV	IV
3170405	3171638	5916290	5915057	1234	1234	99.51	17080301	16595099	IV	II
3170405	3171638	10951511	10950278	1234	1234	99.68	17080301	17080301	IV	IV
3170412	3171632	172450	171250	1221	1201	97.95	17080301	19933398	IV	V
3212552	3213809	998669	997412	1258	1258	99.84	17080301	16595099	IV	II
3220655	3221873	2395529	2394311	1219	1219	100.00	17080301	17080301	IV	IV
3229197	3230381	8455069	8453884	1185	1186	95.79	17080301	15540809	IV	I
3252433	3253463	5760648	5759620	1031	1029	98.16	17080301	16595099	IV	II
3252436	3253462	6530285	6529241	1027	1045	94.67	17080301	14810976	IV	III
3252436	3253462	9028432	9027406	1027	1027	97.28	17080301	14810976	IV	III
3252436	3253462	16156313	16155287	1027	1027	98.44	17080301	17080301	IV	IV
3252437	3253462	5000048	4999022	1026	1027	98.05	17080301	15540809	IV	I
3252437	3253462	7336890	7335856	1026	1035	97.30	17080301	15540809	IV	I
3252437	3253462	4067745	4066714	1026	1032	93.90	17080301	14810976	IV	III
3252437	3253445	6570517	6569482	1009	1036	94.52	17080301	17080301	IV	IV
3252437	3253463	12102601	12101578	1027	1024	97.86	17080301	17080301	IV	IV
3252437	3253463	13583548	13582503	1027	1046	95.34	17080301	19933398	IV	V
3300941	3302871	3333746	3331892	1931	1855	82.26	17080301	17080301	IV	IV
3307629	3308779	9796301	9795149	1151	1153	99.13	17080301	16595099	IV	II
3307632	3308783	11355973	11354822	1152	1152	99.22	17080301	15540809	IV	I
3308776	3309882	11866034	11864947	1107	1088	93.62	17080301	14810976	IV	III
3308776	3309882	529014	527913	1107	1102	97.92	17080301	17080301	IV	IV
3308776	3309882	1490102	1489000	1107	1103	96.85	17080301	17080301	IV	IV
3308776	3309882	5643089	5641994	1107	1096	97.29	17080301	17080301	IV	IV
3308776	3309882	5203974	5202880	1107	1095	97.02	17080301	19933398	IV	V
3312152	3313807	13229201	13227553	1656	1649	94.39	17080301	16595099	IV	II
3312152	3313807	4094889	4093272	1656	1618	91.63	17080301	17080301	IV	IV
3312152	3313807	17831535	17829896	1656	1640	93.31	17080301	22220885	IV	X
3312661	3313807	4412681	4411612	1147	1070	89.38	17080301	19933398	IV	V
3316727	3317734	14341696	14340683	1008	1014	95.08	17080301	22220885	IV	X
3330593	3331749	3009734	3008529	1157	1206	88.04	17080301	17080301	IV	IV
3331892	3333746	3302871	3300941	1855	1931	82.26	17080301	17080301	IV	IV
3347637	3348950	17550703	17549401	1314	1303	91.60	17080301	22220885	IV	X
3368566	3369786	3369786	3368566	1221	1221	91.35	17080301	17080301	IV	IV
3400955	3401996	4961886	4960837	1042	1050	89.14	17080301	22220885	IV	X
3404495	3405632	12765766	12764628	1138	1139	96.49	17080301	16595099	IV	II
3404495	3405499	1849281	1848354	1005	928	87.97	17080301	17080301	IV	IV
3404500	3405638	4613413	4612291	1139	1123	95.26	17080301	17080301	IV	IV
3413376	3414578	3417169	3415967	1203	1203	99.92	17080301	17080301	IV	IV
3415967	3417169	3414578	3413376	1203	1203	99.92	17080301	17080301	IV	IV
3421437	3423469	4841242	4839242	2033	2001	86.45	17080301	17080301	IV	IV
3421437	3423469	4843931	4841931	2033	2001	86.49	17080301	17080301	IV	IV
3421975	3423469	4837828	4836379	1495	1450	86.07	17080301	17080301	IV	IV
3433416	3434675	8572351	8571092	1260	1260	99.37	17080301	17080301	IV	IV
3433418	3434675	3508311	3507054	1258	1258	99.68	17080301	16595099	IV	II
3433419	3434676	16354331	16353074	1258	1258	99.76	17080301	22220885	IV	X
3433419	3434675	19325440	19324184	1257	1257	99.76	17080301	22220885	IV	X
3437655	3439979	12207356	12205032	2325	2325	97.90	17080301	16595099	IV	II
3437662	3439979	5118549	5116282	2318	2268	93.54	17080301	19933398	IV	V
3473743	3474976	417558	416344	1234	1215	94.54	17080301	14810976	IV	III
3473743	3474882	4207784	4206669	1140	1116	94.25	17080301	19933398	IV	V
3485300	3486308	7086351	7085349	1009	1003	96.04	17080301	15540809	IV	I
3485300	3486306	1840794	1839793	1007	1002	92.35	17080301	16595099	IV	II
3485300	3486305	10723907	10722903	1006	1005	95.16	17080301	16595099	IV	II
3485300	3486306	2796523	2795554	1007	970	90.76	17080301	17080301	IV	IV
3485300	3486307	3782335	3781346	1008	990	94.84	17080301	17080301	IV	IV
3485300	3486314	5459599	5458602	1015	998	93.61	17080301	17080301	IV	IV
3485300	3486307	6676057	6675060	1008	998	93.95	17080301	17080301	IV	IV
3485300	3486306	7372038	7371040	1007	999	94.07	17080301	17080301	IV	IV
3485300	3486307	7474492	7473463	1008	1030	91.60	17080301	17080301	IV	IV
3485300	3486307	2134042	2133041	1008	1002	95.44	17080301	19933398	IV	V
3523449	3524461	6328045	6327029	1013	1017	96.76	17080301	17080301	IV	IV
3523451	3524458	13725488	13724478	1008	1011	96.84	17080301	17080301	IV	IV
3523454	3524457	9245887	9244883	1004	1005	98.31	17080301	17080301	IV	IV
3535523	3536786	13503882	13502618	1264	1265	99.76	17080301	14810976	IV	III
3535528	3536786	15560656	15559398	1259	1259	99.68	17080301	19933398	IV	V
3535530	3536788	9353495	9352237	1259	1259	99.84	17080301	15540809	IV	I
3535532	3536786	7145343	7144089	1255	1255	99.92	17080301	14810976	IV	III
3535532	3536786	10408253	10406999	1255	1255	99.92	17080301	14810976	IV	III
3535532	3536790	14499654	14498396	1259	1259	99.76	17080301	14810976	IV	III
3535532	3536789	14034910	14033653	1258	1258	99.84	17080301	17080301	IV	IV
3535532	3536786	3222550	3221296	1255	1255	99.84	17080301	22220885	IV	X
3535533	3536791	11615646	11614388	1259	1259	99.76	17080301	17080301	IV	IV
3535533	3536792	10608855	10607596	1260	1260	99.76	17080301	19933398	IV	V
3562444	3564118	2323230	2321515	1675	1716	94.94	17080301	22220885	IV	X
3618126	3619202	3619202	3618126	1077	1077	88.85	17080301	17080301	IV	IV
3637618	3640580	3670895	3667919	2963	2977	97.25	17080301	17080301	IV	IV
3641036	3642356	3667155	3665856	1321	1300	96.23	17080301	17080301	IV	IV
3653087	3654100	4512227	4511189	1014	1039	95.67	17080301	14810976	IV	III
3653087	3654100	950986	949973	1014	1014	97.83	17080301	22220885	IV	X
3653087	3654100	20960650	20959638	1014	1013	98.03	17080301	22220885	IV	X
3653087	3654100	22050669	22049659	1014	1011	97.04	17080301	22220885	IV	X
3658468	3659666	19633895	19632727	1199	1169	87.74	17080301	22220885	IV	X
3658468	3660944	21409743	21407237	2477	2507	83.49	17080301	22220885	IV	X
3663641	3664804	3666788	3665625	1164	1164	99.57	17080301	17080301	IV	IV
3665625	3666788	3664804	3663641	1164	1164	99.57	17080301	17080301	IV	IV
3665856	3667155	3642356	3641036	1300	1321	96.23	17080301	17080301	IV	IV
3667919	3670895	3640580	3637618	2977	2963	97.25	17080301	17080301	IV	IV
3726303	3727529	4358824	4357593	1227	1232	97.40	17080301	17080301	IV	IV
3726699	3728163	14074510	14073042	1465	1469	97.55	17080301	16595099	IV	II
3781346	3782423	10402416	10401320	1078	1097	92.83	17080301	16595099	IV	II
3781347	3782728	6863915	6862608	1382	1308	88.98	17080301	15540809	IV	I
3781373	3782607	15335374	15334138	1235	1237	94.08	17080301	19933398	IV	V
3794877	3796135	730647	729389	1259	1259	99.76	17080301	14810976	IV	III
3794878	3796136	21915650	21914392	1259	1259	99.76	17080301	22220885	IV	X
3794882	3796136	12568051	12566797	1255	1255	99.84	17080301	14810976	IV	III
3814622	3815880	11980118	11978860	1259	1259	99.76	17080301	22220885	IV	X
3814624	3815879	6830146	6828891	1256	1256	99.68	17080301	15540809	IV	I
3836668	3837918	11703691	11702453	1251	1239	92.94	17080301	22220885	IV	X
3848063	3850908	3853962	3851116	2846	2847	99.89	17080301	17080301	IV	IV
3851116	3853962	3850908	3848063	2847	2846	99.89	17080301	17080301	IV	IV
3858548	3859855	11430315	11429008	1308	1308	99.85	17080301	17080301	IV	IV
3863252	3864507	11980116	11978861	1256	1256	99.76	17080301	22220885	IV	X
3980283	3981885	2112116	2110516	1603	1601	89.05	17080301	17080301	IV	IV
3981885	3984644	2096343	2093614	2760	2730	93.14	17080301	17080301	IV	IV
3984644	3986350	2091629	2089916	1707	1714	92.28	17080301	17080301	IV	IV
3984688	3985865	2086005	2084820	1178	1186	90.83	17080301	17080301	IV	IV
3984856	3986345	3993822	3992321	1490	1502	93.95	17080301	17080301	IV	IV
3985074	3986304	2096916	2095714	1231	1203	90.04	17080301	17080301	IV	IV
3987136	3989573	2089921	2087478	2438	2444	97.43	17080301	17080301	IV	IV
3990279	3994073	2084820	2081100	3795	3721	87.55	17080301	17080301	IV	IV
3992321	3993822	3986345	3984856	1502	1490	93.95	17080301	17080301	IV	IV
3994062	3995818	21972909	21971161	1757	1749	98.81	17080301	22220885	IV	X
3994070	3995818	15739334	15737589	1749	1746	99.26	17080301	22220885	IV	X
3994072	3995818	13541172	13539431	1747	1742	99.14	17080301	16595099	IV	II
3995817	3998189	1598225	1595855	2373	2371	99.16	17080301	16595099	IV	II
3995817	3998189	13538697	13536330	2373	2368	99.20	17080301	16595099	IV	II
3995817	3998194	15736855	15734483	2378	2373	99.20	17080301	22220885	IV	X
3995817	3998198	21970427	21968050	2382	2378	99.08	17080301	22220885	IV	X
3996516	3998189	5884325	5882588	1674	1738	87.44	17080301	22220885	IV	X
4089094	4090319	4461546	4460322	1226	1225	94.19	17080301	17080301	IV	IV
4093272	4094889	3313807	3312152	1618	1656	91.63	17080301	17080301	IV	IV
4108199	4109436	6571060	6569810	1238	1251	95.69	17080301	19933398	IV	V
4108199	4109325	14340807	14339674	1127	1134	90.95	17080301	22220885	IV	X
4118438	4119992	2218351	2216777	1555	1575	96.51	17080301	16595099	IV	II
4118438	4119564	5691600	5690473	1127	1128	97.87	17080301	14810976	IV	III
4118438	4120495	13882553	13880483	2058	2071	97.31	17080301	19933398	IV	V
4118438	4122106	7012859	7009160	3669	3700	97.38	17080301	22220885	IV	X
4118438	4119948	13685789	13684278	1511	1512	97.36	17080301	22220885	IV	X
4118503	4122106	184305	180670	3604	3636	97.23	17080301	22220885	IV	X
4118869	4120231	15148084	15146690	1363	1395	95.92	17080301	16595099	IV	II
4119254	4120838	7924776	7923170	1585	1607	96.77	17080301	19933398	IV	V
4119855	4121340	4212122	4210632	1486	1491	98.66	17080301	17080301	IV	IV
4184553	4188808	4188808	4184553	4256	4256	98.80	17080301	17080301	IV	IV
4206967	4208367	4228398	4227036	1401	1363	96.65	17080301	17080301	IV	IV
4210632	4212125	4720945	4719451	1494	1495	96.69	17080301	15540809	IV	I
4210632	4211748	547829	546712	1117	1118	98.03	17080301	16595099	IV	II
4210632	4212122	4121340	4119855	1491	1486	98.66	17080301	17080301	IV	IV
4212673	4213932	13911496	13910237	1260	1260	100.00	17080301	22220885	IV	X
4212678	4213933	8194163	8192908	1256	1256	99.76	17080301	14810976	IV	III
4212678	4213933	9966115	9964860	1256	1256	100.00	17080301	14810976	IV	III
4213928	4217754	9518123	9514295	3827	3829	88.69	17080301	14810976	IV	III
4213928	4217754	18768150	18764322	3827	3829	88.63	17080301	19933398	IV	V
4218538	4225844	4042721	4035464	7307	7258	97.74	17080301	19933398	IV	V
4221694	4223012	15655790	15654463	1319	1328	81.07	17080301	19933398	IV	V
4221733	4222948	12600042	12598836	1216	1207	88.24	17080301	15540809	IV	I
4223252	4226815	9508394	9504838	3564	3557	94.62	17080301	14810976	IV	III
4223252	4226849	18758421	18754833	3598	3589	93.78	17080301	19933398	IV	V
4227036	4228398	4208367	4206967	1363	1401	96.65	17080301	17080301	IV	IV
4244793	4245901	11866043	11864947	1109	1097	92.93	17080301	14810976	IV	III
4244801	4245902	5203975	5202879	1102	1097	96.65	17080301	19933398	IV	V
4244835	4245902	8392885	8391821	1068	1065	95.99	17080301	22220885	IV	X
4303299	4304557	12270927	12269669	1259	1259	99.60	17080301	15540809	IV	I
4303299	4304552	13666006	13664753	1254	1254	99.92	17080301	19933398	IV	V
4313614	4315064	4318758	4317307	1451	1452	95.83	17080301	17080301	IV	IV
4317307	4318758	4315064	4313614	1452	1451	95.83	17080301	17080301	IV	IV
4351093	4352624	5998550	5997004	1532	1547	92.02	17080301	22220885	IV	X
4357593	4358820	2949326	2948072	1228	1255	94.77	17080301	17080301	IV	IV
4357593	4358824	3727529	3726303	1232	1227	97.40	17080301	17080301	IV	IV
4357597	4358821	7063263	7062056	1225	1208	95.84	17080301	19933398	IV	V
4460322	4461546	4090319	4089094	1225	1226	94.19	17080301	17080301	IV	IV
4460323	4461549	2789000	2787778	1227	1223	93.24	17080301	17080301	IV	IV
4460324	4461524	15375166	15373970	1201	1197	84.97	17080301	22220885	IV	X
4460325	4461546	68635	67416	1222	1220	89.79	17080301	17080301	IV	IV
4460325	4461548	3139828	3138611	1224	1218	90.36	17080301	17080301	IV	IV
4460325	4461429	6189437	6188336	1105	1102	89.52	17080301	17080301	IV	IV
4460325	4461556	14510453	14509236	1232	1218	88.89	17080301	22220885	IV	X
4460325	4461545	17669454	17668260	1221	1195	86.31	17080301	22220885	IV	X
4460425	4461545	8148328	8147220	1121	1109	89.84	17080301	22220885	IV	X
4475910	4477165	5799643	5798388	1256	1256	99.92	17080301	16595099	IV	II
4491847	4492870	6051957	6050936	1024	1022	98.63	17080301	15540809	IV	I
4491847	4492872	16126363	16125337	1026	1027	98.06	17080301	19933398	IV	V
4491847	4492882	1440930	1439898	1036	1033	98.36	17080301	22220885	IV	X
4572185	4573203	2796347	2795326	1019	1022	86.38	17080301	15540809	IV	I
4612291	4613413	3405638	3404500	1123	1139	95.26	17080301	17080301	IV	IV
4612300	4613367	2254599	2253537	1068	1063	92.78	17080301	17080301	IV	IV
4731676	4733255	12797972	12796396	1580	1577	96.71	17080301	16595099	IV	II
4818275	4819406	9318545	9317418	1132	1128	95.00	17080301	19933398	IV	V
4818275	4819412	19472407	19471287	1138	1121	94.46	17080301	22220885	IV	X
4844806	4845894	3421539	3420451	1089	1089	89.72	17080301	17080301	IV	IV
4880745	4882004	1065467	1064208	1260	1260	99.92	17080301	14810976	IV	III
4880748	4882006	12004728	12003470	1259	1259	99.84	17080301	17080301	IV	IV
4880749	4882004	3970783	3969528	1256	1256	99.92	17080301	16595099	IV	II
4880749	4882005	7145342	7144086	1257	1257	99.92	17080301	14810976	IV	III
4915565	4916777	4918274	4917062	1213	1213	98.60	17080301	17080301	IV	IV
4917062	4918274	4916777	4915565	1213	1213	98.60	17080301	17080301	IV	IV
4925309	4926415	9212867	9211756	1107	1112	97.22	17080301	19933398	IV	V
4925511	4926641	11390238	11389099	1131	1140	95.98	17080301	15540809	IV	I
4929093	4930251	8102208	8101059	1159	1150	98.02	17080301	15540809	IV	I
4929093	4930251	22108355	22107207	1159	1149	97.93	17080301	22220885	IV	X
4929093	4930251	22181924	22180776	1159	1149	97.93	17080301	22220885	IV	X
4929097	4930247	3273409	3272265	1151	1145	95.51	17080301	16595099	IV	II
4935048	4936088	2563181	2562132	1041	1050	93.55	17080301	19933398	IV	V
4935050	4936088	10557758	10556728	1039	1031	94.01	17080301	16595099	IV	II
4935050	4936088	12306733	12305708	1039	1026	94.56	17080301	16595099	IV	II
4935050	4936089	4553367	4552345	1040	1023	94.18	17080301	14810976	IV	III
4935050	4936089	6530284	6529240	1040	1045	95.32	17080301	14810976	IV	III
4935050	4936088	6965046	6964020	1039	1027	93.81	17080301	14810976	IV	III
4935050	4936088	1560997	1559972	1039	1026	93.61	17080301	17080301	IV	IV
4935050	4936088	13583548	13582504	1039	1045	95.98	17080301	19933398	IV	V
4947505	4949455	15428956	15427010	1951	1947	97.51	17080301	22220885	IV	X
4947517	4949455	2190078	2188136	1939	1943	96.85	17080301	17080301	IV	IV
4947517	4949455	4953797	4951858	1939	1940	99.74	17080301	17080301	IV	IV
4947517	4949455	5193650	5191722	1939	1929	96.14	17080301	19933398	IV	V
4947517	4949455	19878501	19876558	1939	1944	97.29	17080301	22220885	IV	X
4949453	4950707	6095150	6093896	1255	1255	99.76	17080301	22220885	IV	X
4951858	4953797	4949455	4947517	1940	1939	99.74	17080301	17080301	IV	IV
4987708	4990298	12207347	12204699	2591	2649	96.27	17080301	16595099	IV	II
4987708	4990298	5118548	5115950	2591	2599	91.85	17080301	19933398	IV	V
5029786	5032896	11269680	11266556	3111	3125	97.03	17080301	17080301	IV	IV
5031298	5032896	8444407	8442815	1599	1593	97.87	17080301	14810976	IV	III
5031572	5032896	12067784	12066464	1325	1321	98.04	17080301	14810976	IV	III
5031712	5032896	7361293	7360111	1185	1183	98.40	17080301	17080301	IV	IV
5031882	5032896	10266530	10265520	1015	1011	98.13	17080301	14810976	IV	III
5130349	5131420	1541333	1540261	1072	1073	97.39	17080301	17080301	IV	IV
5130349	5131424	5720440	5719365	1076	1076	98.42	17080301	17080301	IV	IV
5130349	5131423	12789915	12788840	1075	1076	97.49	17080301	17080301	IV	IV
5130349	5131423	5136922	5135858	1075	1065	96.09	17080301	19933398	IV	V
5130349	5131425	5276830	5275767	1077	1064	96.75	17080301	19933398	IV	V
5130349	5131424	6102412	6101346	1076	1067	97.03	17080301	19933398	IV	V
5130349	5131423	10286498	10285429	1075	1070	97.30	17080301	22220885	IV	X
5130349	5131424	20506418	20505346	1076	1073	97.03	17080301	22220885	IV	X
5209135	5210296	6977207	6976150	1162	1058	86.86	17080301	17080301	IV	IV
5212900	5214163	10608858	10607595	1264	1264	99.68	17080301	19933398	IV	V
5212900	5214161	4515307	4514046	1262	1262	99.60	17080301	22220885	IV	X
5212903	5214160	14034909	14033652	1258	1258	99.68	17080301	17080301	IV	IV
5212903	5214160	12837382	12836125	1258	1258	100.00	17080301	22220885	IV	X
5228298	5229746	4025732	4024261	1449	1472	96.47	17080301	19933398	IV	V
5339863	5341120	13077930	13076682	1258	1249	98.89	17080301	16595099	IV	II
5399661	5400968	12542825	12541518	1308	1308	99.62	17080301	16595099	IV	II
5399661	5400968	5889637	5888330	1308	1308	99.69	17080301	14810976	IV	III
5418960	5420696	16567245	16565634	1737	1612	87.52	17080301	19933398	IV	V
5418972	5420557	10849104	10847574	1586	1531	90.89	17080301	14810976	IV	III
5434619	5435746	5506642	5505515	1128	1128	94.88	17080301	16595099	IV	II
5434626	5435746	5632097	5630996	1121	1102	93.44	17080301	15540809	IV	I
5434626	5435747	8569315	8568196	1122	1120	95.11	17080301	17080301	IV	IV
5434628	5435747	10546253	10545135	1120	1119	95.30	17080301	15540809	IV	I
5454677	5456557	8836373	8834492	1881	1882	97.67	17080301	16595099	IV	II
5458611	5459689	10402414	10401318	1079	1097	92.33	17080301	16595099	IV	II
5458611	5459675	9249262	9248199	1065	1064	93.80	17080301	17080301	IV	IV
5468528	5469765	2959572	2958330	1238	1243	93.06	17080301	17080301	IV	IV
5569613	5570724	13753398	13752197	1112	1202	87.00	17080301	22220885	IV	X
5572226	5573249	11931410	11930384	1024	1027	96.11	17080301	16595099	IV	II
5572226	5573249	9028432	9027406	1024	1027	96.60	17080301	14810976	IV	III
5572227	5573249	7336890	7335856	1023	1035	96.62	17080301	15540809	IV	I
5572227	5573249	9702160	9701139	1023	1022	97.95	17080301	14810976	IV	III
5572227	5574285	5574285	5572227	2059	2059	97.58	17080301	17080301	IV	IV
5573275	5574285	2871710	2870696	1011	1015	97.64	17080301	15540809	IV	I
5573275	5574285	3634460	3633464	1011	997	95.65	17080301	14810976	IV	III
5573275	5574285	14207054	14206039	1011	1016	97.64	17080301	14810976	IV	III
5573275	5574287	12074920	12073904	1013	1017	97.64	17080301	17080301	IV	IV
5573275	5574285	10043456	10042449	1011	1008	97.63	17080301	19933398	IV	V
5573275	5574285	14926917	14925906	1011	1012	97.43	17080301	19933398	IV	V
5573275	5574285	16721014	16720009	1011	1006	96.94	17080301	19933398	IV	V
5573277	5574285	13553236	13552226	1009	1011	97.73	17080301	14810976	IV	III
5573277	5574285	16877638	16876628	1009	1011	97.43	17080301	19933398	IV	V
5605669	5606947	6858888	6857650	1279	1239	94.06	17080301	14810976	IV	III
5605674	5606947	5442401	5441146	1274	1256	94.90	17080301	19933398	IV	V
5605675	5606947	7556730	7555480	1273	1251	95.05	17080301	15540809	IV	I
5683801	5684944	2836059	2834906	1144	1154	94.63	17080301	14810976	IV	III
5683802	5685746	8264059	8262080	1945	1980	94.52	17080301	19933398	IV	V
5684661	5685745	4039214	4038091	1085	1124	92.65	17080301	16595099	IV	II
5719365	5720440	5131424	5130349	1076	1076	98.42	17080301	17080301	IV	IV
5719366	5720623	2100263	2098997	1258	1267	97.63	17080301	16595099	IV	II
5719366	5720623	12754156	12752896	1258	1261	97.24	17080301	16595099	IV	II
5719366	5720620	16479757	16478512	1255	1246	96.59	17080301	16595099	IV	II
5806247	5807248	12362988	12361988	1002	1001	94.44	17080301	15540809	IV	I
5806247	5807329	6532029	6530935	1083	1095	92.33	17080301	16595099	IV	II
5844699	5845750	5841404	5840337	1052	1068	78.45	17080301	17080301	IV	IV
5924641	5925920	12426810	12425518	1280	1293	92.15	17080301	17080301	IV	IV
5924641	5925918	1657055	1655771	1278	1285	89.47	17080301	22220885	IV	X
5924642	5925677	7281033	7279979	1036	1055	92.43	17080301	19933398	IV	V
6025271	6027237	6029750	6027787	1967	1964	99.80	17080301	17080301	IV	IV
6027787	6029750	6027237	6025271	1964	1967	99.80	17080301	17080301	IV	IV
6033923	6035398	6039350	6037919	1476	1432	92.46	17080301	17080301	IV	IV
6033943	6034962	6272036	6271001	1020	1036	86.22	17080301	17080301	IV	IV
6037919	6039350	6035398	6033923	1432	1476	92.46	17080301	17080301	IV	IV
6074031	6076511	6079792	6077312	2481	2481	99.40	17080301	17080301	IV	IV
6077312	6079792	6076511	6074031	2481	2481	99.40	17080301	17080301	IV	IV
6108838	6109861	4619107	4618080	1024	1028	96.31	17080301	19933398	IV	V
6111630	6113775	13136453	13134303	2146	2151	99.49	17080301	15540809	IV	I
6111630	6113770	5805306	5803160	2141	2147	99.53	17080301	14810976	IV	III
6111630	6113769	6285595	6283456	2140	2140	99.86	17080301	17080301	IV	IV
6188336	6189437	4461429	4460325	1102	1105	89.52	17080301	17080301	IV	IV
6232154	6233769	12378821	12377229	1616	1593	97.28	17080301	14810976	IV	III
6232155	6233770	3518987	3517369	1616	1619	99.01	17080301	19933398	IV	V
6232156	6233777	7055419	7053795	1622	1625	99.14	17080301	19933398	IV	V
6232157	6233776	13476651	13475030	1620	1622	99.32	17080301	16595099	IV	II
6232157	6233770	8500387	8498773	1614	1615	99.88	17080301	19933398	IV	V
6232157	6233770	6146147	6144533	1614	1615	99.75	17080301	22220885	IV	X
6241046	6242048	6247965	6246962	1003	1004	93.15	17080301	17080301	IV	IV
6246962	6247965	6242048	6241046	1004	1003	93.15	17080301	17080301	IV	IV
6279504	6281089	6684075	6682502	1586	1574	94.62	17080301	17080301	IV	IV
6283452	6285594	12771222	12769102	2143	2121	98.05	17080301	15540809	IV	I
6283456	6285595	6113769	6111630	2140	2140	99.86	17080301	17080301	IV	IV
6327027	6328042	22006742	22005730	1016	1013	96.66	17080301	22220885	IV	X
6327029	6328045	3524461	3523449	1017	1013	96.76	17080301	17080301	IV	IV
6327030	6328043	14486431	14485447	1014	985	93.90	17080301	15540809	IV	I
6327034	6328043	2731512	2730511	1010	1002	96.75	17080301	19933398	IV	V
6327034	6328043	15453288	15452286	1010	1003	97.23	17080301	19933398	IV	V
6327034	6328043	15796090	15795082	1010	1009	97.53	17080301	19933398	IV	V
6327034	6328044	14253886	14252878	1011	1009	97.33	17080301	22220885	IV	X
6327034	6328043	19225569	19224563	1010	1007	97.63	17080301	22220885	IV	X
6417124	6418957	4936634	4934794	1834	1841	93.88	17080301	22220885	IV	X
6417125	6418475	5824356	5823000	1351	1357	94.93	17080301	19933398	IV	V
6417128	6418143	5218223	5217204	1016	1020	94.04	17080301	16595099	IV	II
6417128	6418153	11939307	11938278	1026	1030	94.40	17080301	17080301	IV	IV
6417128	6418322	6885395	6884196	1195	1200	93.68	17080301	19933398	IV	V
6417128	6418335	8912991	8911779	1208	1213	93.25	17080301	19933398	IV	V
6417128	6418153	10173564	10172555	1026	1010	90.06	17080301	19933398	IV	V
6417128	6418142	16033520	16032509	1015	1012	91.68	17080301	22220885	IV	X
6417782	6418954	6085661	6084488	1173	1174	95.66	17080301	22220885	IV	X
6469245	6470503	7865716	7864438	1259	1279	91.65	17080301	22220885	IV	X
6469426	6470503	4517122	4516047	1078	1076	87.50	17080301	16595099	IV	II
6469426	6470503	15497901	15496824	1078	1078	90.45	17080301	16595099	IV	II
6528053	6529180	6965844	6964742	1128	1103	92.12	17080301	14810976	IV	III
6535922	6537030	11866036	11864942	1109	1095	93.33	17080301	14810976	IV	III
6535923	6537025	529015	527913	1103	1103	92.14	17080301	17080301	IV	IV
6535923	6537025	5203975	5202880	1103	1096	92.12	17080301	19933398	IV	V
6569482	6570517	16721011	16720009	1036	1003	95.27	17080301	19933398	IV	V
6609230	6612217	14290217	14287244	2988	2974	93.27	17080301	16595099	IV	II
6609231	6610732	8120811	8119257	1502	1555	92.19	17080301	22220885	IV	X
6609256	6611586	11638622	11636225	2331	2398	93.87	17080301	22220885	IV	X
6609781	6612656	4514050	4511176	2876	2875	92.78	17080301	14810976	IV	III
6610603	6612656	6732714	6730654	2054	2061	98.01	17080301	22220885	IV	X
6610918	6612111	7685001	7683799	1194	1203	96.93	17080301	22220885	IV	X
6611101	6612656	4675839	4674284	1556	1556	97.69	17080301	22220885	IV	X
6611143	6612656	951481	949960	1514	1522	97.83	17080301	22220885	IV	X
6611253	6612565	10720720	10719404	1313	1317	97.05	17080301	19933398	IV	V
6611269	6612656	1677510	1676128	1388	1383	97.06	17080301	19933398	IV	V
6611431	6612656	20960857	20959625	1226	1233	97.16	17080301	22220885	IV	X
6612645	6613848	17687054	17685849	1204	1206	96.94	17080301	22220885	IV	X
6612652	6613850	15005691	15004512	1199	1180	94.61	17080301	15540809	IV	I
6612652	6613862	3269872	3268658	1211	1215	96.40	17080301	14810976	IV	III
6612652	6613850	11213316	11212115	1199	1202	96.11	17080301	17080301	IV	IV
6612652	6613854	16126206	16125018	1203	1189	94.23	17080301	22220885	IV	X
6612653	6613854	13242675	13241529	1202	1147	91.40	17080301	16595099	IV	II
6612653	6613853	7404743	7403535	1201	1209	96.62	17080301	22220885	IV	X
6612656	6613850	10957089	10955890	1195	1200	96.10	17080301	17080301	IV	IV
6612656	6613850	17270349	17269154	1195	1196	95.84	17080301	22220885	IV	X
6620409	6622060	7086901	7085255	1652	1647	98.37	17080301	19933398	IV	V
6620597	6623907	20392748	20389442	3311	3307	96.90	17080301	22220885	IV	X
6660947	6662205	5503953	5502695	1259	1259	99.68	17080301	15540809	IV	I
6663742	6666405	6671750	6669086	2664	2665	99.96	17080301	17080301	IV	IV
6664408	6665488	1299848	1298802	1081	1047	96.67	17080301	19933398	IV	V
6669086	6671750	6666405	6663742	2665	2664	99.96	17080301	17080301	IV	IV
6670001	6671084	21999329	21998280	1084	1050	96.59	17080301	22220885	IV	X
6670003	6671084	15206463	15205416	1082	1048	96.58	17080301	16595099	IV	II
6670003	6671084	2692943	2691898	1082	1046	96.03	17080301	14810976	IV	III
6670003	6671084	12120421	12119375	1082	1047	96.58	17080301	17080301	IV	IV
6682498	6684075	5952251	5950653	1578	1599	93.54	17080301	17080301	IV	IV
6682502	6684075	6281089	6279504	1574	1586	94.62	17080301	17080301	IV	IV
6753898	6754973	9525550	9524487	1076	1064	96.75	17080301	16595099	IV	II
6753899	6755255	2348977	2347618	1357	1360	97.21	17080301	15540809	IV	I
6753899	6755230	7740432	7739107	1332	1326	94.13	17080301	17080301	IV	IV
6753899	6755242	13061445	13060106	1344	1340	95.11	17080301	17080301	IV	IV
6753899	6755242	13130173	13128829	1344	1345	95.47	17080301	17080301	IV	IV
6822400	6823657	8456361	8455104	1258	1258	99.76	17080301	15540809	IV	I
6822400	6823659	15088006	15086747	1260	1260	99.76	17080301	19933398	IV	V
6822400	6823656	7702303	7701047	1257	1257	99.76	17080301	22220885	IV	X
6822400	6823657	18999433	18998176	1258	1258	99.68	17080301	22220885	IV	X
6914569	6915660	2508767	2507691	1092	1077	97.53	17080301	17080301	IV	IV
6934317	6935606	6939757	6938450	1290	1308	90.66	17080301	17080301	IV	IV
6938450	6939757	6935606	6934317	1308	1290	90.66	17080301	17080301	IV	IV
6976148	6977198	4571785	4570640	1051	1146	81.42	17080301	14810976	IV	III
6976150	6977207	5210296	5209135	1058	1162	86.86	17080301	17080301	IV	IV
7019151	7020225	1343050	1341964	1075	1087	93.02	17080301	15540809	IV	I
7019151	7020217	12790685	12789616	1067	1070	93.23	17080301	22220885	IV	X
7019151	7020221	17606665	17605628	1071	1038	92.14	17080301	22220885	IV	X
7028989	7030177	7030177	7028989	1189	1189	96.23	17080301	17080301	IV	IV
7067609	7069198	17059433	17057865	1590	1569	93.43	17080301	19933398	IV	V
7068153	7069198	485158	484119	1046	1040	94.67	17080301	17080301	IV	IV
7185907	7190627	7196224	7191503	4721	4722	99.92	17080301	17080301	IV	IV
7191503	7196224	7190627	7185907	4722	4721	99.92	17080301	17080301	IV	IV
7194481	7198644	7202924	7198761	4164	4164	100.00	17080301	17080301	IV	IV
7198761	7201180	7185774	7183355	2420	2420	99.96	17080301	17080301	IV	IV
7198761	7202924	7198644	7194481	4164	4164	100.00	17080301	17080301	IV	IV
7223380	7224639	14728873	14727614	1260	1260	99.68	17080301	22220885	IV	X
7223382	7224639	299275	298018	1258	1258	99.68	17080301	14810976	IV	III
7223382	7224638	15053222	15051966	1257	1257	99.92	17080301	19933398	IV	V
7223382	7224636	15088006	15086752	1255	1255	100.00	17080301	19933398	IV	V
7223382	7224640	10313653	10312395	1259	1259	99.60	17080301	22220885	IV	X
7236460	7237769	4402301	4400992	1310	1310	99.85	17080301	19933398	IV	V
7236462	7237770	6409816	6408508	1309	1309	99.85	17080301	16595099	IV	II
7236462	7237769	7710244	7708937	1308	1308	99.85	17080301	19933398	IV	V
7236463	7237771	4481235	4479927	1309	1309	99.85	17080301	19933398	IV	V
7236464	7237771	3351246	3349939	1308	1308	99.54	17080301	19933398	IV	V
7265232	7266609	6272035	6270664	1378	1372	82.48	17080301	17080301	IV	IV
7265248	7267499	7270404	7268068	2252	2337	91.20	17080301	17080301	IV	IV
7268068	7270404	7267499	7265248	2337	2252	91.20	17080301	17080301	IV	IV
7359966	7361291	16387120	16385792	1326	1329	97.97	17080301	16595099	IV	II
7359973	7361142	1250407	1249226	1170	1182	96.88	17080301	15540809	IV	I
7359973	7361291	5607889	5606567	1319	1323	97.81	17080301	15540809	IV	I
7359977	7361293	15259542	15258222	1317	1321	98.18	17080301	17080301	IV	IV
7359978	7361293	7266748	7265431	1316	1318	97.95	17080301	14810976	IV	III
7359981	7361293	16556832	16555517	1313	1316	97.87	17080301	19933398	IV	V
7360111	7361293	5032896	5031712	1183	1185	98.40	17080301	17080301	IV	IV
7473463	7474492	3486307	3485300	1030	1008	91.60	17080301	17080301	IV	IV
7473464	7474859	6863915	6862633	1396	1283	87.54	17080301	15540809	IV	I
7488598	7490374	8263850	8262081	1777	1770	98.93	17080301	19933398	IV	V
7536230	7538001	7540032	7538262	1772	1771	99.72	17080301	17080301	IV	IV
7538262	7540032	7538001	7536230	1771	1772	99.72	17080301	17080301	IV	IV
7607888	7609492	7746165	7744548	1605	1618	92.57	17080301	17080301	IV	IV
7609693	7611769	7744159	7742079	2077	2081	98.22	17080301	17080301	IV	IV
7739041	7740433	11654549	11653173	1393	1377	93.12	17080301	14810976	IV	III
7739045	7740433	1282043	1280650	1389	1394	94.18	17080301	19933398	IV	V
7739046	7740433	3056758	3055378	1388	1381	96.26	17080301	16595099	IV	II
7739046	7740433	17779128	17777771	1388	1358	95.18	17080301	19933398	IV	V
7739107	7740433	12830858	12829514	1327	1345	92.26	17080301	15540809	IV	I
7739170	7740433	6175435	6174182	1264	1254	95.97	17080301	19933398	IV	V
7740817	7741881	10126230	10125063	1065	1168	89.16	17080301	17080301	IV	IV
7742078	7743289	8301240	8300025	1212	1216	96.06	17080301	17080301	IV	IV
7742079	7744159	7611769	7609693	2081	2077	98.22	17080301	17080301	IV	IV
7744548	7746165	7609492	7607888	1618	1605	92.06	17080301	17080301	IV	IV
7744812	7746188	8298142	8296779	1377	1364	95.01	17080301	17080301	IV	IV
7752432	7753674	13050930	13049573	1243	1358	88.67	17080301	17080301	IV	IV
7833574	7835598	3413727	3411761	2025	1967	95.32	17080301	19933398	IV	V
7991365	7992519	1841181	1840033	1155	1149	89.40	17080301	16595099	IV	II
7991365	7992507	8851456	8850321	1143	1136	91.88	17080301	16595099	IV	II
8039384	8040641	14734295	14733038	1258	1258	99.92	17080301	22220885	IV	X
8039388	8040641	8237991	8236738	1254	1254	100.00	17080301	17080301	IV	IV
8059515	8060774	8194166	8192907	1260	1260	99.60	17080301	14810976	IV	III
8059515	8060775	9966118	9964858	1261	1261	99.68	17080301	14810976	IV	III
8059518	8060775	15312065	15310808	1258	1258	99.52	17080301	16595099	IV	II
8059518	8060772	3434675	3433421	1255	1255	99.52	17080301	17080301	IV	IV
8059518	8060772	3864507	3863253	1255	1255	99.60	17080301	17080301	IV	IV
8063044	8064144	7509869	7508762	1101	1108	90.88	17080301	16595099	IV	II
8063044	8064096	13031419	13030363	1053	1057	91.34	17080301	17080301	IV	IV
8096571	8097847	8076425	8075170	1277	1256	92.96	17080301	22220885	IV	X
8096663	8097847	12934371	12933189	1185	1183	94.46	17080301	22220885	IV	X
8236738	8237991	8040641	8039388	1254	1254	100.00	17080301	17080301	IV	IV
8269308	8270566	14839668	14838407	1259	1262	79.67	17080301	22220885	IV	X
8269310	8270566	5269609	5268339	1257	1271	86.36	17080301	15540809	IV	I
8296779	8298142	7746188	7744812	1364	1377	95.01	17080301	17080301	IV	IV
8300025	8301240	7743289	7742078	1216	1212	96.06	17080301	17080301	IV	IV
8434421	8437964	8459865	8456311	3544	3555	99.49	17080301	17080301	IV	IV
8437964	8441073	8444668	8441551	3110	3118	99.68	17080301	17080301	IV	IV
8437964	8439191	8454405	8453178	1228	1228	99.92	17080301	17080301	IV	IV
8441551	8444668	8441073	8437964	3118	3110	99.68	17080301	17080301	IV	IV
8443235	8444679	8451172	8449727	1445	1446	99.86	17080301	17080301	IV	IV
8444601	8446925	8449860	8447536	2325	2325	99.74	17080301	17080301	IV	IV
8444612	8446925	8438086	8435773	2314	2314	99.70	17080301	17080301	IV	IV
8447536	8449860	8446925	8444601	2325	2325	99.74	17080301	17080301	IV	IV
8449727	8451172	8444679	8443235	1446	1445	99.86	17080301	17080301	IV	IV
8451173	8452287	8455583	8454470	1115	1114	99.10	17080301	17080301	IV	IV
8452120	8453177	8454450	8453393	1058	1058	99.91	17080301	17080301	IV	IV
8453393	8454450	8453177	8452120	1058	1058	99.91	17080301	17080301	IV	IV
8454470	8455583	8452287	8451173	1114	1115	99.10	17080301	17080301	IV	IV
8456311	8459865	8437964	8434421	3555	3544	99.49	17080301	17080301	IV	IV
8456311	8459118	8449727	8446924	2808	2804	97.73	17080301	17080301	IV	IV
8506911	8508027	8354826	8353706	1117	1121	94.59	17080301	14810976	IV	III
8568196	8569315	5435747	5434626	1120	1122	95.11	17080301	17080301	IV	IV
8568197	8569315	4192484	4191359	1119	1126	94.59	17080301	16595099	IV	II
8571092	8572351	3434675	3433416	1260	1260	99.37	17080301	17080301	IV	IV
8607183	8608333	9264745	9263608	1151	1138	94.37	17080301	17080301	IV	IV
8731242	8732384	6980373	6979212	1143	1162	93.27	17080301	15540809	IV	I
8938074	8939836	8941983	8940221	1763	1763	97.46	17080301	17080301	IV	IV
8940221	8941983	8939836	8938074	1763	1763	97.46	17080301	17080301	IV	IV
9049438	9050759	9893865	9892459	1322	1407	83.49	17080301	15540809	IV	I
9049438	9050632	4732503	4731225	1195	1279	83.49	17080301	14810976	IV	III
9050761	9051834	8343507	8342418	1074	1090	94.96	17080301	16595099	IV	II
9050761	9051830	7020221	7019151	1070	1071	94.07	17080301	17080301	IV	IV
9050762	9051837	2282045	2280953	1076	1093	93.97	17080301	14810976	IV	III
9050762	9051790	6534326	6533286	1029	1041	93.12	17080301	14810976	IV	III
9050765	9051834	10300452	10299374	1070	1079	93.55	17080301	17080301	IV	IV
9050765	9051839	21329808	21328738	1075	1071	96.10	17080301	22220885	IV	X
9050823	9051838	9299373	9298348	1016	1026	93.23	17080301	14810976	IV	III
9135849	9140138	9153096	9148807	4290	4290	99.95	17080301	17080301	IV	IV
9135857	9137562	6112662	6110943	1706	1720	98.14	17080301	19933398	IV	V
9139066	9140091	9144822	9143866	1026	957	86.37	17080301	17080301	IV	IV
9148807	9153096	9140138	9135849	4290	4290	99.95	17080301	17080301	IV	IV
9150348	9152352	9142143	9140138	2005	2006	99.90	17080301	17080301	IV	IV
9151865	9153099	18472881	18471640	1235	1242	98.39	17080301	19933398	IV	V
9151887	9153094	16105660	16104446	1208	1215	98.35	17080301	19933398	IV	V
9152000	9153090	2234654	2233556	1091	1099	97.36	17080301	17080301	IV	IV
9164320	9165602	4560790	4559530	1283	1261	88.82	17080301	19933398	IV	V
9164503	9165601	17400695	17399579	1099	1117	88.93	17080301	19933398	IV	V
9244870	9245887	15796107	15795085	1018	1023	97.07	17080301	19933398	IV	V
9244883	9245887	14486428	14485450	1005	979	94.75	17080301	15540809	IV	I
9244883	9245887	3524457	3523454	1005	1004	98.31	17080301	17080301	IV	IV
9244883	9245887	2731513	2730514	1005	1000	97.42	17080301	19933398	IV	V
9244883	9245887	13306469	13305463	1005	1007	97.52	17080301	19933398	IV	V
9244883	9245887	15453289	15452289	1005	1001	98.21	17080301	19933398	IV	V
9244883	9245887	14253887	14252882	1005	1006	98.51	17080301	22220885	IV	X
9244883	9245887	19225570	19224566	1005	1005	97.42	17080301	22220885	IV	X
9244883	9245887	22006736	22005732	1005	1005	98.02	17080301	22220885	IV	X
9248199	9249267	10723982	10722898	1069	1085	94.58	17080301	16595099	IV	II
9248199	9249262	5459675	5458611	1064	1065	93.80	17080301	17080301	IV	IV
9248199	9249262	6676132	6675062	1064	1071	94.15	17080301	17080301	IV	IV
9248199	9249272	7372114	7371030	1074	1085	95.76	17080301	17080301	IV	IV
9248203	9249262	1840864	1839794	1060	1071	93.05	17080301	16595099	IV	II
9248203	9249262	9265358	9264297	1060	1062	94.84	17080301	14810976	IV	III
9248208	9249262	2134107	2133043	1055	1065	94.56	17080301	19933398	IV	V
9257066	9258245	9258245	9257066	1180	1180	88.76	17080301	17080301	IV	IV
9263607	9264677	7409065	7408007	1071	1059	90.92	17080301	15540809	IV	I
9263607	9264736	7872670	7871550	1130	1121	90.78	17080301	15540809	IV	I
9263607	9264745	6881529	6880405	1139	1125	89.33	17080301	16595099	IV	II
9263607	9264745	6818444	6817311	1139	1134	89.26	17080301	14810976	IV	III
9263607	9264678	11421027	11419966	1072	1062	89.64	17080301	17080301	IV	IV
9263607	9264680	8961356	8960299	1074	1058	89.13	17080301	19933398	IV	V
9263607	9264736	9985047	9983937	1130	1111	89.47	17080301	19933398	IV	V
9263608	9264745	8608333	8607183	1138	1151	94.37	17080301	17080301	IV	IV
9556688	9557933	20354117	20352938	1246	1180	90.29	17080301	22220885	IV	X
9556689	9557924	2815874	2814672	1236	1203	83.63	17080301	19933398	IV	V
9556689	9557918	6196017	6194807	1230	1211	84.06	17080301	19933398	IV	V
9817308	9818317	14070189	14069190	1010	1000	95.58	17080301	17080301	IV	IV
9817308	9818317	493525	492508	1010	1018	93.35	17080301	22220885	IV	X
9817308	9818317	21935837	21934803	1010	1035	93.69	17080301	22220885	IV	X
9818319	9819356	9276311	9275281	1038	1031	89.42	17080301	15540809	IV	I
9897598	9899686	9435830	9433706	2089	2125	92.48	17080301	15540809	IV	I
9995025	9998527	721733	718206	3503	3528	98.07	17080301	22220885	IV	X
10029369	10030617	10033082	10031838	1249	1245	81.26	17080301	17080301	IV	IV
10031838	10033082	10030617	10029369	1245	1249	81.26	17080301	17080301	IV	IV
10053207	10054422	6282151	6280932	1216	1220	84.33	17080301	14810976	IV	III
10124944	10126524	10910397	10908816	1581	1582	97.98	17080301	14810976	IV	III
10125063	10126230	7741881	7740817	1168	1065	89.16	17080301	17080301	IV	IV
10127681	10129256	19535296	19533699	1576	1598	95.25	17080301	22220885	IV	X
10127682	10129869	9360471	9358280	2188	2192	97.32	17080301	14810976	IV	III
10128208	10129869	8183291	8181625	1662	1667	97.78	17080301	19933398	IV	V
10128241	10129278	5815793	5814779	1038	1015	94.90	17080301	14810976	IV	III
10145144	10146458	7710253	7708937	1315	1317	99.54	17080301	19933398	IV	V
10145151	10146458	7636844	7635537	1308	1308	99.77	17080301	22220885	IV	X
10181417	10182863	89302	87813	1447	1490	84.78	17080301	19933398	IV	V
10181714	10182863	4392091	4390945	1150	1147	87.98	17080301	19933398	IV	V
10299371	10300455	1343057	1341969	1085	1089	93.41	17080301	15540809	IV	I
10299374	10300452	13854190	13853109	1079	1082	92.19	17080301	17080301	IV	IV
10302180	10303194	2507690	2506654	1015	1037	93.08	17080301	17080301	IV	IV
10324926	10326667	9082285	9080559	1742	1727	88.81	17080301	14810976	IV	III
10337735	10338902	10340674	10339506	1168	1169	95.93	17080301	17080301	IV	IV
10339506	10340674	10338902	10337735	1169	1168	95.93	17080301	17080301	IV	IV
10754916	10756089	6314251	6313054	1174	1198	91.43	17080301	16595099	IV	II
10754916	10756463	13676892	13675319	1548	1574	88.88	17080301	22220885	IV	X
10754916	10756089	19402154	19401005	1174	1150	90.28	17080301	22220885	IV	X
10754935	10756089	10849104	10847947	1155	1158	92.85	17080301	14810976	IV	III
10775220	10776838	11854829	11853212	1619	1618	99.88	17080301	19933398	IV	V
10775220	10776840	16853819	16852200	1621	1620	99.08	17080301	19933398	IV	V
10787908	10789174	15617546	15616276	1267	1271	88.88	17080301	19933398	IV	V
10787915	10789175	5021103	5019848	1261	1256	82.08	17080301	15540809	IV	I
10850393	10851459	6818441	6817381	1067	1061	90.73	17080301	14810976	IV	III
10850394	10851517	7365868	7364749	1124	1120	91.02	17080301	15540809	IV	I
10850394	10851455	7872666	7871612	1062	1055	91.76	17080301	15540809	IV	I
10850394	10851778	11421023	11419653	1385	1371	90.94	17080301	17080301	IV	IV
10868441	10869823	10873100	10871720	1383	1381	92.41	17080301	17080301	IV	IV
10871720	10873100	10869823	10868441	1381	1383	92.41	17080301	17080301	IV	IV
10879837	10881061	17296139	17294891	1225	1249	86.24	17080301	22220885	IV	X
10910489	10911504	8926784	8925775	1016	1010	93.92	17080301	14810976	IV	III
10910489	10911504	16155192	16154179	1016	1014	95.68	17080301	19933398	IV	V
10950278	10951511	3171638	3170405	1234	1234	99.68	17080301	17080301	IV	IV
10950285	10951509	5621003	5619780	1225	1224	99.84	17080301	14810976	IV	III
10955890	10957089	3253021	3251828	1200	1194	96.18	17080301	14810976	IV	III
10955890	10957094	11404073	11402871	1205	1203	97.02	17080301	17080301	IV	IV
10955987	10957093	18027529	18026457	1107	1073	94.13	17080301	19933398	IV	V
11212115	11213316	6613850	6612652	1202	1199	96.11	17080301	17080301	IV	IV
11212115	11213312	11404073	11402876	1198	1198	98.50	17080301	17080301	IV	IV
11266418	11268268	5607888	5606035	1851	1854	98.27	17080301	15540809	IV	I
11266418	11267957	16387112	16385572	1540	1541	98.31	17080301	16595099	IV	II
11266422	11268324	15259541	15257636	1903	1906	97.38	17080301	17080301	IV	IV
11266556	11269680	5032896	5029786	3125	3111	97.03	17080301	17080301	IV	IV
11266857	11268268	10069121	10067710	1412	1412	95.40	17080301	19933398	IV	V
11267632	11268861	8573304	8572075	1230	1230	97.24	17080301	15540809	IV	I
11352065	11353831	6042224	6040484	1767	1741	88.76	17080301	19933398	IV	V
11356862	11359141	15504598	15502321	2280	2278	97.15	17080301	19933398	IV	V
11402871	11404073	10957094	10955890	1203	1205	97.02	17080301	17080301	IV	IV
11402871	11404073	13261962	13260761	1203	1202	97.51	17080301	22220885	IV	X
11402871	11404071	17687049	17685849	1201	1201	97.60	17080301	22220885	IV	X
11402873	11404077	7404743	7403534	1205	1210	98.10	17080301	22220885	IV	X
11402876	11404073	3269868	3268669	1198	1200	97.43	17080301	14810976	IV	III
11402876	11404073	11213312	11212115	1198	1198	98.50	17080301	17080301	IV	IV
11402876	11404073	16126202	16125022	1198	1181	95.52	17080301	22220885	IV	X
11419653	11421023	10851778	10850394	1371	1385	90.94	17080301	17080301	IV	IV
11419978	11421055	6805366	6804285	1078	1082	91.90	17080301	16595099	IV	II
11421596	11423186	7185894	7184329	1591	1566	94.80	17080301	16595099	IV	II
11427284	11428736	16155131	16153679	1453	1453	94.32	17080301	19933398	IV	V
11429008	11430314	12542825	12541519	1307	1307	99.77	17080301	16595099	IV	II
11429008	11430318	4594139	4592829	1311	1311	99.69	17080301	14810976	IV	III
11429008	11430315	3859855	3858548	1308	1308	99.85	17080301	17080301	IV	IV
11429008	11430317	15459216	15457907	1310	1310	99.85	17080301	17080301	IV	IV
11496959	11499964	11504742	11501737	3006	3006	99.80	17080301	17080301	IV	IV
11501737	11504742	11499964	11496959	3006	3006	99.80	17080301	17080301	IV	IV
11614388	11615652	4213937	4212672	1265	1266	99.84	17080301	17080301	IV	IV
11614389	11615646	5194303	5193046	1258	1258	99.92	17080301	16595099	IV	II
11614389	11615647	13077934	13076685	1259	1250	99.13	17080301	16595099	IV	II
11614392	11615646	13220292	13219038	1255	1255	99.92	17080301	17080301	IV	IV
11614392	11615648	14920024	14918768	1257	1257	100.00	17080301	22220885	IV	X
11614393	11615657	12054296	12053032	1265	1265	99.84	17080301	15540809	IV	I
11614393	11615649	1734291	1733035	1257	1257	99.92	17080301	17080301	IV	IV
11618723	11619979	10540207	10538951	1257	1257	100.00	17080301	15540809	IV	I
11618724	11619979	6396664	6395409	1256	1256	100.00	17080301	16595099	IV	II
11618726	11619981	6480615	6479360	1256	1256	100.00	17080301	16595099	IV	II
11618726	11619990	13713864	13712600	1265	1265	99.53	17080301	14810976	IV	III
11618726	11619991	3213809	3212545	1266	1265	99.76	17080301	17080301	IV	IV
11618726	11619982	14611236	14609980	1257	1257	99.84	17080301	22220885	IV	X
11618726	11619980	15284284	15283030	1255	1255	100.00	17080301	22220885	IV	X
11648338	11649394	7765994	7764838	1057	1157	87.36	17080301	15540809	IV	I
11648338	11649460	9237087	9235901	1123	1187	88.60	17080301	17080301	IV	IV
11648338	11650246	13076701	13074784	1909	1918	92.67	17080301	17080301	IV	IV
11866609	11867625	14486432	14485444	1017	989	94.01	17080301	15540809	IV	I
11866609	11867624	13306473	13305458	1016	1016	96.26	17080301	19933398	IV	V
11866611	11867623	2731515	2730510	1013	1006	96.75	17080301	19933398	IV	V
11866611	11867622	15453291	15452286	1012	1006	96.64	17080301	19933398	IV	V
11866611	11867623	15796093	15795081	1013	1013	97.24	17080301	19933398	IV	V
11866611	11867623	19225572	19224562	1013	1011	97.04	17080301	22220885	IV	X
11937876	11939310	6085513	6084078	1435	1436	95.62	17080301	22220885	IV	X
11938052	11939307	8079989	8078742	1256	1248	92.70	17080301	22220885	IV	X
11938278	11939307	6418153	6417128	1030	1026	94.40	17080301	17080301	IV	IV
11938278	11939307	54692	53659	1030	1034	93.84	17080301	22220885	IV	X
11987943	11989325	13102114	13100659	1383	1456	88.92	17080301	17080301	IV	IV
12003470	12004728	4882006	4880748	1259	1259	99.84	17080301	17080301	IV	IV
12016033	12017456	12020330	12018821	1424	1510	93.91	17080301	17080301	IV	IV
12018821	12020330	12017456	12016033	1510	1424	93.91	17080301	17080301	IV	IV
12071760	12073247	12101457	12099941	1488	1517	85.32	17080301	17080301	IV	IV
12073854	12074997	10771694	10770556	1144	1139	95.81	17080301	19933398	IV	V
12073904	12074920	5574287	5573275	1017	1013	97.64	17080301	17080301	IV	IV
12073904	12074935	12102603	12101578	1032	1026	99.03	17080301	17080301	IV	IV
12073905	12074934	4067746	4066714	1030	1033	93.45	17080301	14810976	IV	III
12073906	12074934	16156312	16155287	1029	1026	97.86	17080301	17080301	IV	IV
12073906	12074935	6555380	6554339	1030	1042	94.77	17080301	19933398	IV	V
12073906	12074934	17048916	17047889	1029	1028	97.67	17080301	19933398	IV	V
12094840	12095886	11870905	11869859	1047	1047	95.24	17080301	22220885	IV	X
12094899	12095959	14008786	14007735	1061	1052	95.68	17080301	19933398	IV	V
12099941	12101457	12073247	12071760	1517	1488	85.32	17080301	17080301	IV	IV
12100058	12101161	12333115	12332002	1104	1114	81.36	17080301	17080301	IV	IV
12101578	12102601	14207069	14206039	1024	1031	97.20	17080301	14810976	IV	III
12101578	12102603	12074935	12073904	1026	1032	99.03	17080301	17080301	IV	IV
12101578	12102601	15951588	15950561	1024	1028	97.57	17080301	19933398	IV	V
12101579	12102601	5008445	5007421	1023	1025	97.37	17080301	15540809	IV	I
12101579	12102601	869063	868031	1023	1033	95.85	17080301	16595099	IV	II
12101579	12102602	14252573	14251529	1024	1045	94.94	17080301	16595099	IV	II
12101579	12102601	3634474	3633464	1023	1011	95.53	17080301	14810976	IV	III
12101579	12102601	16877654	16876628	1023	1027	97.57	17080301	19933398	IV	V
12106011	12107405	1841182	1839783	1395	1400	91.56	17080301	16595099	IV	II
12106012	12107262	8851456	8850196	1251	1261	93.46	17080301	16595099	IV	II
12106013	12107394	2796916	2795554	1382	1363	91.65	17080301	17080301	IV	IV
12106013	12107399	3782728	3781342	1387	1387	91.49	17080301	17080301	IV	IV
12106013	12107394	7372415	7371040	1382	1376	92.72	17080301	17080301	IV	IV
12106057	12107394	9265612	9264296	1338	1317	92.38	17080301	14810976	IV	III
12106110	12107395	6676353	6675060	1286	1294	92.55	17080301	17080301	IV	IV
12106342	12107394	9681192	9680170	1053	1023	90.23	17080301	19933398	IV	V
12118506	12120422	14463890	14462024	1917	1867	97.08	17080301	16595099	IV	II
12163485	12164741	388983	387727	1257	1257	99.68	17080301	19933398	IV	V
12163485	12164750	17227477	17226213	1266	1265	99.68	17080301	19933398	IV	V
12163488	12164741	12211021	12209768	1254	1254	100.00	17080301	17080301	IV	IV
12209768	12211021	12164741	12163488	1254	1254	100.00	17080301	17080301	IV	IV
12309187	12310473	21984002	21982719	1287	1284	98.91	17080301	22220885	IV	X
12326600	12327860	8194170	8192910	1261	1261	99.60	17080301	14810976	IV	III
12326607	12327863	3036113	3034857	1257	1257	99.76	17080301	19933398	IV	V
12332002	12333115	12101161	12100058	1114	1104	81.36	17080301	17080301	IV	IV
12397001	12398153	992946	991824	1153	1123	93.47	17080301	15540809	IV	I
12425518	12426810	5925920	5924641	1293	1280	92.15	17080301	17080301	IV	IV
12425519	12426809	12446120	12444827	1291	1294	97.45	17080301	17080301	IV	IV
12444826	12445833	6157986	6156979	1008	1008	89.72	17080301	15540809	IV	I
12444827	12446120	12426809	12425519	1294	1291	97.45	17080301	17080301	IV	IV
12444827	12445879	7281033	7279979	1053	1055	96.12	17080301	19933398	IV	V
12444827	12446119	1657054	1655771	1293	1284	90.89	17080301	22220885	IV	X
12465980	12467025	3395706	3394659	1046	1048	93.71	17080301	16595099	IV	II
12538730	12540197	8103613	8102256	1468	1358	87.35	17080301	14810976	IV	III
12538732	12539824	6136529	6135409	1093	1121	91.53	17080301	19933398	IV	V
12598828	12600978	402234	400087	2151	2148	98.74	17080301	16595099	IV	II
12598828	12600917	2485407	2483321	2090	2087	98.80	17080301	16595099	IV	II
12598828	12600979	10837678	10835530	2152	2149	98.56	17080301	14810976	IV	III
12598828	12600978	13193977	13191830	2151	2148	98.74	17080301	19933398	IV	V
12703272	12704428	11837139	11835986	1157	1154	97.75	17080301	19933398	IV	V
12704427	12705549	9446735	9445613	1123	1123	99.38	17080301	15540809	IV	I
12704432	12705549	2820886	2819768	1118	1119	99.37	17080301	16595099	IV	II
12704432	12705549	14684337	14683220	1118	1118	99.46	17080301	22220885	IV	X
12720720	12722329	6118308	6116693	1610	1616	99.32	17080301	15540809	IV	I
12720720	12722339	13189642	13188019	1620	1624	98.46	17080301	15540809	IV	I
12742739	12743799	16107487	16106453	1061	1035	90.76	17080301	22220885	IV	X
12788821	12790107	16479778	16478506	1287	1273	96.05	17080301	16595099	IV	II
12788840	12790104	12754156	12752896	1265	1261	97.01	17080301	16595099	IV	II
12914437	12916002	13924069	13922504	1566	1566	99.17	17080301	16595099	IV	II
12914437	12916007	7514124	7512551	1571	1574	98.54	17080301	19933398	IV	V
12927461	12928729	653317	652056	1269	1262	91.27	17080301	19933398	IV	V
12927464	12928729	9682045	9680761	1266	1285	94.20	17080301	14810976	IV	III
12953775	12954805	5241416	5240369	1031	1048	91.70	17080301	16595099	IV	II
12953775	12954798	10982919	10981889	1024	1031	91.35	17080301	16595099	IV	II
12956015	12957032	13806916	13805942	1018	975	93.43	17080301	16595099	IV	II
12972672	12973794	6282186	6281070	1123	1117	87.18	17080301	14810976	IV	III
12996064	12997137	3021339	3020266	1074	1074	85.95	17080301	19933398	IV	V
12996094	12997134	15016111	15015069	1041	1043	89.10	17080301	19933398	IV	V
12996094	12997136	15017911	15016869	1043	1043	88.43	17080301	19933398	IV	V
12996094	12997136	15020617	15019573	1043	1045	89.22	17080301	19933398	IV	V
12996094	12997136	15023193	15022151	1043	1043	88.52	17080301	19933398	IV	V
12996094	12997136	15023537	15022479	1043	1059	87.85	17080301	19933398	IV	V
12996108	12997136	15012693	15011665	1029	1029	90.10	17080301	19933398	IV	V
12996109	12997136	15014814	15013771	1028	1044	87.94	17080301	19933398	IV	V
13030363	13031431	12638748	12637708	1069	1041	90.10	17080301	16595099	IV	II
13030363	13031419	8064096	8063044	1057	1053	91.34	17080301	17080301	IV	IV
13030370	13031431	10842750	10841686	1062	1065	91.67	17080301	14810976	IV	III
13030370	13031430	5178611	5177559	1061	1053	91.36	17080301	19933398	IV	V
13049573	13050724	7753674	7752575	1152	1100	92.19	17080301	17080301	IV	IV
13060106	13061447	12830870	12829513	1342	1358	93.11	17080301	15540809	IV	I
13060118	13061446	298790	297469	1329	1322	94.47	17080301	15540809	IV	I
13060118	13061446	1281981	1280650	1329	1332	95.67	17080301	19933398	IV	V
13060140	13061447	11654482	11653172	1308	1311	95.36	17080301	14810976	IV	III
13060181	13061446	6175435	6174182	1266	1254	93.50	17080301	19933398	IV	V
13074784	13076701	11650246	11648338	1918	1909	92.67	17080301	17080301	IV	IV
13100659	13102114	11989325	11987943	1456	1383	88.92	17080301	17080301	IV	IV
13100942	13102116	2592930	2591784	1175	1147	90.93	17080301	16595099	IV	II
13128828	13130174	12830871	12829514	1347	1358	93.47	17080301	15540809	IV	I
13128841	13130175	1281981	1280649	1335	1333	95.67	17080301	19933398	IV	V
13128904	13130175	6175435	6174181	1272	1255	93.88	17080301	19933398	IV	V
13158529	13160069	14429720	14428174	1541	1547	88.65	17080301	16595099	IV	II
13158530	13160068	12833032	12831495	1539	1538	96.89	17080301	19933398	IV	V
13158531	13160500	254665	252665	1970	2001	93.88	17080301	17080301	IV	IV
13158533	13160498	321079	319093	1966	1987	93.81	17080301	17080301	IV	IV
13158533	13160499	14367654	14365695	1967	1960	95.91	17080301	17080301	IV	IV
13158650	13160510	9868183	9866301	1861	1883	93.17	17080301	14810976	IV	III
13161624	13162883	7757295	7756036	1260	1260	99.84	17080301	19933398	IV	V
13161626	13162881	15111336	15110081	1256	1256	100.00	17080301	22220885	IV	X
13161627	13162883	13378167	13376911	1257	1257	99.76	17080301	14810976	IV	III
13165161	13166411	5842661	5841410	1251	1252	93.80	17080301	22220885	IV	X
13200646	13202227	2099075	2097489	1582	1587	88.40	17080301	17080301	IV	IV
13200646	13202227	4733256	4731677	1582	1580	89.61	17080301	17080301	IV	IV
13200646	13202234	18932179	18930615	1589	1565	86.05	17080301	22220885	IV	X
13200647	13202227	12151571	12149998	1581	1574	89.36	17080301	15540809	IV	I
13200647	13202229	12834015	12832445	1583	1571	87.61	17080301	14810976	IV	III
13200647	13202200	602587	601037	1554	1551	90.26	17080301	19933398	IV	V
13200647	13202216	6203748	6202252	1570	1497	90.66	17080301	19933398	IV	V
13200647	13202227	21930598	21929031	1581	1568	93.09	17080301	22220885	IV	X
13200718	13201808	3643451	3642378	1091	1074	87.90	17080301	17080301	IV	IV
13201210	13202227	930294	929284	1018	1011	88.58	17080301	17080301	IV	IV
13219033	13220291	6095155	6093897	1259	1259	99.68	17080301	22220885	IV	X
13221800	13223119	22050440	22049136	1320	1305	95.69	17080301	22220885	IV	X
13267343	13268600	4950710	4949453	1258	1258	99.68	17080301	17080301	IV	IV
13267343	13268600	11841216	11839959	1258	1258	99.92	17080301	19933398	IV	V
13267345	13268602	2185376	2184119	1258	1258	99.92	17080301	17080301	IV	IV
13267347	13268604	12599773	12598516	1258	1258	99.76	17080301	16595099	IV	II
13267347	13268602	12665624	12664369	1256	1256	99.84	17080301	16595099	IV	II
13336433	13337503	2276451	2275422	1071	1030	92.74	17080301	22220885	IV	X
13408339	13409524	12377147	12375951	1186	1197	95.34	17080301	14810976	IV	III
13408343	13409520	6897454	6896299	1178	1156	93.98	17080301	22220885	IV	X
13452155	13453814	1508109	1506459	1660	1651	92.53	17080301	15540809	IV	I
13452155	13453854	1809982	1808300	1700	1683	95.24	17080301	16595099	IV	II
13452155	13454372	14706848	14704641	2218	2208	91.71	17080301	16595099	IV	II
13452155	13454372	15323503	15321256	2218	2248	90.48	17080301	16595099	IV	II
13452155	13454372	15324963	15322722	2218	2242	90.66	17080301	16595099	IV	II
13452155	13454314	15335698	15333550	2160	2149	90.96	17080301	16595099	IV	II
13452155	13454363	15548347	15546143	2209	2205	92.42	17080301	16595099	IV	II
13452155	13454372	15549076	15546870	2218	2207	91.75	17080301	16595099	IV	II
13452155	13454365	15551757	15549558	2211	2200	91.86	17080301	16595099	IV	II
13452155	13454372	15553005	15550783	2218	2223	90.56	17080301	16595099	IV	II
13452155	13454365	14993708	14991511	2211	2198	93.89	17080301	17080301	IV	IV
13452155	13454065	16064999	16063096	1911	1904	93.55	17080301	17080301	IV	IV
13452155	13454361	16070069	16067903	2207	2167	95.43	17080301	17080301	IV	IV
13452155	13454372	16074321	16072128	2218	2194	96.39	17080301	17080301	IV	IV
13452155	13454372	16078692	16076512	2218	2181	95.72	17080301	17080301	IV	IV
13452156	13454363	15320315	15318148	2208	2168	88.38	17080301	16595099	IV	II
13452162	13454372	1509247	1507032	2211	2216	92.36	17080301	15540809	IV	I
13452164	13453568	14991437	14990056	1405	1382	93.10	17080301	17080301	IV	IV
13452175	13454372	15321630	15319394	2198	2237	91.45	17080301	16595099	IV	II
13452356	13454132	13903652	13901887	1777	1766	94.54	17080301	16595099	IV	II
13452461	13454362	15325842	15323948	1902	1895	91.39	17080301	16595099	IV	II
13452461	13454362	15336577	15334684	1902	1894	91.38	17080301	16595099	IV	II
13453000	13454372	15662831	15661435	1373	1397	94.67	17080301	17080301	IV	IV
13453280	13454372	1509877	1508792	1093	1086	93.51	17080301	15540809	IV	I
13494596	13496568	1307252	1305280	1973	1973	92.50	17080301	15540809	IV	I
13494596	13496568	16763010	16761022	1973	1989	90.91	17080301	19933398	IV	V
13494596	13496568	16766514	16764534	1973	1981	91.08	17080301	19933398	IV	V
13494598	13496568	1309621	1307647	1971	1975	92.73	17080301	15540809	IV	I
13494598	13496564	16768208	16766242	1967	1967	90.87	17080301	19933398	IV	V
13494910	13495965	16580092	16579037	1056	1056	95.45	17080301	17080301	IV	IV
13495270	13496324	16580092	16579038	1055	1055	94.98	17080301	17080301	IV	IV
13495523	13496568	1309560	1308519	1046	1042	92.37	17080301	15540809	IV	I
13510101	13512208	14027343	14025235	2108	2109	93.18	17080301	16595099	IV	II
13565640	13566670	7970040	7969087	1031	954	80.52	17080301	19933398	IV	V
13575166	13576423	6396666	6395409	1258	1258	99.68	17080301	16595099	IV	II
13575170	13576429	10408252	10406993	1260	1260	99.60	17080301	14810976	IV	III
13611917	13613585	7086919	7085255	1669	1665	98.68	17080301	19933398	IV	V
13612123	13615432	20392748	20389442	3310	3307	96.84	17080301	22220885	IV	X
13703969	13705229	5009862	5008591	1261	1272	86.78	17080301	16595099	IV	II
13703969	13705229	10248651	10247441	1261	1211	85.61	17080301	16595099	IV	II
13721800	13722861	13510435	13509368	1062	1068	92.30	17080301	14810976	IV	III
13724474	13725491	15796096	15795079	1018	1018	96.37	17080301	19933398	IV	V
13724478	13725488	3524458	3523451	1011	1008	96.84	17080301	17080301	IV	IV
13724478	13725489	13306470	13305459	1012	1012	96.15	17080301	19933398	IV	V
13724478	13725488	15453290	15452286	1011	1005	96.74	17080301	19933398	IV	V
13724478	13725497	14253888	14252872	1020	1017	96.96	17080301	22220885	IV	X
13724478	13725490	19225571	19224561	1013	1011	96.35	17080301	22220885	IV	X
13724478	13725487	22006737	22005730	1010	1008	96.64	17080301	22220885	IV	X
13730230	13731490	13563734	13562474	1261	1261	99.84	17080301	22220885	IV	X
13730233	13731492	14004815	14003556	1260	1260	99.92	17080301	16595099	IV	II
13730236	13731498	14947246	14945985	1263	1262	99.84	17080301	19933398	IV	V
13730237	13731492	662296	661041	1256	1256	100.00	17080301	16595099	IV	II
13730237	13731494	15560651	15559394	1258	1258	99.84	17080301	19933398	IV	V
13731528	13732707	13735029	13733848	1180	1182	98.48	17080301	17080301	IV	IV
13733848	13735029	13732707	13731528	1182	1180	98.48	17080301	17080301	IV	IV
13741272	13742325	16067149	16066108	1054	1042	92.37	17080301	17080301	IV	IV
13741273	13742325	16068799	16067790	1053	1010	91.36	17080301	17080301	IV	IV
13741273	13742325	16076897	16075849	1053	1049	94.30	17080301	17080301	IV	IV
13741275	13742325	14992031	14990990	1051	1042	92.20	17080301	17080301	IV	IV
13741275	13742325	14993207	14992165	1051	1043	91.82	17080301	17080301	IV	IV
13741276	13742325	16015516	16014467	1050	1050	92.76	17080301	16595099	IV	II
13819895	13820939	3461761	3460792	1045	970	85.39	17080301	17080301	IV	IV
13819895	13820939	20206241	20205198	1045	1044	94.08	17080301	22220885	IV	X
13853104	13854193	2570444	2569357	1090	1088	95.99	17080301	15540809	IV	I
13853106	13854193	8343506	8342415	1088	1092	93.61	17080301	16595099	IV	II
13853109	13854190	10300452	10299374	1082	1079	92.19	17080301	17080301	IV	IV
13853109	13854190	6922614	6921533	1082	1082	96.50	17080301	19933398	IV	V
13889499	13890612	2353636	2352471	1114	1166	93.92	17080301	22220885	IV	X
13931580	13934184	13936957	13934355	2605	2603	97.79	17080301	17080301	IV	IV
13934355	13936957	13934184	13931580	2603	2605	97.79	17080301	17080301	IV	IV
13944942	13951256	13957704	13951392	6315	6313	99.83	17080301	17080301	IV	IV
13951392	13957704	13951256	13944942	6313	6315	99.83	17080301	17080301	IV	IV
13984726	13986379	15772482	15770829	1654	1654	99.70	17080301	19933398	IV	V
13984727	13986382	14326361	14324706	1656	1656	99.58	17080301	14810976	IV	III
13984727	13986375	3064582	3062942	1649	1641	99.21	17080301	19933398	IV	V
13984728	13986376	21992012	21990364	1649	1649	99.70	17080301	22220885	IV	X
14005862	14008521	14017891	14015231	2660	2661	99.89	17080301	17080301	IV	IV
14015231	14017891	14008521	14005862	2661	2660	99.89	17080301	17080301	IV	IV
14033653	14034909	13306149	13304893	1257	1257	99.84	17080301	16595099	IV	II
14033653	14034909	14532063	14530807	1257	1257	99.92	17080301	14810976	IV	III
14033653	14034909	2287347	2286091	1257	1257	99.84	17080301	17080301	IV	IV
14033653	14034910	3536789	3535532	1258	1258	99.84	17080301	17080301	IV	IV
14069185	14070755	16681140	16679542	1571	1599	94.37	17080301	19933398	IV	V
14069190	14070755	5573122	5571513	1566	1610	95.22	17080301	22220885	IV	X
14096468	14097991	5714661	5713131	1524	1531	98.11	17080301	19933398	IV	V
14098014	14099685	3354674	3353005	1672	1670	97.73	17080301	19933398	IV	V
14101746	14103335	5716281	5714715	1590	1567	93.89	17080301	19933398	IV	V
14105063	14106195	14110891	14109759	1133	1133	100.00	17080301	17080301	IV	IV
14109434	14110891	14106598	14105063	1458	1536	92.90	17080301	17080301	IV	IV
14170032	14177693	14727775	14720078	7662	7698	90.42	17080301	16595099	IV	II
14170033	14175928	14723316	14717498	5896	5819	90.36	17080301	16595099	IV	II
14170033	14177694	14733722	14726068	7662	7655	91.60	17080301	16595099	IV	II
14170033	14177693	14737757	14730180	7661	7578	91.29	17080301	16595099	IV	II
14170033	14177693	14759375	14751736	7661	7640	89.89	17080301	16595099	IV	II
14170033	14177695	14784059	14776272	7663	7788	89.55	17080301	16595099	IV	II
14170049	14173301	14757016	14753732	3253	3285	89.99	17080301	16595099	IV	II
14170049	14177693	14767911	14760199	7645	7713	89.88	17080301	16595099	IV	II
14170052	14177557	14729543	14722144	7506	7400	91.07	17080301	16595099	IV	II
14170052	14177693	14744096	14736493	7642	7604	90.63	17080301	16595099	IV	II
14170052	14176581	14749314	14742914	6530	6401	89.80	17080301	16595099	IV	II
14170052	14177695	14755848	14748202	7644	7647	90.07	17080301	16595099	IV	II
14170946	14177693	12214174	12207395	6748	6780	89.45	17080301	15540809	IV	I
14171844	14173368	15296657	15295088	1525	1570	90.64	17080301	17080301	IV	IV
14175465	14177389	11942035	11940103	1925	1933	93.22	17080301	14810976	IV	III
14246453	14250882	2336308	2331880	4430	4429	99.66	17080301	16595099	IV	II
14246453	14251714	12452492	12447232	5262	5261	99.62	17080301	14810976	IV	III
14246453	14249182	2820810	2818082	2730	2729	99.71	17080301	17080301	IV	IV
14250497	14251715	11266393	11265176	1219	1218	99.59	17080301	15540809	IV	I
14365695	14367654	8098327	8096367	1960	1961	96.87	17080301	15540809	IV	I
14365695	14367654	13160499	13158533	1960	1967	95.91	17080301	17080301	IV	IV
14365696	14367654	8582321	8580363	1959	1959	97.16	17080301	14810976	IV	III
14365696	14367654	9267624	9265609	1959	2016	91.94	17080301	14810976	IV	III
14366209	14367654	7066223	7064783	1446	1441	97.79	17080301	19933398	IV	V
14394954	14396128	1522401	1521227	1175	1175	91.15	17080301	15540809	IV	I
14394954	14396128	1523057	1521883	1175	1175	90.55	17080301	15540809	IV	I
14394954	14396127	1524097	1522924	1174	1174	90.29	17080301	15540809	IV	I
14394954	14396128	1525193	1524019	1175	1175	90.21	17080301	15540809	IV	I
14394954	14396128	12680447	12679267	1175	1181	92.30	17080301	15540809	IV	I
14394954	14396128	15598523	15597349	1175	1175	91.07	17080301	16595099	IV	II
14394954	14396129	15599027	15597852	1176	1176	90.91	17080301	16595099	IV	II
14394954	14396128	12341212	12340038	1175	1175	92.94	17080301	14810976	IV	III
14394954	14396125	15153995	15152823	1172	1173	91.82	17080301	17080301	IV	IV
14394954	14396134	16080690	16079520	1181	1171	93.11	17080301	17080301	IV	IV
14394955	14396128	14673310	14672113	1174	1198	89.82	17080301	16595099	IV	II
14394956	14396128	1526140	1524967	1173	1174	94.22	17080301	16595099	IV	II
14394981	14396128	3498617	3497470	1148	1148	93.82	17080301	19933398	IV	V
14395002	14396128	14663680	14662556	1127	1125	92.47	17080301	16595099	IV	II
14410674	14411970	14681765	14680445	1297	1321	95.08	17080301	17080301	IV	IV
14410830	14411970	14838194	14837053	1141	1142	98.51	17080301	16595099	IV	II
14457274	14459401	15218018	15215896	2128	2123	94.80	17080301	17080301	IV	IV
14457403	14458707	3550236	3548932	1305	1305	95.72	17080301	19933398	IV	V
14458398	14459836	2637134	2635696	1439	1439	96.66	17080301	16595099	IV	II
14548550	14550631	12910339	12908258	2082	2082	80.35	17080301	15540809	IV	I
14548550	14550151	3073572	3071970	1602	1603	92.65	17080301	14810976	IV	III
14548550	14550637	3076527	3074443	2088	2085	89.06	17080301	14810976	IV	III
14548550	14550637	3079216	3077129	2088	2088	89.40	17080301	14810976	IV	III
14548550	14550631	3107702	3105633	2082	2070	78.72	17080301	14810976	IV	III
14548854	14550631	3334017	3332236	1778	1782	81.04	17080301	14810976	IV	III
14549358	14550631	14027122	14025849	1274	1274	82.31	17080301	16595099	IV	II
14549358	14550631	18487275	18486029	1274	1247	82.85	17080301	19933398	IV	V
14549361	14550631	3107572	3106305	1271	1268	81.91	17080301	14810976	IV	III
14549381	14550635	2177697	2176381	1255	1317	81.27	17080301	16595099	IV	II
14559278	14562365	15537982	15534893	3088	3090	94.43	17080301	16595099	IV	II
14559278	14562370	15539910	15536815	3093	3096	93.35	17080301	16595099	IV	II
14560492	14561998	17518000	17516491	1507	1510	96.16	17080301	19933398	IV	V
14560916	14562349	17518000	17516566	1434	1435	97.28	17080301	19933398	IV	V
14567445	14568489	13902930	13901887	1045	1044	94.16	17080301	16595099	IV	II
14567445	14568577	14661810	14660681	1133	1130	89.76	17080301	16595099	IV	II
14567445	14568577	16651690	16650556	1133	1135	93.22	17080301	19933398	IV	V
14567445	14568577	18387729	18386589	1133	1141	91.67	17080301	19933398	IV	V
14573287	14574935	4304472	4302855	1649	1618	93.77	17080301	16595099	IV	II
14575547	14576749	4302817	4301554	1203	1264	91.99	17080301	16595099	IV	II
14631503	14632945	12395789	12394350	1443	1440	99.38	17080301	15540809	IV	I
14631505	14633222	540904	539153	1718	1752	96.69	17080301	16595099	IV	II
14631505	14633222	541725	539979	1718	1747	96.91	17080301	16595099	IV	II
14631881	14633222	542797	541437	1342	1361	97.58	17080301	16595099	IV	II
14632134	14633728	14637530	14635939	1595	1592	94.45	17080301	17080301	IV	IV
14632161	14633222	542797	541721	1062	1077	97.68	17080301	16595099	IV	II
14635939	14637530	14633728	14632134	1592	1595	94.45	17080301	17080301	IV	IV
14636422	14637429	12585433	12584421	1008	1013	93.31	17080301	15540809	IV	I
14636422	14637530	12586265	12585150	1109	1116	93.73	17080301	15540809	IV	I
14636433	14637530	2036333	2035229	1098	1105	92.13	17080301	15540809	IV	I
14636433	14637530	12587959	12586862	1098	1098	93.90	17080301	15540809	IV	I
14636433	14637530	1879519	1878414	1098	1106	92.59	17080301	16595099	IV	II
14636433	14637530	1880079	1878990	1098	1090	92.99	17080301	16595099	IV	II
14636433	14637530	1880847	1879750	1098	1098	93.53	17080301	16595099	IV	II
14636433	14637530	1881199	1880094	1098	1106	93.04	17080301	16595099	IV	II
14636433	14637530	1881711	1880614	1098	1098	93.04	17080301	16595099	IV	II
14660470	14661539	14681408	14680330	1070	1079	95.74	17080301	17080301	IV	IV
14660470	14661551	16499036	16497955	1082	1082	96.59	17080301	19933398	IV	V
14660500	14661551	3562231	3561178	1052	1054	92.92	17080301	15540809	IV	I
14680330	14681408	14661539	14660470	1079	1070	95.74	17080301	17080301	IV	IV
14806358	14807611	14064712	14063459	1254	1254	99.76	17080301	16595099	IV	II
14806358	14807611	16162363	16161110	1254	1254	99.84	17080301	19933398	IV	V
14913374	14914724	14916909	14915559	1351	1351	98.00	17080301	17080301	IV	IV
14915559	14916909	14914724	14913374	1351	1351	98.00	17080301	17080301	IV	IV
14951511	14952526	6019899	6018916	1016	984	91.83	17080301	15540809	IV	I
14951511	14952526	6288250	6287257	1016	994	92.72	17080301	19933398	IV	V
14951511	14952526	6309234	6308250	1016	985	90.65	17080301	19933398	IV	V
14990056	14991079	13742323	13741276	1024	1048	91.13	17080301	17080301	IV	IV
14991721	14993563	3333975	3332129	1843	1847	92.60	17080301	14810976	IV	III
15143791	15146308	1529317	1526802	2518	2516	89.85	17080301	15540809	IV	I
15143791	15147645	1529933	1526049	3855	3885	89.44	17080301	15540809	IV	I
15143791	15147645	14670959	14667079	3855	3881	89.40	17080301	16595099	IV	II
15143791	15147645	14706908	14703014	3855	3895	88.30	17080301	16595099	IV	II
15143791	15147645	3153880	3150053	3855	3828	90.32	17080301	14810976	IV	III
15143791	15147530	14993792	14990056	3740	3737	90.46	17080301	17080301	IV	IV
15143791	15146690	15153038	15150204	2900	2835	87.13	17080301	17080301	IV	IV
15143791	15147642	15155071	15151220	3852	3852	90.36	17080301	17080301	IV	IV
15143793	15144925	14458514	14457387	1133	1128	90.17	17080301	17080301	IV	IV
15143794	15147645	1531298	1527417	3852	3882	89.38	17080301	15540809	IV	I
15143794	15147593	2656310	2652657	3800	3654	87.98	17080301	14810976	IV	III
15143794	15144971	15149274	15148102	1178	1173	89.92	17080301	17080301	IV	IV
15143823	15147132	1031464	1028143	3310	3322	88.67	17080301	16595099	IV	II
15143823	15147600	15151768	15148102	3778	3667	88.97	17080301	17080301	IV	IV
15143823	15146348	15156321	15153884	2526	2438	89.24	17080301	17080301	IV	IV
15143906	15147645	1032397	1028630	3740	3768	88.44	17080301	16595099	IV	II
15143925	15145245	12050130	12048820	1321	1311	90.78	17080301	15540809	IV	I
15143966	15146256	13512287	13509989	2291	2299	91.35	17080301	17080301	IV	IV
15144030	15146468	2656525	2654078	2439	2448	88.92	17080301	14810976	IV	III
15144146	15146810	15599494	15596862	2665	2633	88.53	17080301	16595099	IV	II
15144366	15147084	12341563	12338877	2719	2687	90.52	17080301	14810976	IV	III
15144389	15147219	6801249	6798421	2831	2829	92.70	17080301	22220885	IV	X
15144897	15146178	12050129	12048820	1282	1310	90.84	17080301	15540809	IV	I
15145045	15147645	14994303	14991709	2601	2595	91.55	17080301	17080301	IV	IV
15145512	15147645	4436947	4434813	2134	2135	91.03	17080301	14810976	IV	III
15145599	15147645	15156500	15154451	2047	2050	91.29	17080301	17080301	IV	IV
15146018	15147645	1032397	1030758	1628	1640	89.09	17080301	16595099	IV	II
15146025	15147233	11550767	11549550	1209	1218	90.56	17080301	16595099	IV	II
15146357	15147644	14538640	14537352	1288	1289	91.39	17080301	16595099	IV	II
15146358	15147645	16043189	16041902	1288	1288	92.16	17080301	16595099	IV	II
15146452	15147642	1526802	1525612	1191	1191	90.51	17080301	15540809	IV	I
15146454	15147645	2895316	2894115	1192	1202	87.44	17080301	19933398	IV	V
15148102	15156490	14731826	14723588	8389	8239	91.84	17080301	16595099	IV	II
15148102	15156502	14749302	14741051	8401	8252	90.06	17080301	16595099	IV	II
15148102	15156503	14761154	14752826	8402	8329	90.21	17080301	16595099	IV	II
15148102	15156503	14766277	14757852	8402	8426	89.73	17080301	16595099	IV	II
15148102	15151201	15146912	15143829	3100	3084	89.94	17080301	17080301	IV	IV
15148548	15150041	1569243	1567750	1494	1494	90.10	17080301	16595099	IV	II
15149175	15153304	13789328	13785207	4130	4122	90.00	17080301	16595099	IV	II
15151254	15156503	14787555	14782308	5250	5248	89.75	17080301	16595099	IV	II
15151571	15153708	14027347	14025201	2138	2147	90.79	17080301	16595099	IV	II
15152081	15155263	721684	718485	3183	3200	88.92	17080301	15540809	IV	I
15152211	15154987	15147644	15144888	2777	2757	91.57	17080301	17080301	IV	IV
15152439	15156321	15147640	15143823	3883	3818	90.73	17080301	17080301	IV	IV
15153033	15156223	721684	718485	3191	3200	88.94	17080301	15540809	IV	I
15153392	15155532	14027343	14025201	2141	2143	91.28	17080301	16595099	IV	II
15153601	15155244	11814597	11812954	1644	1644	93.07	17080301	15540809	IV	I
15153666	15156062	721684	719294	2397	2391	88.38	17080301	15540809	IV	I
15153691	15155075	1230453	1229064	1385	1390	94.54	17080301	15540809	IV	I
15154150	15156499	721672	719345	2350	2328	88.30	17080301	15540809	IV	I
15154155	15156500	15147645	15145295	2346	2351	91.28	17080301	17080301	IV	IV
15154370	15156220	721684	719824	1851	1861	87.98	17080301	15540809	IV	I
15154730	15156497	721684	719947	1768	1738	87.37	17080301	15540809	IV	I
15155318	15156503	1569242	1568066	1186	1177	91.15	17080301	16595099	IV	II
15156504	15158921	15161626	15159206	2418	2421	98.84	17080301	17080301	IV	IV
15159206	15161626	15158921	15156504	2421	2418	98.84	17080301	17080301	IV	IV
15215896	15218391	16073699	16071230	2496	2470	97.68	17080301	17080301	IV	IV
15215896	15218391	16077035	16074555	2496	2481	98.12	17080301	17080301	IV	IV
15216065	15218391	1032397	1030064	2327	2334	92.23	17080301	16595099	IV	II
15257808	15259541	8444407	8442681	1734	1727	97.58	17080301	14810976	IV	III
15258082	15259536	12067784	12066335	1455	1450	97.87	17080301	14810976	IV	III
15258222	15259542	7361293	7359977	1321	1317	98.18	17080301	17080301	IV	IV
15258392	15259541	10266530	10265388	1150	1143	97.83	17080301	14810976	IV	III
15295068	15296173	12339972	12338877	1106	1096	93.59	17080301	14810976	IV	III
15295068	15296647	12341452	12339881	1580	1572	93.64	17080301	14810976	IV	III
15295068	15296094	12359171	12358147	1027	1025	93.91	17080301	14810976	IV	III
15295070	15296414	13006691	13005369	1345	1323	93.75	17080301	16595099	IV	II
15295080	15296646	12340881	12339313	1567	1569	93.75	17080301	14810976	IV	III
15295080	15296646	16065004	16063439	1567	1566	91.99	17080301	17080301	IV	IV
15295080	15296646	16070845	16069301	1567	1545	94.71	17080301	17080301	IV	IV
15295080	15296646	16078039	16076506	1567	1534	94.08	17080301	17080301	IV	IV
15332836	15335651	423385	420596	2816	2790	95.13	17080301	17080301	IV	IV
15340525	15341777	18392983	18391725	1253	1259	91.20	17080301	19933398	IV	V
15340535	15341778	5892897	5891650	1244	1248	92.07	17080301	16595099	IV	II
15340535	15341778	15317576	15316300	1244	1277	88.96	17080301	16595099	IV	II
15340535	15341778	15437051	15435804	1244	1248	92.31	17080301	16595099	IV	II
15340535	15341778	18392352	18391119	1244	1234	90.79	17080301	19933398	IV	V
15340537	15341778	14174038	14172818	1242	1221	91.24	17080301	17080301	IV	IV
15340537	15341778	14175891	14174646	1242	1246	91.97	17080301	17080301	IV	IV
15340537	15341778	14177011	14175766	1242	1246	91.65	17080301	17080301	IV	IV
15340544	15341778	18393995	18392769	1235	1227	91.19	17080301	19933398	IV	V
15340549	15341778	1509085	1507855	1230	1231	92.04	17080301	15540809	IV	I
15340549	15341778	15321942	15320696	1230	1247	89.74	17080301	16595099	IV	II
15340549	15341772	18398706	18397482	1224	1225	89.88	17080301	19933398	IV	V
15340551	15341776	15324668	15323426	1226	1243	90.19	17080301	16595099	IV	II
15340551	15341776	15335403	15334162	1226	1242	90.18	17080301	16595099	IV	II
15340560	15341778	15320026	15318794	1219	1233	90.92	17080301	16595099	IV	II
15340560	15341772	15321071	15319843	1213	1229	90.24	17080301	16595099	IV	II
15340560	15341772	15323589	15322363	1213	1227	90.95	17080301	16595099	IV	II
15340621	15341778	15325883	15324713	1158	1171	89.92	17080301	16595099	IV	II
15340621	15341778	15336618	15335448	1158	1171	89.92	17080301	16595099	IV	II
15371771	15372808	15372808	15371771	1038	1038	87.72	17080301	17080301	IV	IV
15440235	15441498	10807515	10806251	1264	1265	99.45	17080301	14810976	IV	III
15440235	15441493	18274242	18272984	1259	1259	99.44	17080301	19933398	IV	V
15445014	15446717	18483736	18482053	1704	1684	96.26	17080301	19933398	IV	V
15445048	15446717	1670804	1669133	1670	1672	96.35	17080301	16595099	IV	II
15445225	15446717	13454370	13452864	1493	1507	96.42	17080301	17080301	IV	IV
15445293	15446600	11486456	11485149	1308	1308	99.54	17080301	14810976	IV	III
15457906	15459210	8494010	8492705	1305	1306	99.69	17080301	19933398	IV	V
15457907	15459216	11430317	11429008	1310	1310	99.85	17080301	17080301	IV	IV
15457908	15459216	13287948	13286640	1309	1309	99.85	17080301	16595099	IV	II
15661175	15662834	12356285	12354674	1660	1612	93.67	17080301	14810976	IV	III
15663659	15664865	12909453	12908267	1207	1187	93.16	17080301	15540809	IV	I
15663659	15664865	12912549	12911371	1207	1179	92.79	17080301	15540809	IV	I
15663659	15664865	12914429	12913251	1207	1179	92.79	17080301	15540809	IV	I
15696148	15697156	15698730	15697743	1009	988	92.49	17080301	17080301	IV	IV
15963262	15964733	15966771	15965298	1472	1474	99.73	17080301	17080301	IV	IV
15965298	15966771	15964733	15963262	1474	1472	99.73	17080301	17080301	IV	IV
16063095	16066259	12212797	12209622	3165	3176	93.16	17080301	15540809	IV	I
16063096	16070264	12212270	12205067	7169	7204	92.67	17080301	15540809	IV	I
16063096	16065263	13500735	13498523	2168	2213	92.40	17080301	16595099	IV	II
16063096	16072433	14726682	14717498	9338	9185	93.53	17080301	16595099	IV	II
16063096	16067269	14730539	14726368	4174	4172	95.37	17080301	16595099	IV	II
16063096	16081820	14735905	14717498	18725	18408	94.43	17080301	16595099	IV	II
16063096	16068016	14737312	14732403	4921	4910	94.35	17080301	16595099	IV	II
16063096	16077836	14742673	14728015	14741	14659	95.29	17080301	16595099	IV	II
16063096	16067925	14747025	14742229	4830	4797	92.54	17080301	16595099	IV	II
16063096	16076025	14751339	14738527	12930	12813	93.70	17080301	16595099	IV	II
16063096	16067726	14754664	14750117	4631	4548	93.04	17080301	16595099	IV	II
16063096	16065955	14755474	14752669	2860	2806	92.97	17080301	16595099	IV	II
16063096	16080555	14756569	14739488	17460	17082	93.44	17080301	16595099	IV	II
16063096	16076381	14768322	14754967	13286	13356	92.89	17080301	16595099	IV	II
16063096	16064999	13454065	13452155	1904	1911	93.55	17080301	17080301	IV	IV
16063096	16064867	13496376	13494596	1772	1781	91.85	17080301	17080301	IV	IV
16063096	16064643	15296629	15295080	1548	1550	91.52	17080301	17080301	IV	IV
16063096	16067251	18481783	18477594	4156	4190	93.18	17080301	19933398	IV	V
16063096	16069757	18484239	18477594	6662	6646	93.66	17080301	19933398	IV	V
16063096	16068114	18488012	18483076	5019	4937	93.10	17080301	19933398	IV	V
16063096	16070382	18489816	18482608	7287	7209	93.66	17080301	19933398	IV	V
16063096	16068617	18490030	18484611	5522	5420	92.80	17080301	19933398	IV	V
16063096	16068626	18491583	18486058	5531	5526	93.01	17080301	19933398	IV	V
16063099	16066438	12208422	12205067	3340	3356	91.89	17080301	15540809	IV	I
16063099	16067567	14744301	14739901	4469	4401	93.22	17080301	16595099	IV	II
16063247	16065374	13215756	13213590	2128	2167	93.21	17080301	15540809	IV	I
16063357	16064949	15518068	15516628	1593	1441	85.20	17080301	16595099	IV	II
16063385	16064469	15741876	15740765	1085	1112	92.88	17080301	16595099	IV	II
16063470	16064497	15310693	15309602	1028	1092	88.20	17080301	16595099	IV	II
16064175	16066285	13215757	13213588	2111	2170	94.00	17080301	15540809	IV	I
16064504	16073485	12916773	12907727	8982	9047	95.35	17080301	15540809	IV	I
16064965	16069061	13789328	13785207	4097	4122	92.66	17080301	16595099	IV	II
16065742	16067111	1230453	1229064	1370	1390	96.06	17080301	15540809	IV	I
16066108	16067149	13742325	13741272	1042	1054	92.37	17080301	17080301	IV	IV
16067837	16081212	14749098	14735888	13376	13211	94.10	17080301	16595099	IV	II
16067953	16081049	18490562	18477594	13097	12969	94.54	17080301	19933398	IV	V
16068018	16078995	14732001	14720972	10978	11030	94.93	17080301	16595099	IV	II
16068210	16069943	15514163	15512568	1734	1596	89.76	17080301	16595099	IV	II
16068680	16071835	15524689	15521622	3156	3068	93.86	17080301	16595099	IV	II
16068986	16082986	14739205	14725127	14001	14079	94.86	17080301	16595099	IV	II
16069260	16077257	18491624	18483779	7998	7846	94.62	17080301	19933398	IV	V
16069301	16070845	15296646	15295080	1545	1567	94.71	17080301	17080301	IV	IV
16069642	16075217	15540238	15534635	5576	5604	95.02	17080301	16595099	IV	II
16069749	16071523	728772	726984	1775	1789	98.99	17080301	14810976	IV	III
16070197	16075888	3110931	3105213	5692	5719	95.32	17080301	14810976	IV	III
16070382	16075233	18482413	18477594	4852	4820	95.02	17080301	19933398	IV	V
16070898	16072673	728770	726984	1776	1787	99.16	17080301	14810976	IV	III
16071230	16073699	15218391	15215896	2470	2496	97.68	17080301	17080301	IV	IV
16071497	16082986	14755526	14744147	11490	11380	93.49	17080301	16595099	IV	II
16071512	16082471	14750899	14740060	10960	10840	93.64	17080301	16595099	IV	II
16071556	16082805	14749932	14738767	11250	11166	93.63	17080301	16595099	IV	II
16071576	16082986	14729599	14718266	11411	11334	94.42	17080301	16595099	IV	II
16071585	16073366	728770	726984	1782	1787	99.50	17080301	14810976	IV	III
16071680	16072768	19487974	19486886	1089	1089	98.44	17080301	22220885	IV	X
16071746	16073393	2271787	2270156	1648	1632	94.37	17080301	16595099	IV	II
16071796	16073101	3550240	3548932	1306	1309	98.62	17080301	19933398	IV	V
16071942	16073009	18873792	18872725	1068	1068	97.75	17080301	22220885	IV	X
16071993	16081056	18491624	18482785	9064	8840	93.78	17080301	19933398	IV	V
16072064	16073208	11521094	11519947	1145	1148	97.21	17080301	16595099	IV	II
16072385	16082986	18491624	18481157	10602	10468	93.98	17080301	19933398	IV	V
16072806	16082982	14750029	14739884	10177	10146	93.43	17080301	16595099	IV	II
16072806	16082986	14751544	14741382	10181	10163	93.35	17080301	16595099	IV	II
16072806	16082986	14753747	14743622	10181	10126	93.22	17080301	16595099	IV	II
16072945	16075879	12397298	12394352	2935	2947	94.64	17080301	15540809	IV	I
16073034	16075449	5333563	5331137	2416	2427	96.38	17080301	19933398	IV	V
16073423	16076587	15524689	15521622	3165	3068	93.93	17080301	16595099	IV	II
16073585	16082570	12916781	12907710	8986	9072	95.01	17080301	15540809	IV	I
16075550	16078714	15524689	15521622	3165	3068	93.50	17080301	16595099	IV	II
16076381	16082995	14753929	14747337	6615	6593	92.67	17080301	16595099	IV	II
16078777	16082986	18670922	18666641	4210	4282	93.43	17080301	19933398	IV	V
16079006	16081696	12397100	12394368	2691	2733	93.82	17080301	15540809	IV	I
16079520	16080690	14396134	14394954	1171	1181	93.11	17080301	17080301	IV	IV
16079721	16082990	12214176	12210816	3270	3361	90.86	17080301	15540809	IV	I
16079997	16082560	5333563	5330978	2564	2586	93.51	17080301	19933398	IV	V
16080906	16082556	2271787	2270152	1651	1636	90.86	17080301	16595099	IV	II
16081208	16082986	15512375	15510644	1779	1732	87.64	17080301	16595099	IV	II
16081924	16082986	13565152	13564062	1063	1091	82.44	17080301	14810976	IV	III
16083083	16084609	14736399	14734848	1527	1552	92.78	17080301	16595099	IV	II
16083102	16084609	18485795	18484273	1508	1523	92.69	17080301	19933398	IV	V
16083137	16084604	14721121	14719636	1468	1486	93.53	17080301	16595099	IV	II
16083145	16084609	14722273	14720806	1465	1468	93.21	17080301	16595099	IV	II
16083182	16084609	14719406	14717982	1428	1425	92.95	17080301	16595099	IV	II
16083182	16084609	14723633	14722197	1428	1437	93.18	17080301	16595099	IV	II
16083182	16084609	14724754	14723309	1428	1446	93.79	17080301	16595099	IV	II
16083182	16084609	14728568	14727112	1428	1457	95.97	17080301	16595099	IV	II
16083182	16084609	14730354	14728898	1428	1457	95.15	17080301	16595099	IV	II
16083182	16084609	14731295	14729843	1428	1453	94.62	17080301	16595099	IV	II
16083182	16084609	14734353	14732916	1428	1438	94.94	17080301	16595099	IV	II
16083182	16084609	14735266	14733813	1428	1454	94.89	17080301	16595099	IV	II
16083182	16084609	14737901	14736480	1428	1422	93.09	17080301	16595099	IV	II
16083182	16084609	14752574	14751150	1428	1425	92.54	17080301	16595099	IV	II
16083182	16084606	14762032	14760565	1425	1468	91.70	17080301	16595099	IV	II
16083182	16084609	17457391	17455919	1428	1473	92.62	17080301	19933398	IV	V
16083182	16084609	18489131	18487699	1428	1433	93.50	17080301	19933398	IV	V
16083182	16084609	18490501	18489063	1428	1439	93.12	17080301	19933398	IV	V
16083183	16084609	14725767	14724339	1427	1429	93.70	17080301	16595099	IV	II
16083183	16084605	14739316	14737886	1423	1431	93.90	17080301	16595099	IV	II
16083239	16084673	12210196	12208745	1435	1452	92.59	17080301	15540809	IV	I
16084988	16086559	17455730	17454083	1572	1648	92.24	17080301	19933398	IV	V
16085085	16087929	14728898	14726075	2845	2824	95.08	17080301	16595099	IV	II
16085183	16086192	12977535	12976507	1010	1029	97.00	17080301	15540809	IV	I
16085273	16087942	17458920	17456255	2670	2666	93.74	17080301	19933398	IV	V
16155286	16156299	2583590	2582579	1014	1012	97.44	17080301	15540809	IV	I
16461118	16462168	14711109	14710059	1051	1051	99.05	17080301	14810976	IV	III
16481143	16482165	14684200	14683178	1023	1023	97.95	17080301	19933398	IV	V
16481143	16482469	12138143	12136827	1327	1317	97.14	17080301	22220885	IV	X
16481144	16482450	13223119	13221800	1307	1320	96.29	17080301	17080301	IV	IV
16481305	16482496	3397127	3395938	1192	1190	98.32	17080301	19933398	IV	V
16579037	16580406	13495965	13494596	1370	1370	94.67	17080301	17080301	IV	IV
16579090	16580648	13496568	13495010	1559	1559	94.48	17080301	17080301	IV	IV
16631562	16632872	7460502	7459192	1311	1311	99.62	17080301	14810976	IV	III
16631565	16632872	1627914	1626607	1308	1308	99.92	17080301	22220885	IV	X
16631565	16632872	1633239	1631932	1308	1308	99.92	17080301	22220885	IV	X
16631565	16632872	1638563	1637256	1308	1308	99.92	17080301	22220885	IV	X
16631565	16632872	1643888	1642581	1308	1308	99.92	17080301	22220885	IV	X
16790081	16791340	6293790	6292531	1260	1260	99.84	17080301	19933398	IV	V
16790081	16791337	8031971	8030715	1257	1257	100.00	17080301	19933398	IV	V
16790082	16791339	19364577	19363320	1258	1258	99.84	17080301	19933398	IV	V
16790082	16791340	19933639	19932381	1259	1259	100.00	17080301	22220885	IV	X
16790083	16791338	5928976	5927721	1256	1256	100.00	17080301	15540809	IV	I
16790083	16791339	7806423	7805167	1257	1257	99.84	17080301	16595099	IV	II
16790083	16791340	8178903	8177646	1258	1258	99.92	17080301	19933398	IV	V
16790083	16791339	1006412	1005156	1257	1257	100.00	17080301	22220885	IV	X
16790083	16791338	16354328	16353073	1256	1256	100.00	17080301	22220885	IV	X
16905929	16907000	5680889	5679808	1072	1082	89.27	17080301	15540809	IV	I
16905929	16907000	7366244	7365156	1072	1089	89.75	17080301	15540809	IV	I
16905929	16907000	7873029	7871961	1072	1069	88.43	17080301	15540809	IV	I
16905929	16907000	8608689	8607632	1072	1058	87.52	17080301	17080301	IV	IV
16905930	16907000	6818812	6817733	1071	1080	89.97	17080301	14810976	IV	III
16905932	16906999	9819408	9818335	1068	1074	88.14	17080301	17080301	IV	IV
17078016	17079377	29941	28579	1362	1363	91.60	17080301	17080301	IV	IV
17078204	17080301	2189	101	2098	2089	98.81	17080301	14810976	IV	III
17078705	17080301	2515	917	1597	1599	99.75	17080301	16595099	IV	II
1	14590	1	14590	14590	14590	100.00	14590	14590	MtDNA	MtDNA
1	19933398	1	19933398	19933398	19933398	100.00	19933398	19933398	V	V
86530	87644	3807901	3806772	1115	1130	91.74	19933398	16595099	V	II
86530	87644	9742033	9740900	1115	1134	92.41	19933398	14810976	V	III
86530	87645	4392092	4390948	1116	1145	92.17	19933398	19933398	V	V
86535	87616	1386026	1384936	1082	1091	90.26	19933398	19933398	V	V
86537	87645	88919	87816	1109	1104	84.99	19933398	19933398	V	V
387723	388980	16842552	16841295	1258	1258	99.84	19933398	22220885	V	X
502354	503814	507501	506064	1461	1438	93.19	19933398	19933398	V	V
506064	507501	503814	502354	1438	1461	93.19	19933398	19933398	V	V
546487	547744	14233023	14231766	1258	1258	99.44	19933398	15540809	V	I
546487	547747	3747331	3746071	1261	1261	99.92	19933398	16595099	V	II
546489	547742	14161913	14160660	1254	1254	99.52	19933398	15540809	V	I
546489	547746	1933652	1932395	1258	1258	99.76	19933398	17080301	V	IV
601036	602593	12797942	12796391	1558	1552	96.73	19933398	16595099	V	II
651991	653105	11568543	11567400	1115	1144	92.76	19933398	14810976	V	III
651991	653317	12928772	12927461	1327	1312	90.15	19933398	17080301	V	IV
651991	653318	19237838	19236491	1328	1348	93.97	19933398	19933398	V	V
651992	653318	12421570	12420231	1327	1340	91.08	19933398	16595099	V	II
652104	653317	2728693	2727464	1214	1230	90.07	19933398	22220885	V	X
675015	676405	682829	681444	1391	1386	81.55	19933398	19933398	V	V
676795	678353	682847	681297	1559	1551	82.03	19933398	19933398	V	V
676798	678352	702833	701258	1555	1576	80.76	19933398	19933398	V	V
677257	678370	705598	704488	1114	1111	80.86	19933398	19933398	V	V
677258	678370	687686	686572	1113	1115	83.79	19933398	19933398	V	V
677258	678350	6569032	6567929	1093	1104	82.70	19933398	19933398	V	V
677261	678372	699512	698406	1112	1107	82.60	19933398	19933398	V	V
698406	699512	678372	677261	1107	1112	82.60	19933398	19933398	V	V
701258	702833	678352	676798	1576	1555	80.77	19933398	19933398	V	V
856968	858213	8705722	8704480	1246	1243	96.96	19933398	14810976	V	III
913066	914167	7545363	7544276	1102	1088	91.23	19933398	16595099	V	II
913071	914171	1343054	1341968	1101	1087	93.46	19933398	15540809	V	I
1007568	1008823	388982	387727	1256	1256	99.76	19933398	19933398	V	V
1007568	1008823	17227476	17226221	1256	1256	99.84	19933398	19933398	V	V
1007569	1008827	13503872	13502614	1259	1259	99.84	19933398	14810976	V	III
1007570	1008827	19260405	19259148	1258	1258	99.76	19933398	19933398	V	V
1078675	1079984	7175886	7174577	1310	1310	99.54	19933398	19933398	V	V
1078675	1079992	12694184	12692878	1318	1307	98.56	19933398	22220885	V	X
1078677	1079992	14990435	14989112	1316	1324	98.19	19933398	16595099	V	II
1078678	1079989	11095202	11093886	1312	1317	99.09	19933398	15540809	V	I
1078678	1079984	15862891	15861585	1307	1307	99.54	19933398	16595099	V	II
1078802	1079984	6119882	6118701	1183	1182	99.32	19933398	22220885	V	X
1081928	1083021	6027063	6026050	1094	1014	87.24	19933398	19933398	V	V
1209811	1210984	1222449	1221275	1174	1175	98.89	19933398	19933398	V	V
1211763	1212894	1220614	1219478	1132	1137	98.42	19933398	19933398	V	V
1219478	1220614	1212894	1211763	1137	1132	98.42	19933398	19933398	V	V
1221275	1222449	1210984	1209811	1175	1174	98.89	19933398	19933398	V	V
1221307	1222463	8888929	8887771	1157	1159	94.49	19933398	19933398	V	V
1280649	1281981	2348979	2347640	1333	1340	97.32	19933398	15540809	V	I
1280649	1281981	13130175	13128841	1333	1335	95.67	19933398	17080301	V	IV
1280650	1281981	13061446	13060118	1332	1329	95.67	19933398	17080301	V	IV
1280651	1281726	9525549	9524487	1076	1063	96.58	19933398	16595099	V	II
1287274	1288531	12211022	12209765	1258	1258	99.60	19933398	17080301	V	IV
1287275	1288531	8420318	8419056	1257	1263	98.97	19933398	15540809	V	I
1297215	1298405	1733016	1731826	1191	1191	97.31	19933398	19933398	V	V
1298800	1300701	2692945	2691046	1902	1900	99.32	19933398	14810976	V	III
1298802	1300702	15206463	15204563	1901	1901	99.63	19933398	16595099	V	II
1298802	1300702	12120421	12118522	1901	1900	99.63	19933398	17080301	V	IV
1298802	1300729	21999327	21997409	1928	1919	99.07	19933398	22220885	V	X
1301177	1302794	1730850	1729240	1618	1611	92.21	19933398	19933398	V	V
1384936	1386408	8926755	8925287	1473	1469	92.28	19933398	14810976	V	III
1384936	1386408	9171094	9169610	1473	1485	93.21	19933398	14810976	V	III
1384936	1386417	10131438	10129931	1482	1508	91.96	19933398	14810976	V	III
1384936	1386026	87616	86535	1091	1082	90.26	19933398	19933398	V	V
1384936	1386088	7059453	7058287	1153	1167	93.56	19933398	19933398	V	V
1498504	1499763	10562322	10561051	1260	1272	96.23	19933398	14810976	V	III
1498504	1499766	20523607	20522341	1263	1267	96.00	19933398	22220885	V	X
1529843	1531626	1803890	1802111	1784	1780	98.15	19933398	19933398	V	V
1532145	1537230	1800077	1795027	5086	5051	98.72	19933398	19933398	V	V
1675597	1676687	14048947	14047865	1091	1083	95.72	19933398	15540809	V	I
1675597	1677215	5838702	5837090	1619	1613	95.35	19933398	22220885	V	X
1675775	1677219	3397130	3395674	1445	1457	97.26	19933398	19933398	V	V
1676141	1677141	3654100	3653087	1001	1014	96.84	19933398	17080301	V	IV
1695699	1696720	22006742	22005730	1022	1013	95.42	19933398	22220885	V	X
1695702	1696725	14486431	14485443	1024	989	92.14	19933398	15540809	V	I
1695702	1696721	13306472	13305460	1020	1013	94.74	19933398	19933398	V	V
1695703	1696721	2731515	2730511	1019	1005	95.03	19933398	19933398	V	V
1695703	1696721	15453291	15452286	1019	1006	95.50	19933398	19933398	V	V
1695703	1696721	15796093	15795082	1019	1012	96.39	19933398	19933398	V	V
1695703	1696722	14253889	14252878	1020	1012	95.61	19933398	22220885	V	X
1695703	1696721	19225572	19224563	1019	1010	95.99	19933398	22220885	V	X
1708682	1710302	386543	384924	1621	1620	99.69	19933398	17080301	V	IV
1729240	1730850	1302794	1301177	1611	1618	92.21	19933398	19933398	V	V
1731826	1733016	1298405	1297215	1191	1191	97.31	19933398	19933398	V	V
1757628	1758729	2047387	2046317	1102	1071	91.42	19933398	17080301	V	IV
1757630	1758729	15292756	15291642	1100	1115	93.74	19933398	15540809	V	I
1757630	1758730	3152173	3151061	1101	1113	94.99	19933398	17080301	V	IV
1766680	1768064	11267778	11266394	1385	1385	99.64	19933398	15540809	V	I
1766680	1771927	12452503	12447233	5248	5271	99.15	19933398	14810976	V	III
1766688	1771097	2336310	2331880	4410	4431	99.19	19933398	16595099	V	II
1769599	1771925	2818082	2815758	2327	2325	99.61	19933398	17080301	V	IV
1769981	1771929	17315536	17313589	1949	1948	99.59	19933398	19933398	V	V
1770711	1771931	11266393	11265174	1221	1220	99.67	19933398	15540809	V	I
1795026	1800077	5054149	5049095	5052	5055	99.01	19933398	16595099	V	II
1795027	1800077	860201	855151	5051	5051	99.15	19933398	15540809	V	I
1795027	1800077	1537230	1532145	5051	5086	98.72	19933398	19933398	V	V
1795027	1798813	6973176	6969396	3787	3781	97.93	19933398	19933398	V	V
1798810	1800077	6968094	6966827	1268	1268	99.05	19933398	19933398	V	V
1800073	1801690	665623	664014	1618	1610	98.15	19933398	16595099	V	II
1800075	1801690	12991034	12989419	1616	1616	99.51	19933398	14810976	V	III
1802043	1803890	854745	852843	1848	1903	95.33	19933398	15540809	V	I
1802043	1803890	1531739	1529843	1848	1897	95.89	19933398	19933398	V	V
1802043	1803892	6966421	6964547	1850	1875	95.57	19933398	19933398	V	V
1858447	1859706	3970789	3969530	1260	1260	99.68	19933398	16595099	V	II
1858453	1859713	8981090	8979830	1261	1261	99.60	19933398	19933398	V	V
1891523	1892707	10316889	10315684	1185	1206	87.58	19933398	19933398	V	V
1891651	1892707	6949645	6948526	1057	1120	84.77	19933398	19933398	V	V
1932271	1933509	15908439	15907198	1239	1242	94.21	19933398	19933398	V	V
1947950	1949162	13328159	13326947	1213	1213	98.76	19933398	16595099	V	II
1947950	1949162	12915827	12914615	1213	1213	98.85	19933398	17080301	V	IV
1947951	1949162	15751786	15750575	1212	1212	98.68	19933398	16595099	V	II
1947988	1949162	16854526	16853352	1175	1175	98.38	19933398	22220885	V	X
2002135	2003752	3733917	3732300	1618	1618	98.58	19933398	19933398	V	V
2002136	2003753	1746689	1745071	1618	1619	98.15	19933398	15540809	V	I
2002137	2003752	3221830	3220215	1616	1616	100.00	19933398	19933398	V	V
2002137	2003752	3518985	3517370	1616	1616	98.21	19933398	19933398	V	V
2002137	2003752	6526713	6525099	1616	1615	99.50	19933398	19933398	V	V
2002137	2003752	7055418	7053803	1616	1616	98.51	19933398	19933398	V	V
2002137	2003752	7694026	7692411	1616	1616	98.45	19933398	19933398	V	V
2075717	2076896	2762730	2761540	1180	1191	84.00	19933398	19933398	V	V
2079171	2080290	4109186	4108067	1120	1120	83.76	19933398	19933398	V	V
2114226	2115276	2154062	2153025	1051	1038	85.40	19933398	19933398	V	V
2133043	2134112	8344573	8343514	1070	1060	92.57	19933398	16595099	V	II
2147856	2148950	6437134	6436041	1095	1094	98.00	19933398	16595099	V	II
2153025	2154062	2115276	2114226	1038	1051	85.40	19933398	19933398	V	V
2172553	2175703	4704830	4701685	3151	3146	95.40	19933398	19933398	V	V
2202163	2204659	1526549	1524060	2497	2490	95.68	19933398	16595099	V	II
2202163	2205050	1527876	1524983	2888	2894	94.62	19933398	16595099	V	II
2202163	2204930	15321198	15318399	2768	2800	90.49	19933398	16595099	V	II
2202163	2205050	15321894	15318949	2888	2946	90.09	19933398	16595099	V	II
2202163	2204941	15322931	15320103	2779	2829	90.32	19933398	16595099	V	II
2202163	2205010	15325433	15322552	2848	2882	90.84	19933398	16595099	V	II
2202163	2204471	15335879	15333550	2309	2330	90.68	19933398	16595099	V	II
2202163	2205002	3152760	3149938	2840	2823	92.71	19933398	14810976	V	III
2202557	2204941	15325842	15323429	2385	2414	90.56	19933398	16595099	V	II
2202584	2203917	15298158	15296832	1334	1327	93.11	19933398	16595099	V	II
2202608	2204941	2037008	2034680	2334	2329	92.25	19933398	15540809	V	I
2202691	2204283	3498733	3497141	1593	1593	92.79	19933398	19933398	V	V
2203109	2204306	15613041	15611835	1198	1207	93.05	19933398	16595099	V	II
2203725	2204941	15336577	15335348	1217	1230	90.90	19933398	16595099	V	II
2287524	2289174	2290923	2289287	1651	1637	98.73	19933398	19933398	V	V
2287958	2289174	10021439	10020222	1217	1218	99.26	19933398	16595099	V	II
2287958	2289174	13235436	13234253	1217	1184	96.23	19933398	16595099	V	II
2288862	2290270	9931442	9930070	1409	1373	93.77	19933398	17080301	V	IV
2288879	2290489	5569616	5568035	1611	1582	96.72	19933398	19933398	V	V
2289287	2290489	10020109	10018891	1203	1219	97.79	19933398	16595099	V	II
2289287	2290923	2289174	2287524	1637	1651	98.73	19933398	19933398	V	V
2289287	2290489	13547343	13546125	1203	1219	97.21	19933398	22220885	V	X
2436301	2437799	12067448	12065943	1499	1506	90.40	19933398	15540809	V	I
2528514	2529822	5872849	5871541	1309	1309	99.85	19933398	19933398	V	V
2528514	2529821	13125126	13123821	1308	1306	99.69	19933398	19933398	V	V
2562131	2563179	10043471	10042449	1049	1023	93.26	19933398	19933398	V	V
2562132	2563179	869063	868031	1048	1033	93.06	19933398	16595099	V	II
2562132	2563181	4936088	4935048	1050	1041	93.55	19933398	17080301	V	IV
2661995	2663252	15651189	15649932	1258	1258	99.60	19933398	19933398	V	V
2687952	2688967	1482305	1481291	1016	1015	95.89	19933398	15540809	V	I
2687952	2689129	13568173	13567032	1178	1142	92.04	19933398	14810976	V	III
2687952	2689087	3285688	3284577	1136	1112	94.49	19933398	19933398	V	V
2688620	2689861	13570302	13569061	1242	1242	98.87	19933398	14810976	V	III
2730510	2731515	11867623	11866611	1006	1013	96.75	19933398	17080301	V	IV
2730511	2731512	6328043	6327034	1002	1010	96.75	19933398	17080301	V	IV
2730511	2731515	1696721	1695703	1005	1019	95.03	19933398	19933398	V	V
2742796	2743815	1721786	1720758	1020	1029	89.50	19933398	16595099	V	II
2761540	2762730	2076896	2075717	1191	1180	84.00	19933398	19933398	V	V
2801947	2802977	5241392	5240365	1031	1028	93.15	19933398	16595099	V	II
2894031	2895308	1569076	1567807	1278	1270	87.81	19933398	16595099	V	II
2929554	2930862	2996207	2994885	1309	1323	90.19	19933398	19933398	V	V
2956281	2957535	13526408	13525154	1255	1255	99.68	19933398	15540809	V	I
2956282	2957537	13315691	13314436	1256	1256	99.68	19933398	16595099	V	II
2956282	2957537	14532060	14530805	1256	1256	99.84	19933398	14810976	V	III
2984664	2985715	4132379	4131321	1052	1059	92.82	19933398	16595099	V	II
2984664	2985683	3468696	3467677	1020	1020	92.07	19933398	14810976	V	III
2984664	2985683	3469264	3468244	1020	1021	91.60	19933398	14810976	V	III
2984673	2985715	1215872	1214826	1043	1047	89.97	19933398	16595099	V	II
2984673	2985717	3482304	3481273	1045	1032	87.38	19933398	14810976	V	III
2984680	2985715	3469578	3468537	1036	1042	91.00	19933398	14810976	V	III
2984697	2985714	3062785	3061764	1018	1022	89.78	19933398	19933398	V	V
2988736	2989986	4517338	4516045	1251	1294	93.68	19933398	16595099	V	II
2988849	2989985	6223791	6222622	1137	1170	92.86	19933398	19933398	V	V
2991660	2994860	21096703	21093454	3201	3250	87.18	19933398	22220885	V	X
2991687	2993840	1215888	1213712	2154	2177	88.53	19933398	16595099	V	II
2991687	2993629	21095340	21093375	1943	1966	86.09	19933398	22220885	V	X
2991899	2996075	1069710	1065547	4177	4164	90.53	19933398	16595099	V	II
2992239	2993906	12333276	12331603	1668	1674	87.95	19933398	16595099	V	II
2993335	2995160	14307280	14305441	1826	1840	88.92	19933398	16595099	V	II
2993440	2994531	3486468	3485369	1092	1100	88.94	19933398	16595099	V	II
2993597	2995833	3469760	3467517	2237	2244	91.23	19933398	14810976	V	III
2993636	2996315	12064834	12062139	2680	2696	93.69	19933398	15540809	V	I
2993672	2995304	4839506	4837896	1633	1611	90.42	19933398	14810976	V	III
2993808	2996195	1216112	1213712	2388	2401	90.81	19933398	16595099	V	II
2993838	2995477	4825422	4823834	1640	1589	90.93	19933398	14810976	V	III
2994182	2995549	3488611	3487276	1368	1336	89.82	19933398	14810976	V	III
2994628	2996524	12862585	12860667	1897	1919	91.67	19933398	16595099	V	II
2994798	2996420	4839506	4837896	1623	1611	90.90	19933398	14810976	V	III
2994838	2996046	3062785	3061566	1209	1220	90.92	19933398	19933398	V	V
2994885	2996207	2930862	2929554	1323	1309	90.19	19933398	19933398	V	V
2995157	2996243	3486468	3485370	1087	1099	90.75	19933398	16595099	V	II
2995205	2996676	1536361	1534869	1472	1493	87.12	19933398	16595099	V	II
2995358	2996528	14345254	14344085	1171	1170	92.39	19933398	16595099	V	II
2995846	2997535	4839538	4837878	1690	1661	88.17	19933398	14810976	V	III
2996059	2998629	693270	690679	2571	2592	90.08	19933398	16595099	V	II
2996828	2998496	4839540	4837896	1669	1645	89.14	19933398	14810976	V	III
2997371	2998496	4109186	4108067	1126	1120	90.97	19933398	19933398	V	V
2998311	2999973	4839540	4837896	1663	1645	88.99	19933398	14810976	V	III
2998630	3001232	12067581	12064949	2603	2633	92.40	19933398	15540809	V	I
2998875	3000326	4825427	4824007	1452	1421	92.32	19933398	14810976	V	III
2999777	3002445	12064832	12062147	2669	2686	92.59	19933398	15540809	V	I
3000117	3001321	3062785	3061566	1205	1220	89.45	19933398	19933398	V	V
3000414	3001706	14345254	14343965	1293	1290	89.17	19933398	16595099	V	II
3000428	3001520	3486468	3485370	1093	1099	88.95	19933398	16595099	V	II
3000612	3002257	4839506	4837905	1646	1602	88.98	19933398	14810976	V	III
3001742	3003349	4825423	4823841	1608	1583	89.87	19933398	14810976	V	III
3001906	3003815	12862585	12860651	1910	1935	90.15	19933398	16595099	V	II
3002235	3003561	3585736	3584421	1327	1316	89.09	19933398	16595099	V	II
3004734	3006362	17288710	17287060	1629	1651	86.78	19933398	19933398	V	V
3008828	3010660	12064776	12062944	1833	1833	93.51	19933398	15540809	V	I
3008839	3010650	12064461	12062650	1812	1812	93.65	19933398	15540809	V	I
3008839	3010650	2349443	2347609	1812	1835	94.71	19933398	17080301	V	IV
3008845	3010649	12067496	12065692	1805	1805	94.02	19933398	15540809	V	I
3009414	3010641	3062785	3061566	1228	1220	90.07	19933398	19933398	V	V
3015015	3016020	1986480	1985475	1006	1006	93.44	19933398	16595099	V	II
3015015	3016020	3531006	3530001	1006	1006	92.05	19933398	16595099	V	II
3015015	3016020	12023663	12022658	1006	1006	96.72	19933398	16595099	V	II
3015015	3016020	12222417	12221404	1006	1014	94.18	19933398	16595099	V	II
3015018	3016020	1986733	1985731	1003	1003	93.62	19933398	16595099	V	II
3018233	3020808	12064722	12062147	2576	2576	93.29	19933398	15540809	V	I
3018233	3019707	2002841	2001374	1475	1468	89.43	19933398	16595099	V	II
3019361	3021343	2349893	2347927	1983	1967	91.87	19933398	17080301	V	IV
3034857	3036113	12327863	12326607	1257	1257	99.76	19933398	17080301	V	IV
3034860	3036114	1288528	1287274	1255	1255	99.84	19933398	19933398	V	V
3034860	3036123	1859706	1858442	1264	1265	99.60	19933398	19933398	V	V
3061566	3062785	3002688	3001478	1220	1211	89.26	19933398	19933398	V	V
3061566	3062576	3009849	3008839	1011	1011	89.71	19933398	19933398	V	V
3061566	3062785	3010641	3009414	1220	1228	90.07	19933398	19933398	V	V
3061566	3062785	3021184	3019957	1220	1228	89.02	19933398	19933398	V	V
3061764	3062785	2985714	2984697	1022	1018	89.78	19933398	19933398	V	V
3069840	3071111	1325849	1324579	1272	1271	96.32	19933398	22220885	V	X
3069842	3071116	4458282	4457079	1275	1204	91.71	19933398	19933398	V	V
3069842	3071111	20523606	20522341	1270	1266	96.93	19933398	22220885	V	X
3090469	3092010	3096970	3095411	1542	1560	87.91	19933398	19933398	V	V
3091980	3093322	3106565	3105223	1343	1343	91.88	19933398	19933398	V	V
3095411	3096970	3092010	3090469	1560	1542	87.91	19933398	19933398	V	V
3105223	3106565	3093322	3091980	1343	1343	91.88	19933398	19933398	V	V
3105550	3106572	3281116	3280085	1023	1032	82.79	19933398	19933398	V	V
3117073	3119457	3126940	3124556	2385	2385	99.92	19933398	19933398	V	V
3119664	3121304	3124279	3122634	1641	1646	99.39	19933398	19933398	V	V
3122634	3124279	3121304	3119664	1646	1641	99.39	19933398	19933398	V	V
3124556	3126940	3119457	3117073	2385	2385	99.92	19933398	19933398	V	V
3202193	3203487	2327518	2326223	1295	1296	87.15	19933398	17080301	V	IV
3202193	3203487	3281258	3279962	1295	1297	86.24	19933398	19933398	V	V
3202202	3203486	2332586	2331306	1285	1281	84.84	19933398	17080301	V	IV
3202202	3203486	3275458	3274177	1285	1282	86.01	19933398	19933398	V	V
3202215	3203499	3270072	3268795	1285	1278	86.16	19933398	19933398	V	V
3202356	3203358	3092968	3091973	1003	996	84.08	19933398	19933398	V	V
3203545	3205897	3209281	3206914	2353	2368	97.81	19933398	19933398	V	V
3206914	3209281	3205897	3203545	2368	2353	97.81	19933398	19933398	V	V
3218667	3219760	3543142	3542050	1094	1093	80.11	19933398	19933398	V	V
3220215	3221830	2003752	2002137	1616	1616	100.00	19933398	19933398	V	V
3261555	3263488	2333277	2331322	1934	1956	81.06	19933398	17080301	V	IV
3261555	3263474	3270776	3268839	1920	1938	81.66	19933398	19933398	V	V
3261555	3263488	3276149	3274193	1934	1957	82.28	19933398	19933398	V	V
3261557	3263488	2328204	2326240	1932	1965	82.60	19933398	17080301	V	IV
3261557	3262773	3281944	3280719	1217	1226	83.63	19933398	19933398	V	V
3268795	3270072	3203499	3202215	1278	1285	86.17	19933398	19933398	V	V
3274931	3276149	3262773	3261555	1219	1219	83.36	19933398	19933398	V	V
3278409	3279681	2675699	2674427	1273	1273	89.41	19933398	17080301	V	IV
3280719	3281944	3262773	3261557	1226	1217	83.63	19933398	19933398	V	V
3284577	3285710	1424595	1423442	1134	1154	97.49	19933398	14810976	V	III
3349940	3351246	5336182	5334876	1307	1307	99.62	19933398	19933398	V	V
3351700	3353008	3539920	3538612	1309	1309	99.54	19933398	16595099	V	II
3353005	3354674	14099685	14098014	1670	1672	97.73	19933398	17080301	V	IV
3360944	3362189	10794059	10792815	1246	1245	97.43	19933398	14810976	V	III
3360944	3362149	11559977	11558767	1206	1211	97.11	19933398	14810976	V	III
3360944	3362188	6426353	6425104	1245	1250	97.44	19933398	19933398	V	V
3360944	3362189	19689026	19687779	1246	1248	97.12	19933398	19933398	V	V
3360944	3362188	12939279	12938033	1245	1247	97.35	19933398	22220885	V	X
3361034	3362189	852998	851843	1156	1156	97.58	19933398	16595099	V	II
3394010	3395674	14289549	14287885	1665	1665	98.14	19933398	16595099	V	II
3394010	3397127	4513988	4510826	3118	3163	91.57	19933398	14810976	V	III
3394010	3395674	11637980	11636315	1665	1666	97.24	19933398	22220885	V	X
3395674	3397130	1677219	1675775	1457	1445	97.26	19933398	19933398	V	V
3395674	3397127	951064	949610	1454	1455	98.08	19933398	22220885	V	X
3395674	3397127	20960728	20959275	1454	1454	98.28	19933398	22220885	V	X
3395938	3397127	16482496	16481305	1190	1192	98.32	19933398	17080301	V	IV
3401088	3406837	17084060	17078334	5750	5727	99.03	19933398	19933398	V	V
3407370	3408628	12489312	12488054	1259	1259	99.76	19933398	22220885	V	X
3411761	3413727	7835598	7833574	1967	2025	95.32	19933398	17080301	V	IV
3430149	3431289	3440494	3439345	1141	1150	90.62	19933398	19933398	V	V
3431067	3433445	3441686	3439297	2379	2390	93.15	19933398	19933398	V	V
3439297	3441686	3433445	3431067	2390	2379	93.15	19933398	19933398	V	V
3439345	3440494	3431289	3430149	1150	1141	90.62	19933398	19933398	V	V
3439352	3440443	3393113	3392052	1092	1062	82.76	19933398	19933398	V	V
3439352	3440456	3438382	3437337	1105	1046	83.65	19933398	19933398	V	V
3443980	3445228	858217	856968	1249	1250	96.57	19933398	19933398	V	V
3443984	3445189	11559980	11558767	1206	1214	97.04	19933398	14810976	V	III
3443984	3445228	19689029	19687780	1245	1250	97.44	19933398	19933398	V	V
3443985	3445228	10794061	10792816	1244	1246	97.60	19933398	14810976	V	III
3443985	3445229	6426355	6425103	1245	1253	97.77	19933398	19933398	V	V
3443985	3445228	17107673	17106484	1244	1190	93.35	19933398	19933398	V	V
3444077	3445228	852998	851844	1152	1155	97.40	19933398	16595099	V	II
3497141	3498733	637111	635530	1593	1582	92.41	19933398	15540809	V	I
3497141	3498733	637375	635778	1593	1598	92.19	19933398	15540809	V	I
3497141	3498442	834721	833416	1302	1306	91.43	19933398	16595099	V	II
3497141	3498716	2204323	2202748	1576	1576	93.03	19933398	19933398	V	V
3497160	3498732	647005	645433	1573	1573	91.95	19933398	15540809	V	I
3497470	3498617	14396128	14394981	1148	1148	93.82	19933398	17080301	V	IV
3497697	3498733	625135	624100	1037	1036	92.20	19933398	15540809	V	I
3497697	3498733	630973	629938	1037	1036	92.20	19933398	15540809	V	I
3497697	3498733	637418	636383	1037	1036	92.20	19933398	15540809	V	I
3497705	3498733	626897	625870	1029	1028	92.05	19933398	15540809	V	I
3497705	3498733	629155	628128	1029	1028	92.05	19933398	15540809	V	I
3517369	3518987	6233770	6232155	1619	1616	99.01	19933398	17080301	V	IV
3517370	3518986	6118308	6116693	1617	1616	99.63	19933398	15540809	V	I
3517370	3518985	665621	664014	1616	1608	98.64	19933398	16595099	V	II
3531793	3533359	13924070	13922504	1567	1567	99.23	19933398	16595099	V	II
3531793	3533362	7514125	7512553	1570	1573	98.60	19933398	19933398	V	V
3531972	3533184	1949162	1947950	1213	1213	99.01	19933398	19933398	V	V
3542050	3543142	3219760	3218667	1093	1094	80.11	19933398	19933398	V	V
3548932	3550236	14458707	14457403	1305	1305	95.72	19933398	17080301	V	IV
3548932	3550240	16074324	16073027	1309	1298	98.24	19933398	17080301	V	IV
3554884	3556543	206969	205303	1660	1667	96.52	19933398	17080301	V	IV
3572248	3573501	13090802	13089560	1254	1243	98.80	19933398	22220885	V	X
3604845	3605921	3609209	3608131	1077	1079	92.68	19933398	19933398	V	V
3608131	3609209	3605921	3604845	1079	1077	92.68	19933398	19933398	V	V
3636314	3637519	5153843	5152633	1206	1211	90.62	19933398	19933398	V	V
3650228	3651424	2919719	2918484	1197	1236	94.34	19933398	16595099	V	II
3650229	3651424	4467056	4465876	1196	1181	92.40	19933398	15540809	V	I
3650229	3651424	14098344	14097109	1196	1236	94.26	19933398	19933398	V	V
3661066	3662164	1066682	1065565	1099	1118	87.72	19933398	16595099	V	II
3661066	3662164	2930693	2929570	1099	1124	86.41	19933398	19933398	V	V
3661066	3662949	2259601	2257700	1884	1902	84.97	19933398	22220885	V	X
3661144	3662949	1067588	1065749	1806	1840	87.16	19933398	16595099	V	II
3661257	3662935	1069710	1068030	1679	1681	87.30	19933398	16595099	V	II
3677323	3678472	3681045	3679917	1150	1129	87.66	19933398	19933398	V	V
3679917	3681045	3678472	3677323	1129	1150	87.66	19933398	19933398	V	V
3732296	3733916	665625	664013	1621	1613	98.89	19933398	16595099	V	II
3779963	3781163	6505302	6504096	1201	1207	94.17	19933398	19933398	V	V
3798644	3799737	7324462	7323374	1094	1089	96.98	19933398	15540809	V	I
3798644	3799737	3801269	3800163	1094	1107	94.13	19933398	19933398	V	V
3800163	3801269	3799737	3798644	1107	1094	95.08	19933398	19933398	V	V
3807828	3809130	3812908	3811622	1303	1287	84.24	19933398	19933398	V	V
3807906	3809173	3815617	3814350	1268	1268	82.59	19933398	19933398	V	V
3811622	3812908	3809130	3807828	1287	1303	84.24	19933398	19933398	V	V
3814350	3815617	3809173	3807906	1268	1268	82.59	19933398	19933398	V	V
3831764	3833502	7013050	7011316	1739	1735	97.64	19933398	22220885	V	X
3831770	3833502	13882739	13881013	1733	1727	97.75	19933398	19933398	V	V
3832395	3833502	15148076	15146957	1108	1120	97.41	19933398	16595099	V	II
3845456	3846618	10842837	10841682	1163	1156	95.36	19933398	22220885	V	X
3845460	3846618	11748654	11747504	1159	1151	93.31	19933398	16595099	V	II
3845460	3846618	10084001	10082847	1159	1155	95.43	19933398	22220885	V	X
3845466	3846618	5606947	5605780	1153	1168	93.43	19933398	17080301	V	IV
3847705	3849015	16107076	16105821	1311	1256	84.27	19933398	22220885	V	X
3849762	3850969	993302	992104	1208	1199	93.71	19933398	15540809	V	I
3849762	3850794	12602052	12601012	1033	1041	91.39	19933398	16595099	V	II
3849762	3851320	10763258	10761712	1559	1547	95.77	19933398	14810976	V	III
3849883	3851307	12700803	12699382	1425	1422	95.23	19933398	16595099	V	II
3852261	3853520	2619285	2618026	1260	1260	99.68	19933398	17080301	V	IV
3852261	3853517	7716326	7715072	1257	1255	99.60	19933398	19933398	V	V
3852262	3853517	14233021	14231766	1256	1256	99.68	19933398	15540809	V	I
3852262	3853520	8981090	8979832	1259	1259	99.68	19933398	19933398	V	V
3867916	3869071	5121259	5120176	1156	1084	88.51	19933398	22220885	V	X
3904713	3906399	21411798	21410112	1687	1687	98.16	19933398	22220885	V	X
3912523	3913767	13091857	13090643	1245	1215	83.63	19933398	16595099	V	II
3920452	3921687	208764	207474	1236	1291	90.56	19933398	22220885	V	X
3920455	3921734	1196402	1195067	1280	1336	85.29	19933398	17080301	V	IV
3928372	3930232	13089962	13088024	1861	1939	89.61	19933398	16595099	V	II
3950079	3951336	9353492	9352234	1258	1259	99.60	19933398	15540809	V	I
3984466	3986114	6072967	6071352	1649	1616	91.66	19933398	16595099	V	II
3991855	3993115	4661840	4660580	1261	1261	99.13	19933398	16595099	V	II
4024261	4025732	5229746	5228298	1472	1449	96.47	19933398	17080301	V	IV
4035464	4042721	4225844	4218538	7258	7307	97.74	19933398	17080301	V	IV
4038067	4039584	14450288	14448823	1518	1466	84.22	19933398	16595099	V	II
4038312	4039584	13706851	13705589	1273	1263	86.72	19933398	16595099	V	II
4038312	4039584	22039911	22038661	1273	1251	85.64	19933398	22220885	V	X
4042868	4046781	14445037	14441126	3914	3912	94.10	19933398	16595099	V	II
4048680	4049938	4052149	4050889	1259	1261	95.83	19933398	19933398	V	V
4050889	4052149	4049938	4048680	1261	1259	95.83	19933398	19933398	V	V
4053372	4054399	11099379	11098356	1028	1024	89.63	19933398	19933398	V	V
4085062	4087281	6747980	6745727	2220	2254	82.40	19933398	22220885	V	X
4085625	4087648	7777467	7775453	2024	2015	84.60	19933398	22220885	V	X
4108067	4109186	14408950	14407815	1120	1136	94.02	19933398	16595099	V	II
4108067	4109186	2080290	2079171	1120	1120	83.76	19933398	19933398	V	V
4152783	4153854	8341153	8340073	1072	1081	93.54	19933398	16595099	V	II
4152783	4153887	14106681	14105555	1105	1127	95.83	19933398	16595099	V	II
4153887	4155441	14105450	14103903	1555	1548	97.56	19933398	16595099	V	II
4156323	4157468	14103380	14102231	1146	1150	96.97	19933398	16595099	V	II
4206664	4207784	7083393	7082248	1121	1146	93.67	19933398	19933398	V	V
4206669	4207784	3474882	3473743	1116	1140	94.25	19933398	17080301	V	IV
4225828	4227148	7118771	7117458	1321	1314	95.25	19933398	15540809	V	I
4248619	4250257	4531638	4530065	1639	1574	92.90	19933398	19933398	V	V
4258685	4259986	5336182	5334875	1302	1308	98.62	19933398	19933398	V	V
4329602	4331413	4344020	4342168	1812	1853	86.54	19933398	19933398	V	V
4332023	4333961	4341757	4339816	1939	1942	96.29	19933398	19933398	V	V
4339816	4341757	4333961	4332023	1942	1939	96.29	19933398	19933398	V	V
4342168	4344020	4331413	4329602	1853	1812	86.54	19933398	19933398	V	V
4390944	4392189	10131471	10130220	1246	1252	93.99	19933398	14810976	V	III
4390945	4392174	8926787	8925565	1230	1223	93.52	19933398	14810976	V	III
4390948	4392189	2593278	2592055	1242	1224	93.98	19933398	16595099	V	II
4400992	4402301	7237769	7236460	1310	1310	99.85	19933398	17080301	V	IV
4417818	4419123	3351246	3349941	1306	1306	99.54	19933398	19933398	V	V
4417818	4419123	4259985	4258686	1306	1300	99.00	19933398	19933398	V	V
4417818	4419123	4402297	4400992	1306	1306	100.00	19933398	19933398	V	V
4417818	4419123	4481234	4479929	1306	1306	100.00	19933398	19933398	V	V
4432704	4433842	6567324	6566163	1139	1162	94.52	19933398	14810976	V	III
4442539	4443849	5881089	5879779	1311	1311	99.62	19933398	19933398	V	V
4453925	4455182	21093260	21092004	1258	1257	94.24	19933398	22220885	V	X
4507778	4509073	4517339	4516047	1296	1293	97.54	19933398	16595099	V	II
4507780	4509073	7865716	7864438	1294	1279	86.56	19933398	22220885	V	X
4507894	4509073	6223791	6222623	1180	1169	95.59	19933398	19933398	V	V
4530063	4531160	4776773	4775713	1098	1061	90.12	19933398	19933398	V	V
4530063	4531160	4783267	4782207	1098	1061	90.03	19933398	19933398	V	V
4530065	4531638	4250257	4248619	1574	1639	92.90	19933398	19933398	V	V
4559530	4560790	9165602	9164320	1261	1283	88.82	19933398	17080301	V	IV
4559531	4560780	13989237	13987993	1250	1245	81.22	19933398	19933398	V	V
4569864	4571611	4575717	4573965	1748	1753	99.20	19933398	19933398	V	V
4573965	4575717	4571611	4569864	1753	1748	99.20	19933398	19933398	V	V
4618078	4619109	5000050	4999020	1032	1031	97.77	19933398	15540809	V	I
4618080	4619107	4067745	4066714	1028	1032	92.59	19933398	14810976	V	III
4618080	4619107	4553367	4552346	1028	1022	97.37	19933398	14810976	V	III
4618080	4619107	6965046	6964020	1028	1027	97.08	19933398	14810976	V	III
4618080	4619107	14187602	14186574	1028	1029	97.18	19933398	14810976	V	III
4618080	4619108	502684	501659	1029	1026	96.89	19933398	17080301	V	IV
4618080	4619107	6109861	6108838	1028	1024	96.31	19933398	17080301	V	IV
4675423	4679960	15491644	15487182	4538	4463	86.28	19933398	22220885	V	X
4676062	4677861	15433346	15431597	1800	1750	83.04	19933398	22220885	V	X
4676062	4682954	15438346	15431594	6893	6753	84.74	19933398	22220885	V	X
4676062	4683733	15445626	15437895	7672	7732	84.52	19933398	22220885	V	X
4676062	4681617	15448576	15442891	5556	5686	84.06	19933398	22220885	V	X
4676062	4679944	15451067	15447185	3883	3883	84.11	19933398	22220885	V	X
4676062	4683726	15453137	15445282	7665	7856	84.04	19933398	22220885	V	X
4676062	4687882	15455720	15443827	11821	11894	83.63	19933398	22220885	V	X
4676062	4683717	15460540	15452912	7656	7629	84.63	19933398	22220885	V	X
4676062	4686406	15463710	15453244	10345	10467	84.49	19933398	22220885	V	X
4676062	4681912	15468540	15462780	5851	5761	84.27	19933398	22220885	V	X
4676062	4680693	15469330	15464719	4632	4612	84.83	19933398	22220885	V	X
4676062	4681910	15470380	15464602	5849	5779	84.86	19933398	22220885	V	X
4676062	4681912	15477010	15471250	5851	5761	84.27	19933398	22220885	V	X
4676062	4683404	15478260	15470988	7343	7273	84.43	19933398	22220885	V	X
4676062	4681910	15478820	15473072	5849	5749	84.40	19933398	22220885	V	X
4676062	4686408	15484410	15474015	10347	10396	84.54	19933398	22220885	V	X
4676062	4683727	15485270	15477635	7666	7636	84.48	19933398	22220885	V	X
4676069	4687882	15473863	15461751	11814	12113	83.89	19933398	22220885	V	X
4676074	4679184	15434644	15431594	3111	3051	84.31	19933398	22220885	V	X
4676074	4680190	15442044	15437788	4117	4257	84.98	19933398	22220885	V	X
4676074	4688305	15443264	15431174	12232	12091	84.90	19933398	22220885	V	X
4676074	4685870	15466288	15456423	9797	9866	84.48	19933398	22220885	V	X
4676074	4683404	15469668	15462518	7331	7151	84.39	19933398	22220885	V	X
4676074	4687882	15476728	15465021	11809	11708	83.92	19933398	22220885	V	X
4676074	4687885	15489378	15477378	11812	12001	84.49	19933398	22220885	V	X
4676078	4680693	15477804	15473189	4616	4616	84.70	19933398	22220885	V	X
4676080	4683726	15456252	15448692	7647	7561	84.46	19933398	22220885	V	X
4676102	4683303	15462880	15455919	7202	6962	84.41	19933398	22220885	V	X
4676102	4681910	15471350	15465562	5809	5789	84.87	19933398	22220885	V	X
4676221	4680575	5763181	5758838	4355	4344	83.99	19933398	19933398	V	V
4676524	4687885	15487348	15476088	11362	11261	84.49	19933398	22220885	V	X
4676784	4683731	15490988	15484121	6948	6868	84.42	19933398	22220885	V	X
4676874	4687885	7787683	7776578	11012	11106	85.07	19933398	22220885	V	X
4677342	4681665	5763180	5758838	4324	4343	84.03	19933398	19933398	V	V
4678963	4686523	15490979	15483560	7561	7420	84.48	19933398	22220885	V	X
4679944	4687175	15446354	15439124	7232	7231	84.64	19933398	22220885	V	X
4679944	4686395	15446954	15440424	6452	6531	84.79	19933398	22220885	V	X
4680087	4686520	15484325	15477733	6434	6593	84.25	19933398	22220885	V	X
4680695	4686905	15437783	15431594	6211	6190	84.91	19933398	22220885	V	X
4680699	4687067	15485363	15478986	6369	6378	85.47	19933398	22220885	V	X
4681912	4687885	15461380	15455535	5974	5846	84.42	19933398	22220885	V	X
4681940	4687885	15462082	15456178	5946	5905	84.98	19933398	22220885	V	X
4681952	4686080	15491000	15486833	4129	4168	84.45	19933398	22220885	V	X
4682053	4687885	15437785	15432154	5833	5632	84.91	19933398	22220885	V	X
4682640	4687885	15442888	15437604	5246	5285	85.16	19933398	22220885	V	X
4683733	4687885	15437035	15432824	4153	4212	85.52	19933398	22220885	V	X
4684544	4687885	15437895	15434534	3342	3362	84.49	19933398	22220885	V	X
4701685	4704830	2175703	2172553	3146	3151	95.40	19933398	19933398	V	V
4722842	4727516	4732430	4727757	4675	4674	99.89	19933398	19933398	V	V
4727757	4732430	4727516	4722842	4674	4675	99.89	19933398	19933398	V	V
4732431	4737364	4754437	4749499	4934	4939	97.58	19933398	19933398	V	V
4732431	4734669	4755508	4753267	2239	2242	98.44	19933398	19933398	V	V
4732431	4739780	4756817	4749499	7350	7319	97.32	19933398	19933398	V	V
4732431	4741363	4760149	4751274	8933	8876	97.44	19933398	19933398	V	V
4732431	4735618	4764716	4761540	3188	3177	98.09	19933398	19933398	V	V
4732431	4735737	4764835	4761540	3307	3296	98.19	19933398	19933398	V	V
4732431	4736316	4765549	4761681	3886	3869	97.79	19933398	19933398	V	V
4732431	4733572	4766263	4765122	1142	1142	98.69	19933398	19933398	V	V
4732431	4734046	4767215	4765600	1616	1616	98.33	19933398	19933398	V	V
4732431	4733810	4768884	4767502	1380	1383	98.26	19933398	19933398	V	V
4732431	4734640	4771148	4768939	2210	2210	98.28	19933398	19933398	V	V
4732431	4734640	4771625	4769415	2210	2211	98.78	19933398	19933398	V	V
4733060	4743296	4771710	4761540	10237	10171	97.48	19933398	19933398	V	V
4735618	4742910	4761138	4753905	7293	7234	97.41	19933398	19933398	V	V
4738202	4748943	4760489	4749802	10742	10688	97.31	19933398	19933398	V	V
4739304	4748946	4771710	4762129	9643	9582	97.21	19933398	19933398	V	V
4742910	4746610	4753189	4749499	3701	3691	97.31	19933398	19933398	V	V
4749499	4753894	4740143	4735722	4396	4422	96.94	19933398	19933398	V	V
4749499	4757769	4740741	4732431	8271	8311	97.37	19933398	19933398	V	V
4749499	4757395	4742050	4734114	7897	7937	97.15	19933398	19933398	V	V
4749499	4759180	4744685	4734946	9682	9740	97.30	19933398	19933398	V	V
4749499	4750640	4746610	4745466	1142	1145	98.52	19933398	19933398	V	V
4749499	4753944	4748767	4744317	4446	4451	96.98	19933398	19933398	V	V
4750640	4760863	4742709	4732431	10224	10279	97.39	19933398	19933398	V	V
4755372	4761536	4744317	4738104	6165	6214	97.23	19933398	19933398	V	V
4755539	4761536	4748946	4742895	5998	6052	97.01	19933398	19933398	V	V
4761540	4763169	4734060	4732431	1630	1630	98.59	19933398	19933398	V	V
4761540	4764716	4735618	4732431	3177	3188	98.09	19933398	19933398	V	V
4761540	4764835	4735737	4732431	3296	3307	98.19	19933398	19933398	V	V
4761540	4765192	4736097	4732431	3653	3667	98.09	19933398	19933398	V	V
4761540	4769586	4742104	4733993	8047	8112	97.17	19933398	19933398	V	V
4761540	4770895	4743418	4733993	9356	9426	97.21	19933398	19933398	V	V
4762533	4771710	4742895	4733655	9178	9241	97.60	19933398	19933398	V	V
4763081	4770441	4748946	4741538	7361	7409	97.18	19933398	19933398	V	V
4783619	4785239	386543	384924	1621	1620	99.75	19933398	17080301	V	IV
4970982	4978921	4987859	4979923	7940	7937	99.84	19933398	19933398	V	V
4979923	4987859	4978921	4970982	7937	7940	99.84	19933398	19933398	V	V
4986981	4988708	4990750	4988945	1728	1806	95.46	19933398	19933398	V	V
4988945	4990750	4988708	4986981	1806	1728	95.46	19933398	19933398	V	V
4994584	4996689	4999188	4997083	2106	2106	99.95	19933398	19933398	V	V
4997083	4999188	4996689	4994584	2106	2106	99.95	19933398	19933398	V	V
5037931	5041330	13643531	13640139	3400	3393	97.03	19933398	15540809	V	I
5045677	5046764	13026758	13025679	1088	1080	97.70	19933398	14810976	V	III
5045712	5046802	6127589	6126520	1091	1070	97.62	19933398	19933398	V	V
5047773	5048939	13643531	13642361	1167	1171	93.62	19933398	15540809	V	I
5056647	5058023	11267770	11266394	1377	1377	99.93	19933398	15540809	V	I
5056647	5060798	2336309	2332156	4152	4154	99.76	19933398	16595099	V	II
5056648	5060798	12452492	12448338	4151	4155	99.71	19933398	14810976	V	III
5059555	5060798	2818082	2816860	1244	1223	98.07	19933398	17080301	V	IV
5069769	5071104	12833895	12832542	1336	1354	87.97	19933398	14810976	V	III
5069769	5071104	2098954	2097584	1336	1371	88.36	19933398	17080301	V	IV
5069769	5070786	3643402	3642378	1018	1025	88.28	19933398	17080301	V	IV
5069769	5071104	602467	601102	1336	1366	89.29	19933398	19933398	V	V
5069769	5071104	6203628	6202336	1336	1293	84.77	19933398	19933398	V	V
5069769	5071104	18932058	18930719	1336	1340	86.07	19933398	22220885	V	X
5069769	5071104	21930478	21929126	1336	1353	88.95	19933398	22220885	V	X
5101141	5102763	5105430	5103867	1623	1564	92.27	19933398	19933398	V	V
5103867	5105430	5102763	5101141	1564	1623	92.27	19933398	19933398	V	V
5115950	5118548	4990298	4987708	2599	2591	91.85	19933398	17080301	V	IV
5116282	5118549	3439979	3437662	2268	2318	93.54	19933398	17080301	V	IV
5121261	5122278	13520321	13519306	1018	1016	92.68	19933398	22220885	V	X
5121264	5122278	4207121	4206115	1015	1007	92.47	19933398	15540809	V	I
5121267	5122278	4412209	4411199	1012	1011	93.71	19933398	16595099	V	II
5121267	5122278	8796817	8795805	1012	1013	94.79	19933398	16595099	V	II
5152633	5153843	3637519	3636314	1211	1206	90.62	19933398	19933398	V	V
5156159	5158108	5158108	5156159	1950	1950	82.34	19933398	19933398	V	V
5171273	5172290	16133256	16132238	1018	1019	97.55	19933398	19933398	V	V
5171274	5172275	12977509	12976508	1002	1002	99.80	19933398	15540809	V	I
5177559	5178611	13031430	13030370	1053	1061	91.36	19933398	17080301	V	IV
5177560	5178640	7592244	7591151	1081	1094	91.54	19933398	15540809	V	I
5177560	5178673	7509879	7508762	1114	1118	93.61	19933398	16595099	V	II
5177560	5178675	12911035	12909947	1116	1089	86.02	19933398	16595099	V	II
5188826	5189917	5193766	5192655	1092	1112	97.93	19933398	19933398	V	V
5188831	5189917	5046818	5045712	1087	1107	97.74	19933398	19933398	V	V
5188832	5190849	7057750	7055688	2018	2063	95.58	19933398	14810976	V	III
5188833	5189917	4953904	4952799	1085	1106	97.65	19933398	17080301	V	IV
5188847	5190849	6134212	6132203	2003	2010	98.61	19933398	19933398	V	V
5190849	5192432	12563395	12561812	1584	1584	99.12	19933398	15540809	V	I
5190849	5192273	7055580	7054157	1425	1424	99.65	19933398	14810976	V	III
5191001	5193633	1471532	1468888	2633	2645	98.90	19933398	16595099	V	II
5191268	5193707	13028124	13025679	2440	2446	97.93	19933398	14810976	V	III
5191392	5192432	6130386	6129347	1041	1040	99.14	19933398	19933398	V	V
5192565	5193758	6855508	6854301	1194	1208	96.71	19933398	22220885	V	X
5192655	5193766	5189917	5188826	1112	1092	97.93	19933398	19933398	V	V
5192655	5193726	5189917	5188847	1072	1071	99.26	19933398	19933398	V	V
5202880	5203976	12077211	12076105	1097	1107	96.93	19933398	14810976	V	III
5216626	5218812	52564	50291	2187	2274	89.17	19933398	15540809	V	I
5216632	5217861	35275	33998	1230	1278	89.01	19933398	15540809	V	I
5220038	5221591	52561	50948	1554	1614	88.63	19933398	15540809	V	I
5254767	5255809	12861841	12860799	1043	1043	93.96	19933398	16595099	V	II
5254769	5255782	11582958	11581943	1014	1016	87.01	19933398	16595099	V	II
5275767	5276830	5131425	5130349	1064	1077	96.75	19933398	17080301	V	IV
5275769	5277020	12754156	12752896	1252	1261	96.21	19933398	16595099	V	II
5277220	5279124	5283854	5281949	1905	1906	99.69	19933398	19933398	V	V
5281949	5283854	5279124	5277220	1906	1905	99.69	19933398	19933398	V	V
5294019	5296919	5838018	5835074	2901	2945	96.98	19933398	19933398	V	V
5294504	5295803	17357168	17355857	1300	1312	94.15	19933398	22220885	V	X
5294974	5296637	16954549	16952856	1664	1694	95.87	19933398	19933398	V	V
5295726	5296919	456469	455270	1194	1200	97.42	19933398	17080301	V	IV
5296920	5298062	8347186	8346063	1143	1124	95.91	19933398	22220885	V	X
5330978	5333563	16082560	16079997	2586	2564	93.51	19933398	17080301	V	IV
5330986	5332469	15446496	15445014	1484	1483	98.99	19933398	17080301	V	IV
5330986	5332159	16580211	16579038	1174	1174	99.06	19933398	17080301	V	IV
5330986	5332006	17088019	17086999	1021	1021	99.51	19933398	19933398	V	V
5330993	5333563	265592	263014	2571	2579	95.20	19933398	15540809	V	I
5330998	5333574	3003981	3001435	2577	2547	78.28	19933398	19933398	V	V
5331206	5333084	5893251	5891373	1879	1879	94.15	19933398	16595099	V	II
5332246	5333403	5893251	5892094	1158	1158	92.76	19933398	16595099	V	II
5334875	5336182	4259986	4258685	1308	1302	98.62	19933398	19933398	V	V
5334876	5336182	3351246	3349940	1307	1307	99.62	19933398	19933398	V	V
5441140	5442401	11748654	11747398	1262	1257	94.80	19933398	16595099	V	II
5441140	5442401	10084001	10082741	1262	1261	96.91	19933398	22220885	V	X
5441140	5442401	10842833	10841576	1262	1258	96.67	19933398	22220885	V	X
5441146	5442401	5606947	5605674	1256	1274	94.90	19933398	17080301	V	IV
5468261	5473275	5478872	5473779	5015	5094	98.31	19933398	19933398	V	V
5473779	5478872	5473275	5468261	5094	5015	98.31	19933398	19933398	V	V
5563428	5564578	2049488	2048352	1151	1137	91.56	19933398	17080301	V	IV
5563428	5564578	13296525	13295382	1151	1144	93.44	19933398	22220885	V	X
5563431	5564544	2230080	2228961	1114	1120	91.71	19933398	17080301	V	IV
5567353	5569208	5571179	5569324	1856	1856	99.62	19933398	19933398	V	V
5567906	5569616	13548773	13547048	1711	1726	97.40	19933398	22220885	V	X
5568035	5569616	2290489	2288879	1582	1611	96.72	19933398	19933398	V	V
5568916	5571181	10020517	10018207	2266	2311	97.06	19933398	16595099	V	II
5569324	5571179	5569208	5567353	1856	1856	99.62	19933398	19933398	V	V
5635629	5636644	9414903	9413876	1016	1028	91.55	19933398	16595099	V	II
5661882	5662896	5666020	5665023	1015	998	89.78	19933398	19933398	V	V
5690733	5692356	13569970	13568351	1624	1620	98.83	19933398	14810976	V	III
5713131	5714661	14097991	14096468	1531	1524	98.11	19933398	17080301	V	IV
5714715	5716281	14103335	14101746	1567	1590	93.89	19933398	17080301	V	IV
5718004	5719162	1908833	1907680	1159	1154	87.97	19933398	17080301	V	IV
5718103	5719162	2064417	2063341	1060	1077	89.22	19933398	16595099	V	II
5739787	5741031	858214	856968	1245	1247	96.64	19933398	19933398	V	V
5739788	5741033	10794061	10792814	1246	1248	97.60	19933398	14810976	V	III
5739788	5740992	11559979	11558767	1205	1213	97.03	19933398	14810976	V	III
5739788	5741034	19689028	19687777	1247	1252	97.44	19933398	19933398	V	V
5739788	5741031	12939281	12938033	1244	1249	97.52	19933398	22220885	V	X
5739878	5741033	852998	851842	1156	1157	97.84	19933398	16595099	V	II
5744613	5746551	2269903	2267933	1939	1971	93.73	19933398	15540809	V	I
5744615	5746549	7301776	7299795	1935	1982	94.77	19933398	15540809	V	I
5744615	5746452	13684042	13682184	1838	1859	93.58	19933398	16595099	V	II
5744615	5746549	7296215	7294262	1935	1954	94.47	19933398	19933398	V	V
5758420	5763184	10316887	10311982	4765	4906	85.84	19933398	19933398	V	V
5758420	5759462	16107487	16106461	1043	1027	82.95	19933398	22220885	V	X
5758838	5763180	4681665	4677342	4343	4324	84.03	19933398	19933398	V	V
5758838	5760632	5764835	5763183	1795	1653	83.60	19933398	19933398	V	V
5758838	5761254	5765406	5763183	2417	2224	83.07	19933398	19933398	V	V
5758838	5761684	5766017	5763183	2847	2835	87.26	19933398	19933398	V	V
5758840	5761393	5765724	5763184	2554	2541	85.29	19933398	19933398	V	V
5758843	5759967	6949105	6948014	1125	1092	82.51	19933398	19933398	V	V
5759669	5762745	5766288	5763183	3077	3106	86.10	19933398	19933398	V	V
5759950	5764799	5766288	5761459	4850	4830	86.11	19933398	19933398	V	V
5760440	5762604	5766317	5764104	2165	2214	86.26	19933398	19933398	V	V
5763183	5764706	5760391	5758847	1524	1545	87.71	19933398	19933398	V	V
5763183	5765626	5761254	5758838	2444	2417	85.55	19933398	19933398	V	V
5763183	5766017	5761684	5758838	2835	2847	87.26	19933398	19933398	V	V
5763183	5766276	5762745	5759822	3094	2924	85.77	19933398	19933398	V	V
5763184	5765074	5760772	5758840	1891	1933	86.39	19933398	19933398	V	V
5764895	5765918	5767310	5766289	1024	1022	85.45	19933398	19933398	V	V
5765174	5766292	5763179	5762099	1119	1081	86.25	19933398	19933398	V	V
5765226	5767310	5767310	5765226	2085	2085	84.95	19933398	19933398	V	V
5766256	5767310	10301314	10300229	1055	1086	85.05	19933398	19933398	V	V
5766271	5767310	10304159	10303099	1040	1061	86.57	19933398	19933398	V	V
5766280	5767310	14129581	14128554	1031	1028	83.97	19933398	16595099	V	II
5766280	5767310	4679254	4678225	1031	1030	84.56	19933398	19933398	V	V
5766280	5767302	4680654	4679633	1023	1022	82.01	19933398	19933398	V	V
5766280	5767310	10299868	10298819	1031	1050	85.58	19933398	19933398	V	V
5766280	5767310	10300488	10299509	1031	980	81.56	19933398	19933398	V	V
5766280	5767307	10301708	10300722	1028	987	84.52	19933398	19933398	V	V
5766280	5767310	10302488	10301499	1031	990	81.44	19933398	19933398	V	V
5766280	5767310	10304598	10303539	1031	1060	86.38	19933398	19933398	V	V
5766280	5767310	10305108	10304149	1031	960	85.87	19933398	19933398	V	V
5766280	5767310	10305408	10304339	1031	1070	87.70	19933398	19933398	V	V
5766280	5767310	10307098	10306069	1031	1030	87.07	19933398	19933398	V	V
5766280	5767310	10307478	10306359	1031	1120	82.92	19933398	19933398	V	V
5766280	5767310	10308308	10307209	1031	1100	84.94	19933398	19933398	V	V
5766280	5767310	10308388	10307329	1031	1060	87.85	19933398	19933398	V	V
5766280	5767310	10308988	10307949	1031	1040	87.58	19933398	19933398	V	V
5766280	5767310	10310358	10309289	1031	1070	87.68	19933398	19933398	V	V
5766280	5767307	10310548	10309542	1028	1007	86.45	19933398	19933398	V	V
5766280	5767310	10313398	10312399	1031	1000	87.24	19933398	19933398	V	V
5766280	5767310	10315208	10314219	1031	990	84.82	19933398	19933398	V	V
5766280	5767310	10316088	10315039	1031	1050	84.79	19933398	19933398	V	V
5766280	5767310	10316338	10315299	1031	1040	84.87	19933398	19933398	V	V
5766281	5767310	10311477	10310399	1030	1079	85.60	19933398	19933398	V	V
5766288	5767310	10300141	10299169	1023	973	84.06	19933398	19933398	V	V
5766288	5767310	10303281	10302229	1023	1053	85.71	19933398	19933398	V	V
5766288	5767310	10306171	10305149	1023	1023	84.98	19933398	19933398	V	V
5766288	5767310	10310681	10309699	1023	983	83.73	19933398	19933398	V	V
5766288	5767310	10312031	10310999	1023	1033	85.40	19933398	19933398	V	V
5766288	5767310	10314321	10313329	1023	993	85.33	19933398	19933398	V	V
5766288	5767310	10314981	10313959	1023	1023	85.29	19933398	19933398	V	V
5766288	5767307	10315921	10314882	1020	1040	85.92	19933398	19933398	V	V
5766289	5767310	10309390	10308359	1022	1032	87.36	19933398	19933398	V	V
5766289	5767310	10312500	10311449	1022	1052	88.70	19933398	19933398	V	V
5787344	5789007	5794088	5792424	1664	1665	96.00	19933398	19933398	V	V
5792424	5793809	5789007	5787616	1386	1392	98.64	19933398	19933398	V	V
5819584	5821196	14221265	14219649	1613	1617	98.95	19933398	16595099	V	II
5819584	5821196	17385773	17384168	1613	1606	98.45	19933398	19933398	V	V
5821669	5822980	5825046	5823733	1312	1314	99.24	19933398	19933398	V	V
5822989	5824013	10172711	10171689	1025	1023	94.05	19933398	19933398	V	V
5823000	5824356	6418475	6417125	1357	1351	94.93	19933398	17080301	V	IV
5823733	5825046	5822980	5821669	1314	1312	99.24	19933398	19933398	V	V
5829610	5832765	2440319	2437158	3156	3162	91.13	19933398	14810976	V	III
5829612	5831269	15912052	15910390	1658	1663	89.99	19933398	22220885	V	X
5829613	5833342	949542	945845	3730	3698	90.35	19933398	22220885	V	X
5830517	5833508	20852391	20849410	2992	2982	89.97	19933398	22220885	V	X
5834781	5837356	6592592	6590036	2576	2557	97.25	19933398	19933398	V	V
5834781	5840260	7793220	7787750	5480	5471	98.56	19933398	22220885	V	X
5835074	5838018	5296919	5294019	2945	2901	96.98	19933398	19933398	V	V
5840261	5844833	16748539	16743997	4573	4543	90.60	19933398	19933398	V	V
5840261	5846511	16748939	16742669	6251	6271	90.34	19933398	19933398	V	V
5840261	5844188	16758236	16754309	3928	3928	90.79	19933398	19933398	V	V
5840261	5845188	7780863	7775873	4928	4991	88.03	19933398	22220885	V	X
5840261	5847161	7782518	7775426	6901	7093	88.58	19933398	22220885	V	X
5840261	5846712	7782748	7776098	6452	6651	88.26	19933398	22220885	V	X
5840261	5846334	7782978	7776805	6074	6174	88.68	19933398	22220885	V	X
5840261	5846768	7784713	7778106	6508	6608	88.33	19933398	22220885	V	X
5840261	5845124	7785863	7780870	4864	4994	89.27	19933398	22220885	V	X
5840264	5845451	16747836	16742669	5188	5168	90.44	19933398	19933398	V	V
5840264	5845240	16750015	16745030	4977	4986	90.38	19933398	19933398	V	V
5840264	5846719	16753074	16746751	6456	6324	89.35	19933398	19933398	V	V
5840264	5845557	16755453	16750152	5294	5302	90.56	19933398	19933398	V	V
5840264	5841778	7777385	7775873	1515	1513	89.77	19933398	22220885	V	X
5840381	5846719	16758556	16752189	6339	6368	90.56	19933398	19933398	V	V
5840684	5845557	16758553	16753570	4874	4984	89.69	19933398	19933398	V	V
5842341	5845917	16758556	16754970	3577	3587	89.47	19933398	19933398	V	V
5842511	5846718	7787683	7783521	4208	4163	89.14	19933398	22220885	V	X
5844251	5846771	7787683	7785203	2521	2481	88.82	19933398	22220885	V	X
5844701	5846712	16758556	16756535	2012	2022	90.50	19933398	19933398	V	V
5844831	5845848	7616937	7615912	1018	1026	88.53	19933398	22220885	V	X
5871539	5872848	5889640	5888331	1310	1310	99.77	19933398	14810976	V	III
5871539	5872848	15459219	15457910	1310	1310	99.92	19933398	17080301	V	IV
5871540	5872848	1627916	1626608	1309	1309	100.00	19933398	22220885	V	X
5871540	5872848	1633241	1631933	1309	1309	100.00	19933398	22220885	V	X
5871540	5872848	1638565	1637257	1309	1309	100.00	19933398	22220885	V	X
5871540	5872848	1643890	1642582	1309	1309	100.00	19933398	22220885	V	X
5871541	5872848	12542826	12541519	1308	1308	99.69	19933398	16595099	V	II
5871541	5872849	2529822	2528514	1309	1309	99.85	19933398	19933398	V	V
5871542	5872848	4594139	4592833	1307	1307	99.77	19933398	14810976	V	III
5871542	5872848	12900567	12899261	1307	1307	99.85	19933398	14810976	V	III
5871542	5872848	3859855	3858549	1307	1307	99.92	19933398	17080301	V	IV
5879779	5881089	4443849	4442539	1311	1311	99.62	19933398	19933398	V	V
5879783	5881090	2666640	2665333	1308	1308	99.54	19933398	16595099	V	II
5882430	5884469	5884469	5882430	2040	2040	89.91	19933398	19933398	V	V
5963259	5965580	760630	758286	2322	2345	97.15	19933398	14810976	V	III
5963259	5965580	784968	782623	2322	2346	97.11	19933398	14810976	V	III
6040484	6042224	11353831	11352065	1741	1767	88.22	19933398	17080301	V	IV
6078617	6079628	6082945	6081932	1012	1014	81.07	19933398	19933398	V	V
6081932	6082945	6079628	6078617	1014	1012	81.07	19933398	19933398	V	V
6084420	6086036	9707572	9705951	1617	1622	98.89	19933398	22220885	V	X
6084424	6086036	21270423	21268806	1613	1618	98.95	19933398	22220885	V	X
6111433	6112662	18472881	18471651	1230	1231	98.70	19933398	19933398	V	V
6111455	6112662	16105660	16104452	1208	1209	98.68	19933398	19933398	V	V
6111568	6112660	2234654	2233560	1093	1095	97.90	19933398	17080301	V	IV
6126466	6127589	2190206	2189080	1124	1127	99.20	19933398	17080301	V	IV
6126470	6134262	6134262	6126470	7793	7793	99.33	19933398	19933398	V	V
6126501	6127589	5046802	5045712	1089	1091	98.99	19933398	19933398	V	V
6126501	6127589	5193745	5192655	1089	1091	99.27	19933398	19933398	V	V
6126577	6129002	13030585	13028122	2426	2464	95.27	19933398	14810976	V	III
6127592	6129271	12564441	12562762	1680	1680	98.63	19933398	15540809	V	I
6129266	6130386	6858200	6857080	1121	1121	99.46	19933398	22220885	V	X
6129266	6130386	19877348	19876228	1121	1121	99.29	19933398	22220885	V	X
6129347	6130386	2188845	2187806	1040	1040	98.94	19933398	17080301	V	IV
6129347	6130386	5192432	5191392	1040	1041	99.14	19933398	19933398	V	V
6131457	6133137	2187896	2186223	1681	1674	98.81	19933398	17080301	V	IV
6131457	6133137	6857170	6855492	1681	1679	99.17	19933398	22220885	V	X
6132203	6134212	5190849	5188847	2010	2003	98.61	19933398	19933398	V	V
6133140	6134193	13026723	13025679	1054	1045	97.54	19933398	14810976	V	III
6135498	6136529	12539764	12538732	1032	1033	93.87	19933398	17080301	V	IV
6174181	6175435	13130175	13128904	1255	1272	93.88	19933398	17080301	V	IV
6174182	6175435	3718546	3717294	1254	1253	94.85	19933398	15540809	V	I
6174182	6175435	7740433	7739170	1254	1264	95.97	19933398	17080301	V	IV
6174182	6175435	13061446	13060181	1254	1266	93.50	19933398	17080301	V	IV
6202252	6203748	13202216	13200647	1497	1570	90.66	19933398	17080301	V	IV
6212192	6213441	16522204	16520969	1250	1236	87.04	19933398	19933398	V	V
6212194	6213983	8264059	8262277	1790	1783	96.65	19933398	19933398	V	V
6222622	6223791	2989985	2988849	1170	1137	92.86	19933398	19933398	V	V
6222623	6223787	8169584	8168408	1165	1177	96.09	19933398	14810976	V	III
6222623	6223791	4509073	4507894	1169	1180	95.59	19933398	19933398	V	V
6227796	6229054	6095154	6093896	1259	1259	99.76	19933398	22220885	V	X
6227796	6229053	10560360	10559103	1258	1258	99.52	19933398	22220885	V	X
6227800	6229058	16193878	16192620	1259	1259	99.84	19933398	22220885	V	X
6292529	6293788	15584690	15583430	1260	1261	99.68	19933398	16595099	V	II
6292535	6293792	6091955	6090698	1258	1258	99.76	19933398	14810976	V	III
6308230	6309247	12748107	12747065	1018	1043	92.25	19933398	14810976	V	III
6349576	6354802	12452493	12447236	5227	5258	99.09	19933398	14810976	V	III
6349577	6353975	2336308	2331880	4399	4429	99.07	19933398	16595099	V	II
6425103	6426355	8705723	8704480	1253	1244	97.61	19933398	14810976	V	III
6425103	6426355	3445229	3443985	1253	1245	97.77	19933398	19933398	V	V
6425104	6426355	44100	42810	1252	1291	94.83	19933398	14810976	V	III
6425104	6426355	5741031	5739788	1252	1244	97.76	19933398	19933398	V	V
6425104	6426361	486871	485615	1258	1257	98.09	19933398	22220885	V	X
6425104	6426355	14784542	14783296	1252	1247	97.84	19933398	22220885	V	X
6472049	6473049	6024130	6023134	1001	997	84.91	19933398	19933398	V	V
6501718	6503414	3053117	3051420	1697	1698	99.29	19933398	17080301	V	IV
6502167	6503414	5796960	5795702	1248	1259	97.70	19933398	14810976	V	III
6504088	6505434	5012319	5011011	1347	1309	90.23	19933398	16595099	V	II
6504088	6505302	10831084	10829862	1215	1223	93.69	19933398	14810976	V	III
6504096	6505302	3781163	3779963	1207	1201	94.17	19933398	19933398	V	V
6525092	6526714	12991040	12989418	1623	1623	99.38	19933398	14810976	V	III
6525098	6526713	16225379	16223772	1616	1608	98.76	19933398	19933398	V	V
6554339	6555380	14207069	14206039	1042	1031	94.03	19933398	14810976	V	III
6554339	6555380	12074935	12073906	1042	1030	94.77	19933398	17080301	V	IV
6554340	6555380	2871724	2870696	1041	1029	94.68	19933398	15540809	V	I
6554340	6555380	14252573	14251530	1041	1044	91.95	19933398	16595099	V	II
6554340	6555381	6572612	6571599	1042	1014	93.43	19933398	19933398	V	V
6563535	6564739	11664258	11663113	1205	1146	90.48	19933398	14810976	V	III
6567929	6569003	678350	677287	1075	1064	82.42	19933398	19933398	V	V
6569810	6571060	4109436	4108199	1251	1238	95.69	19933398	17080301	V	IV
6571599	6572612	6555381	6554340	1014	1042	93.43	19933398	19933398	V	V
6571600	6572612	4067745	4066714	1013	1032	91.92	19933398	14810976	V	III
6576333	6577431	4519181	4518051	1099	1131	90.41	19933398	16595099	V	II
6576333	6577431	6426851	6425757	1099	1095	89.71	19933398	22220885	V	X
6588322	6589355	17358187	17357170	1034	1018	90.37	19933398	22220885	V	X
6590036	6592592	5837356	5834781	2557	2576	97.25	19933398	19933398	V	V
6590084	6591193	17356967	17355857	1110	1111	97.75	19933398	22220885	V	X
6590333	6592553	16954549	16952398	2221	2152	93.50	19933398	19933398	V	V
6591116	6592594	456469	454975	1479	1495	96.33	19933398	17080301	V	IV
6591446	6592591	17355857	17354702	1146	1156	96.72	19933398	22220885	V	X
6703385	6704644	5368736	5367477	1260	1260	99.68	19933398	16595099	V	II
6703387	6704644	18999436	18998179	1258	1258	99.76	19933398	22220885	V	X
6703388	6704643	3508309	3507054	1256	1256	99.76	19933398	16595099	V	II
6703388	6704643	16354330	16353075	1256	1256	99.84	19933398	22220885	V	X
6703388	6704644	19325439	19324183	1257	1257	99.84	19933398	22220885	V	X
6768594	6769634	5781297	5780304	1041	994	83.60	19933398	14810976	V	III
6852872	6854658	10031898	10030123	1787	1776	92.48	19933398	15540809	V	I
6883858	6885071	21916845	21915645	1214	1201	93.99	19933398	22220885	V	X
6884196	6885395	294941	293742	1200	1200	93.69	19933398	22220885	V	X
6884196	6885258	21957916	21956856	1063	1061	95.40	19933398	22220885	V	X
6884286	6885395	14462465	14461356	1110	1110	93.53	19933398	22220885	V	X
6884365	6885399	4935419	4934388	1035	1032	93.05	19933398	22220885	V	X
6921528	6922618	7545363	7544272	1091	1092	95.53	19933398	16595099	V	II
6921533	6922614	13854190	13853109	1082	1082	96.50	19933398	17080301	V	IV
6948005	6949340	6750556	6749250	1336	1307	82.90	19933398	22220885	V	X
6948011	6949340	6753650	6752330	1330	1321	83.83	19933398	22220885	V	X
6948014	6949105	5759967	5758843	1092	1125	82.51	19933398	19933398	V	V
6948025	6949061	6750006	6749019	1037	988	84.81	19933398	22220885	V	X
6948025	6949645	6750366	6748717	1621	1650	84.67	19933398	22220885	V	X
6948025	6949340	6751816	6750470	1316	1347	82.95	19933398	22220885	V	X
6948042	6949645	15432932	15431301	1604	1632	83.75	19933398	22220885	V	X
6948526	6949645	1892707	1891651	1120	1057	84.77	19933398	19933398	V	V
6959298	6960562	8484501	8483202	1265	1300	94.38	19933398	15540809	V	I
6961663	6963507	15093763	15091866	1845	1898	92.91	19933398	22220885	V	X
6964547	6966308	1803892	1802111	1762	1782	97.81	19933398	19933398	V	V
6966827	6968094	1800077	1798810	1268	1268	99.05	19933398	19933398	V	V
6969396	6973176	1798813	1795027	3781	3787	97.93	19933398	19933398	V	V
7035286	7040325	18019631	18014593	5040	5039	96.91	19933398	19933398	V	V
7041315	7047084	18012601	18006772	5770	5830	96.25	19933398	19933398	V	V
7047089	7051104	18006942	18002860	4016	4083	94.41	19933398	19933398	V	V
7051136	7053805	18005180	18002497	2670	2684	96.59	19933398	19933398	V	V
7053802	7055418	11445317	11443728	1617	1590	97.84	19933398	15540809	V	I
7057089	7058902	18026461	18024647	1814	1815	98.13	19933398	19933398	V	V
7058287	7059473	10059441	10058257	1187	1185	93.57	19933398	15540809	V	I
7058287	7059481	9263837	9262643	1195	1195	94.19	19933398	16595099	V	II
7058287	7059481	6598412	6597203	1195	1210	91.04	19933398	14810976	V	III
7058287	7059453	1386088	1384936	1167	1153	93.56	19933398	19933398	V	V
7062056	7063263	4358821	4357597	1208	1225	95.84	19933398	17080301	V	IV
7064778	7066136	321085	319688	1359	1398	92.93	19933398	17080301	V	IV
7064783	7066151	14429716	14428337	1369	1380	89.67	19933398	16595099	V	II
7064783	7066223	254663	253180	1441	1484	93.06	19933398	17080301	V	IV
7064783	7066223	14367654	14366209	1441	1446	97.79	19933398	17080301	V	IV
7064783	7066223	12833029	12831584	1441	1446	97.58	19933398	19933398	V	V
7064900	7066223	9868183	9866819	1324	1365	92.56	19933398	14810976	V	III
7066216	7067857	9101010	9099361	1642	1650	99.27	19933398	19933398	V	V
7074357	7076853	18001287	17998736	2497	2552	95.24	19933398	19933398	V	V
7077880	7079278	16535707	16534317	1399	1391	97.58	19933398	19933398	V	V
7082241	7083487	417566	416344	1247	1223	94.42	19933398	14810976	V	III
7082248	7083393	4207784	4206664	1146	1121	93.67	19933398	19933398	V	V
7082248	7083387	9114737	9113640	1140	1098	92.29	19933398	22220885	V	X
7082294	7083425	6656251	6655128	1132	1124	94.01	19933398	22220885	V	X
7085255	7086904	6622060	6620406	1650	1655	98.37	19933398	17080301	V	IV
7085255	7086919	13613585	13611917	1665	1669	98.68	19933398	17080301	V	IV
7086418	7087947	10577242	10575699	1530	1544	96.19	19933398	14810976	V	III
7174574	7175884	10829164	10827864	1311	1301	99.01	19933398	22220885	V	X
7174575	7175883	11285390	11284082	1309	1309	99.69	19933398	14810976	V	III
7174577	7175885	2666640	2665332	1309	1309	99.62	19933398	16595099	V	II
7279979	7281033	5925677	5924642	1055	1036	92.43	19933398	17080301	V	IV
7279979	7281033	12445879	12444827	1055	1053	96.12	19933398	17080301	V	IV
7294000	7296216	880778	878526	2217	2253	94.23	19933398	17080301	V	IV
7294260	7296217	12812790	12810817	1958	1974	96.04	19933398	14810976	V	III
7294262	7296216	2246372	2244502	1955	1871	93.20	19933398	15540809	V	I
7294262	7296215	4784061	4782079	1954	1983	96.03	19933398	16595099	V	II
7294262	7296215	5746549	5744615	1954	1935	94.47	19933398	19933398	V	V
7295072	7296215	15238185	15237039	1144	1147	97.56	19933398	16595099	V	II
7312060	7313314	8456362	8455108	1255	1255	100.00	19933398	15540809	V	I
7395335	7396715	7086737	7085352	1381	1386	95.97	19933398	15540809	V	I
7395335	7396715	10843295	10841941	1381	1355	93.53	19933398	15540809	V	I
7395424	7396727	6676353	6675051	1304	1303	92.62	19933398	17080301	V	IV
7436591	7437618	5010264	5009258	1028	1007	89.32	19933398	15540809	V	I
7436591	7437671	7592245	7591151	1081	1095	91.39	19933398	15540809	V	I
7436591	7437704	4682623	4681510	1114	1114	91.82	19933398	14810976	V	III
7436592	7437705	6174647	6173545	1114	1103	87.38	19933398	15540809	V	I
7436592	7437704	7509879	7508762	1113	1118	93.46	19933398	16595099	V	II
7436592	7437704	12911035	12909949	1113	1087	87.05	19933398	16595099	V	II
7436592	7437642	13031429	13030370	1051	1060	92.29	19933398	17080301	V	IV
7436592	7437709	13923664	13922561	1118	1104	88.27	19933398	19933398	V	V
7512551	7514124	12916007	12914437	1574	1571	98.54	19933398	17080301	V	IV
7512552	7514126	2058960	2057400	1575	1561	97.91	19933398	17080301	V	IV
7512553	7514124	13328337	13326769	1572	1569	98.41	19933398	16595099	V	II
7512553	7514126	15751965	15750395	1574	1571	98.41	19933398	16595099	V	II
7512553	7514125	3533362	3531793	1573	1570	98.60	19933398	19933398	V	V
7512553	7513579	4199937	4198912	1027	1026	98.83	19933398	19933398	V	V
7512553	7514128	7783862	7782290	1576	1573	98.16	19933398	19933398	V	V
7512769	7514124	16854526	16853174	1356	1353	98.16	19933398	22220885	V	X
7535329	7536591	1734298	1733036	1263	1263	99.92	19933398	17080301	V	IV
7535334	7536589	1776954	1775699	1256	1256	99.92	19933398	17080301	V	IV
7535334	7536589	16119054	16117799	1256	1256	99.84	19933398	22220885	V	X
7636952	7638228	8354822	8353553	1277	1270	96.64	19933398	14810976	V	III
7637080	7638229	2336696	2335539	1150	1158	89.78	19933398	17080301	V	IV
7692411	7694027	20018326	20016712	1617	1615	99.07	19933398	22220885	V	X
7708934	7710244	10797623	10796319	1311	1305	99.31	19933398	15540809	V	I
7708936	7710244	5764697	5763389	1309	1309	99.77	19933398	16595099	V	II
7715070	7716325	5368735	5367478	1256	1258	99.36	19933398	16595099	V	II
7715074	7716326	7766951	7765699	1253	1253	100.00	19933398	19933398	V	V
7765699	7766951	7716326	7715074	1253	1253	100.00	19933398	19933398	V	V
7765699	7766955	8366733	8365476	1257	1258	99.36	19933398	22220885	V	X
7765700	7766951	14161913	14160660	1252	1254	99.36	19933398	15540809	V	I
7765700	7766951	14233021	14231768	1252	1254	99.44	19933398	15540809	V	I
7782290	7783862	7514128	7512553	1573	1576	98.16	19933398	19933398	V	V
7798655	7800113	10849066	10847630	1459	1437	92.50	19933398	14810976	V	III
7803677	7804807	11746255	11745119	1131	1137	95.08	19933398	22220885	V	X
7809624	7811008	2434030	2432644	1385	1387	95.48	19933398	15540809	V	I
7809627	7811008	6280110	6278757	1382	1354	95.44	19933398	14810976	V	III
7809629	7811013	9130718	9129303	1385	1416	93.03	19933398	19933398	V	V
7809755	7810829	16176534	16175450	1075	1085	94.66	19933398	19933398	V	V
7854391	7855433	7790537	7789495	1043	1043	88.90	19933398	22220885	V	X
7878981	7880350	16482496	16481142	1370	1355	95.41	19933398	17080301	V	IV
7879107	7880357	10806697	10805449	1251	1249	98.80	19933398	15540809	V	I
7879121	7880342	11636232	11635020	1222	1213	94.77	19933398	22220885	V	X
7879253	7880364	18350431	18349334	1112	1098	95.52	19933398	19933398	V	V
7917124	7918220	6027062	6026050	1097	1013	87.25	19933398	19933398	V	V
7917124	7918220	6261584	6260524	1097	1061	94.08	19933398	22220885	V	X
7917124	7918220	17240272	17239212	1097	1061	94.44	19933398	22220885	V	X
7923170	7924776	4120838	4119254	1607	1585	96.77	19933398	17080301	V	IV
7923170	7924776	1442531	1440922	1607	1610	97.64	19933398	22220885	V	X
7923775	7924776	546418	545427	1002	992	96.81	19933398	16595099	V	II
7928184	7929580	7933334	7931939	1397	1396	99.28	19933398	19933398	V	V
7929214	7930918	7947558	7945857	1705	1702	98.42	19933398	19933398	V	V
7930927	7932142	7932142	7930927	1216	1216	92.51	19933398	19933398	V	V
7931939	7933334	7929580	7928184	1396	1397	99.28	19933398	19933398	V	V
7932045	7933334	3725722	3724422	1290	1301	90.80	19933398	16595099	V	II
7945857	7947558	7930918	7929214	1702	1705	98.42	19933398	19933398	V	V
7966478	7968184	7990395	7988721	1707	1675	91.06	19933398	19933398	V	V
7988721	7990395	7968184	7966478	1675	1707	91.07	19933398	19933398	V	V
8030708	8031969	21560403	21559142	1262	1262	99.60	19933398	22220885	V	X
8030711	8031969	13503876	13502618	1259	1259	99.84	19933398	14810976	V	III
8030715	8031971	16791337	16790081	1257	1257	100.00	19933398	17080301	V	IV
8061586	8062886	3830990	3829686	1301	1305	98.32	19933398	15540809	V	I
8061586	8062886	3779524	3778214	1301	1311	98.70	19933398	19933398	V	V
8061587	8062886	5881092	5879783	1300	1310	98.93	19933398	19933398	V	V
8074913	8075946	8344578	8343503	1034	1076	89.74	19933398	16595099	V	II
8074915	8076248	7396717	7395335	1334	1383	92.30	19933398	19933398	V	V
8074917	8076257	1939445	1938068	1341	1378	92.84	19933398	16595099	V	II
8082219	8083709	5579783	5578263	1491	1521	92.66	19933398	15540809	V	I
8082219	8083709	8351036	8349539	1491	1498	93.63	19933398	15540809	V	I
8082219	8083561	9496107	9494791	1343	1317	92.56	19933398	14810976	V	III
8114160	8115769	8130280	8128671	1610	1610	100.00	19933398	19933398	V	V
8117205	8119379	8132879	8130705	2175	2175	100.00	19933398	19933398	V	V
8119788	8121056	16791347	16790080	1269	1268	99.68	19933398	17080301	V	IV
8119795	8121054	16860485	16859226	1260	1260	99.84	19933398	19933398	V	V
8119795	8121053	3222554	3221296	1259	1259	99.68	19933398	22220885	V	X
8119800	8121056	20749104	20747848	1257	1257	99.92	19933398	22220885	V	X
8128671	8130280	8115769	8114160	1610	1610	100.00	19933398	19933398	V	V
8130705	8132879	8119379	8117205	2175	2175	100.00	19933398	19933398	V	V
8177650	8178907	13304178	13302921	1258	1258	99.84	19933398	16595099	V	II
8177650	8178906	13268600	13267344	1257	1257	99.92	19933398	17080301	V	IV
8177650	8178906	1209791	1208535	1257	1257	99.84	19933398	22220885	V	X
8181372	8182704	16127530	16126202	1333	1329	96.55	19933398	22220885	V	X
8181625	8183291	10129869	10128208	1667	1662	97.78	19933398	17080301	V	IV
8196501	8197676	8669806	8668644	1176	1163	96.09	19933398	14810976	V	III
8196520	8197682	15172579	15171424	1163	1156	96.15	19933398	19933398	V	V
8262079	8263394	6339808	6338523	1316	1286	94.09	19933398	17080301	V	IV
8262080	8264059	5685746	5683802	1980	1945	94.52	19933398	17080301	V	IV
8262080	8264059	6388745	6386841	1980	1905	92.36	19933398	19933398	V	V
8262081	8263850	7490374	7488598	1770	1777	98.93	19933398	17080301	V	IV
8262081	8264059	7296215	7294263	1979	1953	83.29	19933398	19933398	V	V
8262092	8263744	13347058	13345446	1653	1613	94.03	19933398	17080301	V	IV
8262205	8263591	1382595	1381201	1387	1395	95.92	19933398	17080301	V	IV
8262277	8264059	6213983	6212194	1783	1790	96.65	19933398	19933398	V	V
8262365	8264059	16160161	16158465	1695	1697	97.01	19933398	19933398	V	V
8262919	8264063	15690839	15689708	1145	1132	88.51	19933398	16595099	V	II
8278968	8281247	8668227	8666039	2280	2189	83.64	19933398	14810976	V	III
8384686	8386615	119655	117646	1930	2010	90.29	19933398	16595099	V	II
8385074	8386617	9110670	9109126	1544	1545	95.41	19933398	14810976	V	III
8489831	8490997	6458425	6457206	1167	1220	88.83	19933398	16595099	V	II
8489831	8490997	11054464	11053248	1167	1217	89.76	19933398	19933398	V	V
8489832	8490997	723298	722144	1166	1155	93.83	19933398	19933398	V	V
8489911	8490997	10268634	10267553	1087	1082	91.46	19933398	15540809	V	I
8489911	8490997	13922016	13920935	1087	1082	91.64	19933398	16595099	V	II
8489911	8490999	10305704	10304641	1089	1064	90.93	19933398	17080301	V	IV
8492705	8494010	15459210	15457906	1306	1305	99.69	19933398	17080301	V	IV
8498769	8500387	6118312	6116694	1619	1619	99.20	19933398	15540809	V	I
8498771	8500387	16853821	16852203	1617	1619	98.70	19933398	19933398	V	V
8498773	8500387	11445317	11443728	1615	1590	97.77	19933398	15540809	V	I
8498773	8500387	6233770	6232157	1615	1614	99.88	19933398	17080301	V	IV
8498774	8500387	13189642	13188030	1614	1613	99.75	19933398	15540809	V	I
8498774	8500391	5576581	5574965	1618	1617	99.81	19933398	17080301	V	IV
8500386	8501394	12607224	12606216	1009	1009	98.32	19933398	16595099	V	II
8503645	8504903	2643142	2641884	1259	1259	99.92	19933398	17080301	V	IV
8503647	8504906	11414938	11413679	1260	1260	99.68	19933398	22220885	V	X
8503647	8504902	16893430	16892175	1256	1256	100.00	19933398	22220885	V	X
8513838	8515096	8040381	8039123	1259	1259	99.92	19933398	22220885	V	X
8513842	8515106	6823653	6822390	1265	1264	99.68	19933398	17080301	V	IV
8513842	8515099	12603861	12602604	1258	1258	100.00	19933398	19933398	V	V
8513842	8515098	13563727	13562471	1257	1257	99.84	19933398	22220885	V	X
8519246	8520511	10004754	10003447	1266	1308	89.67	19933398	19933398	V	V
8816633	8818010	7225866	7224475	1378	1392	90.51	19933398	14810976	V	III
8816634	8818010	7645753	7644354	1377	1400	91.68	19933398	14810976	V	III
8883452	8885597	8893369	8891231	2146	2139	98.74	19933398	19933398	V	V
8885695	8887182	8891231	8889741	1488	1491	98.33	19933398	19933398	V	V
8889741	8891231	8887182	8885695	1491	1488	98.33	19933398	19933398	V	V
8891231	8893369	8885597	8883452	2139	2146	98.74	19933398	19933398	V	V
8911779	8912994	294954	293739	1216	1216	92.46	19933398	22220885	V	X
8911779	8912854	21957929	21956856	1076	1074	93.78	19933398	22220885	V	X
8911952	8912991	10390913	10389865	1040	1049	90.17	19933398	15540809	V	I
8911952	8912996	8079774	8078737	1045	1038	93.03	19933398	22220885	V	X
8911983	8912991	5033095	5032087	1009	1009	93.08	19933398	22220885	V	X
8970260	8971512	8974022	8972755	1253	1268	95.59	19933398	19933398	V	V
8972755	8974022	8971512	8970260	1268	1253	95.59	19933398	19933398	V	V
8979830	8981090	1859713	1858453	1261	1261	99.60	19933398	19933398	V	V
8979833	8981090	12907565	12906308	1258	1258	100.00	19933398	16595099	V	II
8979833	8981090	15481191	15479934	1258	1258	99.92	19933398	19933398	V	V
8979833	8981090	13615765	13614508	1258	1258	100.00	19933398	22220885	V	X
8979834	8981090	12519917	12518661	1257	1257	100.00	19933398	22220885	V	X
8979835	8981090	299277	298022	1256	1256	99.92	19933398	14810976	V	III
8979837	8981096	9309948	9308689	1260	1260	99.60	19933398	15540809	V	I
9024569	9025673	10097372	10096280	1105	1093	82.11	19933398	22220885	V	X
9099360	9101009	1516133	1514484	1650	1650	99.58	19933398	16595099	V	II
9099361	9101009	1587788	1586140	1649	1649	99.76	19933398	17080301	V	IV
9099361	9101010	7067857	7066216	1650	1642	99.27	19933398	19933398	V	V
9129302	9130718	9129886	9128499	1417	1388	92.68	19933398	14810976	V	III
9129303	9130718	7811013	7809629	1416	1385	93.03	19933398	19933398	V	V
9129311	9130719	9342605	9341244	1409	1362	93.48	19933398	19933398	V	V
9129487	9130592	11559931	11558817	1106	1115	95.17	19933398	17080301	V	IV
9210662	9211727	11175185	11174078	1066	1108	87.90	19933398	22220885	V	X
9211756	9212867	4926415	4925309	1112	1107	97.22	19933398	17080301	V	IV
9212777	9213999	11390266	11389033	1223	1234	93.61	19933398	15540809	V	I
9317418	9318545	4819406	4818275	1128	1132	95.00	19933398	17080301	V	IV
9317418	9318553	20792317	20791198	1136	1120	92.41	19933398	22220885	V	X
9341244	9342605	9130719	9129311	1362	1409	93.48	19933398	19933398	V	V
9351624	9352884	7757293	7756034	1261	1260	99.92	19933398	19933398	V	V
9351624	9352879	12837383	12836128	1256	1256	100.00	19933398	22220885	V	X
9351624	9352881	15111336	15110079	1258	1258	99.84	19933398	22220885	V	X
9359834	9361032	300748	299524	1199	1225	96.33	19933398	17080301	V	IV
9359834	9360862	517561	516547	1029	1015	96.43	19933398	17080301	V	IV
9408976	9410062	7409256	7408122	1087	1135	87.29	19933398	15540809	V	I
9409005	9410062	8608489	8607381	1058	1109	85.37	19933398	17080301	V	IV
9586095	9587420	7266749	7265350	1326	1400	93.01	19933398	14810976	V	III
9586231	9587665	5032896	5031386	1435	1511	93.58	19933398	17080301	V	IV
9712204	9713462	2982945	2981687	1259	1259	99.92	19933398	17080301	V	IV
9712204	9713462	19293554	19292296	1259	1259	99.84	19933398	22220885	V	X
9712205	9713460	2816673	2815418	1256	1256	99.84	19933398	15540809	V	I
9712205	9713462	6711224	6709967	1258	1258	99.76	19933398	16595099	V	II
9712205	9713462	8231530	8230273	1258	1258	99.76	19933398	16595099	V	II
9712205	9713460	13876773	13875518	1256	1256	99.84	19933398	16595099	V	II
9712205	9713462	14935905	14934648	1258	1258	99.76	19933398	19933398	V	V
9712206	9713460	3573501	3572247	1255	1255	99.68	19933398	19933398	V	V
9722908	9724053	9815965	9814828	1146	1138	95.03	19933398	19933398	V	V
9814828	9815965	9724053	9722908	1138	1146	95.03	19933398	19933398	V	V
9814961	9815962	9819457	9818456	1002	1002	99.60	19933398	19933398	V	V
9818456	9819457	9815962	9814961	1002	1002	99.60	19933398	19933398	V	V
9946127	9947521	1931479	1930088	1395	1392	99.78	19933398	16595099	V	II
9974885	9975956	357102	356020	1072	1083	92.77	19933398	22220885	V	X
9974886	9975951	6532035	6530935	1066	1101	92.22	19933398	16595099	V	II
9974941	9975952	2507691	2506652	1012	1040	93.28	19933398	17080301	V	IV
9983937	9985047	9264736	9263607	1111	1130	89.56	19933398	17080301	V	IV
9984257	9985358	9276386	9275279	1102	1108	89.04	19933398	15540809	V	I
9984353	9985416	10672004	10670948	1064	1057	91.94	19933398	19933398	V	V
10003447	10004527	8520511	8519432	1081	1080	91.74	19933398	19933398	V	V
10042447	10043472	502686	501658	1026	1029	96.80	19933398	17080301	V	IV
10042448	10043470	4553368	4552346	1023	1023	97.17	19933398	14810976	V	III
10042448	10043470	17048917	17047889	1023	1029	97.57	19933398	19933398	V	V
10042449	10043471	2563179	2562131	1023	1049	93.26	19933398	19933398	V	V
10042449	10043470	10771641	10770618	1022	1024	98.15	19933398	19933398	V	V
10067829	10069121	8444404	8443118	1293	1287	95.67	19933398	14810976	V	III
10154005	10155317	10165269	10163956	1313	1314	98.33	19933398	19933398	V	V
10154009	10155054	10491083	10490037	1046	1047	89.66	19933398	22220885	V	X
10159191	10160471	10165265	10163984	1281	1282	96.41	19933398	19933398	V	V
10163956	10165269	10155317	10154005	1314	1313	98.33	19933398	19933398	V	V
10163984	10165265	10160471	10159191	1282	1281	96.41	19933398	19933398	V	V
10164041	10165061	4707826	4706808	1021	1019	86.72	19933398	22220885	V	X
10171689	10172711	5824013	5822989	1023	1025	94.05	19933398	19933398	V	V
10172006	10173564	6085661	6084081	1559	1581	92.56	19933398	22220885	V	X
10285668	10286673	1425281	1424281	1006	1001	95.54	19933398	17080301	V	IV
10298278	10300084	5761785	5759925	1807	1861	85.02	19933398	19933398	V	V
10298280	10302107	5762624	5758840	3828	3785	85.07	19933398	19933398	V	V
10298294	10311150	15480163	15467256	12857	12908	84.32	19933398	22220885	V	X
10298298	10302424	15435825	15431598	4127	4228	84.32	19933398	22220885	V	X
10298298	10308272	15490069	15479994	9975	10076	83.61	19933398	22220885	V	X
10300478	10311272	15490988	15480214	10795	10775	83.45	19933398	22220885	V	X
10301099	10302141	5767310	5766288	1043	1023	87.03	19933398	19933398	V	V
10304419	10305481	5767310	5766288	1063	1023	85.74	19933398	19933398	V	V
10306576	10316889	15441236	15431173	10314	10064	84.99	19933398	22220885	V	X
10311982	10316887	5763184	5758420	4906	4765	85.84	19933398	19933398	V	V
10445074	10446198	14260724	14259614	1125	1111	92.42	19933398	14810976	V	III
10464052	10465310	16893434	16892176	1259	1259	99.68	19933398	22220885	V	X
10593578	10594582	2885825	2884821	1005	1005	96.62	19933398	16595099	V	II
10607595	10608858	5214163	5212900	1264	1264	99.68	19933398	17080301	V	IV
10607596	10608855	3536792	3535533	1260	1260	99.76	19933398	17080301	V	IV
10607598	10608855	13306150	13304893	1258	1258	99.92	19933398	16595099	V	II
10607598	10608856	14532064	14530806	1259	1259	99.84	19933398	14810976	V	III
10607598	10608855	2287348	2286091	1258	1258	99.92	19933398	17080301	V	IV
10642236	10644342	9435829	9433706	2107	2124	94.11	19933398	15540809	V	I
10670948	10672004	9985416	9984353	1057	1064	91.94	19933398	19933398	V	V
10682997	10684275	14221175	14219921	1279	1255	89.21	19933398	19933398	V	V
10682998	10684273	9806217	9804970	1276	1248	87.12	19933398	14810976	V	III
10683203	10684279	16004235	16003161	1077	1075	81.46	19933398	22220885	V	X
10719404	10720720	494565	493245	1317	1321	96.21	19933398	15540809	V	I
10719404	10720720	6612565	6611253	1317	1313	97.05	19933398	17080301	V	IV
10719404	10720409	5838097	5837090	1006	1008	96.44	19933398	22220885	V	X
10770617	10771641	1242162	1241139	1025	1024	95.47	19933398	17080301	V	IV
10770618	10771641	2871724	2870696	1024	1029	98.06	19933398	15540809	V	I
10770618	10771641	11336743	11335716	1024	1028	96.99	19933398	16595099	V	II
10770618	10771641	11389199	11388180	1024	1020	96.98	19933398	16595099	V	II
10770618	10771641	10043470	10042449	1024	1022	98.15	19933398	19933398	V	V
11028678	11029701	9733945	9732913	1024	1033	87.77	19933398	15540809	V	I
11028678	11029701	2127915	2126889	1024	1027	92.91	19933398	17080301	V	IV
11040892	11042171	8354822	8353552	1280	1271	96.33	19933398	14810976	V	III
11053247	11054463	14113202	14112092	1217	1111	84.84	19933398	15540809	V	I
11053248	11054464	8490997	8489831	1217	1167	90.81	19933398	19933398	V	V
11054497	11055497	11054232	11053241	1001	992	98.90	19933398	19933398	V	V
11098351	11099379	10854817	10853814	1029	1004	85.01	19933398	16595099	V	II
11098356	11099379	4054399	4053372	1024	1028	89.63	19933398	19933398	V	V
11397309	11400868	6239927	6236353	3560	3575	90.15	19933398	15540809	V	I
11460924	11462033	2325868	2324776	1110	1093	92.44	19933398	17080301	V	IV
11533451	11535100	13720714	13719066	1650	1649	99.64	19933398	16595099	V	II
11704619	11705655	6620894	6619927	1037	968	91.61	19933398	17080301	V	IV
11732817	11733817	11741458	11740457	1001	1002	98.10	19933398	19933398	V	V
11740457	11741458	11733817	11732817	1002	1001	98.10	19933398	19933398	V	V
11755071	11756360	7688251	7686996	1290	1256	83.67	19933398	22220885	V	X
11789506	11791354	9414904	9413097	1849	1808	91.23	19933398	16595099	V	II
11835804	11837138	4842268	4840930	1335	1339	95.67	19933398	15540809	V	I
11835986	11837139	12704428	12703272	1154	1157	97.75	19933398	17080301	V	IV
11839955	11841212	662300	661043	1258	1258	100.00	19933398	16595099	V	II
11839957	11841213	1588042	1586786	1257	1257	100.00	19933398	15540809	V	I
11839957	11841212	14243993	14242738	1256	1256	100.00	19933398	16595099	V	II
11839959	11841215	14631145	14629889	1257	1257	100.00	19933398	14810976	V	III
11839959	11841215	19260405	19259149	1257	1257	99.84	19933398	19933398	V	V
11853212	11854829	10776838	10775220	1618	1619	99.88	19933398	17080301	V	IV
11853213	11854828	16484104	16482495	1616	1610	98.64	19933398	16595099	V	II
11853213	11854828	12378818	12377229	1616	1590	96.29	19933398	14810976	V	III
11853213	11854830	7278843	7277225	1618	1619	99.51	19933398	17080301	V	IV
11853213	11854832	1801690	1800071	1620	1620	99.44	19933398	19933398	V	V
11853213	11854829	8500387	8498773	1617	1615	98.64	19933398	19933398	V	V
11853213	11854831	17654193	17652581	1619	1613	98.83	19933398	19933398	V	V
11853305	11854828	11631983	11630461	1524	1523	99.67	19933398	19933398	V	V
11853321	11854829	17920735	17919228	1509	1508	99.40	19933398	22220885	V	X
11902521	11903779	7374072	7372814	1259	1259	100.00	19933398	14810976	V	III
11902524	11903780	6446006	6444750	1257	1257	99.84	19933398	22220885	V	X
11924925	11926147	8664268	8663060	1223	1209	95.35	19933398	14810976	V	III
11924928	11926166	16094341	16093125	1239	1217	93.82	19933398	22220885	V	X
11924929	11926168	503828	502594	1240	1235	95.90	19933398	22220885	V	X
12233093	12236315	2486599	2483375	3223	3225	99.69	19933398	16595099	V	II
12233427	12236421	403090	400080	2995	3011	99.24	19933398	16595099	V	II
12233427	12236414	10838533	10835531	2988	3003	98.54	19933398	14810976	V	III
12233427	12236415	13194833	13191829	2989	3005	99.20	19933398	19933398	V	V
12336599	12338472	9111213	9109334	1874	1880	95.00	19933398	14810976	V	III
12336601	12338472	119730	117848	1872	1883	93.96	19933398	16595099	V	II
12602604	12603861	3951335	3950079	1258	1257	99.76	19933398	19933398	V	V
12602604	12603861	8515099	8513842	1258	1258	100.00	19933398	19933398	V	V
12602606	12603872	5194301	5193035	1267	1267	99.84	19933398	16595099	V	II
12602606	12603862	5214158	5212902	1257	1257	100.00	19933398	17080301	V	IV
12642366	12643497	9446737	9445605	1132	1133	99.29	19933398	15540809	V	I
12681969	12683209	12421545	12420232	1241	1314	86.80	19933398	16595099	V	II
12681969	12683082	12794950	12793764	1114	1187	90.82	19933398	19933398	V	V
12681969	12683209	13475128	13473797	1241	1332	87.87	19933398	19933398	V	V
12681970	12683209	19237811	19236492	1240	1320	87.93	19933398	19933398	V	V
12682008	12683209	12928729	12927461	1202	1269	87.41	19933398	17080301	V	IV
12793764	12794976	9681921	9680696	1213	1226	93.65	19933398	14810976	V	III
12793764	12794950	12683082	12681969	1187	1114	90.82	19933398	19933398	V	V
12793892	12794970	13043079	13041991	1079	1089	91.29	19933398	14810976	V	III
12831135	12833031	8098332	8096365	1897	1968	94.13	19933398	15540809	V	I
12831141	12833034	8582321	8580358	1894	1964	94.36	19933398	14810976	V	III
12831495	12833032	13160068	13158530	1538	1539	96.89	19933398	17080301	V	IV
12831584	12833029	7066223	7064783	1446	1441	97.58	19933398	19933398	V	V
12921703	12923104	6401450	6400030	1402	1421	95.40	19933398	15540809	V	I
12921703	12922873	13753398	13752256	1171	1143	90.03	19933398	22220885	V	X
13123820	13125125	7460500	7459193	1306	1308	99.54	19933398	14810976	V	III
13166162	13167544	6052320	6050939	1383	1382	99.20	19933398	15540809	V	I
13166162	13167351	4119625	4118438	1190	1188	98.82	19933398	17080301	V	IV
13166162	13167544	1441294	1439911	1383	1384	98.63	19933398	22220885	V	X
13305460	13306472	1696721	1695702	1013	1020	94.74	19933398	19933398	V	V
13474052	13475148	13043079	13041991	1097	1089	91.09	19933398	14810976	V	III
13582502	13583550	12074936	12073904	1049	1033	95.64	19933398	17080301	V	IV
13582503	13583548	13553253	13552226	1046	1028	95.24	19933398	14810976	V	III
13582504	13583549	14252573	14251529	1046	1045	92.97	19933398	16595099	V	II
13582504	13583548	4936088	4935050	1045	1039	95.98	19933398	17080301	V	IV
13664753	13666008	11434363	11433108	1256	1256	99.92	19933398	16595099	V	II
13664753	13666006	12599773	12598520	1254	1254	99.92	19933398	16595099	V	II
13664753	13666006	4304552	4303299	1254	1254	99.92	19933398	17080301	V	IV
13733437	13734693	12489314	12488058	1257	1257	100.00	19933398	22220885	V	X
13733438	13734694	7927209	7925953	1257	1257	100.00	19933398	22220885	V	X
13733440	13734696	2287344	2286088	1257	1257	99.92	19933398	17080301	V	IV
13879263	13880367	2666640	2665536	1105	1105	99.82	19933398	16595099	V	II
13880483	13882553	4120495	4118438	2071	2058	97.31	19933398	17080301	V	IV
13880483	13882735	1442183	1439922	2253	2262	98.23	19933398	22220885	V	X
13880740	13882240	546418	544922	1501	1497	96.69	19933398	16595099	V	II
13880790	13882735	6052902	6050949	1946	1954	98.57	19933398	15540809	V	I
13881013	13882739	3833502	3831770	1727	1733	97.75	19933398	19933398	V	V
13881191	13882740	16126906	16125349	1550	1558	98.08	19933398	19933398	V	V
13922561	13923664	7437709	7436592	1104	1118	88.27	19933398	19933398	V	V
14007735	14008786	12095959	12094899	1052	1061	95.68	19933398	17080301	V	IV
14011326	14012588	5503952	5502690	1263	1263	99.37	19933398	15540809	V	I
14023347	14024414	6532034	6530931	1068	1104	91.62	19933398	16595099	V	II
14048346	14049651	3830990	3829680	1306	1311	98.18	19933398	15540809	V	I
14048346	14049647	3779524	3778213	1302	1312	98.63	19933398	19933398	V	V
14048347	14049647	9914120	9912820	1301	1301	99.92	19933398	16595099	V	II
14048349	14049648	15862892	15861583	1300	1310	99.01	19933398	16595099	V	II
14048350	14049647	14990434	14989118	1298	1317	97.80	19933398	16595099	V	II
14048350	14049647	5881089	5879782	1298	1308	98.93	19933398	19933398	V	V
14048350	14049647	7643663	7642366	1298	1298	99.92	19933398	19933398	V	V
14048474	14049651	6119882	6118696	1178	1187	98.74	19933398	22220885	V	X
14048552	14049650	13880367	13879259	1099	1109	98.47	19933398	19933398	V	V
14097108	14098344	16094341	16093132	1237	1210	94.99	19933398	22220885	V	X
14097109	14098344	503828	502602	1236	1227	96.93	19933398	22220885	V	X
14172597	14173886	6567452	6566162	1290	1291	89.35	19933398	14810976	V	III
14219921	14221006	10684275	10683182	1086	1094	92.15	19933398	19933398	V	V
14236549	14237686	3743778	3742666	1138	1113	83.57	19933398	14810976	V	III
14236576	14237691	17242072	17240985	1116	1088	79.52	19933398	22220885	V	X
14328986	14329996	13961794	13960775	1011	1020	94.22	19933398	14810976	V	III
14411583	14413650	14495088	14493099	2068	1990	85.60	19933398	19933398	V	V
14463519	14464775	5368734	5367478	1257	1257	99.84	19933398	16595099	V	II
14463522	14464779	1776952	1775695	1258	1258	99.92	19933398	17080301	V	IV
14493099	14495088	14413650	14411583	1990	2068	85.55	19933398	19933398	V	V
14502111	14503371	10437914	10436655	1261	1260	99.84	19933398	14810976	V	III
14502116	14503371	15456022	15454767	1256	1256	99.92	19933398	16595099	V	II
14502117	14503381	3970784	3969520	1265	1265	99.68	19933398	16595099	V	II
14502117	14503371	14947246	14945992	1255	1255	99.92	19933398	19933398	V	V
14502118	14503371	15584684	15583430	1254	1255	99.76	19933398	16595099	V	II
14568424	14569473	7098793	7097729	1050	1065	92.59	19933398	15540809	V	I
14568424	14569470	2877376	2876313	1047	1064	92.95	19933398	17080301	V	IV
14683178	14684206	15211951	15210921	1029	1031	98.06	19933398	16595099	V	II
14683178	14684201	20473877	20472853	1024	1025	97.76	19933398	22220885	V	X
14701430	14703399	14755791	14753839	1970	1953	94.44	19933398	19933398	V	V
14753839	14755791	14703399	14701430	1953	1970	94.44	19933398	19933398	V	V
14837074	14838172	15534621	15533506	1099	1116	87.09	19933398	19933398	V	V
14925906	14926933	4067745	4066712	1028	1034	94.20	19933398	14810976	V	III
14925906	14926932	9702160	9701138	1027	1023	97.76	19933398	14810976	V	III
14925906	14926931	1560997	1559972	1026	1026	98.15	19933398	17080301	V	IV
14925906	14926917	5574285	5573275	1012	1011	97.43	19933398	17080301	V	IV
14934651	14935905	15560652	15559398	1255	1255	99.84	19933398	19933398	V	V
14934651	14935905	16611558	16610304	1255	1255	99.84	19933398	19933398	V	V
14934652	14935907	10027392	10026137	1256	1256	99.68	19933398	14810976	V	III
14934652	14935906	13563727	13562473	1255	1255	99.84	19933398	22220885	V	X
14934652	14935905	13683340	13682087	1254	1254	99.84	19933398	22220885	V	X
14934652	14935905	16193878	16192625	1254	1254	99.92	19933398	22220885	V	X
14945988	14947245	12672200	12670943	1258	1258	99.84	19933398	16595099	V	II
14945988	14947245	6239188	6237931	1258	1258	99.60	19933398	22220885	V	X
14955378	14956453	15211998	15210921	1076	1078	98.33	19933398	16595099	V	II
14955378	14956454	1676681	1675595	1077	1087	96.24	19933398	19933398	V	V
15010106	15011365	7769218	7767959	1260	1260	99.44	19933398	15540809	V	I
15010108	15011365	4213935	4212678	1258	1258	99.36	19933398	17080301	V	IV
15010108	15011365	15053226	15051969	1258	1258	99.52	19933398	19933398	V	V
15051960	15053222	16272854	16271592	1263	1263	99.60	19933398	19933398	V	V
15051963	15053222	10045629	10044378	1260	1252	98.89	19933398	22220885	V	X
15051966	15053225	12270930	12269671	1260	1260	99.76	19933398	15540809	V	I
15051966	15053222	7224638	7223382	1257	1257	99.92	19933398	17080301	V	IV
15051967	15053227	17595431	17594171	1261	1261	99.76	19933398	22220885	V	X
15051969	15053225	9713458	9712202	1257	1257	99.76	19933398	19933398	V	V
15051969	15053226	15011365	15010108	1258	1258	99.52	19933398	19933398	V	V
15058305	15059570	14631151	14629890	1266	1262	99.53	19933398	14810976	V	III
15058305	15059573	12603867	12602602	1269	1266	99.29	19933398	19933398	V	V
15058306	15059574	10408256	10406993	1269	1264	99.45	19933398	14810976	V	III
15058306	15059569	2619289	2618030	1264	1260	99.37	19933398	17080301	V	IV
15058306	15059568	14910781	14909523	1263	1259	99.37	19933398	22220885	V	X
15058311	15059570	13503871	13502616	1260	1256	99.60	19933398	14810976	V	III
15086747	15088006	6823659	6822400	1260	1260	99.76	19933398	17080301	V	IV
15086751	15088010	19260407	19259147	1260	1261	99.84	19933398	19933398	V	V
15086751	15088010	13217499	13216240	1260	1260	99.84	19933398	22220885	V	X
15086752	15088006	7224636	7223382	1255	1255	100.00	19933398	17080301	V	IV
15086752	15088006	2663249	2661995	1255	1255	99.84	19933398	19933398	V	V
15086752	15088006	16272846	16271592	1255	1255	99.84	19933398	19933398	V	V
15086753	15088006	3970783	3969530	1254	1254	100.00	19933398	16595099	V	II
15086753	15088006	10437908	10436655	1254	1254	100.00	19933398	14810976	V	III
15086753	15088006	14947245	14945992	1254	1254	100.00	19933398	19933398	V	V
15086753	15088010	15560651	15559394	1258	1258	99.84	19933398	19933398	V	V
15171422	15172522	3624156	3623057	1101	1100	95.24	19933398	16595099	V	II
15171424	15172579	8197682	8196520	1156	1163	96.15	19933398	19933398	V	V
15171430	15172579	3458351	3457213	1150	1139	94.84	19933398	14810976	V	III
15248798	15249908	13189643	13188534	1111	1110	98.65	19933398	15540809	V	I
15248798	15249908	21270423	21269314	1111	1110	98.38	19933398	22220885	V	X
15334138	15335245	7770928	7769808	1108	1121	95.10	19933398	15540809	V	I
15334138	15335374	10724178	10722928	1237	1251	94.19	19933398	16595099	V	II
15334138	15335374	12394929	12393667	1237	1263	92.92	19933398	16595099	V	II
15334138	15335374	2796795	2795580	1237	1216	89.62	19933398	17080301	V	IV
15334138	15335175	4056374	4055368	1038	1007	90.75	19933398	17080301	V	IV
15334138	15335374	2134319	2133068	1237	1252	94.18	19933398	19933398	V	V
15334263	15335374	5459749	5458636	1112	1114	93.45	19933398	17080301	V	IV
15334288	15335374	1840920	1839819	1087	1102	91.84	19933398	16595099	V	II
15334293	15335374	9265409	9264322	1082	1088	93.71	19933398	14810976	V	III
15340786	15342040	12845906	12844635	1255	1272	91.68	19933398	16595099	V	II
15340786	15342040	21397415	21396226	1255	1190	86.51	19933398	22220885	V	X
15446148	15447158	11166089	11165132	1011	958	89.46	19933398	14810976	V	III
15452286	15453288	6328043	6327034	1003	1010	97.23	19933398	17080301	V	IV
15452286	15453290	13725488	13724478	1005	1011	96.74	19933398	17080301	V	IV
15452289	15453289	9245887	9244883	1001	1005	98.21	19933398	17080301	V	IV
15458181	15459265	15485911	15484827	1085	1085	96.32	19933398	19933398	V	V
15461866	15462954	15484747	15483665	1089	1083	90.67	19933398	19933398	V	V
15483607	15486005	15490624	15488225	2399	2400	97.54	19933398	19933398	V	V
15483665	15484747	15462954	15461866	1083	1089	90.67	19933398	19933398	V	V
15484827	15485911	15459265	15458181	1085	1085	96.32	19933398	19933398	V	V
15484962	15486005	15461669	15460627	1044	1043	93.41	19933398	19933398	V	V
15488225	15490624	15486005	15483607	2400	2399	97.54	19933398	19933398	V	V
15502321	15504598	11359141	11356862	2278	2280	97.15	19933398	17080301	V	IV
15533502	15534619	7377967	7376851	1118	1117	88.32	19933398	22220885	V	X
15533506	15534621	14838172	14837074	1116	1099	87.09	19933398	19933398	V	V
15559394	15560651	13731494	13730237	1258	1258	99.84	19933398	17080301	V	IV
15559394	15560653	19364580	19363321	1260	1260	99.76	19933398	19933398	V	V
15559398	15560656	3536786	3535528	1259	1259	99.68	19933398	17080301	V	IV
15559398	15560652	14935905	14934651	1255	1255	99.84	19933398	19933398	V	V
15566879	15568003	4304472	4303352	1125	1121	97.16	19933398	16595099	V	II
15579184	15581367	15583759	15581575	2184	2185	99.95	19933398	19933398	V	V
15581575	15583759	15581367	15579184	2185	2184	99.95	19933398	19933398	V	V
15612373	15613648	12754157	12752889	1276	1269	95.80	19933398	16595099	V	II
15612374	15613637	16479757	16478512	1264	1246	95.74	19933398	16595099	V	II
15616276	15617546	10789174	10787908	1271	1267	88.88	19933398	17080301	V	IV
15616456	15617482	6889320	6888291	1027	1030	87.80	19933398	15540809	V	I
15630321	15631512	10910398	10909208	1192	1191	97.82	19933398	14810976	V	III
15649932	15651189	2663252	2661995	1258	1258	99.60	19933398	19933398	V	V
15651197	15653218	2293450	2291435	2022	2016	91.55	19933398	17080301	V	IV
15651197	15653218	16215125	16213110	2022	2016	91.70	19933398	19933398	V	V
15651211	15653218	14453358	14451357	2008	2002	90.85	19933398	16595099	V	II
15651211	15653218	22043184	22041183	2008	2002	91.84	19933398	22220885	V	X
15651222	15653218	16932048	16930058	1997	1991	92.25	19933398	19933398	V	V
15654534	15655816	13706853	13705583	1283	1271	82.41	19933398	16595099	V	II
15654534	15655816	16211813	16210552	1283	1262	82.88	19933398	19933398	V	V
15654582	15655812	14450036	14448821	1231	1216	83.31	19933398	16595099	V	II
15660039	15661491	16206303	16204854	1453	1450	82.34	19933398	19933398	V	V
15660039	15661416	16923311	16921937	1378	1375	83.82	19933398	19933398	V	V
15660039	15661465	22033782	22032356	1427	1427	82.89	19933398	22220885	V	X
15661937	15664141	2281672	2279540	2205	2133	82.73	19933398	17080301	V	IV
15661937	15664141	16921824	16919629	2205	2196	85.32	19933398	19933398	V	V
15662194	15664015	13699021	13697203	1822	1819	78.09	19933398	16595099	V	II
15697511	15699664	15710031	15707878	2154	2154	89.25	19933398	19933398	V	V
15699911	15701838	15707394	15705441	1928	1954	92.89	19933398	19933398	V	V
15705441	15707394	15701838	15699911	1954	1928	92.89	19933398	19933398	V	V
15707878	15710031	15699664	15697511	2154	2154	89.25	19933398	19933398	V	V
15744121	15745221	529015	527913	1101	1103	97.64	19933398	17080301	V	IV
15744121	15745230	5203975	5202871	1110	1105	96.85	19933398	19933398	V	V
15751460	15753062	6599674	6598046	1603	1629	98.04	19933398	15540809	V	I
15751461	15753055	238315	236695	1595	1621	98.27	19933398	15540809	V	I
15751461	15753057	2546189	2544568	1597	1622	98.03	19933398	14810976	V	III
15751461	15753054	395875	394256	1594	1620	98.09	19933398	19933398	V	V
15751461	15753056	1864453	1862832	1596	1622	98.09	19933398	22220885	V	X
15770829	15772482	13986379	13984726	1654	1654	99.70	19933398	17080301	V	IV
15770834	15772482	13720715	13719067	1649	1649	99.70	19933398	16595099	V	II
15774963	15776075	15782316	15781215	1113	1102	86.23	19933398	19933398	V	V
15781215	15782316	15776075	15774963	1102	1113	86.23	19933398	19933398	V	V
15795079	15796096	13725491	13724474	1018	1018	96.37	19933398	17080301	V	IV
15795081	15796093	11867623	11866611	1013	1013	97.24	19933398	17080301	V	IV
15795082	15796093	1696721	1695703	1012	1019	96.39	19933398	19933398	V	V
15795085	15796107	9245887	9244870	1023	1018	97.07	19933398	17080301	V	IV
15796094	15797133	10836421	10835405	1040	1017	96.44	19933398	15540809	V	I
15796094	15797132	3353748	3352728	1039	1021	96.82	19933398	16595099	V	II
15818563	15820049	15821696	15820221	1487	1476	97.92	19933398	19933398	V	V
15820221	15821696	15820049	15818563	1476	1487	97.92	19933398	19933398	V	V
15878080	15879082	5079896	5078894	1003	1003	88.13	19933398	14810976	V	III
15907198	15908439	1933509	1932271	1242	1239	94.21	19933398	19933398	V	V
15928867	15930088	7903129	7901929	1222	1201	94.85	19933398	14810976	V	III
15930974	15932231	16235079	16233838	1258	1242	98.65	19933398	22220885	V	X
15950553	15951587	6530291	6529241	1035	1051	94.80	19933398	14810976	V	III
15950559	15951587	17048918	17047889	1029	1030	97.48	19933398	19933398	V	V
15950560	15951587	502685	501660	1028	1026	97.57	19933398	17080301	V	IV
15950561	15951570	6570517	6569482	1010	1036	94.62	19933398	17080301	V	IV
15984035	15989776	888729	882985	5742	5745	99.69	19933398	17080301	V	IV
15994368	15995622	922655	921397	1255	1259	99.44	19933398	15540809	V	I
15994373	15995642	4593023	4591747	1270	1277	99.06	19933398	15540809	V	I
15994373	15995625	547742	546486	1253	1257	99.36	19933398	19933398	V	V
16038291	16039348	4001341	4000284	1058	1058	95.09	19933398	16595099	V	II
16038291	16039348	12024067	12023010	1058	1058	96.13	19933398	16595099	V	II
16038291	16039348	14409923	14408866	1058	1058	95.94	19933398	16595099	V	II
16049117	16050734	19561792	19560168	1618	1625	98.95	19933398	22220885	V	X
16049118	16050734	15753058	15751461	1617	1598	97.48	19933398	19933398	V	V
16078414	16079674	14064712	14063452	1261	1261	99.44	19933398	16595099	V	II
16104446	16105660	9153094	9151887	1215	1208	98.35	19933398	17080301	V	IV
16104452	16105660	6112662	6111455	1209	1208	98.68	19933398	19933398	V	V
16107985	16109003	429244	428222	1019	1023	95.13	19933398	15540809	V	I
16132238	16133550	1308617	1307299	1313	1319	96.06	19933398	15540809	V	I
16132238	16133550	1309485	1308166	1313	1320	93.87	19933398	15540809	V	I
16132238	16133412	13006542	13005369	1175	1174	95.15	19933398	16595099	V	II
16132238	16133550	16065726	16064422	1313	1305	96.28	19933398	17080301	V	IV
16132238	16133549	16817106	16815798	1312	1309	95.28	19933398	19933398	V	V
16132238	16133550	18387506	18386195	1313	1312	94.36	19933398	19933398	V	V
16132238	16133540	19084965	19083663	1303	1303	94.33	19933398	19933398	V	V
16132346	16133369	1280960	1279937	1024	1024	93.95	19933398	14810976	V	III
16132379	16133556	5893251	5892075	1178	1177	94.15	19933398	16595099	V	II
16145236	16146346	19357847	19356738	1111	1110	94.08	19933398	22220885	V	X
16145263	16147565	16147565	16145263	2303	2303	97.24	19933398	19933398	V	V
16145298	16146390	4313145	4312053	1093	1093	95.16	19933398	17080301	V	IV
16150676	16151947	8455108	8453844	1272	1265	96.24	19933398	15540809	V	I
16153678	16155202	3808273	3806761	1525	1513	92.90	19933398	16595099	V	II
16153679	16155197	9264151	9262636	1519	1516	93.66	19933398	16595099	V	II
16153679	16155131	11428736	11427284	1453	1453	94.32	19933398	17080301	V	IV
16153680	16155183	10059752	10058257	1504	1496	93.90	19933398	15540809	V	I
16153680	16155191	9742406	9740900	1512	1507	94.94	19933398	14810976	V	III
16153680	16154847	13102119	13100942	1168	1178	92.23	19933398	17080301	V	IV
16154179	16155192	10911504	10910489	1014	1016	95.68	19933398	17080301	V	IV
16158463	16159570	16522204	16521109	1108	1096	88.97	19933398	19933398	V	V
16161109	16162365	9352879	9351623	1257	1257	99.92	19933398	19933398	V	V
16161110	16162369	8153035	8151776	1260	1260	99.76	19933398	15540809	V	I
16161110	16162366	15824077	15822821	1257	1257	99.84	19933398	16595099	V	II
16161110	16162366	1655857	1654601	1257	1257	99.84	19933398	17080301	V	IV
16161110	16162363	14807611	14806358	1254	1254	99.84	19933398	17080301	V	IV
16175450	16176534	7810829	7809755	1085	1075	94.66	19933398	19933398	V	V
16194904	16196162	9966119	9964861	1259	1259	99.76	19933398	14810976	V	III
16201995	16207338	12608752	12603430	5344	5323	92.91	19933398	15540809	V	I
16209196	16212145	12601450	12598502	2950	2949	96.37	19933398	15540809	V	I
16212367	16215404	12598340	12595303	3038	3038	97.33	19933398	15540809	V	I
16213110	16215125	15653218	15651197	2016	2022	91.70	19933398	19933398	V	V
16222521	16223773	8097924	8096695	1253	1230	95.06	19933398	15540809	V	I
16222521	16223773	8581919	8580692	1253	1228	94.90	19933398	14810976	V	III
16222521	16223773	9267203	9265950	1253	1254	95.54	19933398	14810976	V	III
16222521	16223773	13160090	13158861	1253	1230	93.87	19933398	17080301	V	IV
16222632	16223773	7066223	7065111	1142	1113	93.63	19933398	19933398	V	V
16223767	16225393	1801694	1800061	1627	1634	98.41	19933398	19933398	V	V
16223770	16225378	1746690	1745072	1609	1619	97.78	19933398	15540809	V	I
16223770	16225380	13476653	13475035	1611	1619	98.58	19933398	16595099	V	II
16223772	16225378	16484104	16482495	1607	1610	99.07	19933398	16595099	V	II
16223772	16225379	6526713	6525098	1608	1616	98.76	19933398	19933398	V	V
16223772	16225379	7055418	7053802	1608	1617	98.14	19933398	19933398	V	V
16223772	16225380	7694026	7692409	1609	1618	98.08	19933398	19933398	V	V
16224269	16225378	15249908	15248799	1110	1110	99.55	19933398	19933398	V	V
16232885	16234147	2295197	2293935	1263	1263	99.76	19933398	17080301	V	IV
16281656	16282734	3661509	3660441	1079	1069	95.56	19933398	16595099	V	II
16282217	16285823	17435556	17431972	3607	3585	95.92	19933398	19933398	V	V
16289243	16290544	16346370	16345121	1302	1250	82.24	19933398	19933398	V	V
16345121	16346370	16290544	16289243	1250	1302	82.01	19933398	19933398	V	V
16389495	16390752	16860484	16859227	1258	1258	100.00	19933398	19933398	V	V
16389499	16390756	6160648	6159391	1258	1258	99.76	19933398	15540809	V	I
16389499	16390757	10113866	10112608	1259	1259	99.84	19933398	14810976	V	III
16389499	16390755	2295197	2293941	1257	1257	100.00	19933398	17080301	V	IV
16438805	16439815	19560789	19559778	1011	1012	79.63	19933398	19933398	V	V
16471767	16472853	3273414	3272319	1087	1096	95.81	19933398	16595099	V	II
16471772	16472853	8102204	8101117	1082	1088	95.96	19933398	15540809	V	I
16482425	16485316	16488911	16486020	2892	2892	99.97	19933398	19933398	V	V
16486020	16488911	16485316	16482425	2892	2892	99.97	19933398	19933398	V	V
16497785	16498851	14661536	14660470	1067	1067	96.73	19933398	17080301	V	IV
16501101	16504452	16626719	16623364	3352	3356	99.17	19933398	19933398	V	V
16520391	16522203	1141776	1140031	1813	1746	90.95	19933398	17080301	V	IV
16520784	16522204	15691125	15689710	1421	1416	93.92	19933398	16595099	V	II
16520969	16522204	6213441	6212192	1236	1250	87.04	19933398	19933398	V	V
16521109	16522204	16159570	16158463	1096	1108	88.97	19933398	19933398	V	V
16521153	16522204	5684838	5683800	1052	1039	88.09	19933398	17080301	V	IV
16534317	16535398	7664635	7663556	1082	1080	82.89	19933398	17080301	V	IV
16534317	16535707	7079278	7077880	1391	1399	97.58	19933398	19933398	V	V
16565634	16567245	5420696	5418960	1612	1737	87.29	19933398	17080301	V	IV
16565794	16567005	13618131	13616818	1212	1314	86.84	19933398	22220885	V	X
16566052	16567250	13220455	13219236	1199	1220	93.12	19933398	16595099	V	II
16566052	16567229	17194382	17193181	1178	1202	92.79	19933398	19933398	V	V
16605926	16608733	14373232	14370440	2808	2793	96.58	19933398	14810976	V	III
16623364	16626719	16504452	16501101	3356	3352	99.17	19933398	19933398	V	V
16648617	16656795	12915879	12907727	8179	8153	93.89	19933398	15540809	V	I
16648617	16657338	14735277	14726626	8722	8652	94.49	19933398	16595099	V	II
16648617	16656067	14737975	14730624	7451	7352	93.82	19933398	16595099	V	II
16648617	16657325	14770255	14761566	8709	8690	91.66	19933398	16595099	V	II
16648617	16657325	14778306	14769604	8709	8703	91.37	19933398	16595099	V	II
16648617	16657323	14781498	14772763	8707	8736	91.13	19933398	16595099	V	II
16648617	16657323	18486619	18478057	8707	8563	92.83	19933398	19933398	V	V
16648618	16655160	12371643	12365111	6543	6533	93.47	19933398	14810976	V	III
16648620	16657325	14786367	14777615	8706	8753	91.20	19933398	16595099	V	II
16650020	16656685	12349322	12342766	6666	6557	91.77	19933398	14810976	V	III
16650556	16651690	14568577	14567445	1135	1133	93.22	19933398	17080301	V	IV
16650580	16655147	12365018	12360486	4568	4533	92.24	19933398	14810976	V	III
16651702	16656556	17458923	17454083	4855	4841	92.20	19933398	19933398	V	V
16651916	16653463	834929	833369	1548	1561	90.46	19933398	16595099	V	II
16653388	16654713	16999313	16997987	1326	1327	95.10	19933398	19933398	V	V
16653485	16657338	12365018	12361201	3854	3818	92.46	19933398	14810976	V	III
16654198	16657323	18491624	18488556	3126	3069	91.52	19933398	19933398	V	V
16654220	16656956	13501291	13498523	2737	2769	92.64	19933398	16595099	V	II
16655663	16657003	16999326	16997987	1341	1340	94.27	19933398	19933398	V	V
16655755	16657323	3110931	3109361	1569	1571	90.72	19933398	14810976	V	III
16655796	16657053	15341778	15340535	1258	1244	92.77	19933398	17080301	V	IV
16670330	16671522	9358839	9357638	1193	1202	97.17	19933398	14810976	V	III
16679541	16681136	494121	492507	1596	1615	94.56	19933398	22220885	V	X
16679541	16681135	21936436	21934803	1595	1634	94.88	19933398	22220885	V	X
16679542	16681140	14070755	14069185	1599	1571	94.37	19933398	17080301	V	IV
16681994	16683220	16690148	16688927	1227	1222	81.47	19933398	19933398	V	V
16687373	16688637	10562321	10561046	1265	1276	96.01	19933398	14810976	V	III
16687373	16688637	1325847	1324577	1265	1271	95.46	19933398	22220885	V	X
16687373	16688637	20523606	20522339	1265	1268	95.54	19933398	22220885	V	X
16688927	16690148	16683220	16681994	1222	1227	81.47	19933398	19933398	V	V
16720009	16721033	6530284	6529236	1025	1049	95.24	19933398	14810976	V	III
16720009	16721011	6570517	6569482	1003	1036	95.27	19933398	17080301	V	IV
16720009	16721028	13583548	13582504	1020	1045	95.98	19933398	19933398	V	V
16729286	16730761	2342963	2341488	1476	1476	99.59	19933398	14810976	V	III
16731774	16734558	17428662	17425935	2785	2728	95.28	19933398	19933398	V	V
16739695	16742668	17435060	17432075	2974	2986	94.61	19933398	19933398	V	V
16754668	16758553	5846719	5842824	3886	3896	90.64	19933398	19933398	V	V
16755055	16758556	14130591	14127134	3502	3458	87.80	19933398	16595099	V	II
16761721	16771843	16770104	16759942	10123	10163	76.87	19933398	19933398	V	V
16764529	16771909	12214174	12206843	7381	7332	88.51	19933398	15540809	V	I
16770489	16771803	16759886	16758580	1315	1307	78.65	19933398	19933398	V	V
16775704	16776845	6401238	6400032	1142	1207	90.81	19933398	15540809	V	I
16792506	16794305	16799418	16797624	1800	1795	97.40	19933398	19933398	V	V
16797624	16799418	16794305	16792506	1795	1800	97.40	19933398	19933398	V	V
16813511	16818725	12214074	12208826	5215	5249	90.74	19933398	15540809	V	I
16813529	16818713	14751141	14746018	5185	5124	91.33	19933398	16595099	V	II
16813530	16815187	12910281	12908608	1658	1674	91.44	19933398	15540809	V	I
16813530	16815771	14719740	14717502	2242	2239	90.70	19933398	16595099	V	II
16813530	16818713	14730064	14724950	5184	5115	92.56	19933398	16595099	V	II
16813530	16818713	14734271	14729088	5184	5184	93.73	19933398	16595099	V	II
16813530	16818713	14741587	14736458	5184	5130	92.25	19933398	16595099	V	II
16813530	16818713	14745748	14740604	5184	5145	91.68	19933398	16595099	V	II
16813530	16818713	14782339	14777110	5184	5230	89.89	19933398	16595099	V	II
16813530	16818713	14785819	14780574	5184	5246	89.90	19933398	16595099	V	II
16813530	16814839	15522914	15521646	1310	1269	89.64	19933398	16595099	V	II
16813530	16818713	18483363	18478158	5184	5206	92.67	19933398	19933398	V	V
16813531	16814779	15513778	15512591	1249	1188	86.86	19933398	16595099	V	II
16813533	16817802	12912054	12907727	4270	4328	93.53	19933398	15540809	V	I
16813534	16818713	14725982	14720896	5180	5087	91.52	19933398	16595099	V	II
16813963	16815307	15517961	15516628	1345	1334	84.23	19933398	16595099	V	II
16814426	16816134	15514169	15512568	1709	1602	87.75	19933398	16595099	V	II
16815721	16818267	15610922	15608377	2547	2546	92.63	19933398	16595099	V	II
16815798	16817106	16133549	16132238	1309	1312	95.28	19933398	19933398	V	V
16817543	16818725	18491624	18490432	1183	1193	91.81	19933398	19933398	V	V
16817690	16818713	15741876	15740827	1024	1050	93.16	19933398	16595099	V	II
16852200	16853819	10776840	10775220	1620	1621	99.08	19933398	17080301	V	IV
16852201	16853818	15250334	15248799	1618	1536	93.96	19933398	19933398	V	V
16852202	16853820	5734203	5732590	1619	1614	98.27	19933398	22220885	V	X
16852203	16853818	16484104	16482495	1616	1610	98.58	19933398	16595099	V	II
16852203	16853818	1801690	1800075	1616	1616	99.20	19933398	19933398	V	V
16852203	16853820	3221830	3220213	1618	1618	99.14	19933398	19933398	V	V
16852203	16853821	8500387	8498771	1619	1617	98.70	19933398	19933398	V	V
16852203	16853820	6146147	6144532	1618	1616	98.58	19933398	22220885	V	X
16859225	16860480	21915648	21914393	1256	1256	99.92	19933398	22220885	V	X
16859226	16860483	8031970	8030713	1258	1258	99.92	19933398	19933398	V	V
16859226	16860485	8121054	8119795	1260	1260	99.84	19933398	19933398	V	V
16859227	16860484	16390752	16389495	1258	1258	100.00	19933398	19933398	V	V
16859227	16860483	11980114	11978858	1257	1257	99.84	19933398	22220885	V	X
16876626	16877656	6530286	6529239	1031	1048	93.93	19933398	14810976	V	III
16876627	16877658	17048917	17047885	1032	1033	97.97	19933398	19933398	V	V
16876628	16877654	5760644	5759621	1027	1024	97.47	19933398	16595099	V	II
16876628	16877655	4067745	4066713	1028	1033	93.44	19933398	14810976	V	III
16913615	16914881	14730049	14728786	1267	1264	96.16	19933398	16595099	V	II
16913615	16914881	14738832	14737582	1267	1251	94.67	19933398	16595099	V	II
16913621	16914769	625065	623908	1149	1158	94.30	19933398	15540809	V	I
16913621	16914769	630903	629746	1149	1158	94.30	19933398	15540809	V	I
16913621	16914769	636500	635338	1149	1163	94.16	19933398	15540809	V	I
16913621	16914881	637348	636076	1261	1273	94.42	19933398	15540809	V	I
16913621	16914881	14724862	14723604	1261	1259	94.82	19933398	16595099	V	II
16913621	16914881	14727759	14726499	1261	1261	96.77	19933398	16595099	V	II
16913621	16914881	14739850	14738600	1261	1251	94.35	19933398	16595099	V	II
16913621	16914881	14741808	14740538	1261	1271	93.56	19933398	16595099	V	II
16913621	16914881	14750065	14748813	1261	1253	94.11	19933398	16595099	V	II
16913621	16914882	18667447	18666183	1262	1265	95.19	19933398	19933398	V	V
16913622	16914769	626834	625678	1148	1157	94.04	19933398	15540809	V	I
16913622	16914769	629092	627936	1148	1157	94.04	19933398	15540809	V	I
16913636	16914882	14744014	14742790	1247	1225	94.32	19933398	16595099	V	II
16913740	16914881	5333563	5332418	1142	1146	92.69	19933398	19933398	V	V
16918758	16924346	12609005	12603430	5589	5576	92.13	19933398	15540809	V	I
16919629	16921824	15664141	15661937	2196	2205	85.32	19933398	19933398	V	V
16921937	16923311	15661416	15660039	1375	1378	83.82	19933398	19933398	V	V
16926205	16933809	12601450	12593848	7605	7603	96.39	19933398	15540809	V	I
16930058	16932048	15653218	15651222	1991	1997	92.25	19933398	19933398	V	V
16947019	16948585	16948585	16947019	1567	1567	92.55	19933398	19933398	V	V
16949342	16951068	16957974	16956246	1727	1729	94.75	19933398	19933398	V	V
16952856	16954549	5296637	5294974	1694	1664	95.87	19933398	19933398	V	V
16952856	16954549	7792641	7790947	1694	1695	97.94	19933398	22220885	V	X
16952874	16954549	6592005	6590333	1676	1673	96.79	19933398	19933398	V	V
16955785	16958544	16962777	16960018	2760	2760	99.31	19933398	19933398	V	V
16956246	16957974	16951068	16949342	1729	1727	94.75	19933398	19933398	V	V
16958537	16959578	16973427	16972382	1042	1046	93.45	19933398	19933398	V	V
16960018	16962777	16958544	16955785	2760	2760	99.31	19933398	19933398	V	V
16972382	16973427	16959578	16958537	1046	1042	93.45	19933398	19933398	V	V
16997987	16999313	16654713	16653388	1327	1326	95.10	19933398	19933398	V	V
16997987	16999326	16656259	16654919	1340	1341	95.09	19933398	19933398	V	V
16997998	16999139	14162061	14160921	1142	1141	93.70	19933398	16595099	V	II
17027797	17029311	3336134	3334620	1515	1515	86.46	19933398	14810976	V	III
17028471	17030214	5893204	5891462	1744	1743	82.22	19933398	16595099	V	II
17028987	17030918	17319815	17317883	1932	1933	88.15	19933398	19933398	V	V
17033455	17034531	15292754	15291667	1077	1088	93.04	19933398	15540809	V	I
17047885	17048917	16877658	16876627	1033	1032	97.97	19933398	19933398	V	V
17047888	17048920	16721029	16720005	1033	1025	96.62	19933398	19933398	V	V
17047889	17048916	14252573	14251530	1028	1044	94.75	19933398	16595099	V	II
17047889	17048917	3634474	3633463	1029	1012	95.63	19933398	14810976	V	III
17047889	17048917	10043470	10042448	1029	1023	97.57	19933398	19933398	V	V
17047889	17048918	15951587	15950559	1030	1029	97.48	19933398	19933398	V	V
17057817	17059433	3035007	3033414	1617	1594	88.15	19933398	15540809	V	I
17057817	17059433	16570531	16568901	1617	1631	92.22	19933398	16595099	V	II
17057821	17059433	4392983	4391331	1613	1653	90.26	19933398	14810976	V	III
17057865	17059433	7069198	7067609	1569	1590	93.43	19933398	17080301	V	IV
17075796	17077101	17090349	17089081	1306	1269	89.22	19933398	19933398	V	V
17078334	17084060	5567259	5561525	5727	5735	99.56	19933398	16595099	V	II
17078334	17084060	6734892	6729156	5727	5737	99.56	19933398	16595099	V	II
17078334	17084060	3406837	3401088	5727	5750	99.03	19933398	19933398	V	V
17078334	17084060	18078850	18073102	5727	5749	99.44	19933398	19933398	V	V
17089081	17090349	17077101	17075796	1269	1306	89.22	19933398	19933398	V	V
17102422	17103861	17109109	17107672	1440	1438	99.10	19933398	19933398	V	V
17107672	17109109	17103861	17102422	1438	1440	99.10	19933398	19933398	V	V
17130786	17131792	13629889	13628887	1007	1003	94.65	19933398	16595099	V	II
17130786	17131794	14503680	14502675	1009	1006	96.64	19933398	16595099	V	II
17130786	17131792	2668800	2667889	1007	912	82.97	19933398	22220885	V	X
17140933	17142484	17144268	17142713	1552	1556	97.24	19933398	19933398	V	V
17142713	17144268	17142484	17140933	1556	1552	97.24	19933398	19933398	V	V
17148471	17149780	12915995	12914673	1310	1323	91.08	19933398	15540809	V	I
17148471	17149780	14727609	14726304	1310	1306	92.87	19933398	16595099	V	II
17148471	17149780	14731518	14730215	1310	1304	92.55	19933398	16595099	V	II
17148471	17149780	18667099	18665787	1310	1313	91.56	19933398	19933398	V	V
17154347	17155651	15862891	15861585	1305	1307	99.54	19933398	16595099	V	II
17154347	17155651	3779520	3778214	1305	1307	99.23	19933398	19933398	V	V
17154347	17155651	5881089	5879783	1305	1307	99.46	19933398	19933398	V	V
17154347	17155651	7175883	7174577	1305	1307	99.54	19933398	19933398	V	V
17154470	17155651	6119882	6118701	1182	1182	99.49	19933398	22220885	V	X
17174039	17175980	17178770	17176829	1942	1942	99.85	19933398	19933398	V	V
17176829	17178770	17175980	17174039	1942	1942	99.85	19933398	19933398	V	V
17183074	17184143	15853623	15852506	1070	1118	90.52	19933398	16595099	V	II
17183074	17184143	17193859	17192793	1070	1067	93.06	19933398	19933398	V	V
17192755	17194682	10849505	10847578	1928	1928	89.32	19933398	14810976	V	III
17192793	17193859	17184143	17183074	1067	1070	93.06	19933398	19933398	V	V
17193181	17194382	16567229	16566052	1202	1178	92.79	19933398	19933398	V	V
17226213	17227477	12164750	12163485	1265	1266	99.68	19933398	17080301	V	IV
17226216	17227475	1079413	1078154	1260	1260	99.68	19933398	16595099	V	II
17226216	17227474	22058842	22057584	1259	1259	99.76	19933398	22220885	V	X
17226218	17227474	1776955	1775699	1257	1257	99.92	19933398	17080301	V	IV
17226218	17227475	16119055	16117798	1258	1258	99.84	19933398	22220885	V	X
17284506	17285532	14013171	14012145	1027	1027	93.29	19933398	16595099	V	II
17284506	17288709	3002888	2998716	4204	4173	91.61	19933398	19933398	V	V
17285255	17286620	12222576	12221212	1366	1365	92.90	19933398	16595099	V	II
17285559	17286716	14013264	14012106	1158	1159	89.93	19933398	16595099	V	II
17285563	17288681	3021343	3018233	3119	3111	91.38	19933398	19933398	V	V
17287060	17288710	3006362	3004734	1651	1629	86.78	19933398	19933398	V	V
17287520	17288714	2055390	2054195	1195	1196	88.30	19933398	16595099	V	II
17313589	17315536	1771929	1769981	1948	1949	99.59	19933398	19933398	V	V
17313591	17315536	12033156	12031173	1946	1984	97.58	19933398	15540809	V	I
17324482	17325992	5012925	5011408	1511	1518	94.06	19933398	16595099	V	II
17337719	17342407	17347388	17342702	4689	4687	99.91	19933398	19933398	V	V
17340298	17341903	17385774	17384168	1606	1607	99.50	19933398	19933398	V	V
17340299	17341905	2003752	2002135	1607	1618	98.27	19933398	19933398	V	V
17340299	17341904	11854828	11853212	1606	1617	98.21	19933398	19933398	V	V
17340299	17341904	16853818	16852202	1606	1617	98.39	19933398	19933398	V	V
17342702	17347388	17342407	17337719	4687	4689	99.91	19933398	19933398	V	V
17354020	17357587	16205565	16201995	3568	3571	93.06	19933398	19933398	V	V
17354020	17360356	17368193	17361857	6337	6337	99.92	19933398	19933398	V	V
17354026	17357325	22033038	22029731	3300	3308	89.98	19933398	22220885	V	X
17354034	17356631	2282407	2279807	2598	2601	92.32	19933398	17080301	V	IV
17354034	17357836	16922559	16918761	3803	3799	92.83	19933398	19933398	V	V
17361857	17368193	17360356	17354020	6337	6337	99.92	19933398	19933398	V	V
17362495	17363547	17382020	17380973	1053	1048	83.52	19933398	19933398	V	V
17364377	17369964	12609002	12603432	5588	5571	95.39	19933398	15540809	V	I
17367950	17369730	15661023	15659229	1781	1795	81.45	19933398	19933398	V	V
17368920	17371491	17374262	17371689	2572	2574	99.88	19933398	19933398	V	V
17371689	17374262	17371491	17368920	2574	2572	99.88	19933398	19933398	V	V
17373209	17378574	14445299	14439935	5366	5365	94.23	19933398	16595099	V	II
17373218	17374261	13701936	13700893	1044	1044	95.79	19933398	16595099	V	II
17373218	17374262	2284192	2283148	1045	1045	95.31	19933398	17080301	V	IV
17373218	17374262	16207336	16206292	1045	1045	95.98	19933398	19933398	V	V
17373218	17374262	16924344	16923300	1045	1045	95.03	19933398	19933398	V	V
17373218	17374262	22034815	22033771	1045	1045	95.79	19933398	22220885	V	X
17384167	17385774	16484105	16482494	1608	1612	98.70	19933398	16595099	V	II
17384167	17385773	17654194	17652584	1607	1611	98.02	19933398	19933398	V	V
17384168	17385773	13154485	13152871	1606	1615	97.71	19933398	15540809	V	I
17384168	17385773	1801690	1800075	1606	1616	98.33	19933398	19933398	V	V
17384168	17385773	5821196	5819584	1606	1613	98.45	19933398	19933398	V	V
17384664	17385776	15249908	15248796	1113	1113	99.46	19933398	19933398	V	V
17399579	17400695	9165601	9164503	1117	1099	88.93	19933398	17080301	V	IV
17425935	17428662	16734558	16731774	2728	2785	95.28	19933398	19933398	V	V
17431699	17435556	16286027	16282217	3858	3811	94.40	19933398	19933398	V	V
17432075	17435060	16742668	16739695	2986	2974	94.61	19933398	19933398	V	V
17454083	17458916	14689875	14685013	4834	4863	90.68	19933398	16595099	V	II
17454083	17458922	14711394	14706516	4840	4879	89.87	19933398	16595099	V	II
17454083	17458923	14715478	14710629	4841	4850	89.92	19933398	16595099	V	II
17454083	17458923	16073154	16068337	4841	4818	94.55	19933398	17080301	V	IV
17454083	17458923	16081522	16076728	4841	4795	93.20	19933398	17080301	V	IV
17454083	17458923	16655746	16650902	4841	4845	92.20	19933398	19933398	V	V
17454083	17458923	16656556	16651702	4841	4855	92.20	19933398	19933398	V	V
17454083	17455310	18495107	18493880	1228	1228	93.97	19933398	19933398	V	V
17454087	17458916	14691669	14686799	4830	4871	90.02	19933398	16595099	V	II
17454087	17458923	14698788	14693901	4837	4888	90.00	19933398	16595099	V	II
17454189	17458725	1882198	1877665	4537	4534	91.27	19933398	16595099	V	II
17454947	17458803	12588264	12584421	3857	3844	91.90	19933398	15540809	V	I
17455103	17456502	3437137	3435769	1400	1369	90.27	19933398	14810976	V	III
17455758	17457212	12568126	12566669	1455	1458	92.73	19933398	15540809	V	I
17456255	17458920	16087942	16085273	2666	2670	93.74	19933398	17080301	V	IV
17456919	17458923	15325844	15323815	2005	2030	88.87	19933398	16595099	V	II
17456919	17458923	15336579	15334551	2005	2029	88.91	19933398	16595099	V	II
17458263	17459606	17461397	17460054	1344	1344	93.99	19933398	19933398	V	V
17460054	17461397	17459606	17458263	1344	1344	93.99	19933398	19933398	V	V
17503876	17505289	2963591	2962178	1414	1414	99.50	19933398	16595099	V	II
17503914	17505237	21867254	21865929	1324	1326	98.79	19933398	22220885	V	X
17516531	17518001	14458762	14457285	1471	1478	94.13	19933398	17080301	V	IV
17516531	17517907	15660920	15659531	1377	1390	97.70	19933398	17080301	V	IV
17516566	17518000	14562349	14560916	1435	1434	97.28	19933398	17080301	V	IV
17516625	17517721	552403	551297	1097	1107	96.30	19933398	16595099	V	II
17555398	17556405	17556405	17555398	1008	1008	89.06	19933398	19933398	V	V
17602844	17604732	17686492	17684618	1889	1875	87.26	19933398	19933398	V	V
17605102	17606561	17683751	17682290	1460	1462	88.54	19933398	19933398	V	V
17607459	17608529	17681134	17680071	1071	1064	94.50	19933398	19933398	V	V
17652581	17654193	11854831	11853213	1613	1619	98.83	19933398	19933398	V	V
17652581	17654193	16225381	16223772	1613	1610	98.27	19933398	19933398	V	V
17652584	17654194	17385773	17384167	1611	1607	98.02	19933398	19933398	V	V
17680071	17681134	17608529	17607459	1064	1071	94.50	19933398	19933398	V	V
17682290	17683751	17606561	17605102	1462	1460	88.54	19933398	19933398	V	V
17684618	17686492	17604732	17602844	1875	1889	87.26	19933398	19933398	V	V
17777770	17779067	2348979	2347640	1298	1340	92.94	19933398	15540809	V	I
17777771	17779122	3718546	3717176	1352	1371	94.20	19933398	15540809	V	I
17777771	17779128	7740433	7739046	1358	1388	95.18	19933398	17080301	V	IV
17844582	17849914	17855545	17850213	5333	5333	99.89	19933398	19933398	V	V
17850213	17855545	17849914	17844582	5333	5333	99.89	19933398	19933398	V	V
17856755	17862402	17871979	17866330	5648	5650	99.93	19933398	19933398	V	V
17857401	17860622	21075871	21072648	3222	3224	99.13	19933398	22220885	V	X
17866330	17871979	17862402	17856755	5650	5648	99.93	19933398	19933398	V	V
17868114	17869292	1884651	1883473	1179	1179	98.64	19933398	22220885	V	X
17876681	17877758	17877758	17876681	1078	1078	79.61	19933398	19933398	V	V
17898086	17899712	2942332	2940706	1627	1627	95.76	19933398	14810976	V	III
17995262	17996609	264044	262701	1348	1344	87.92	19933398	15540809	V	I
17995262	17996597	265054	263725	1336	1330	88.99	19933398	15540809	V	I
17998736	18001287	7076853	7074357	2552	2497	95.24	19933398	19933398	V	V
18002497	18005180	7053805	7051136	2684	2670	96.59	19933398	19933398	V	V
18002860	18006942	7051104	7047089	4083	4016	94.41	19933398	19933398	V	V
18006772	18012601	7047084	7041315	5830	5770	96.25	19933398	19933398	V	V
18014393	18015567	18017542	18016373	1175	1170	85.74	19933398	19933398	V	V
18014593	18019631	7040325	7035286	5039	5040	96.91	19933398	19933398	V	V
18016373	18017542	18015567	18014393	1170	1175	85.74	19933398	19933398	V	V
18024647	18026461	7058902	7057089	1815	1814	98.13	19933398	19933398	V	V
18026457	18027529	10957093	10955987	1073	1107	94.13	19933398	17080301	V	IV
18026461	18027529	3269868	3268766	1069	1103	95.02	19933398	14810976	V	III
18026461	18027529	11213312	11212212	1069	1101	94.74	19933398	17080301	V	IV
18026461	18027529	7404740	7403635	1069	1106	95.12	19933398	22220885	V	X
18026461	18027529	16126202	16125119	1069	1084	95.76	19933398	22220885	V	X
18054892	18055898	18057593	18056587	1007	1007	96.44	19933398	19933398	V	V
18056587	18057593	18055898	18054892	1007	1007	96.44	19933398	19933398	V	V
18073102	18078850	17084060	17078334	5749	5727	99.44	19933398	19933398	V	V
18093462	18095088	14673498	14671846	1627	1653	88.83	19933398	16595099	V	II
18093463	18095088	14664044	14662403	1626	1642	89.38	19933398	16595099	V	II
18093464	18095088	266483	264855	1625	1629	92.52	19933398	15540809	V	I
18093464	18094494	1525092	1524060	1031	1033	94.59	19933398	16595099	V	II
18093464	18095088	1526611	1524990	1625	1622	93.12	19933398	16595099	V	II
18093464	18095088	14661098	14659469	1625	1630	89.06	19933398	16595099	V	II
18093464	18095066	14672718	14671080	1603	1639	89.44	19933398	16595099	V	II
18093464	18095064	3155387	3153787	1601	1601	92.13	19933398	14810976	V	III
18093475	18095088	14662007	14660391	1614	1617	89.03	19933398	16595099	V	II
18093475	18095088	3152027	3150410	1614	1618	91.28	19933398	14810976	V	III
18093489	18095088	1528560	1526965	1600	1596	93.82	19933398	16595099	V	II
18100767	18101906	13058901	13057760	1140	1142	89.14	19933398	16595099	V	II
18100797	18101897	13061990	13060890	1101	1101	91.02	19933398	16595099	V	II
18100797	18101905	15536424	15535315	1109	1110	92.08	19933398	16595099	V	II
18100802	18101905	15536947	15535843	1104	1105	92.41	19933398	16595099	V	II
18122529	18123542	18125458	18124444	1014	1015	91.70	19933398	19933398	V	V
18124444	18125458	18123542	18122529	1015	1014	91.70	19933398	19933398	V	V
18323621	18324744	5172393	5171273	1124	1121	96.00	19933398	19933398	V	V
18349347	18350428	5838702	5837625	1082	1078	97.05	19933398	22220885	V	X
18375422	18377916	12587002	12584516	2495	2487	92.51	19933398	15540809	V	I
18375422	18377916	12587674	12585172	2495	2503	92.57	19933398	15540809	V	I
18375422	18377916	14669467	14666971	2495	2497	90.79	19933398	16595099	V	II
18375422	18377916	14688177	14685679	2495	2499	91.04	19933398	16595099	V	II
18375422	18377816	17899475	17897073	2395	2403	93.22	19933398	19933398	V	V
18375422	18377914	17900035	17897543	2493	2493	93.26	19933398	19933398	V	V
18375430	18377910	14668826	14666365	2481	2462	91.03	19933398	16595099	V	II
18375655	18377555	1829751	1827846	1901	1906	93.31	19933398	16595099	V	II
18376034	18377916	3040774	3038892	1883	1883	91.61	19933398	14810976	V	III
18376297	18377916	1829765	1828149	1620	1617	93.47	19933398	16595099	V	II
18376848	18377916	14538639	14537571	1069	1069	92.99	19933398	16595099	V	II
18386021	18388893	13564103	13561233	2873	2871	82.89	19933398	14810976	V	III
18386040	18388145	14027344	14025236	2106	2109	91.47	19933398	16595099	V	II
18386195	18387506	16133550	16132238	1312	1313	94.36	19933398	19933398	V	V
18386405	18389433	1053891	1050850	3029	3042	87.12	19933398	15540809	V	I
18386589	18387729	14568577	14567445	1141	1133	91.67	19933398	17080301	V	IV
18387375	18388520	11521092	11519947	1146	1146	92.84	19933398	16595099	V	II
18389875	18391104	728263	726985	1230	1279	90.87	19933398	14810976	V	III
18389926	18392026	13059421	13057288	2101	2134	87.01	19933398	16595099	V	II
18389926	18392448	13059869	13057288	2523	2582	87.65	19933398	16595099	V	II
18389926	18393477	13060885	13057288	3552	3598	88.04	19933398	16595099	V	II
18389934	18393915	13061324	13057288	3982	4037	88.33	19933398	16595099	V	II
18390490	18393610	15512279	15509138	3121	3142	89.54	19933398	16595099	V	II
18391278	18394151	1053891	1050982	2874	2910	87.27	19933398	15540809	V	I
18397172	18399617	1741721	1739264	2446	2458	89.25	19933398	16595099	V	II
18403483	18404562	18404562	18403483	1080	1080	83.70	19933398	19933398	V	V
18422310	18425158	15512370	15509583	2849	2788	89.44	19933398	16595099	V	II
18423969	18425158	1235755	1234565	1190	1191	94.21	19933398	15540809	V	I
18425356	18426585	18430414	18429184	1230	1231	99.11	19933398	19933398	V	V
18429229	18430414	18426541	18425356	1186	1186	99.92	19933398	19933398	V	V
18441643	18442845	18505627	18504413	1203	1215	90.71	19933398	19933398	V	V
18458942	18460800	12588143	12586290	1859	1854	90.42	19933398	15540809	V	I
18471640	18472881	9153099	9151865	1242	1235	98.39	19933398	17080301	V	IV
18471651	18472881	6112662	6111433	1231	1230	98.70	19933398	19933398	V	V
18477594	18482303	3148683	3143960	4710	4724	91.67	19933398	14810976	V	III
18477594	18483884	16069392	16063096	6291	6297	93.67	19933398	17080301	V	IV
18477594	18483478	16071236	16065352	5885	5885	94.30	19933398	17080301	V	IV
18477594	18486555	16072205	16063096	8962	9110	93.75	19933398	17080301	V	IV
18477594	18488012	16073619	16063096	10419	10524	94.07	19933398	17080301	V	IV
18477594	18479853	16079835	16077557	2260	2279	91.94	19933398	17080301	V	IV
18477594	18490022	16080507	16067994	12429	12514	94.57	19933398	17080301	V	IV
18477594	18478758	18849611	18848446	1165	1166	91.98	19933398	19933398	V	V
18477727	18479640	1829751	1827846	1914	1906	92.62	19933398	16595099	V	II
18477732	18479655	18708624	18706698	1924	1927	92.65	19933398	19933398	V	V
18477945	18479344	15890395	15888997	1400	1399	93.31	19933398	16595099	V	II
18479802	18491624	14674868	14662950	11823	11919	90.24	19933398	16595099	V	II
18479802	18482826	16087942	16084953	3025	2990	94.19	19933398	17080301	V	IV
18480151	18483182	19086606	19083525	3032	3082	91.74	19933398	19933398	V	V
18480446	18481906	16084609	16083182	1461	1428	94.57	19933398	17080301	V	IV
18480960	18491624	16076794	16066040	10665	10755	94.68	19933398	17080301	V	IV
18481157	18483309	16082986	16080897	2153	2090	93.20	19933398	17080301	V	IV
18481194	18482216	12693338	12692316	1023	1023	95.64	19933398	15540809	V	I
18481360	18482774	18849874	18848446	1415	1429	94.00	19933398	19933398	V	V
18481387	18485895	1528635	1524057	4509	4579	94.45	19933398	16595099	V	II
18481947	18483428	15278849	15277348	1482	1502	93.63	19933398	16595099	V	II
18483010	18490198	16082977	16075618	7189	7360	93.52	19933398	17080301	V	IV
18483507	18486251	16080897	16078076	2745	2822	93.19	19933398	17080301	V	IV
18484273	18485795	16084609	16083102	1523	1508	92.68	19933398	17080301	V	IV
18484532	18485808	13006686	13005369	1277	1318	92.04	19933398	16595099	V	II
18486252	18491624	16077686	16072225	5373	5462	94.90	19933398	17080301	V	IV
18486531	18491390	267518	262575	4860	4944	93.45	19933398	15540809	V	I
18486544	18488584	14550636	14548550	2041	2087	81.63	19933398	17080301	V	IV
18487247	18489143	1829765	1827846	1897	1920	93.26	19933398	16595099	V	II
18489063	18490501	16084609	16083182	1439	1428	93.12	19933398	17080301	V	IV
18490241	18491624	18849874	18848495	1384	1380	92.11	19933398	19933398	V	V
18493880	18495249	12911689	12910320	1370	1370	94.60	19933398	15540809	V	I
18493880	18495249	12913569	12912200	1370	1370	94.16	19933398	15540809	V	I
18493880	18495249	12914417	12913048	1370	1370	94.23	19933398	15540809	V	I
18493880	18494914	2271187	2270156	1035	1032	90.64	19933398	16595099	V	II
18493880	18495249	13497591	13496198	1370	1394	92.32	19933398	16595099	V	II
18493880	18495107	17455310	17454083	1228	1228	93.97	19933398	19933398	V	V
18493880	18495249	18377443	18376074	1370	1370	92.70	19933398	19933398	V	V
18493880	18495249	18666872	18665505	1370	1368	94.53	19933398	19933398	V	V
18493880	18495249	18667534	18666169	1370	1366	94.45	19933398	19933398	V	V
18493880	18495249	18668787	18667421	1370	1367	93.87	19933398	19933398	V	V
18493880	18495249	18669219	18667852	1370	1368	93.94	19933398	19933398	V	V
18493880	18495249	18669707	18668331	1370	1377	93.97	19933398	19933398	V	V
18493880	18495249	18669899	18668531	1370	1369	93.94	19933398	19933398	V	V
18493880	18495249	18670091	18668723	1370	1369	93.94	19933398	19933398	V	V
18493880	18495251	19101443	19100004	1372	1440	92.71	19933398	19933398	V	V
18494024	18495249	2271787	2270559	1226	1229	93.43	19933398	16595099	V	II
18504413	18505627	18442845	18441643	1215	1203	90.71	19933398	19933398	V	V
18652756	18654793	16082831	16080828	2038	2004	91.11	19933398	17080301	V	IV
18652757	18654769	14561421	14559411	2013	2011	93.66	19933398	17080301	V	IV
18653381	18654791	14562349	14560941	1411	1409	94.69	19933398	17080301	V	IV
18655532	18656710	18612573	18611332	1179	1242	87.79	19933398	19933398	V	V
18665440	18668542	12587519	12584421	3103	3099	94.24	19933398	15540809	V	I
18665440	18670924	14688110	14682574	5485	5537	92.14	19933398	16595099	V	II
18665440	18666745	3437084	3435769	1306	1316	92.55	19933398	14810976	V	III
18665440	18666739	17149767	17148471	1300	1297	91.47	19933398	19933398	V	V
18665447	18670918	14708058	14702582	5472	5477	91.80	19933398	16595099	V	II
18665872	18667787	12341563	12339643	1916	1921	94.53	19933398	14810976	V	III
18667241	18670918	12588266	12584602	3678	3665	94.35	19933398	15540809	V	I
18668594	18669869	16598043	16596755	1276	1289	91.25	19933398	19933398	V	V
18668610	18670922	19086606	19084306	2313	2301	91.40	19933398	19933398	V	V
18668865	18670922	12341563	12339505	2058	2059	94.56	19933398	14810976	V	III
18669799	18670922	14989061	14987929	1124	1133	93.38	19933398	16595099	V	II
18748952	18750153	18751887	18750683	1202	1205	99.42	19933398	19933398	V	V
18750683	18751887	18750153	18748952	1205	1202	99.42	19933398	19933398	V	V
18752802	18754663	18773459	18771598	1862	1862	99.89	19933398	19933398	V	V
18754833	18769783	8192411	8177460	14951	14952	98.40	19933398	14810976	V	III
18754833	18758421	4226849	4223252	3589	3598	93.78	19933398	17080301	V	IV
18764322	18768150	4217754	4213928	3829	3827	88.63	19933398	17080301	V	IV
18771598	18773459	18754663	18752802	1862	1862	99.89	19933398	19933398	V	V
18792125	18793736	2813913	2812289	1612	1625	97.66	19933398	16595099	V	II
18794723	18796917	12341511	12339331	2195	2181	92.67	19933398	14810976	V	III
18796146	18797255	18798955	18797837	1110	1119	93.94	19933398	19933398	V	V
18797837	18798955	18797255	18796146	1119	1110	93.94	19933398	19933398	V	V
18848439	18849874	18484608	18483178	1436	1431	95.01	19933398	19933398	V	V
18848446	18849874	12910667	12909239	1429	1429	94.54	19933398	15540809	V	I
18848446	18849874	14734172	14732746	1429	1427	94.25	19933398	16595099	V	II
18848446	18849872	874064	872601	1427	1464	87.47	19933398	14810976	V	III
18848446	18849872	874720	873272	1427	1449	89.87	19933398	14810976	V	III
18848446	18849802	3333481	3332129	1357	1353	92.78	19933398	14810976	V	III
18848446	18849875	13454204	13452764	1430	1441	93.82	19933398	17080301	V	IV
18848446	18849874	18479374	18477945	1429	1430	92.54	19933398	19933398	V	V
18848446	18849874	18480249	18478836	1429	1414	94.20	19933398	19933398	V	V
18848446	18849874	18481238	18479822	1429	1417	94.55	19933398	19933398	V	V
18848446	18849874	18481882	18480451	1429	1432	94.59	19933398	19933398	V	V
18848446	18849874	18482774	18481360	1429	1415	94.00	19933398	19933398	V	V
18848446	18849874	18487628	18486226	1429	1403	94.08	19933398	19933398	V	V
18848446	18849874	18488724	18487327	1429	1398	93.05	19933398	19933398	V	V
18848446	18849874	18489882	18488470	1429	1413	93.00	19933398	19933398	V	V
18848448	18849459	18478597	18477594	1012	1004	90.69	19933398	19933398	V	V
18848449	18849874	15539966	15538541	1426	1426	91.88	19933398	16595099	V	II
18848495	18849874	18491624	18490241	1380	1384	92.11	19933398	19933398	V	V
18848582	18849874	3334017	3332720	1293	1298	92.01	19933398	14810976	V	III
19014895	19016237	14672679	14671325	1343	1355	88.94	19933398	16595099	V	II
19014895	19016237	3154244	3152905	1343	1340	91.31	19933398	14810976	V	III
19083525	19086606	18483182	18480151	3082	3032	91.74	19933398	19933398	V	V
19083525	19086607	18489582	18486545	3083	3038	91.18	19933398	19933398	V	V
19083554	19086606	14759051	14756008	3053	3044	90.32	19933398	16595099	V	II
19083561	19086598	18480780	18477793	3038	2988	91.06	19933398	19933398	V	V
19083568	19086044	18377916	18375428	2477	2489	91.50	19933398	19933398	V	V
19084035	19086049	18654774	18652755	2015	2020	91.35	19933398	19933398	V	V
19084095	19086543	12458463	12456025	2449	2439	82.16	19933398	15540809	V	I
19084449	19086606	18377916	18375785	2158	2132	90.55	19933398	19933398	V	V
19084567	19086430	18460800	18458942	1864	1859	87.72	19933398	19933398	V	V
19085033	19086607	18491624	18490049	1575	1576	88.81	19933398	19933398	V	V
19092041	19093306	6635063	6633798	1266	1266	99.53	19933398	14810976	V	III
19092044	19093310	8237999	8236734	1267	1266	99.45	19933398	17080301	V	IV
19092052	19093311	5200224	5198965	1260	1260	99.68	19933398	16595099	V	II
19092052	19093306	1655858	1654604	1255	1255	99.76	19933398	17080301	V	IV
19092052	19093310	8572346	8571088	1259	1259	99.52	19933398	17080301	V	IV
19092053	19093310	13731490	13730233	1258	1258	99.84	19933398	17080301	V	IV
19092053	19093310	16079667	16078410	1258	1258	99.68	19933398	19933398	V	V
19092053	19093310	14890751	14889494	1258	1258	99.68	19933398	22220885	V	X
19121799	19122816	12390674	12389646	1018	1029	92.43	19933398	15540809	V	I
19121804	19122831	17517923	17516895	1028	1029	97.09	19933398	19933398	V	V
19236491	19237838	653318	651991	1348	1328	93.97	19933398	19933398	V	V
19259147	19260407	15088010	15086751	1261	1260	99.84	19933398	19933398	V	V
19559695	19560799	6749860	6748755	1105	1106	86.59	19933398	22220885	V	X
19559695	19560799	15432423	15431339	1105	1085	84.93	19933398	22220885	V	X
19559770	19560913	1892707	1891524	1144	1184	83.90	19933398	19933398	V	V
19559778	19560789	16439815	16438805	1012	1011	79.63	19933398	19933398	V	V
19921344	19922994	16019236	16017628	1651	1609	95.10	19933398	22220885	V	X
19923215	19925368	13136462	13134309	2154	2154	99.68	19933398	15540809	V	I
19923225	19925373	5805305	5803157	2149	2149	99.86	19933398	14810976	V	III
19923225	19925157	13719462	13717529	1933	1934	99.79	19933398	17080301	V	IV
19923319	19925368	3006791	3004741	2050	2051	99.71	19933398	15540809	V	I
19930524	19932118	1593	1	1595	1593	99.75	19933398	14810976	V	III
19931225	19933398	2514	340	2174	2175	99.95	19933398	16595099	V	II
1	6344844	1	6344844	6344844	6344844	100.00	22220885	22220885	X	X
33317	34575	15312068	15310809	1259	1260	99.84	22220885	16595099	X	II
64755	65967	68636	67416	1213	1221	84.08	22220885	17080301	X	IV
64756	65966	2788998	2787782	1211	1217	82.96	22220885	17080301	X	IV
64756	65967	3139828	3138613	1212	1216	84.78	22220885	17080301	X	IV
64756	65945	15375165	15373970	1190	1196	85.43	22220885	22220885	X	X
168976	170233	5799646	5798389	1258	1258	99.52	22220885	16595099	X	II
180658	184305	1443825	1440171	3648	3655	98.06	22220885	22220885	X	X
180670	184305	4122106	4118503	3636	3604	97.23	22220885	17080301	X	IV
180685	182560	548587	546712	1876	1876	97.14	22220885	16595099	X	II
181421	182990	4720975	4719413	1570	1563	97.08	22220885	15540809	X	I
182601	184305	6052902	6051198	1705	1705	98.77	22220885	15540809	X	I
182825	184305	3833502	3832022	1481	1481	98.18	22220885	19933398	X	V
207474	208764	3921687	3920452	1291	1236	90.56	22220885	19933398	X	V
207528	208855	13646232	13644889	1328	1344	91.17	22220885	16595099	X	II
207700	208852	7532268	7531043	1153	1226	86.05	22220885	15540809	X	I
293737	295066	2731578	2730266	1330	1313	90.42	22220885	17080301	X	IV
293738	294772	295989	294950	1035	1040	93.97	22220885	22220885	X	X
293738	295988	4936634	4934389	2251	2246	92.26	22220885	22220885	X	X
293742	294941	6885395	6884196	1200	1200	93.69	22220885	19933398	X	V
294950	295989	294772	293738	1040	1035	93.97	22220885	22220885	X	X
294953	295985	604585	603561	1033	1025	94.29	22220885	22220885	X	X
356027	357101	4037249	4036153	1075	1097	93.56	22220885	14810976	X	III
485615	486832	11559985	11558767	1218	1219	96.97	22220885	14810976	X	III
485615	486871	6426361	6425104	1257	1258	98.09	22220885	19933398	X	V
485620	486878	19689029	19687773	1259	1257	97.62	22220885	19933398	X	V
485620	486871	12939282	12938033	1252	1250	98.16	22220885	22220885	X	X
485621	486873	10794061	10792814	1253	1248	97.53	22220885	14810976	X	III
485716	486873	852998	851842	1158	1157	97.58	22220885	16595099	X	II
492507	494121	16681136	16679541	1615	1596	94.56	22220885	19933398	X	V
492508	493525	9818317	9817308	1018	1010	93.35	22220885	17080301	X	IV
492508	494120	5573122	5571513	1613	1610	95.71	22220885	22220885	X	X
502594	503828	11926168	11924929	1235	1240	95.90	22220885	19933398	X	V
502601	503828	2919719	2918484	1228	1236	96.44	22220885	16595099	X	II
502602	503828	14098344	14097109	1227	1236	96.93	22220885	19933398	X	V
505293	506495	13296526	13295386	1203	1141	89.24	22220885	22220885	X	X
603561	604585	6885395	6884368	1025	1028	93.90	22220885	19933398	X	V
603561	604585	295985	294953	1025	1033	94.29	22220885	22220885	X	X
713778	718322	843793	839280	4545	4514	96.66	22220885	14810976	X	III
718206	721733	9998527	9995025	3528	3503	98.07	22220885	17080301	X	IV
907054	908240	12991651	12990426	1187	1226	88.66	22220885	16595099	X	II
945483	947619	21819224	21817057	2137	2168	94.19	22220885	22220885	X	X
945727	948888	21455076	21451890	3162	3187	91.20	22220885	22220885	X	X
945845	949542	5833342	5829613	3698	3730	90.35	22220885	19933398	X	V
945845	949542	16448165	16444428	3698	3738	91.56	22220885	22220885	X	X
946386	949350	21426723	21423774	2965	2950	90.33	22220885	22220885	X	X
948469	949541	21817042	21815963	1073	1080	95.10	22220885	22220885	X	X
949549	951481	495075	493135	1933	1941	96.50	22220885	15540809	X	I
949960	951481	6612656	6611143	1522	1514	97.83	22220885	17080301	X	IV
950076	951484	22138374	22136968	1409	1407	97.52	22220885	22220885	X	X
950076	951484	22211943	22210537	1409	1407	97.44	22220885	22220885	X	X
1005159	1006418	12270927	12269668	1260	1260	99.84	22220885	15540809	X	I
1005159	1006415	17595429	17594173	1257	1257	100.00	22220885	22220885	X	X
1208537	1209794	5368732	5367475	1258	1258	99.92	22220885	16595099	X	II
1208538	1209794	8153035	8151779	1257	1257	99.84	22220885	15540809	X	I
1208538	1209795	49148	47891	1258	1258	99.68	22220885	14810976	X	III
1208538	1209792	1528453	1527199	1255	1255	99.92	22220885	17080301	X	IV
1208538	1209795	7702303	7701046	1258	1258	99.92	22220885	22220885	X	X
1208538	1209795	9202052	9200795	1258	1258	99.84	22220885	22220885	X	X
1324576	1325847	8537940	8536665	1272	1276	96.56	22220885	14810976	X	III
1324577	1325847	16688637	16687373	1271	1265	95.46	22220885	19933398	X	V
1324579	1325849	3071111	3069840	1271	1272	96.32	22220885	19933398	X	V
1324592	1325847	5812803	5811547	1256	1257	96.19	22220885	16595099	X	II
1439895	1443820	7013066	7009152	3926	3915	98.14	22220885	22220885	X	X
1439898	1440930	4492882	4491847	1033	1036	98.36	22220885	17080301	X	IV
1439911	1441294	13167544	13166162	1384	1383	98.63	22220885	19933398	X	V
1439922	1442183	13882735	13880483	2262	2253	98.23	22220885	19933398	X	V
1440171	1443825	184305	180658	3655	3648	98.06	22220885	22220885	X	X
1440537	1441919	15148084	15146690	1383	1395	96.70	22220885	16595099	X	II
1440922	1442531	7924776	7923170	1610	1607	97.64	22220885	19933398	X	V
1524361	1525521	1528180	1527020	1161	1161	100.00	22220885	22220885	X	X
1527020	1528180	1525521	1524361	1161	1161	100.00	22220885	22220885	X	X
1528181	1529984	1532331	1530528	1804	1804	99.94	22220885	22220885	X	X
1530528	1532331	1529984	1528181	1804	1804	99.94	22220885	22220885	X	X
1588426	1589701	10594835	10593577	1276	1259	93.58	22220885	19933398	X	V
1588427	1589697	15935340	15934069	1271	1272	94.50	22220885	22220885	X	X
1655771	1657055	5925918	5924641	1285	1278	89.47	22220885	17080301	X	IV
1655772	1657054	20878002	20876726	1283	1277	85.11	22220885	22220885	X	X
1883475	1884651	21073827	21072649	1177	1179	98.81	22220885	22220885	X	X
2070243	2071550	3748468	3747161	1308	1308	99.77	22220885	14810976	X	III
2070244	2071550	7636842	7635536	1307	1307	99.69	22220885	22220885	X	X
2095066	2096816	13512795	13511046	1751	1750	98.23	22220885	14810976	X	III
2113523	2114782	6480618	6479358	1260	1261	99.84	22220885	16595099	X	II
2178047	2184334	2198897	2192606	6288	6292	99.51	22220885	22220885	X	X
2192606	2198897	2184334	2178047	6292	6288	99.51	22220885	22220885	X	X
2235569	2236663	8046392	8045296	1095	1097	85.35	22220885	22220885	X	X
2256825	2260710	3000084	2996214	3886	3871	87.58	22220885	19933398	X	V
2256826	2258868	12024301	12022275	2043	2027	88.79	22220885	16595099	X	II
2258234	2260711	12849447	12847046	2478	2402	84.33	22220885	16595099	X	II
2259225	2260334	992391	991273	1110	1119	86.19	22220885	16595099	X	II
2259494	2260699	12749353	12748174	1206	1180	84.72	22220885	16595099	X	II
2275422	2276451	13337503	13336433	1030	1071	92.74	22220885	17080301	X	IV
2289908	2290941	3063505	3062423	1034	1083	86.64	22220885	22220885	X	X
2298158	2299814	2313482	2311824	1657	1659	98.31	22220885	22220885	X	X
2301524	2302607	2310802	2309751	1084	1052	85.47	22220885	22220885	X	X
2309751	2310802	2302607	2301524	1052	1084	85.47	22220885	22220885	X	X
2311824	2313482	2299814	2298158	1659	1657	98.31	22220885	22220885	X	X
2321515	2323230	3564118	3562444	1716	1675	94.94	22220885	17080301	X	IV
2352471	2353636	13890612	13889499	1166	1114	93.92	22220885	17080301	X	IV
2428054	2429064	2429064	2428054	1011	1011	87.48	22220885	22220885	X	X
2532028	2533125	10787240	10786186	1098	1055	88.30	22220885	16595099	X	II
2599449	2600710	13730855	13729594	1262	1262	99.84	22220885	22220885	X	X
2599451	2600709	15312070	15310812	1259	1259	99.68	22220885	16595099	X	II
2599452	2600711	6160652	6159393	1260	1260	99.76	22220885	15540809	X	I
2599452	2600711	10113870	10112611	1260	1260	99.68	22220885	14810976	X	III
2599452	2600713	16272849	16271588	1262	1262	99.52	22220885	19933398	X	V
2599453	2600709	6480618	6479362	1257	1257	99.84	22220885	16595099	X	II
2599453	2600710	6077919	6076662	1258	1258	99.92	22220885	14810976	X	III
2599453	2600709	3213812	3212556	1257	1257	99.84	22220885	17080301	X	IV
2599453	2600709	8689064	8687808	1257	1257	100.00	22220885	22220885	X	X
2599453	2600709	16193881	16192625	1257	1257	99.92	22220885	22220885	X	X
2599454	2600709	8266154	8264900	1256	1255	99.92	22220885	22220885	X	X
2599456	2600713	8504900	8503643	1258	1258	99.68	22220885	19933398	X	V
2599456	2600709	16611557	16610304	1254	1254	99.84	22220885	19933398	X	V
2599456	2600710	12118979	12117725	1255	1255	100.00	22220885	22220885	X	X
2599456	2600714	12740358	12739100	1259	1259	99.84	22220885	22220885	X	X
2628927	2630043	12067366	12066250	1117	1117	94.09	22220885	15540809	X	I
2628927	2629969	1522088	1521047	1043	1042	94.53	22220885	16595099	X	II
2628927	2630043	2348641	2347510	1117	1132	95.32	22220885	17080301	X	IV
2628939	2630043	2349642	2348533	1105	1110	94.44	22220885	17080301	X	IV
2628970	2630043	2349885	2348829	1074	1057	91.37	22220885	17080301	X	IV
2629042	2630043	1522437	1521436	1002	1002	92.71	22220885	16595099	X	II
2637860	2640268	17286915	17284519	2409	2397	85.13	22220885	19933398	X	V
2639177	2640393	2583443	2582228	1217	1216	86.05	22220885	16595099	X	II
2727464	2728693	653317	652104	1230	1214	90.07	22220885	19933398	X	V
2830739	2832029	2675700	2674427	1291	1274	93.19	22220885	17080301	X	IV
2873408	2874976	13166916	13165345	1569	1572	91.07	22220885	22220885	X	X
2912535	2913664	3273414	3272261	1130	1154	95.93	22220885	16595099	X	II
2912546	2913660	22108329	22107211	1115	1119	96.70	22220885	22220885	X	X
2912546	2913660	22181898	22180780	1115	1119	96.70	22220885	22220885	X	X
2912547	2913660	8102181	8101063	1114	1119	96.43	22220885	15540809	X	I
3042957	3044775	11703635	11701825	1819	1811	94.12	22220885	22220885	X	X
3062423	3063505	10990535	10989454	1083	1082	86.79	22220885	15540809	X	I
3062423	3063505	2290941	2289908	1083	1034	86.64	22220885	22220885	X	X
3221292	3222549	4273149	4271892	1258	1258	99.68	22220885	15540809	X	I
3221292	3222549	12489315	12488058	1258	1258	99.76	22220885	22220885	X	X
3221293	3222549	922653	921397	1257	1257	99.84	22220885	15540809	X	I
3221293	3222549	14807614	14806358	1257	1257	99.60	22220885	17080301	X	IV
3470095	3471422	14920404	14919155	1328	1250	92.87	22220885	16595099	X	II
3515315	3517596	3520376	3518096	2282	2281	99.91	22220885	22220885	X	X
3518096	3520376	3517596	3515315	2281	2282	99.91	22220885	22220885	X	X
3785252	3787922	3793727	3791057	2671	2671	99.63	22220885	22220885	X	X
3791057	3793727	3787922	3785252	2671	2671	99.63	22220885	22220885	X	X
3793808	3795223	3797156	3795737	1416	1420	99.58	22220885	22220885	X	X
3795737	3797156	3795223	3793808	1420	1416	99.58	22220885	22220885	X	X
3877330	3878592	4628877	4627606	1263	1272	79.61	22220885	22220885	X	X
4013738	4017549	1069332	1065549	3812	3784	92.01	22220885	16595099	X	II
4013738	4015682	4132964	4131012	1945	1953	93.91	22220885	16595099	X	II
4014282	4015565	3488613	3487367	1284	1247	91.19	22220885	14810976	X	III
4014604	4016251	4839506	4837896	1648	1611	90.44	22220885	14810976	X	III
4014987	4016441	4825423	4824007	1455	1417	92.36	22220885	14810976	X	III
4066184	4067268	4952117	4951049	1085	1069	94.40	22220885	22220885	X	X
4470577	4471834	14375835	14374578	1258	1258	99.52	22220885	16595099	X	II
4470580	4471834	18999433	18998179	1255	1255	99.68	22220885	22220885	X	X
4514050	4515304	13687957	13686702	1255	1256	99.84	22220885	15540809	X	I
4616604	4618228	386547	384923	1625	1625	99.57	22220885	17080301	X	IV
4616608	4618237	12496426	12494797	1630	1630	99.51	22220885	22220885	X	X
4616608	4618229	19561787	19560165	1622	1623	99.57	22220885	22220885	X	X
4627606	4628877	3878592	3877330	1272	1263	79.61	22220885	22220885	X	X
4636551	4637860	11095205	11093890	1310	1316	99.24	22220885	15540809	X	I
4636553	4637860	3539921	3538614	1308	1308	99.46	22220885	16595099	X	II
4636553	4637860	7643664	7642367	1308	1298	98.85	22220885	19933398	X	V
4640767	4642552	2814084	2812240	1786	1845	95.02	22220885	16595099	X	II
4641345	4642505	1206380	1205222	1161	1159	98.02	22220885	17080301	X	IV
4664370	4665460	4669328	4668234	1091	1095	95.72	22220885	22220885	X	X
4668234	4669328	4665460	4664370	1095	1091	95.72	22220885	22220885	X	X
4669183	4670395	4708020	4706807	1213	1214	87.91	22220885	22220885	X	X
4669449	4670593	4701621	4700468	1145	1154	91.07	22220885	22220885	X	X
4669449	4670593	4716365	4715220	1145	1146	91.45	22220885	22220885	X	X
4674177	4675839	494763	493093	1663	1671	96.35	22220885	15540809	X	I
4674177	4675376	5838295	5837090	1200	1206	97.02	22220885	22220885	X	X
4674284	4675839	6612656	6611101	1556	1556	97.69	22220885	17080301	X	IV
4674400	4675839	22072823	22071378	1440	1446	96.48	22220885	22220885	X	X
4674400	4675797	22138374	22136971	1398	1404	96.66	22220885	22220885	X	X
4674400	4675797	22211943	22210540	1398	1404	96.59	22220885	22220885	X	X
4676426	4678380	4693950	4692034	1955	1917	97.60	22220885	22220885	X	X
4679772	4681425	4716868	4715218	1654	1651	93.73	22220885	22220885	X	X
4679983	4681425	4701908	4700466	1443	1443	97.57	22220885	22220885	X	X
4680007	4681426	4690878	4689477	1420	1402	94.51	22220885	22220885	X	X
4681240	4687378	4706584	4700425	6139	6160	98.72	22220885	22220885	X	X
4685916	4687495	4716655	4715059	1580	1597	93.50	22220885	22220885	X	X
4685938	4687920	4690880	4688899	1983	1982	96.88	22220885	22220885	X	X
4688899	4690880	4687920	4685938	1982	1983	96.88	22220885	22220885	X	X
4689328	4690396	4699316	4698227	1069	1090	93.12	22220885	22220885	X	X
4689477	4690878	4681426	4680007	1402	1420	94.51	22220885	22220885	X	X
4689480	4690615	4670593	4669449	1136	1145	91.88	22220885	22220885	X	X
4692034	4693950	4678380	4676426	1917	1955	97.60	22220885	22220885	X	X
4698227	4699316	4690396	4689328	1090	1069	93.12	22220885	22220885	X	X
4698227	4699324	4716145	4715057	1098	1089	94.35	22220885	22220885	X	X
4700425	4706584	4687378	4681240	6160	6139	98.72	22220885	22220885	X	X
4700466	4701908	4681425	4679983	1443	1443	97.57	22220885	22220885	X	X
4700468	4701621	4670593	4669449	1154	1145	91.07	22220885	22220885	X	X
4706807	4708020	4670395	4669183	1214	1213	87.91	22220885	22220885	X	X
4715057	4716145	4699324	4698227	1089	1098	94.35	22220885	22220885	X	X
4715059	4716655	4687495	4685916	1597	1580	93.50	22220885	22220885	X	X
4715218	4716868	4681425	4679772	1651	1654	93.73	22220885	22220885	X	X
4777085	4782231	4788786	4783639	5147	5148	99.40	22220885	22220885	X	X
4783639	4788786	4782231	4777085	5148	5147	99.40	22220885	22220885	X	X
4934389	4936634	295988	293738	2246	2251	92.26	22220885	22220885	X	X
4934392	4935428	2731573	2730546	1037	1028	92.03	22220885	17080301	X	IV
4934392	4935428	4936630	4935588	1037	1043	94.16	22220885	22220885	X	X
4934794	4936634	6418957	6417124	1841	1834	93.88	22220885	17080301	X	IV
4935357	4936493	21957988	21956856	1137	1133	93.60	22220885	22220885	X	X
4935588	4936630	4935428	4934392	1043	1037	94.16	22220885	22220885	X	X
4935588	4936630	6085121	6084081	1043	1041	93.98	22220885	22220885	X	X
4951049	4952117	4067268	4066184	1069	1085	94.40	22220885	22220885	X	X
4960833	4961890	10921992	10920918	1058	1075	86.90	22220885	22220885	X	X
4960833	4961886	21855916	21854880	1054	1037	85.23	22220885	22220885	X	X
4960837	4961886	3401996	3400955	1050	1042	89.14	22220885	17080301	X	IV
4960837	4961886	21149735	21148693	1050	1043	88.27	22220885	22220885	X	X
5032087	5033095	8912991	8911983	1009	1009	93.08	22220885	19933398	X	V
5032087	5033095	295985	294972	1009	1014	92.91	22220885	22220885	X	X
5056996	5058063	16197128	16196098	1068	1031	89.31	22220885	22220885	X	X
5073628	5074794	20161588	20160415	1167	1174	90.55	22220885	22220885	X	X
5073689	5074794	7886288	7885179	1106	1110	95.23	22220885	14810976	X	III
5120176	5121259	3869071	3867916	1084	1156	88.51	22220885	19933398	X	V
5472251	5473505	9353494	9352239	1255	1256	99.76	22220885	15540809	X	I
5571513	5573122	494120	492508	1610	1613	95.71	22220885	22220885	X	X
5571513	5573122	21936435	21934803	1610	1633	95.67	22220885	22220885	X	X
5571894	5573122	14070408	14069190	1229	1219	97.23	22220885	17080301	X	IV
5589454	5590709	13217497	13216242	1256	1256	100.00	22220885	22220885	X	X
5678317	5679328	2049498	2048495	1012	1004	88.09	22220885	17080301	X	IV
5716401	5717892	2727716	2726222	1492	1495	87.73	22220885	15540809	X	I
5732592	5734204	21270422	21268807	1613	1616	99.26	22220885	22220885	X	X
5837089	5838598	951061	949549	1510	1513	97.16	22220885	22220885	X	X
5837090	5838097	10720409	10719404	1008	1006	96.44	22220885	19933398	X	V
5837090	5838295	4675376	4674177	1206	1200	97.02	22220885	22220885	X	X
5837090	5838700	6731753	6730140	1611	1614	97.09	22220885	22220885	X	X
5837090	5838692	20960724	20959113	1603	1612	95.85	22220885	22220885	X	X
5837090	5838702	22050742	22049131	1613	1612	96.54	22220885	22220885	X	X
5837625	5838702	18350428	18349347	1078	1082	97.05	22220885	19933398	X	V
5841410	5842661	13166411	13165161	1252	1251	93.80	22220885	17080301	X	IV
5841523	5842661	2064982	2063815	1139	1168	91.23	22220885	16595099	X	II
5841603	5842661	1909221	1908164	1059	1058	93.35	22220885	17080301	X	IV
5855345	5860901	5860901	5855345	5557	5557	99.10	22220885	22220885	X	X
5871574	5872835	5874736	5873475	1262	1262	99.84	22220885	22220885	X	X
5873036	5874284	9052798	9051518	1249	1281	91.10	22220885	14810976	X	III
5873475	5874736	5872835	5871574	1262	1262	99.84	22220885	22220885	X	X
5892831	5896214	5900389	5896974	3384	3416	97.81	22220885	22220885	X	X
5896974	5900389	5896214	5892831	3416	3384	97.81	22220885	22220885	X	X
5997004	5998550	4352624	4351093	1547	1532	92.02	22220885	17080301	X	IV
6069109	6070915	6075573	6073764	1807	1810	99.50	22220885	22220885	X	X
6073764	6075573	6070915	6069109	1810	1807	99.50	22220885	22220885	X	X
6084077	6085104	5218227	5217202	1028	1026	94.27	22220885	16595099	X	II
6084078	6085121	2731576	2730546	1044	1031	92.92	22220885	17080301	X	IV
6084078	6085513	11939310	11937876	1436	1435	95.62	22220885	17080301	X	IV
6084081	6085595	6114696	6113180	1515	1517	93.55	22220885	22220885	X	X
6084488	6085661	6418954	6417782	1174	1173	95.66	22220885	17080301	X	IV
6093889	6095151	3497446	3496184	1263	1263	99.76	22220885	15540809	X	I
6093893	6095150	1859710	1858453	1258	1258	99.60	22220885	19933398	X	V
6093893	6095150	3993119	3991862	1258	1258	99.36	22220885	19933398	X	V
6093893	6095151	16196165	16194907	1259	1259	99.76	22220885	19933398	X	V
6093896	6095150	4950707	4949453	1255	1255	99.76	22220885	17080301	X	IV
6093896	6095154	6229054	6227796	1259	1259	99.76	22220885	19933398	X	V
6093897	6095155	13220291	13219033	1259	1259	99.68	22220885	17080301	X	IV
6113180	6114696	6085595	6084081	1517	1515	93.55	22220885	22220885	X	X
6113181	6114212	7522567	7521545	1032	1023	87.93	22220885	22220885	X	X
6113438	6114706	8079989	8078731	1269	1259	91.76	22220885	22220885	X	X
6113478	6114696	10391089	10389865	1219	1225	89.80	22220885	15540809	X	I
6113689	6114696	5033091	5032087	1008	1005	92.87	22220885	22220885	X	X
6118696	6119882	14049651	14048474	1187	1178	98.74	22220885	19933398	X	V
6118698	6119882	1480636	1479451	1185	1186	99.16	22220885	19933398	X	V
6118700	6119882	7661972	7660789	1183	1184	99.66	22220885	22220885	X	X
6118701	6119882	4637860	4636678	1182	1183	99.58	22220885	22220885	X	X
6228678	6229683	20956386	20955370	1006	1017	92.83	22220885	22220885	X	X
6327023	6329841	6372428	6369615	2819	2814	96.67	22220885	22220885	X	X
6331758	6334574	6372428	6369615	2817	2814	98.37	22220885	22220885	X	X
6345345	13120826	6345345	13120826	6775482	6775482	100.00	22220885	22220885	X	X
6345378	6371453	6400798	6374691	26076	26108	99.62	22220885	22220885	X	X
6366905	6368516	4636585	4634982	1612	1604	84.90	22220885	14810976	X	III
6367183	6368590	4576337	4574928	1408	1410	84.15	22220885	14810976	X	III
6369615	6372428	6331297	6328481	2814	2817	97.91	22220885	22220885	X	X
6369615	6372428	6332208	6329391	2814	2818	97.80	22220885	22220885	X	X
6369615	6372428	6334574	6331758	2814	2817	98.37	22220885	22220885	X	X
6369615	6372428	6335302	6332487	2814	2816	98.76	22220885	22220885	X	X
6369615	6372428	6336763	6333943	2814	2821	98.48	22220885	22220885	X	X
6369615	6372428	6338583	6335763	2814	2821	98.44	22220885	22220885	X	X
6369615	6372428	6339675	6336860	2814	2816	98.79	22220885	22220885	X	X
6369615	6372428	6342041	6339226	2814	2816	98.72	22220885	22220885	X	X
6369615	6372428	6343861	6341046	2814	2816	98.58	22220885	22220885	X	X
6369615	6371352	6374165	6372428	1738	1738	98.97	22220885	22220885	X	X
6369615	6372262	6375074	6372428	2648	2647	98.94	22220885	22220885	X	X
6369615	6372428	6375620	6372808	2814	2813	99.08	22220885	22220885	X	X
6369618	6372428	6306183	6303371	2811	2813	96.70	22220885	22220885	X	X
6370452	6372428	6344844	6342866	1977	1979	98.43	22220885	22220885	X	X
6372444	6374317	6372428	6370554	1874	1875	98.93	22220885	22220885	X	X
6373717	6400798	6372428	6345378	27082	27051	99.59	22220885	22220885	X	X
6373956	6375801	6371461	6369615	1846	1847	99.35	22220885	22220885	X	X
6374626	6376529	6372428	6370524	1904	1905	99.06	22220885	22220885	X	X
6377510	6379575	4631548	4629536	2066	2013	84.34	22220885	14810976	X	III
6382206	6383207	6229685	6228685	1002	1001	96.31	22220885	22220885	X	X
6425757	6426851	6577431	6576333	1095	1099	89.71	22220885	19933398	X	V
6426256	6427605	5524335	5523006	1350	1330	93.90	22220885	15540809	X	I
6426370	6427448	6426257	6425218	1079	1040	92.51	22220885	22220885	X	X
6444750	6446006	8040644	8039388	1257	1257	99.68	22220885	17080301	X	IV
6444750	6446006	11903780	11902524	1257	1257	99.84	22220885	19933398	X	V
6535413	6536482	9030205	9029196	1070	1010	89.05	22220885	14810976	X	III
6644345	6645564	14510458	14509247	1220	1212	83.52	22220885	22220885	X	X
6644347	6645564	3139831	3138614	1218	1218	84.72	22220885	17080301	X	IV
6644352	6645564	2788996	2787782	1213	1215	83.92	22220885	17080301	X	IV
6655128	6656251	12894723	12893651	1124	1073	88.54	22220885	15540809	X	I
6730140	6731211	14956450	14955378	1072	1073	98.14	22220885	19933398	X	V
6730140	6731753	5838700	5837090	1614	1611	97.09	22220885	22220885	X	X
6730304	6732714	3397127	3394781	2411	2347	95.48	22220885	19933398	X	V
6730654	6732714	6612656	6610603	2061	2054	98.01	22220885	17080301	X	IV
6730770	6732570	22072823	22071032	1801	1792	97.00	22220885	22220885	X	X
6738491	6739542	21962032	21960975	1052	1058	96.51	22220885	22220885	X	X
6739682	6742209	21960972	21958460	2528	2513	96.17	22220885	22220885	X	X
6744827	6747322	14130999	14128502	2496	2498	80.68	22220885	16595099	X	II
6748717	6750366	6949645	6948025	1650	1621	84.67	22220885	19933398	X	V
6749012	6755419	4687184	4680796	6408	6389	83.96	22220885	19933398	X	V
6790660	6799385	6840192	6831467	8726	8726	99.66	22220885	22220885	X	X
6798920	6801060	14027343	14025199	2141	2145	93.94	22220885	16595099	X	II
6800050	6801249	13062433	13061234	1200	1200	95.67	22220885	16595099	X	II
6800243	6815861	6832433	6816851	15619	15583	99.62	22220885	22220885	X	X
6811443	6823133	6851884	6840192	11691	11693	99.90	22220885	22220885	X	X
6816851	6831640	6815861	6801076	14790	14786	99.89	22220885	22220885	X	X
6821580	6822780	6416013	6414813	1201	1201	88.94	22220885	15540809	X	I
6831467	6840192	6799385	6790660	8726	8726	99.66	22220885	22220885	X	X
6840192	6851884	6823133	6811443	11693	11691	99.90	22220885	22220885	X	X
6842055	6846474	6851884	6847465	4420	4420	99.93	22220885	22220885	X	X
6847465	6851884	6846474	6842055	4420	4420	99.93	22220885	22220885	X	X
6851884	6855971	6861890	6857801	4088	4090	99.63	22220885	22220885	X	X
6854301	6855508	5193758	5192565	1208	1194	96.71	22220885	19933398	X	V
6854371	6857960	7057735	7054157	3590	3579	98.83	22220885	14810976	X	III
6854426	6856901	13030585	13028122	2476	2464	97.31	22220885	14810976	X	III
6854524	6859461	12565413	12560469	4938	4945	98.89	22220885	15540809	X	I
6857080	6858200	6130386	6129266	1121	1121	99.46	22220885	19933398	X	V
6857801	6859105	2186704	2185373	1305	1332	96.62	22220885	17080301	X	IV
6857801	6861890	6855971	6851884	4090	4088	99.63	22220885	22220885	X	X
6859474	6860495	15617458	15616415	1022	1044	79.72	22220885	19933398	X	V
6896299	6897454	13409520	13408343	1156	1178	93.98	22220885	17080301	X	IV
7009152	7013066	1443820	1439895	3915	3926	98.14	22220885	22220885	X	X
7009160	7012859	4122106	4118438	3700	3669	97.38	22220885	17080301	X	IV
7009175	7011051	548587	546712	1877	1876	97.71	22220885	16595099	X	II
7009905	7011481	4720975	4719413	1577	1563	97.40	22220885	15540809	X	I
7011092	7013053	6052902	6050936	1962	1967	98.48	22220885	15540809	X	I
7011316	7013050	3833502	3831764	1735	1739	97.64	22220885	19933398	X	V
7044516	7045516	2681519	2680521	1001	999	96.61	22220885	17080301	X	IV
7050660	7051787	9111212	9110083	1128	1130	93.56	22220885	14810976	X	III
7221267	7223204	7227070	7225134	1938	1937	99.95	22220885	22220885	X	X
7225134	7227070	7223204	7221267	1937	1938	99.95	22220885	22220885	X	X
7352246	7354185	7357736	7355788	1940	1949	98.41	22220885	22220885	X	X
7355788	7357736	7354185	7352246	1949	1940	98.41	22220885	22220885	X	X
7365832	7367513	8444371	8442676	1682	1696	95.84	22220885	14810976	X	III
7365832	7367512	11268116	11266418	1681	1699	95.66	22220885	17080301	X	IV
7365884	7367513	9587665	9586091	1630	1575	91.91	22220885	19933398	X	V
7366215	7367513	7361293	7359973	1299	1321	96.30	22220885	17080301	X	IV
7366385	7367513	10266530	10265383	1129	1148	95.75	22220885	14810976	X	III
7376851	7377967	15534619	15533502	1117	1118	88.32	22220885	19933398	X	V
7403533	7404740	3253026	3251828	1208	1199	96.78	22220885	14810976	X	III
7403534	7404743	11404077	11402873	1210	1205	98.10	22220885	17080301	X	IV
7403535	7404743	6613853	6612653	1209	1201	96.62	22220885	17080301	X	IV
7443793	7445441	13220915	13219229	1649	1687	89.94	22220885	16595099	X	II
7443793	7445769	21118613	21116698	1977	1916	89.81	22220885	22220885	X	X
7443992	7445428	2049612	2048176	1437	1437	89.03	22220885	15540809	X	I
7444023	7445184	13618024	13616825	1162	1200	90.37	22220885	22220885	X	X
7444064	7445441	15854293	15852911	1378	1383	89.49	22220885	16595099	X	II
7444064	7445428	5420364	5418960	1365	1405	91.04	22220885	17080301	X	IV
7445734	7449506	7454319	7450539	3773	3781	98.84	22220885	22220885	X	X
7450539	7454319	7449506	7445734	3781	3773	98.84	22220885	22220885	X	X
7521545	7522807	7522807	7521545	1263	1263	86.00	22220885	22220885	X	X
7557546	7558803	16354332	16353075	1258	1258	99.92	22220885	22220885	X	X
7615912	7616957	5845768	5844691	1046	1078	88.23	22220885	19933398	X	V
7615913	7616944	5846647	5845614	1032	1034	88.99	22220885	19933398	X	V
7616310	7617841	17357797	17356271	1532	1527	88.04	22220885	22220885	X	X
7635537	7636844	10146458	10145151	1308	1308	99.77	22220885	17080301	X	IV
7635537	7636843	14467640	14466334	1307	1307	99.62	22220885	17080301	X	IV
7635537	7636844	6969399	6968091	1308	1309	99.31	22220885	19933398	X	V
7643654	7645844	7701051	7698881	2191	2171	97.40	22220885	22220885	X	X
7646425	7647429	7654443	7653455	1005	989	95.73	22220885	22220885	X	X
7651363	7653401	7657841	7655804	2039	2038	99.61	22220885	22220885	X	X
7655804	7657841	7653401	7651363	2038	2039	99.61	22220885	22220885	X	X
7660665	7661972	11095202	11093889	1308	1314	99.32	22220885	15540809	X	I
7660665	7661972	15862891	15861584	1308	1308	99.69	22220885	16595099	X	II
7660665	7661972	5881089	5879782	1308	1308	99.62	22220885	19933398	X	V
7660665	7661971	7175883	7174577	1307	1307	99.69	22220885	19933398	X	V
7665944	7667201	12054300	12053043	1258	1258	100.00	22220885	15540809	X	I
7665945	7667201	6662208	6660952	1257	1257	100.00	22220885	17080301	X	IV
7681495	7683800	10779905	10777619	2306	2287	95.16	22220885	14810976	X	III
7686996	7688251	11756360	11755071	1256	1290	83.67	22220885	19933398	X	V
7686997	7688036	6470503	6469426	1040	1078	84.17	22220885	17080301	X	IV
7698881	7701051	7645844	7643654	2171	2191	97.40	22220885	22220885	X	X
7701048	7702304	1065465	1064209	1257	1257	100.00	22220885	14810976	X	III
7702759	7705522	7710449	7707686	2764	2764	99.93	22220885	22220885	X	X
7702832	7704046	7717070	7715856	1215	1215	99.59	22220885	22220885	X	X
7705775	7706949	7710336	7709162	1175	1175	99.57	22220885	22220885	X	X
7705775	7708389	7717030	7714416	2615	2615	99.92	22220885	22220885	X	X
7707686	7710449	7705522	7702759	2764	2764	99.93	22220885	22220885	X	X
7714416	7717030	7708389	7705775	2615	2615	99.92	22220885	22220885	X	X
7715856	7717070	7704046	7702832	1215	1215	99.59	22220885	22220885	X	X
7717342	7719565	7731507	7729285	2224	2223	99.69	22220885	22220885	X	X
7717827	7719565	5420461	5418663	1739	1799	90.96	22220885	17080301	X	IV
7717827	7719054	13618056	13616826	1228	1231	90.04	22220885	22220885	X	X
7717859	7719449	7800072	7798478	1591	1595	89.62	22220885	19933398	X	V
7717892	7719565	15854325	15852674	1674	1652	92.00	22220885	16595099	X	II
7717901	7719288	11725954	11724616	1388	1339	88.33	22220885	14810976	X	III
7717916	7719565	2049548	2047879	1650	1670	89.99	22220885	15540809	X	I
7718305	7719308	21118069	21117033	1004	1037	89.35	22220885	22220885	X	X
7718497	7719542	9187549	9186491	1046	1059	90.34	22220885	15540809	X	I
7719586	7720882	7723416	7722120	1297	1297	99.92	22220885	22220885	X	X
7722120	7723416	7720882	7719586	1297	1297	99.92	22220885	22220885	X	X
7722120	7723225	7752658	7751518	1106	1141	94.39	22220885	22220885	X	X
7729285	7731507	7719565	7717342	2223	2224	99.69	22220885	22220885	X	X
7729542	7730925	7445437	7444064	1384	1374	89.99	22220885	22220885	X	X
7739712	7742204	3053116	3050651	2493	2466	97.47	22220885	17080301	X	IV
7740164	7741792	5796960	5795329	1629	1632	98.84	22220885	14810976	X	III
7743545	7744671	7746814	7745707	1127	1108	84.48	22220885	22220885	X	X
7745707	7746814	7744671	7743545	1108	1127	84.48	22220885	22220885	X	X
7758404	7759963	8053925	8052368	1560	1558	87.19	22220885	22220885	X	X
7760057	7761095	7763178	7762139	1039	1040	99.33	22220885	22220885	X	X
7762139	7763178	7761095	7760057	1040	1039	99.33	22220885	22220885	X	X
7767898	7769018	8041469	8040376	1121	1094	95.01	22220885	22220885	X	X
7769591	7771742	8038400	8036253	2152	2148	98.01	22220885	22220885	X	X
7771987	7773166	8035488	8034315	1180	1174	98.14	22220885	22220885	X	X
7775453	7776488	17358219	17357190	1036	1030	90.39	22220885	22220885	X	X
7775873	7780863	5845188	5840261	4991	4928	88.03	22220885	19933398	X	V
7776098	7782518	5846712	5840261	6421	6452	88.72	22220885	19933398	X	V
7776578	7787683	4687885	4676874	11106	11012	85.07	22220885	19933398	X	V
7777607	7780794	5766288	5763172	3188	3117	83.36	22220885	19933398	X	V
7787750	7793220	5840260	5834781	5471	5480	98.56	22220885	19933398	X	V
7789495	7790537	7855433	7854391	1043	1043	88.90	22220885	19933398	X	V
7790477	7791807	17357168	17355857	1331	1312	96.62	22220885	22220885	X	X
7790947	7793181	16954549	16952398	2235	2152	94.14	22220885	19933398	X	V
7791730	7793225	456469	454972	1496	1498	98.00	22220885	17080301	X	IV
7792060	7793219	17355857	17354702	1160	1156	97.76	22220885	22220885	X	X
7809794	7810998	17994528	17993327	1205	1202	86.94	22220885	22220885	X	X
7816708	7817910	7889144	7887931	1203	1214	81.75	22220885	22220885	X	X
7833319	7834793	7537151	7535634	1475	1518	94.27	22220885	15540809	X	I
7834789	7836348	7842743	7841180	1560	1564	93.87	22220885	22220885	X	X
7841181	7842743	7836347	7834789	1563	1559	93.87	22220885	22220885	X	X
7857915	7859022	7861628	7860521	1108	1108	99.46	22220885	22220885	X	X
7860521	7861628	7859022	7857915	1108	1108	99.46	22220885	22220885	X	X
7864438	7865716	6470503	6469245	1279	1259	91.65	22220885	17080301	X	IV
7864438	7865716	11756359	11755072	1279	1288	86.24	22220885	19933398	X	V
7866823	7868126	21372211	21370891	1304	1321	92.10	22220885	22220885	X	X
7866830	7868125	5538243	5536950	1296	1294	84.92	22220885	15540809	X	I
7866830	7868126	6416095	6414813	1297	1283	88.75	22220885	15540809	X	I
7886745	7887928	13571197	13570014	1184	1184	97.55	22220885	16595099	X	II
7887931	7889144	7817910	7816708	1214	1203	81.75	22220885	22220885	X	X
7912882	7914245	16670116	16668767	1364	1350	87.45	22220885	22220885	X	X
7925953	7927215	6160649	6159388	1263	1262	99.76	22220885	15540809	X	I
7925953	7927209	13734694	13733438	1257	1257	100.00	22220885	19933398	X	V
7925954	7927210	16014906	16013650	1257	1257	100.00	22220885	22220885	X	X
7957191	7958416	7959850	7958624	1226	1227	99.84	22220885	22220885	X	X
7958624	7959850	7958416	7957191	1227	1226	99.84	22220885	22220885	X	X
7959849	7963456	7967359	7963752	3608	3608	100.00	22220885	22220885	X	X
7963752	7967359	7963456	7959849	3608	3608	100.00	22220885	22220885	X	X
7974572	7978414	7988104	7984274	3843	3831	99.25	22220885	22220885	X	X
7984274	7988104	7978414	7974572	3831	3843	99.25	22220885	22220885	X	X
7992267	7993524	1776956	1775699	1258	1258	99.92	22220885	17080301	X	IV
7997866	7998917	7998917	7997866	1052	1052	91.83	22220885	22220885	X	X
8034315	8035488	7773166	7771987	1174	1180	98.14	22220885	22220885	X	X
8036253	8038400	7771742	7769591	2148	2152	98.01	22220885	22220885	X	X
8039122	8040378	1613443	1612187	1257	1257	99.84	22220885	17080301	X	IV
8039123	8040381	8515096	8513838	1259	1259	99.92	22220885	19933398	X	V
8039124	8040378	6239184	6237930	1255	1255	99.76	22220885	22220885	X	X
8040376	8041469	7769018	7767898	1094	1121	95.01	22220885	22220885	X	X
8045296	8046392	2236663	2235569	1097	1095	85.35	22220885	22220885	X	X
8052368	8053925	7759963	7758404	1558	1560	87.19	22220885	22220885	X	X
8075170	8076425	8097847	8096571	1256	1277	92.96	22220885	17080301	X	IV
8078737	8079774	8912996	8911952	1038	1045	93.03	22220885	19933398	X	V
8078742	8079989	11939307	11938052	1248	1256	92.70	22220885	17080301	X	IV
8103124	8104382	998666	997408	1259	1259	99.92	22220885	16595099	X	II
8103125	8104379	4593023	4591769	1255	1255	99.92	22220885	15540809	X	I
8103125	8104379	14734291	14733037	1255	1255	99.92	22220885	22220885	X	X
8119257	8120811	6610732	6609231	1555	1502	92.19	22220885	17080301	X	IV
8133442	8136940	8136940	8133442	3499	3499	98.61	22220885	22220885	X	X
8134104	8135216	3801272	3800141	1113	1132	92.40	22220885	19933398	X	V
8134106	8135216	7324463	7323352	1111	1112	95.97	22220885	15540809	X	I
8135219	8136275	3799699	3798644	1057	1056	96.50	22220885	19933398	X	V
8143009	8144274	10555183	10553918	1266	1266	99.68	22220885	15540809	X	I
8346063	8347186	5298062	5296920	1124	1143	95.91	22220885	19933398	X	V
8365476	8366735	8572349	8571089	1260	1261	99.68	22220885	17080301	X	IV
8365477	8366733	3853518	3852261	1257	1258	99.68	22220885	19933398	X	V
8365480	8366733	5733148	5731894	1254	1255	99.60	22220885	16595099	X	II
8365480	8366732	1416625	1415372	1253	1254	99.68	22220885	17080301	X	IV
8391821	8392885	4245902	4244835	1065	1068	95.99	22220885	17080301	X	IV
8391822	8392885	12169436	12168357	1064	1080	93.14	22220885	15540809	X	I
8391822	8392885	12077211	12076140	1064	1072	95.99	22220885	14810976	X	III
8391822	8392885	15745221	15744155	1064	1067	96.16	22220885	19933398	X	V
8525764	8527608	13166407	13164630	1845	1778	87.84	22220885	17080301	X	IV
8525874	8527608	2064982	2063199	1735	1784	90.33	22220885	16595099	X	II
8525948	8527608	1909227	1907538	1661	1690	90.12	22220885	17080301	X	IV
8682941	8684087	8687081	8685935	1147	1147	99.83	22220885	22220885	X	X
8685307	8687807	8693301	8690797	2501	2505	99.32	22220885	22220885	X	X
8685935	8687081	8684087	8682941	1147	1147	99.83	22220885	22220885	X	X
8687784	8689061	1416647	1415372	1278	1276	99.14	22220885	17080301	X	IV
8687804	8689061	14890755	14889498	1258	1258	99.84	22220885	22220885	X	X
8687808	8689064	2600709	2599453	1257	1257	100.00	22220885	22220885	X	X
8690797	8693301	8687807	8685307	2505	2501	99.32	22220885	22220885	X	X
8808543	8812302	9013942	9010189	3760	3754	96.57	22220885	22220885	X	X
8873355	8874451	14775161	14774053	1097	1109	86.84	22220885	14810976	X	III
8890582	8891955	1829711	1828341	1374	1371	96.51	22220885	16595099	X	II
8890582	8891955	16071063	16069696	1374	1368	98.25	22220885	17080301	X	IV
9010189	9013942	8812302	8808543	3754	3760	96.57	22220885	22220885	X	X
9024301	9025565	2100268	2098996	1265	1273	97.01	22220885	16595099	X	II
9113471	9114471	15090073	15089075	1001	999	89.57	22220885	16595099	X	II
9127099	9128360	2546522	2545261	1262	1262	99.52	22220885	17080301	X	IV
9127103	9128360	12771973	12770716	1258	1258	99.84	22220885	14810976	X	III
9139477	9140650	8603848	8602676	1174	1173	86.12	22220885	17080301	X	IV
9200795	9202052	1209795	1208538	1258	1258	99.84	22220885	22220885	X	X
9200798	9202053	10113867	10112612	1256	1256	100.00	22220885	14810976	X	III
9200799	9202056	3408624	3407367	1258	1258	99.68	22220885	19933398	X	V
9200799	9202056	7313314	7312057	1258	1258	99.76	22220885	19933398	X	V
9539551	9541916	9544769	9542404	2366	2366	99.96	22220885	22220885	X	X
9542404	9544769	9541916	9539551	2366	2366	99.96	22220885	22220885	X	X
9544770	9546541	9548596	9546825	1772	1772	99.94	22220885	22220885	X	X
9546825	9548596	9546541	9544770	1772	1772	99.94	22220885	22220885	X	X
9644482	9645560	9645560	9644482	1079	1079	82.55	22220885	22220885	X	X
9740917	9741964	7533445	7532456	1048	990	89.72	22220885	17080301	X	IV
9823599	9826599	9830951	9827950	3001	3002	99.90	22220885	22220885	X	X
9827950	9830951	9826599	9823599	3002	3001	99.90	22220885	22220885	X	X
9834973	9836159	6855498	6854314	1187	1185	98.16	22220885	22220885	X	X
9834973	9836178	19874649	19873445	1206	1205	98.93	22220885	22220885	X	X
10044378	10045629	15053222	15051963	1252	1260	98.89	22220885	19933398	X	V
10082741	10084001	6858882	6857644	1261	1239	95.00	22220885	14810976	X	III
10082741	10084001	5442401	5441140	1261	1262	96.91	22220885	19933398	X	V
10082742	10084001	7556730	7555474	1260	1257	96.91	22220885	15540809	X	I
10082847	10084001	3846618	3845460	1155	1159	95.43	22220885	19933398	X	V
10087729	10088884	6971218	6969999	1156	1220	90.17	22220885	15540809	X	I
10096280	10097372	9025673	9024569	1093	1105	82.11	22220885	19933398	X	V
10285427	10286690	12754158	12752896	1264	1263	97.09	22220885	16595099	X	II
10285429	10286690	2100263	2098997	1262	1267	97.55	22220885	16595099	X	II
10285429	10286687	16479757	16478512	1259	1246	96.04	22220885	16595099	X	II
10294547	10295766	13707759	13706547	1220	1213	89.31	22220885	22220885	X	X
10312395	10313653	7224640	7223382	1259	1259	99.60	22220885	17080301	X	IV
10312397	10313653	12004730	12003474	1257	1257	99.68	22220885	17080301	X	IV
10312397	10313658	21647199	21645938	1262	1262	99.60	22220885	22220885	X	X
10490037	10491083	10155054	10154009	1047	1046	89.66	22220885	19933398	X	V
10559103	10560356	14728871	14727618	1254	1254	99.84	22220885	22220885	X	X
10677229	10678487	7806423	7805165	1259	1259	99.84	22220885	16595099	X	II
10827855	10829161	7643674	7642367	1307	1308	99.69	22220885	19933398	X	V
10827863	10829161	3830988	3829686	1299	1303	98.32	22220885	15540809	X	I
10827863	10829161	14990436	14989119	1299	1318	97.80	22220885	16595099	X	II
10827863	10829165	3779522	3778210	1303	1313	98.78	22220885	19933398	X	V
10827863	10829161	5881091	5879783	1299	1309	98.93	22220885	19933398	X	V
10827864	10829164	7175884	7174574	1301	1311	99.01	22220885	19933398	X	V
10827864	10829161	12694182	12692887	1298	1296	99.77	22220885	22220885	X	X
10841575	10842834	6858883	6857643	1260	1241	94.86	22220885	14810976	X	III
10841576	10842833	5442401	5441140	1258	1262	96.67	22220885	19933398	X	V
10841577	10842835	7556730	7555472	1259	1259	96.83	22220885	15540809	X	I
10841682	10842837	3846618	3845456	1156	1163	95.36	22220885	19933398	X	V
11323524	11325399	11327728	11325852	1876	1877	99.68	22220885	22220885	X	X
11325852	11327728	11325399	11323524	1877	1876	99.68	22220885	22220885	X	X
11413679	11414938	8504906	8503647	1260	1260	99.68	22220885	19933398	X	V
11413681	11414938	10027396	10026139	1258	1258	99.68	22220885	14810976	X	III
11413684	11414941	5503949	5502692	1258	1258	99.84	22220885	15540809	X	I
11607048	11608059	2877314	2876313	1012	1002	90.64	22220885	17080301	X	IV
11635004	11636232	12138154	12136940	1229	1215	94.97	22220885	22220885	X	X
11635005	11636232	495186	493956	1228	1231	98.05	22220885	15540809	X	I
11635010	11636232	15714325	15713106	1223	1220	94.88	22220885	22220885	X	X
11635011	11636095	14048947	14047865	1085	1083	95.14	22220885	15540809	X	I
11635011	11636232	5838702	5837490	1222	1213	94.94	22220885	22220885	X	X
11635182	11636231	3397127	3396079	1050	1049	98.00	22220885	19933398	X	V
11636225	11638042	6611586	6609781	1818	1806	96.70	22220885	17080301	X	IV
11636315	11637980	3395674	3394010	1666	1665	97.24	22220885	19933398	X	V
11701825	11703635	3044775	3042957	1811	1819	94.12	22220885	22220885	X	X
11702453	11703691	3837918	3836668	1239	1251	92.94	22220885	17080301	X	IV
11724323	11725579	3497443	3496181	1257	1263	99.21	22220885	15540809	X	I
11724323	11725575	12907566	12906308	1253	1259	99.21	22220885	16595099	X	II
11724323	11725575	3993120	3991862	1253	1259	98.73	22220885	19933398	X	V
11724323	11725577	13615766	13614506	1255	1261	99.21	22220885	22220885	X	X
11745119	11746255	7804807	7803677	1137	1131	95.08	22220885	19933398	X	V
11869859	11870905	12095886	12094840	1047	1047	95.24	22220885	17080301	X	IV
11978857	11980114	13090805	13089559	1258	1247	98.73	22220885	22220885	X	X
11978860	11980118	3815880	3814622	1259	1259	99.76	22220885	17080301	X	IV
11978861	11980116	3864507	3863252	1256	1256	99.76	22220885	17080301	X	IV
11978861	11980117	21647196	21645940	1257	1257	99.68	22220885	22220885	X	X
12136827	12138143	16482469	16481143	1317	1327	97.14	22220885	17080301	X	IV
12136940	12138154	11636232	11635004	1215	1229	94.97	22220885	22220885	X	X
12137011	12138159	20473996	20472838	1149	1159	96.64	22220885	22220885	X	X
12488054	12489311	14161917	14160660	1258	1258	99.52	22220885	15540809	X	I
12488054	12489312	3408628	3407370	1259	1259	99.76	22220885	19933398	X	V
12488055	12489313	16014909	16013651	1259	1259	100.00	22220885	22220885	X	X
12488056	12489311	20749106	20747851	1256	1256	100.00	22220885	22220885	X	X
12488058	12489314	13734693	13733437	1257	1257	100.00	22220885	19933398	X	V
12488058	12489314	15995622	15994370	1257	1253	99.68	22220885	19933398	X	V
12494797	12496426	4618237	4616608	1630	1630	99.51	22220885	22220885	X	X
12494806	12496426	8037751	8036132	1621	1620	99.63	22220885	14810976	X	III
12494807	12496428	238316	236694	1622	1623	99.75	22220885	15540809	X	I
12494807	12496426	3666168	3664548	1620	1621	99.51	22220885	16595099	X	II
12494807	12496427	12734271	12732662	1621	1610	98.70	22220885	16595099	X	II
12494807	12496427	2546190	2544570	1621	1621	99.51	22220885	14810976	X	III
12494807	12496426	395876	394256	1620	1621	99.57	22220885	19933398	X	V
12494807	12496428	1710302	1708680	1622	1623	99.45	22220885	19933398	X	V
12494807	12496426	4785239	4783619	1620	1621	99.38	22220885	19933398	X	V
12494808	12496427	6599673	6598053	1620	1621	99.57	22220885	15540809	X	I
12494808	12496426	15488119	15486503	1619	1617	99.57	22220885	19933398	X	V
12494808	12496427	16050734	16049121	1620	1614	98.89	22220885	19933398	X	V
12494808	12496432	1864453	1862829	1625	1625	99.39	22220885	22220885	X	X
12692887	12694182	10829161	10827864	1296	1298	99.77	22220885	22220885	X	X
12739100	12740358	1528458	1527200	1259	1259	99.60	22220885	17080301	X	IV
12739100	12740358	2600714	2599456	1259	1259	99.84	22220885	22220885	X	X
12739102	12740358	6929608	6928352	1257	1257	100.00	22220885	16595099	X	II
12739103	12740362	2589362	2588103	1260	1260	99.76	22220885	22220885	X	X
12739105	12740362	3536786	3535529	1258	1258	99.68	22220885	17080301	X	IV
12789616	12790685	7020217	7019151	1070	1067	93.23	22220885	17080301	X	IV
12789618	12790695	2282040	2280950	1078	1091	93.14	22220885	14810976	X	III
12836125	12837382	5214160	5212903	1258	1258	100.00	22220885	17080301	X	IV
12836126	12837382	5194302	5193046	1257	1257	100.00	22220885	16595099	X	II
12836126	12837382	14734294	14733038	1257	1257	100.00	22220885	22220885	X	X
12877076	12878659	7680908	7679322	1584	1587	98.49	22220885	15540809	X	I
12933189	12934370	8547476	8546310	1182	1167	94.09	22220885	16595099	X	II
12933189	12934371	8097847	8096663	1183	1185	94.46	22220885	17080301	X	IV
12933198	12934371	20574574	20573406	1174	1169	93.96	22220885	22220885	X	X
12933223	12934371	6522110	6520971	1149	1140	94.27	22220885	16595099	X	II
12938033	12939281	44100	42810	1249	1291	94.59	22220885	14810976	X	III
12938033	12939281	8705722	8704480	1249	1243	97.84	22220885	14810976	X	III
12938033	12939282	486871	485620	1250	1252	98.16	22220885	22220885	X	X
12938033	12939281	14784542	14783296	1249	1247	98.24	22220885	22220885	X	X
13060866	13061877	9052496	9051518	1012	979	95.55	22220885	14810976	X	III
13080299	13086752	9640342	9633887	6454	6456	97.88	22220885	15540809	X	I
13089559	13090805	11980114	11978857	1247	1258	98.73	22220885	22220885	X	X
13089560	13090802	3573501	3572248	1243	1254	98.80	22220885	19933398	X	V
13102345	13110147	13129602	13122176	7803	7427	89.64	22220885	22220885	X	X
13102345	13108431	13131171	13125377	6087	5795	88.86	22220885	22220885	X	X
13102345	13108382	13155968	13150158	6038	5811	90.34	22220885	22220885	X	X
13102345	13109595	13157199	13150158	7251	7042	89.84	22220885	22220885	X	X
13102351	13108905	13153725	13147464	6555	6262	89.21	22220885	22220885	X	X
13102372	13110493	13129072	13121327	8122	7746	90.14	22220885	22220885	X	X
13102372	13115978	13136030	13122939	13607	13092	90.13	22220885	22220885	X	X
13102372	13115731	13148891	13136206	13360	12686	90.85	22220885	22220885	X	X
13102372	13115978	13154915	13141826	13607	13090	90.44	22220885	22220885	X	X
13102372	13112797	13157693	13147497	10426	10197	91.68	22220885	22220885	X	X
13105981	13116228	13131284	13121327	10248	9958	90.35	22220885	22220885	X	X
13105981	13120797	13141162	13127033	14817	14130	90.36	22220885	22220885	X	X
13105981	13117453	13144168	13133274	11473	10895	90.88	22220885	22220885	X	X
13105981	13117108	13156936	13146128	11128	10809	91.03	22220885	22220885	X	X
13107296	13120797	13156892	13143890	13502	13003	89.13	22220885	22220885	X	X
13107416	13118921	13132499	13121327	11506	11173	90.37	22220885	22220885	X	X
13107416	13120797	13135507	13122663	13382	12845	90.14	22220885	22220885	X	X
13108316	13120797	13159400	13147230	12482	12171	89.64	22220885	22220885	X	X
13108382	13120797	13146629	13134870	12416	11760	90.69	22220885	22220885	X	X
13110030	13115978	13159400	13153484	5949	5917	90.89	22220885	22220885	X	X
13121327	13137368	13119108	13102372	16042	16737	89.48	22220885	22220885	X	X
13121327	16639413	13121327	16639413	3518087	3518087	100.00	22220885	22220885	X	X
13126699	13130619	13120797	13116637	3921	4161	87.62	22220885	22220885	X	X
13140588	13151240	13117324	13106132	10653	11193	91.02	22220885	22220885	X	X
13140620	13150416	13112660	13102372	9797	10289	90.72	22220885	22220885	X	X
13140717	13152463	13120234	13107935	11747	12300	90.82	22220885	22220885	X	X
13141877	13156128	13117184	13102372	14252	14813	90.28	22220885	22220885	X	X
13143222	13153110	13120797	13110450	9889	10348	89.47	22220885	22220885	X	X
13143470	13153725	13112983	13102351	10256	10633	91.12	22220885	22220885	X	X
13152473	13159400	13120796	13113659	6928	7138	89.78	22220885	22220885	X	X
13152822	13159400	13120826	13113993	6579	6834	88.76	22220885	22220885	X	X
13216235	13217499	5368739	5367476	1265	1264	99.84	22220885	16595099	X	II
13216240	13217497	6662209	6660952	1258	1258	99.76	22220885	17080301	X	IV
13216240	13217499	15088010	15086751	1260	1260	99.84	22220885	19933398	X	V
13216242	13217499	8456363	8455106	1258	1258	99.84	22220885	15540809	X	I
13216242	13217497	2965525	2964270	1256	1256	99.92	22220885	17080301	X	IV
13216242	13217497	15932233	15930978	1256	1256	99.92	22220885	19933398	X	V
13216242	13217497	5590709	5589454	1256	1256	100.00	22220885	22220885	X	X
13216242	13217498	21248022	21246766	1257	1257	99.84	22220885	22220885	X	X
13260761	13261957	3253021	3251828	1197	1194	96.35	22220885	14810976	X	III
13260761	13261962	11404073	11402871	1202	1203	97.51	22220885	17080301	X	IV
13295382	13296525	5564578	5563428	1144	1151	93.44	22220885	19933398	X	V
13295386	13296526	506495	505293	1141	1203	89.24	22220885	22220885	X	X
13295525	13296526	5679328	5678325	1002	1004	90.53	22220885	22220885	X	X
13369723	13370980	15584684	15583426	1258	1259	99.36	22220885	16595099	X	II
13519248	13520318	4565967	4564891	1071	1077	92.78	22220885	15540809	X	I
13519251	13520315	2931480	2930412	1065	1069	93.48	22220885	16595099	X	II
13520316	13521430	12683105	12681969	1115	1137	90.80	22220885	19933398	X	V
13545607	13547343	13549226	13547456	1737	1771	93.29	22220885	22220885	X	X
13546018	13547911	4375024	4373148	1894	1877	95.79	22220885	17080301	X	IV
13546060	13547343	10021506	10020222	1284	1285	98.76	22220885	16595099	X	II
13547048	13548773	5569616	5567906	1726	1711	97.40	22220885	19933398	X	V
13547456	13549226	13547343	13545607	1771	1737	94.01	22220885	22220885	X	X
13562472	13563732	16079669	16078409	1261	1261	99.68	22220885	19933398	X	V
13562472	13563732	14890753	14889493	1261	1261	99.84	22220885	22220885	X	X
13562474	13563732	8237991	8236733	1259	1259	99.76	22220885	17080301	X	IV
13562474	13563732	8572345	8571087	1259	1259	99.68	22220885	17080301	X	IV
13562474	13563734	13731490	13730230	1261	1261	99.84	22220885	17080301	X	IV
13575506	13576528	8696107	8695081	1023	1027	88.51	22220885	22220885	X	X
13575506	13576534	8696760	8695728	1029	1033	88.96	22220885	22220885	X	X
13575506	13576534	8697412	8696382	1029	1031	90.11	22220885	22220885	X	X
13575506	13576534	8698229	8697197	1029	1033	87.91	22220885	22220885	X	X
13575506	13576534	11748997	11747967	1029	1031	89.23	22220885	22220885	X	X
13575506	13576534	11749160	11748130	1029	1031	89.72	22220885	22220885	X	X
13575506	13576534	11749486	11748456	1029	1031	90.01	22220885	22220885	X	X
13575506	13576534	11749812	11748782	1029	1031	90.88	22220885	22220885	X	X
13575506	13576534	11749975	11748945	1029	1031	91.46	22220885	22220885	X	X
13575506	13576534	11750301	11749271	1029	1031	90.88	22220885	22220885	X	X
13575506	13576534	11750790	11749760	1029	1031	91.08	22220885	22220885	X	X
13575506	13576534	11750953	11749923	1029	1031	90.88	22220885	22220885	X	X
13575506	13576534	11751931	11750901	1029	1031	90.88	22220885	22220885	X	X
13575506	13576534	11753235	11752205	1029	1031	89.82	22220885	22220885	X	X
13575506	13576534	11753561	11752531	1029	1031	89.91	22220885	22220885	X	X
13575506	13576534	11754539	11753509	1029	1031	90.40	22220885	22220885	X	X
13575506	13576534	11754702	11753672	1029	1031	91.08	22220885	22220885	X	X
13575506	13576534	11755028	11753998	1029	1031	90.01	22220885	22220885	X	X
13575506	13576534	11755191	11754161	1029	1031	90.11	22220885	22220885	X	X
13575506	13576534	11755354	11754324	1029	1031	90.79	22220885	22220885	X	X
13575506	13576534	11756980	11755953	1029	1028	89.35	22220885	22220885	X	X
13575506	13576534	11757957	11756928	1029	1030	89.14	22220885	22220885	X	X
13575506	13576534	11758283	11757254	1029	1030	89.05	22220885	22220885	X	X
13575506	13576534	11758445	11757416	1029	1030	89.14	22220885	22220885	X	X
13575506	13576534	11758770	11757742	1029	1029	90.19	22220885	22220885	X	X
13575506	13576534	11759585	11758555	1029	1031	89.72	22220885	22220885	X	X
13575506	13576534	11761214	11760184	1029	1031	90.03	22220885	22220885	X	X
13575506	13576534	11761702	11760673	1029	1030	90.31	22220885	22220885	X	X
13575506	13576534	11761865	11760836	1029	1030	89.83	22220885	22220885	X	X
13575506	13576534	11762353	11761325	1029	1029	89.52	22220885	22220885	X	X
13575506	13576534	11762679	11761650	1029	1030	88.65	22220885	22220885	X	X
13575506	13576534	11763330	11762301	1029	1030	88.75	22220885	22220885	X	X
13575506	13576534	11763982	11762953	1029	1030	88.85	22220885	22220885	X	X
13575506	13576534	11764633	11763604	1029	1030	88.75	22220885	22220885	X	X
13575506	13576534	11765284	11764256	1029	1029	89.36	22220885	22220885	X	X
13575506	13576534	11766914	11765884	1029	1031	90.23	22220885	22220885	X	X
13575506	13576534	11767402	11766373	1029	1030	90.31	22220885	22220885	X	X
13575506	13576534	11768379	11767350	1029	1030	88.75	22220885	22220885	X	X
13575506	13576534	11769030	11768001	1029	1030	88.65	22220885	22220885	X	X
13575506	13576534	11769681	11768653	1029	1029	89.36	22220885	22220885	X	X
13575506	13576534	11770170	11769141	1029	1030	89.64	22220885	22220885	X	X
13575506	13576534	11770495	11769467	1029	1029	90.51	22220885	22220885	X	X
13575506	13576534	11771957	11770931	1029	1027	90.50	22220885	22220885	X	X
13575506	13576528	11772120	11771100	1023	1021	89.94	22220885	22220885	X	X
13575506	13576534	11772282	11771256	1029	1027	89.43	22220885	22220885	X	X
13575506	13576534	11775866	11774838	1029	1029	89.75	22220885	22220885	X	X
13575506	13576534	11776679	11775652	1029	1028	90.13	22220885	22220885	X	X
13575506	13576534	11777168	11776140	1029	1029	89.33	22220885	22220885	X	X
13575506	13576534	11777493	11776465	1029	1029	90.71	22220885	22220885	X	X
13575506	13576534	11778307	11777279	1029	1029	90.41	22220885	22220885	X	X
13575506	13576534	11778470	11777441	1029	1030	90.30	22220885	22220885	X	X
13575506	13576534	11778795	11777766	1029	1030	89.91	22220885	22220885	X	X
13575506	13576534	11780260	11779232	1029	1029	89.85	22220885	22220885	X	X
13575506	13576534	11781073	11780046	1029	1028	90.22	22220885	22220885	X	X
13575506	13576534	11781236	11780208	1029	1029	90.31	22220885	22220885	X	X
13575506	13576534	11781562	11780534	1029	1029	89.33	22220885	22220885	X	X
13575506	13576534	11781887	11780859	1029	1029	90.60	22220885	22220885	X	X
13575506	13576534	11783190	11782161	1029	1030	89.53	22220885	22220885	X	X
13575506	13576534	11783515	11782486	1029	1030	89.55	22220885	22220885	X	X
13575506	13576528	11783677	11782656	1023	1022	90.15	22220885	22220885	X	X
13575506	13576528	11783839	11782819	1023	1021	90.14	22220885	22220885	X	X
13575506	13576534	11784489	11783463	1029	1027	90.02	22220885	22220885	X	X
13575506	13576534	11784652	11783625	1029	1028	90.20	22220885	22220885	X	X
13575506	13576534	11785140	11784113	1029	1028	90.41	22220885	22220885	X	X
13575506	13576534	11785303	11784275	1029	1029	90.49	22220885	22220885	X	X
13575506	13576534	11786768	11785739	1029	1030	89.75	22220885	22220885	X	X
13575506	13576534	11787418	11786391	1029	1028	89.44	22220885	22220885	X	X
13575506	13576534	11787905	11786878	1029	1028	90.29	22220885	22220885	X	X
13575506	13576534	11788230	11787203	1029	1028	90.29	22220885	22220885	X	X
13575506	13576534	11788555	11787528	1029	1028	90.68	22220885	22220885	X	X
13575506	13576534	11788718	11787691	1029	1028	90.10	22220885	22220885	X	X
13575506	13576534	11789206	11788178	1029	1029	90.20	22220885	22220885	X	X
13575506	13576528	11789369	11788347	1023	1023	89.83	22220885	22220885	X	X
13575506	13576534	11789857	11788829	1029	1029	90.20	22220885	22220885	X	X
13575506	13576534	11790020	11788991	1029	1030	89.90	22220885	22220885	X	X
13575506	13576534	11790183	11789154	1029	1030	90.01	22220885	22220885	X	X
13575507	13576534	11748507	11747478	1028	1030	88.75	22220885	22220885	X	X
13575507	13576534	11751278	11750249	1028	1030	90.58	22220885	22220885	X	X
13575507	13576534	11752419	11751390	1028	1030	90.97	22220885	22220885	X	X
13575507	13576534	11752582	11751553	1028	1030	90.97	22220885	22220885	X	X
13575507	13576534	11752745	11751716	1028	1030	90.68	22220885	22220885	X	X
13575507	13576534	11755842	11754813	1028	1030	89.90	22220885	22220885	X	X
13575507	13576534	11756491	11755465	1028	1027	89.60	22220885	22220885	X	X
13575507	13576534	11757305	11756277	1028	1029	90.01	22220885	22220885	X	X
13575507	13576534	11758932	11757905	1028	1028	89.41	22220885	22220885	X	X
13575507	13576534	11760072	11759044	1028	1029	90.18	22220885	22220885	X	X
13575507	13576534	11760398	11759370	1028	1029	89.51	22220885	22220885	X	X
13575507	13576534	11760724	11759695	1028	1030	90.78	22220885	22220885	X	X
13575507	13576534	11761050	11760021	1028	1030	89.91	22220885	22220885	X	X
13575507	13576534	11762189	11761162	1028	1028	90.01	22220885	22220885	X	X
13575507	13576534	11763492	11762464	1028	1029	89.60	22220885	22220885	X	X
13575507	13576534	11766098	11765070	1028	1029	90.14	22220885	22220885	X	X
13575507	13576534	11766261	11765232	1028	1030	90.32	22220885	22220885	X	X
13575507	13576534	11767889	11766862	1028	1028	90.01	22220885	22220885	X	X
13575507	13576534	11771307	11770281	1028	1027	90.50	22220885	22220885	X	X
13575507	13576534	11772607	11771581	1028	1027	90.57	22220885	22220885	X	X
13575507	13576534	11773096	11772068	1028	1029	90.68	22220885	22220885	X	X
13575507	13576534	11773585	11772556	1028	1030	89.62	22220885	22220885	X	X
13575507	13576534	11773911	11772882	1028	1030	89.45	22220885	22220885	X	X
13575507	13576534	11775052	11774023	1028	1030	89.66	22220885	22220885	X	X
13575507	13576534	11779446	11778418	1028	1029	89.64	22220885	22220885	X	X
13575507	13576534	11782537	11781510	1028	1028	90.49	22220885	22220885	X	X
13575507	13576534	11782700	11781673	1028	1028	90.01	22220885	22220885	X	X
13575507	13576528	11784164	11783145	1022	1020	89.74	22220885	22220885	X	X
13575507	13576528	11785465	11784444	1022	1022	90.51	22220885	22220885	X	X
13575507	13576534	11785790	11784763	1028	1028	90.40	22220885	22220885	X	X
13575507	13576534	11785953	11784926	1028	1028	90.01	22220885	22220885	X	X
13575507	13576528	11786605	11785583	1022	1023	89.37	22220885	22220885	X	X
13575509	13576534	11775539	11774512	1026	1028	89.53	22220885	22220885	X	X
13575509	13576534	11776352	11775327	1026	1026	89.01	22220885	22220885	X	X
13575509	13576534	11779933	11778906	1026	1028	89.53	22220885	22220885	X	X
13575509	13576534	11780746	11779721	1026	1026	89.11	22220885	22220885	X	X
13575512	13576534	11768047	11767025	1023	1023	89.46	22220885	22220885	X	X
13575512	13576534	15898520	15897496	1023	1025	83.61	22220885	22220885	X	X
13575512	13576534	15900313	15899289	1023	1025	83.90	22220885	22220885	X	X
13614506	13615762	9966117	9964861	1257	1257	100.00	22220885	14810976	X	III
13616825	13618024	10848867	10847669	1200	1199	93.32	22220885	14810976	X	III
13618498	13619538	13621811	13620797	1041	1015	86.89	22220885	22220885	X	X
13620797	13621811	13619538	13618498	1015	1041	86.89	22220885	22220885	X	X
13623291	13624420	14684342	14683212	1130	1131	99.20	22220885	22220885	X	X
13623296	13624412	9446730	9445613	1117	1118	99.37	22220885	15540809	X	I
13623296	13624412	2820886	2819768	1117	1119	99.29	22220885	16595099	X	II
13675319	13676892	10756463	10754916	1574	1548	88.88	22220885	17080301	X	IV
13675772	13676917	2049282	2048144	1146	1139	92.47	22220885	15540809	X	I
13675879	13677203	21118069	21116738	1325	1332	89.56	22220885	22220885	X	X
13682083	13683340	13324678	13323421	1258	1258	99.76	22220885	15540809	X	I
13682083	13683340	5590711	5589454	1258	1258	99.76	22220885	22220885	X	X
13682083	13683340	21248024	21246767	1258	1258	99.60	22220885	22220885	X	X
13682084	13683340	10555174	10553918	1257	1257	99.84	22220885	15540809	X	I
13706544	13707749	17620621	17619410	1206	1212	90.14	22220885	22220885	X	X
13706547	13707759	10295766	10294547	1213	1220	89.31	22220885	22220885	X	X
13729595	13730851	16893430	16892174	1257	1257	99.68	22220885	22220885	X	X
13745898	13747156	12907563	12906305	1259	1259	99.92	22220885	16595099	X	II
13752060	13753398	5283242	5281824	1339	1419	88.12	22220885	14810976	X	III
13752060	13753398	16776842	16775522	1339	1321	90.70	22220885	19933398	X	V
13752193	13753398	2113061	2111824	1206	1238	90.28	22220885	16595099	X	II
13752197	13753398	5570724	5569613	1202	1112	87.00	22220885	17080301	X	IV
13752256	13753398	12922873	12921703	1143	1171	90.03	22220885	19933398	X	V
13767145	13768287	7477732	7476594	1143	1139	93.71	22220885	14810976	X	III
13910224	13911492	4852460	4851192	1269	1269	99.76	22220885	15540809	X	I
13910235	13911495	4211703	4210443	1261	1261	100.00	22220885	15540809	X	I
13910237	13911496	4213932	4212673	1260	1260	100.00	22220885	17080301	X	IV
13910238	13911496	12054296	12053038	1259	1259	100.00	22220885	15540809	X	I
13910238	13911499	5766905	5765644	1262	1262	99.68	22220885	16595099	X	II
14031518	14032532	1925725	1924722	1015	1004	90.06	22220885	16595099	X	II
14031518	14032532	18962376	18961372	1015	1005	89.33	22220885	22220885	X	X
14033149	14034887	14034887	14033149	1739	1739	87.07	22220885	22220885	X	X
14209280	14210433	19689028	19687779	1154	1250	90.40	22220885	19933398	X	V
14209280	14210432	12939281	12938033	1153	1249	91.27	22220885	22220885	X	X
14252872	14253888	13725497	13724478	1017	1020	96.96	22220885	17080301	X	IV
14252878	14253886	6328044	6327034	1009	1011	97.33	22220885	17080301	X	IV
14252882	14253887	9245887	9244883	1006	1005	98.51	22220885	17080301	X	IV
14255484	14256933	14259975	14258525	1450	1451	99.31	22220885	22220885	X	X
14258525	14259975	14256933	14255484	1451	1450	99.31	22220885	22220885	X	X
14339674	14340807	4109325	4108199	1134	1127	90.95	22220885	17080301	X	IV
14340683	14341696	3317734	3316727	1014	1008	95.08	22220885	17080301	X	IV
14454487	14455508	14472476	14471455	1022	1022	81.54	22220885	22220885	X	X
14460186	14461257	21665844	21664760	1072	1085	94.84	22220885	22220885	X	X
14471455	14472476	14455508	14454487	1022	1022	81.54	22220885	22220885	X	X
14609980	14611236	15824080	15822824	1257	1257	99.92	22220885	16595099	X	II
14609980	14611236	11619982	11618726	1257	1257	99.84	22220885	17080301	X	IV
14609980	14611237	7766954	7765699	1258	1256	99.44	22220885	19933398	X	V
14609980	14611236	6239187	6237931	1257	1257	99.84	22220885	22220885	X	X
14609981	14611236	21795920	21794665	1256	1256	99.76	22220885	22220885	X	X
14609982	14611236	998666	997412	1255	1255	100.00	22220885	16595099	X	II
14683212	14684342	13624420	13623291	1131	1130	99.20	22220885	22220885	X	X
14683215	14684337	2313531	2312409	1123	1123	99.47	22220885	17080301	X	IV
14727614	14728875	15284288	15283027	1262	1262	99.84	22220885	22220885	X	X
14727616	14728874	3213811	3212553	1259	1259	99.92	22220885	17080301	X	IV
14727618	14728871	10560356	10559103	1254	1254	99.84	22220885	22220885	X	X
14733035	14734291	14233024	14231768	1257	1257	99.52	22220885	15540809	X	I
14733035	14734295	3747332	3746072	1261	1261	99.60	22220885	16595099	X	II
14733035	14734291	10408255	10406999	1257	1257	99.76	22220885	14810976	X	III
14733035	14734291	14499656	14498400	1257	1257	99.68	22220885	14810976	X	III
14733035	14734294	14034912	14033653	1260	1260	99.68	22220885	17080301	X	IV
14733035	14734291	7667204	7665948	1257	1257	99.84	22220885	22220885	X	X
14733035	14734291	7993527	7992271	1257	1257	99.76	22220885	22220885	X	X
14733038	14734295	3416785	3415528	1258	1258	99.68	22220885	15540809	X	I
14733038	14734295	9317392	9316135	1258	1258	99.76	22220885	14810976	X	III
14733038	14734295	8040641	8039384	1258	1258	99.92	22220885	17080301	X	IV
14783296	14784543	10794061	10792815	1248	1247	97.68	22220885	14810976	X	III
14783296	14784503	11559979	11558767	1208	1213	97.53	22220885	14810976	X	III
14783296	14784542	858213	856968	1247	1246	97.20	22220885	19933398	X	V
14783296	14784542	12939281	12938033	1247	1249	98.24	22220885	22220885	X	X
14889498	14890753	14064712	14063457	1256	1256	99.84	22220885	16595099	X	II
14902444	14903702	16354329	16353071	1259	1259	99.76	22220885	22220885	X	X
14909519	14910776	8031973	8030716	1258	1258	99.76	22220885	19933398	X	V
14909519	14910780	7702307	7701046	1262	1262	99.68	22220885	22220885	X	X
14909520	14910776	8677300	8676044	1257	1257	99.76	22220885	15540809	X	I
14918765	14920023	6077921	6076663	1259	1259	99.68	22220885	14810976	X	III
14918765	14920024	8689066	8687807	1260	1260	99.76	22220885	22220885	X	X
14918768	14920024	11615648	11614392	1257	1257	100.00	22220885	17080301	X	IV
14918769	14920023	5271505	5270251	1255	1255	100.00	22220885	16595099	X	II
14918769	14920025	7757293	7756037	1257	1257	99.92	22220885	19933398	X	V
14918770	14920027	14161913	14160656	1258	1258	99.68	22220885	15540809	X	I
14918770	14920025	13378167	13376912	1256	1256	99.84	22220885	14810976	X	III
15029429	15030593	16126205	16125013	1165	1193	90.92	22220885	22220885	X	X
15053680	15054927	5924832	5923567	1248	1266	92.83	22220885	22220885	X	X
15053682	15054935	11969046	11967774	1254	1273	93.26	22220885	14810976	X	III
15091866	15093763	6963507	6961663	1898	1845	92.91	22220885	19933398	X	V
15110079	15111335	12599776	12598520	1257	1257	99.84	22220885	16595099	X	II
15110079	15111336	9352881	9351624	1258	1258	99.84	22220885	19933398	X	V
15110080	15111339	13220293	13219034	1260	1260	99.76	22220885	17080301	X	IV
15110081	15111336	13162881	13161626	1256	1256	100.00	22220885	17080301	X	IV
15110082	15111340	21248020	21246762	1259	1259	99.60	22220885	22220885	X	X
15135371	15136420	15136420	15135371	1050	1050	84.72	22220885	22220885	X	X
15283027	15284284	2816677	2815420	1258	1258	99.92	22220885	15540809	X	I
15283027	15284284	8153039	8151782	1258	1258	99.84	22220885	15540809	X	I
15283027	15284284	12164745	12163488	1258	1258	99.68	22220885	17080301	X	IV
15283027	15284288	8121057	8119796	1262	1262	99.60	22220885	19933398	X	V
15283027	15284288	14728875	14727614	1262	1262	99.84	22220885	22220885	X	X
15283027	15284284	16119056	16117799	1258	1258	99.76	22220885	22220885	X	X
15283031	15284285	12907561	12906307	1255	1255	100.00	22220885	16595099	X	II
15283031	15284285	6662205	6660951	1255	1255	100.00	22220885	17080301	X	IV
15283031	15284285	14890751	14889497	1255	1255	100.00	22220885	22220885	X	X
15283031	15284285	17031418	17030164	1255	1255	100.00	22220885	22220885	X	X
15373970	15375166	4461524	4460324	1197	1201	84.97	22220885	17080301	X	IV
15373970	15375165	65945	64756	1196	1190	85.43	22220885	22220885	X	X
15426377	15428944	12563155	12560563	2568	2593	97.01	22220885	15540809	X	I
15426377	15428906	1471444	1468888	2530	2557	98.55	22220885	16595099	X	II
15426377	15427560	7055340	7054157	1184	1184	99.83	22220885	14810976	X	III
15427010	15428925	4949455	4947517	1916	1939	98.40	22220885	17080301	X	IV
15427010	15428956	4949455	4947505	1947	1951	97.51	22220885	17080301	X	IV
15427849	15428944	6855498	6854409	1096	1090	98.27	22220885	22220885	X	X
15427849	15428944	19874649	19873557	1096	1093	98.81	22220885	22220885	X	X
15431173	15441095	10316889	10306737	9923	10153	85.09	22220885	19933398	X	V
15431174	15441863	4688305	4677605	10690	10701	85.54	22220885	19933398	X	V
15431175	15435470	14130999	14126669	4296	4331	84.58	22220885	16595099	X	II
15443827	15447900	4687882	4683808	4074	4075	85.19	22220885	19933398	X	V
15444008	15455720	4687871	4676062	11713	11810	84.34	22220885	19933398	X	V
15471201	15482959	4687872	4676113	11759	11760	84.33	22220885	19933398	X	V
15474811	15481700	4687882	4681062	6890	6821	84.22	22220885	19933398	X	V
15476807	15491000	10316469	10302156	14194	14314	83.21	22220885	19933398	X	V
15477258	15489378	4687885	4676074	12121	11812	84.62	22220885	19933398	X	V
15479994	15490069	10308272	10298298	10076	9975	83.61	22220885	19933398	X	V
15480872	15491000	4686391	4676312	10129	10080	84.74	22220885	19933398	X	V
15480910	15491644	4686193	4675423	10735	10771	85.61	22220885	19933398	X	V
15492865	15494097	17072619	17071404	1233	1216	86.78	22220885	22220885	X	X
15555467	15556589	2653763	2652648	1123	1116	93.59	22220885	17080301	X	IV
15713106	15714325	11636232	11635010	1220	1223	94.88	22220885	22220885	X	X
15734483	15736855	3998194	3995817	2373	2378	99.20	22220885	17080301	X	IV
15737589	15739334	3995818	3994070	1746	1749	99.26	22220885	17080301	X	IV
15806546	15808262	15810707	15808990	1717	1718	97.11	22220885	22220885	X	X
15807940	15808992	4313077	4312032	1053	1046	91.30	22220885	17080301	X	IV
15808990	15810707	15808262	15806546	1718	1717	97.11	22220885	22220885	X	X
15853770	15855031	12754156	12752892	1262	1265	95.60	22220885	16595099	X	II
15853770	15855027	16914333	16913070	1258	1264	95.66	22220885	22220885	X	X
15864420	15873671	16458087	16448837	9252	9251	92.33	22220885	22220885	X	X
15864420	15874578	16466563	16456405	10159	10159	92.42	22220885	22220885	X	X
15864420	15874578	16468030	16457872	10159	10159	92.44	22220885	22220885	X	X
15864420	15874577	16474877	16464719	10158	10159	92.36	22220885	22220885	X	X
15864420	15874577	16475366	16465208	10158	10159	92.36	22220885	22220885	X	X
15864420	15874577	16475692	16465534	10158	10159	92.30	22220885	22220885	X	X
15864420	15874577	16476018	16465860	10158	10159	92.33	22220885	22220885	X	X
15864420	15874577	16476344	16466186	10158	10159	92.18	22220885	22220885	X	X
15864420	15874577	16477159	16467001	10158	10159	92.34	22220885	22220885	X	X
15864420	15874578	16487265	16477107	10159	10159	92.53	22220885	22220885	X	X
15864420	15874578	16487428	16477270	10159	10159	92.55	22220885	22220885	X	X
15864420	15874578	16487753	16477596	10159	10158	92.36	22220885	22220885	X	X
15864420	15874578	16497859	16487701	10159	10159	92.43	22220885	22220885	X	X
15864420	15874578	16503400	16493243	10159	10158	92.39	22220885	22220885	X	X
15864420	15874578	16503888	16493732	10159	10157	92.43	22220885	22220885	X	X
15864420	15874578	16514483	16504325	10159	10159	92.37	22220885	22220885	X	X
15864420	15874578	16514809	16504651	10159	10159	92.36	22220885	22220885	X	X
15864420	15874578	16514972	16504814	10159	10159	92.34	22220885	22220885	X	X
15864420	15874578	16515134	16504977	10159	10158	92.37	22220885	22220885	X	X
15864420	15874578	16515623	16505466	10159	10158	92.43	22220885	22220885	X	X
15864420	15874578	16515949	16505792	10159	10158	92.41	22220885	22220885	X	X
15864420	15874578	16516112	16505955	10159	10158	92.30	22220885	22220885	X	X
15910244	15912051	16446265	16444428	1808	1838	90.80	22220885	22220885	X	X
15910390	15912052	5831269	5829612	1663	1658	89.99	22220885	19933398	X	V
15910390	15911859	21425237	21423774	1470	1464	88.26	22220885	22220885	X	X
15910390	15911392	21452890	21451893	1003	998	88.56	22220885	22220885	X	X
15910979	15912050	21817039	21815963	1072	1077	92.62	22220885	22220885	X	X
15934067	15935263	8547476	8546294	1197	1183	93.73	22220885	16595099	X	II
15934067	15935348	11969045	11967764	1282	1282	95.17	22220885	14810976	X	III
15934067	15935340	8097847	8096571	1274	1277	93.67	22220885	17080301	X	IV
15934067	15935331	5924829	5923567	1265	1263	93.91	22220885	22220885	X	X
15934069	15935340	1589697	1588427	1272	1271	94.50	22220885	22220885	X	X
15934074	15935340	3944734	3943474	1267	1261	93.77	22220885	15540809	X	I
15934101	15935340	8806602	8805339	1240	1264	93.05	22220885	15540809	X	I
15934101	15935340	6522110	6520879	1240	1232	93.72	22220885	16595099	X	II
15934109	15935293	3230381	3229200	1185	1182	94.01	22220885	17080301	X	IV
16003158	16004333	5984990	5983835	1176	1156	78.78	22220885	22220885	X	X
16013649	16014906	2643144	2641887	1258	1258	99.68	22220885	17080301	X	IV
16013649	16014906	14503375	14502118	1258	1258	99.76	22220885	19933398	X	V
16013649	16014909	16879817	16878557	1261	1261	99.68	22220885	19933398	X	V
16013650	16014906	7927210	7925954	1257	1257	100.00	22220885	22220885	X	X
16013651	16014909	12489313	12488055	1259	1259	100.00	22220885	22220885	X	X
16017626	16019050	10345967	10344564	1425	1404	89.54	22220885	22220885	X	X
16017626	16019050	10362746	10361343	1425	1404	89.47	22220885	22220885	X	X
16017628	16019236	19922994	19921344	1609	1651	95.10	22220885	19933398	X	V
16032509	16033520	6418142	6417128	1012	1015	91.68	22220885	17080301	X	IV
16093132	16094341	2919718	2918483	1210	1236	94.26	22220885	16595099	X	II
16093132	16094341	14098344	14097108	1210	1237	94.99	22220885	19933398	X	V
16105821	16107082	21361895	21360599	1262	1297	83.46	22220885	22220885	X	X
16106453	16107487	12743799	12742739	1035	1061	90.76	22220885	17080301	X	IV
16106456	16107488	6745963	6744826	1033	1138	80.12	22220885	22220885	X	X
16106461	16107487	5759462	5758420	1027	1043	82.95	22220885	19933398	X	V
16107902	16109213	16110740	16109414	1312	1327	91.29	22220885	22220885	X	X
16109414	16110740	16109213	16107902	1327	1312	91.29	22220885	22220885	X	X
16117795	16119053	10929337	10928079	1259	1259	99.68	22220885	15540809	X	I
16117795	16119053	7145346	7144088	1259	1259	99.84	22220885	14810976	X	III
16117795	16119052	8981094	8979837	1258	1258	99.76	22220885	19933398	X	V
16125013	16126205	15030593	15029429	1193	1165	90.92	22220885	22220885	X	X
16125119	16126202	18027529	18026461	1084	1069	95.76	22220885	19933398	X	V
16126202	16127752	9359362	9357805	1551	1558	95.59	22220885	14810976	X	III
16126202	16127530	8182704	8181372	1329	1333	96.55	22220885	19933398	X	V
16192619	16193878	19293559	19292300	1260	1260	99.84	22220885	22220885	X	X
16192620	16193878	6229058	6227800	1259	1259	99.84	22220885	19933398	X	V
16192621	16193880	4211704	4210445	1260	1260	99.92	22220885	15540809	X	I
16192625	16193878	6711224	6709971	1254	1254	99.92	22220885	16595099	X	II
16192625	16193878	14807611	14806358	1254	1254	99.84	22220885	17080301	X	IV
16192625	16193878	14935905	14934652	1254	1254	99.92	22220885	19933398	X	V
16233838	16235079	15932231	15930974	1242	1258	98.65	22220885	19933398	X	V
16353071	16354336	945855	944589	1266	1267	99.53	22220885	17080301	X	IV
16353071	16354329	14903702	14902444	1259	1259	99.76	22220885	22220885	X	X
16353072	16354328	20935283	20934027	1257	1257	99.92	22220885	22220885	X	X
16353075	16354332	7558803	7557546	1258	1258	99.92	22220885	22220885	X	X
16444428	16448165	2440316	2436581	3738	3736	91.14	22220885	14810976	X	III
16444428	16448165	949542	945845	3738	3698	91.56	22220885	22220885	X	X
16444428	16446265	15912051	15910244	1838	1808	90.80	22220885	22220885	X	X
16445338	16448394	20852392	20849347	3057	3046	91.45	22220885	22220885	X	X
16447273	16448399	10487831	10486704	1127	1128	92.13	22220885	16595099	X	II
16448837	16459391	15874975	15864420	10555	10556	92.29	22220885	22220885	X	X
16448838	16466359	15885901	15868373	17522	17529	92.21	22220885	22220885	X	X
16449723	16466359	15892677	15876036	16637	16642	91.97	22220885	22220885	X	X
16518672	16521090	16523859	16521437	2419	2423	99.63	22220885	22220885	X	X
16521437	16523859	16521090	16518672	2423	2419	99.63	22220885	22220885	X	X
16537844	16538995	4313033	4311884	1152	1150	91.37	22220885	17080301	X	IV
16546306	16548715	16552020	16549610	2410	2411	99.88	22220885	22220885	X	X
16549610	16552020	16548715	16546306	2411	2410	99.88	22220885	22220885	X	X
16639914	17893974	16639914	17893974	1254061	1254061	100.00	22220885	22220885	X	X
16647324	16648705	199140	197782	1382	1359	84.97	22220885	15540809	X	I
16668767	16670116	7914245	7912882	1350	1364	87.45	22220885	22220885	X	X
16691025	16692484	13336013	13334554	1460	1460	97.95	22220885	16595099	X	II
16695504	16696551	16696551	16695504	1048	1048	94.16	22220885	22220885	X	X
16841292	16842548	2295200	2293944	1257	1257	99.76	22220885	17080301	X	IV
16841292	16842548	12278967	12277711	1257	1257	99.52	22220885	17080301	X	IV
16841295	16842552	388980	387723	1258	1258	99.84	22220885	19933398	X	V
16892174	16893430	13730851	13729595	1257	1257	99.68	22220885	22220885	X	X
16892175	16893430	8504902	8503647	1256	1256	100.00	22220885	19933398	X	V
16892176	16893431	2619285	2618030	1256	1256	100.00	22220885	17080301	X	IV
16892176	16893434	10465310	10464052	1259	1259	99.68	22220885	19933398	X	V
16892177	16893434	1209791	1208534	1258	1258	99.68	22220885	22220885	X	X
16892177	16893433	10678482	10677226	1257	1257	99.76	22220885	22220885	X	X
16892177	16893433	16927934	16926678	1257	1257	99.84	22220885	22220885	X	X
16913066	16914333	6102607	6101347	1268	1261	95.92	22220885	19933398	X	V
16913067	16914333	5277023	5275769	1267	1255	95.52	22220885	19933398	X	V
16913067	16914339	8160253	8158980	1273	1274	96.32	22220885	19933398	X	V
16913068	16914333	12790106	12788840	1266	1267	96.30	22220885	17080301	X	IV
16913070	16914338	12495351	12494079	1269	1273	96.31	22220885	16595099	X	II
16913070	16914337	1541518	1540253	1268	1266	96.23	22220885	17080301	X	IV
16913070	16914333	5720623	5719366	1264	1258	96.53	22220885	17080301	X	IV
16913070	16914333	15855027	15853770	1264	1258	95.66	22220885	22220885	X	X
16913070	16914333	20506608	20505347	1264	1262	96.14	22220885	22220885	X	X
16913076	16914334	5137106	5135857	1259	1250	95.33	22220885	19933398	X	V
16913253	16914335	14461255	14460184	1083	1072	94.94	22220885	22220885	X	X
17030159	17031420	10437914	10436653	1262	1262	99.76	22220885	14810976	X	III
17030162	17031422	16235078	16233834	1261	1245	98.49	22220885	22220885	X	X
17030162	17031422	21221158	21219898	1261	1261	99.76	22220885	22220885	X	X
17030165	17031422	10540204	10538947	1258	1258	100.00	22220885	15540809	X	I
17030165	17031422	16272845	16271588	1258	1258	99.60	22220885	19933398	X	V
17071404	17072619	15494097	15492865	1216	1233	86.78	22220885	22220885	X	X
17101796	17102883	17102883	17101796	1088	1088	90.63	22220885	22220885	X	X
17134690	17135947	14233025	14231768	1258	1258	99.44	22220885	15540809	X	I
17134690	17135947	3747333	3746076	1258	1258	99.60	22220885	16595099	X	II
17134694	17135950	6480615	6479359	1257	1257	99.92	22220885	16595099	X	II
17262917	17263968	22117592	22116540	1052	1053	93.89	22220885	22220885	X	X
17262917	17263968	22191162	22190109	1052	1054	93.98	22220885	22220885	X	X
17294840	17296139	10881130	10879837	1300	1294	85.14	22220885	17080301	X	IV
17294891	17296128	7579174	7577962	1238	1213	80.85	22220885	15540809	X	I
17354702	17355857	7793219	7792060	1156	1160	97.76	22220885	22220885	X	X
17355857	17357168	5295803	5294504	1312	1300	94.15	22220885	19933398	X	V
17355857	17357797	6591193	6589248	1941	1946	92.37	22220885	19933398	X	V
17355857	17357168	7791807	7790477	1312	1331	96.62	22220885	22220885	X	X
17356271	17357296	7617841	7616791	1026	1051	88.22	22220885	22220885	X	X
17357170	17358187	6589355	6588322	1018	1034	90.37	22220885	19933398	X	V
17357190	17358219	7776488	7775453	1030	1036	90.38	22220885	22220885	X	X
17373396	17374609	5197067	5195840	1214	1228	80.81	22220885	16595099	X	II
17549401	17550703	3348950	3347637	1303	1314	91.60	22220885	17080301	X	IV
17549676	17550703	12703790	12702724	1028	1067	93.18	22220885	16595099	X	II
17590612	17591772	17591772	17590612	1161	1161	87.41	22220885	22220885	X	X
17594171	17595431	15053227	15051967	1261	1261	99.76	22220885	19933398	X	V
17594173	17595429	1006415	1005159	1257	1257	100.00	22220885	22220885	X	X
17594175	17595433	13370977	13369719	1259	1259	99.52	22220885	22220885	X	X
17594175	17595430	19325438	19324183	1256	1256	100.00	22220885	22220885	X	X
17594176	17595433	11434363	11433106	1258	1258	99.76	22220885	16595099	X	II
17594176	17595433	7364794	7363537	1258	1258	99.84	22220885	14810976	X	III
17594176	17595431	1734291	1733036	1256	1256	99.92	22220885	17080301	X	IV
17605628	17606665	7020221	7019151	1038	1071	92.14	22220885	17080301	X	IV
17619410	17620621	13707749	13706544	1212	1206	90.14	22220885	22220885	X	X
17685849	17687054	6613848	6612645	1206	1204	96.94	22220885	17080301	X	IV
17685849	17687049	11404071	11402871	1201	1201	97.60	22220885	17080301	X	IV
17707921	17711369	17716152	17712704	3449	3449	99.88	22220885	22220885	X	X
17712704	17716152	17711369	17707921	3449	3449	99.88	22220885	22220885	X	X
17734589	17746293	17763982	17752286	11705	11697	99.74	22220885	22220885	X	X
17752286	17763982	17746293	17734589	11697	11705	99.74	22220885	22220885	X	X
17766167	17767214	7714394	7713357	1048	1038	86.58	22220885	22220885	X	X
17797952	17799055	6014692	6013581	1104	1112	78.38	22220885	17080301	X	IV
17829896	17831535	3313807	3312152	1640	1656	93.31	22220885	17080301	X	IV
17842290	17844125	17844125	17842290	1836	1836	96.92	22220885	22220885	X	X
17894475	22154860	17894475	22154860	4260386	4260386	100.00	22220885	22220885	X	X
17898671	17903301	17903301	17898671	4631	4631	99.29	22220885	22220885	X	X
17919228	17920735	12991035	12989527	1508	1509	99.73	22220885	14810976	X	III
17993327	17994528	7810998	7809794	1202	1205	86.94	22220885	22220885	X	X
17993454	17994528	5731410	5730364	1075	1047	80.74	22220885	16595099	X	II
18031061	18032932	18032932	18031061	1872	1872	97.24	22220885	22220885	X	X
18555029	18556256	11416822	11415560	1228	1263	88.06	22220885	15540809	X	I
18872725	18873792	13903559	13902492	1068	1068	96.91	22220885	16595099	X	II
18872725	18873789	3146975	3145921	1065	1055	94.18	22220885	14810976	X	III
18872725	18873793	3150390	3149331	1069	1060	93.55	22220885	14810976	X	III
18872725	18873792	3154432	3153365	1068	1068	94.76	22220885	14810976	X	III
18872725	18873792	3155344	3154277	1068	1068	94.48	22220885	14810976	X	III
18872725	18873792	14561282	14560217	1068	1066	95.41	22220885	17080301	X	IV
18872725	18873792	16073009	16071942	1068	1068	97.75	22220885	17080301	X	IV
18872725	18873792	16654886	16653819	1068	1068	95.13	22220885	19933398	X	V
18930623	18932178	12797972	12796396	1556	1577	87.08	22220885	16595099	X	II
18961372	18962376	14032532	14031518	1005	1015	89.33	22220885	22220885	X	X
18998179	18999436	6704644	6703387	1258	1258	99.76	22220885	19933398	X	V
18998179	18999433	4471834	4470580	1255	1255	99.68	22220885	22220885	X	X
18998180	18999437	14233021	14231764	1258	1258	99.36	22220885	15540809	X	I
19207741	19208743	19307397	19306391	1003	1007	85.53	22220885	22220885	X	X
19224562	19225572	11867623	11866611	1011	1013	97.04	22220885	17080301	X	IV
19224563	19225569	6328043	6327034	1007	1010	97.63	22220885	17080301	X	IV
19224563	19225572	1696721	1695703	1010	1019	95.99	22220885	19933398	X	V
19224566	19225570	9245887	9244883	1005	1005	97.42	22220885	17080301	X	IV
19235804	19237062	14499653	14498395	1259	1259	99.76	22220885	14810976	X	III
19235804	19237061	13730848	13729591	1258	1258	99.76	22220885	22220885	X	X
19280212	19284471	19290076	19285812	4260	4265	99.72	22220885	22220885	X	X
19285812	19290076	19284471	19280212	4265	4260	99.72	22220885	22220885	X	X
19292300	19293559	16193878	16192619	1260	1260	99.84	22220885	22220885	X	X
19306391	19307397	19208743	19207741	1007	1003	85.53	22220885	22220885	X	X
19324183	19325438	17595430	17594175	1256	1256	100.00	22220885	22220885	X	X
19356738	19357847	16146346	16145236	1110	1111	94.08	22220885	19933398	X	V
19365820	19367840	10566794	10564775	2021	2020	97.63	22220885	14810976	X	III
19374163	19375321	19386946	19385786	1159	1161	95.81	22220885	22220885	X	X
19383267	19384488	19392742	19391532	1222	1211	94.15	22220885	22220885	X	X
19385786	19386946	19375321	19374163	1161	1159	95.81	22220885	22220885	X	X
19391532	19392742	19384488	19383267	1211	1222	94.15	22220885	22220885	X	X
19397383	19398749	19416045	19414663	1367	1383	94.60	22220885	22220885	X	X
19397534	19398749	19404696	19403472	1216	1225	95.77	22220885	22220885	X	X
19400494	19402312	13220947	13219052	1819	1896	91.79	22220885	16595099	X	II
19400702	19402179	2049621	2048144	1478	1478	92.24	22220885	15540809	X	I
19400710	19402587	15854366	15852440	1878	1927	90.65	22220885	16595099	X	II
19403458	19404617	19413121	19411970	1160	1152	95.71	22220885	22220885	X	X
19403476	19404696	19398745	19397534	1221	1212	95.76	22220885	22220885	X	X
19411970	19413121	19404617	19403458	1152	1160	95.71	22220885	22220885	X	X
19411970	19413356	19415806	19414413	1387	1394	96.79	22220885	22220885	X	X
19414413	19415806	19413356	19411970	1394	1387	96.79	22220885	22220885	X	X
19414663	19416045	19398749	19397383	1383	1367	94.60	22220885	22220885	X	X
19471287	19472407	4819412	4818275	1121	1138	94.46	22220885	17080301	X	IV
19471287	19472407	20792323	20791206	1121	1118	92.17	22220885	22220885	X	X
19471321	19472412	3889230	3888123	1092	1108	95.04	22220885	17080301	X	IV
19486886	19487974	18388029	18386941	1089	1089	93.94	22220885	19933398	X	V
19486886	19487971	18388325	18387240	1086	1086	94.01	22220885	19933398	X	V
19486886	19487966	18396227	18395160	1081	1068	93.25	22220885	19933398	X	V
19533699	19535296	10129256	10127681	1598	1576	95.25	22220885	17080301	X	IV
19560152	19561787	395890	394256	1636	1635	99.39	22220885	19933398	X	V
19560164	19561791	15488123	15486499	1628	1625	99.39	22220885	19933398	X	V
19560165	19561787	4618229	4616608	1623	1622	99.57	22220885	22220885	X	X
19560166	19561788	238317	236695	1623	1623	99.75	22220885	15540809	X	I
19560167	19561787	3666168	3664548	1621	1621	99.57	22220885	16595099	X	II
19560167	19561790	2546190	2544568	1624	1623	99.45	22220885	14810976	X	III
19560167	19561787	8037750	8036132	1621	1619	99.57	22220885	14810976	X	III
19560167	19561788	1710302	1708681	1622	1622	99.51	22220885	19933398	X	V
19560167	19561792	4785239	4783614	1626	1626	99.38	22220885	19933398	X	V
19560168	19561787	13035272	13033653	1620	1620	99.44	22220885	16595099	X	II
19560168	19561792	16050734	16049117	1625	1618	98.95	22220885	19933398	X	V
19560168	19561789	1864453	1862832	1622	1622	99.51	22220885	22220885	X	X
19568649	19570850	19570850	19568649	2202	2202	99.41	22220885	22220885	X	X
19628985	19630678	21411798	21410112	1694	1687	96.52	22220885	22220885	X	X
19632727	19633895	3659666	3658468	1169	1199	87.74	22220885	17080301	X	IV
19748853	19749859	6240234	6239183	1007	1052	89.45	22220885	22220885	X	X
19873445	19878633	12565646	12560450	5189	5197	99.37	22220885	15540809	X	I
19873445	19874649	9836178	9834973	1205	1206	98.93	22220885	22220885	X	X
19873521	19877108	7057735	7054157	3588	3579	98.92	22220885	14810976	X	III
19875837	19877267	1471532	1470101	1431	1432	99.44	22220885	16595099	X	II
19876228	19877348	6130386	6129266	1121	1121	99.29	22220885	19933398	X	V
19932381	19933639	16791340	16790082	1259	1259	100.00	22220885	17080301	X	IV
20160415	20161588	5074794	5073628	1174	1167	90.55	22220885	22220885	X	X
20205198	20206241	13820939	13819895	1044	1045	94.08	22220885	17080301	X	IV
20280076	20283442	12452493	12449126	3367	3368	99.70	22220885	14810976	X	III
20280077	20283442	2336308	2332945	3366	3364	99.76	22220885	16595099	X	II
20280077	20282806	2820810	2818082	2730	2729	99.71	22220885	17080301	X	IV
20283441	20284698	6396662	6395405	1258	1258	99.76	22220885	16595099	X	II
20283441	20284699	10255968	10254707	1259	1262	99.52	22220885	14810976	X	III
20283441	20284698	10045623	10044374	1258	1250	98.97	22220885	22220885	X	X
20284693	20286548	12449127	12447232	1856	1896	97.52	22220885	14810976	X	III
20284693	20286544	2817628	2815759	1852	1870	98.88	22220885	17080301	X	IV
20284693	20286544	17315464	17313594	1852	1871	98.77	22220885	19933398	X	V
20352938	20354117	9557933	9556688	1180	1246	90.29	22220885	17080301	X	IV
20389441	20391445	1369568	1367570	2005	1999	93.79	22220885	17080301	X	IV
20389442	20392748	6623907	6620597	3307	3311	96.90	22220885	17080301	X	IV
20389442	20392748	13615432	13612123	3307	3310	96.84	22220885	17080301	X	IV
20392751	20393841	10576810	10575701	1091	1110	94.51	22220885	14810976	X	III
20472838	20473996	12138159	12137011	1159	1149	96.64	22220885	22220885	X	X
20472852	20473924	14956450	14955378	1073	1073	97.95	22220885	19933398	X	V
20505346	20506613	21665845	21664572	1268	1274	96.40	22220885	22220885	X	X
20505347	20506608	12754156	12752896	1262	1261	96.69	22220885	16595099	X	II
20505347	20506605	16479757	16478512	1259	1246	95.88	22220885	16595099	X	II
20522339	20523606	8537939	8536665	1268	1275	97.02	22220885	14810976	X	III
20522339	20523606	16688637	16687373	1268	1265	95.54	22220885	19933398	X	V
20522341	20523609	5812816	5811544	1269	1273	96.47	22220885	16595099	X	II
20522341	20523607	1499766	1498504	1267	1263	96.00	22220885	19933398	X	V
20522341	20523606	6252859	6251593	1266	1267	95.69	22220885	22220885	X	X
20549768	20552866	20563943	20560845	3099	3099	99.94	22220885	22220885	X	X
20560845	20563943	20552866	20549768	3099	3099	99.94	22220885	22220885	X	X
20573314	20574574	15342040	15340796	1261	1245	84.44	22220885	19933398	X	V
20791198	20792317	9318553	9317418	1120	1136	92.41	22220885	19933398	X	V
20791206	20792323	19472407	19471287	1118	1121	92.17	22220885	22220885	X	X
20808402	20810337	21016004	21013998	1936	2007	85.17	22220885	22220885	X	X
20833321	20834629	10797623	10796321	1309	1303	99.39	22220885	15540809	X	I
20833323	20834629	5764697	5763391	1307	1307	99.85	22220885	16595099	X	II
20833324	20834634	10415067	10413763	1311	1305	99.39	22220885	14810976	X	III
20833324	20834629	7237769	7236464	1306	1306	99.92	22220885	17080301	X	IV
20833324	20834629	7385948	7384643	1306	1306	99.85	22220885	17080301	X	IV
20833324	20834629	10146458	10145153	1306	1306	99.69	22220885	17080301	X	IV
20833324	20834630	4419123	4417817	1307	1307	99.77	22220885	19933398	X	V
20833324	20834629	14928270	14926965	1306	1306	99.69	22220885	19933398	X	V
20833324	20834629	2071549	2070244	1306	1306	99.77	22220885	22220885	X	X
20833324	20834631	21373931	21372624	1308	1308	99.92	22220885	22220885	X	X
20838951	20840404	21064886	21063425	1454	1462	87.36	22220885	22220885	X	X
20848987	20850694	6536030	6534330	1708	1701	93.29	22220885	14810976	X	III
20849003	20852388	21427838	21424494	3386	3345	90.37	22220885	22220885	X	X
20849295	20852388	21455201	21452141	3094	3061	88.01	22220885	22220885	X	X
20849347	20852392	16448394	16445338	3046	3057	91.45	22220885	22220885	X	X
20849410	20852391	5833508	5830517	2982	2992	89.97	22220885	19933398	X	V
20849575	20851375	21818862	21817063	1801	1800	91.46	22220885	22220885	X	X
20876724	20877756	7281035	7279985	1033	1051	87.10	22220885	19933398	X	V
20876726	20878002	12426809	12425521	1277	1289	87.43	22220885	17080301	X	IV
20876726	20878002	1657054	1655772	1277	1283	85.11	22220885	22220885	X	X
20899575	20900768	22001587	22000371	1194	1217	94.51	22220885	22220885	X	X
20899578	20900766	2171400	2170184	1189	1217	93.69	22220885	14810976	X	III
20901928	20903941	21530712	21528697	2014	2016	98.71	22220885	22220885	X	X
20905420	20906924	3445945	3444427	1505	1519	92.59	22220885	14810976	X	III
20934025	20935280	13306148	13304893	1256	1256	100.00	22220885	16595099	X	II
20934025	20935280	2287346	2286091	1256	1256	100.00	22220885	17080301	X	IV
20934027	20935283	2589360	2588104	1257	1257	99.92	22220885	22220885	X	X
20934027	20935283	16354328	16353072	1257	1257	99.92	22220885	22220885	X	X
20955370	20956386	6229683	6228678	1017	1006	92.83	22220885	22220885	X	X
20955373	20956374	5063168	5062200	1002	969	90.33	22220885	22220885	X	X
20959111	20960857	495171	493423	1747	1749	98.23	22220885	15540809	X	I
20959113	20960724	5838692	5837090	1612	1603	95.85	22220885	22220885	X	X
20959117	20960188	14048936	14047865	1072	1072	95.73	22220885	15540809	X	I
20959275	20960728	3397127	3395674	1454	1454	98.28	22220885	19933398	X	V
20959625	20960857	6612656	6611431	1233	1226	97.16	22220885	17080301	X	IV
21013998	21016004	20810337	20808402	2007	1936	85.17	22220885	22220885	X	X
21014795	21020305	21026288	21020778	5511	5511	98.59	22220885	22220885	X	X
21017321	21018674	14156173	14154822	1354	1352	96.24	22220885	16595099	X	II
21020778	21026288	21020305	21014795	5511	5511	98.59	22220885	22220885	X	X
21063425	21064886	20840404	20838951	1462	1454	87.36	22220885	22220885	X	X
21072649	21073827	1884651	1883475	1179	1177	98.81	22220885	22220885	X	X
21092004	21093260	4455182	4453925	1257	1258	94.24	22220885	19933398	X	V
21093437	21097569	3003725	2999620	4133	4106	87.89	22220885	19933398	X	V
21093438	21096308	12397223	12394354	2871	2870	79.94	22220885	15540809	X	I
21093438	21097569	3004229	3000088	4132	4142	87.89	22220885	19933398	X	V
21093438	21097663	4018205	4013977	4226	4229	88.27	22220885	22220885	X	X
21093454	21097591	4018909	4014793	4138	4117	88.15	22220885	22220885	X	X
21094114	21095489	4001597	4000222	1376	1376	89.90	22220885	16595099	X	II
21094738	21097591	4018913	4016084	2854	2830	87.80	22220885	22220885	X	X
21095318	21097591	4018981	4016724	2274	2258	87.31	22220885	22220885	X	X
21095963	21097328	3514198	3512830	1366	1369	86.93	22220885	16595099	X	II
21116603	21118076	10849546	10848092	1474	1455	89.41	22220885	14810976	X	III
21116698	21118069	7445769	7444427	1372	1343	92.59	22220885	22220885	X	X
21116738	21118069	13677203	13675879	1332	1325	89.56	22220885	22220885	X	X
21148693	21149735	4961886	4960837	1043	1050	88.27	22220885	22220885	X	X
21193639	21194765	3273386	3272258	1127	1129	94.10	22220885	16595099	X	II
21219901	21221156	14532061	14530806	1256	1256	100.00	22220885	14810976	X	III
21236105	21237359	1209792	1208538	1255	1255	99.92	22220885	22220885	X	X
21236106	21237359	14499653	14498400	1254	1254	99.92	22220885	14810976	X	III
21246762	21248020	15111340	15110082	1259	1259	99.60	22220885	22220885	X	X
21246763	21248020	12270931	12269674	1258	1258	99.68	22220885	15540809	X	I
21246763	21248020	17450432	17449175	1258	1258	99.44	22220885	19933398	X	V
21268804	21270422	13476656	13475037	1619	1620	99.14	22220885	16595099	X	II
21268806	21270423	6086036	6084424	1618	1613	98.95	22220885	19933398	X	V
21268807	21270422	5734204	5732592	1616	1613	99.26	22220885	22220885	X	X
21268808	21270422	1746689	1745072	1615	1618	98.76	22220885	15540809	X	I
21268808	21270422	13154486	13152871	1615	1616	98.82	22220885	15540809	X	I
21268808	21270422	1551499	1549884	1615	1616	99.01	22220885	16595099	X	II
21268808	21270426	3733916	3732296	1619	1621	99.14	22220885	19933398	X	V
21268809	21270422	12722328	12720720	1614	1609	98.51	22220885	17080301	X	IV
21268809	21270422	6526713	6525099	1614	1615	98.64	22220885	19933398	X	V
21268809	21270422	6146147	6144534	1614	1614	99.57	22220885	22220885	X	X
21299929	21302482	21567565	21565029	2554	2537	94.73	22220885	22220885	X	X
21328737	21329813	1343060	1341967	1077	1094	92.79	22220885	15540809	X	I
21328738	21329808	9051839	9050765	1071	1075	96.10	22220885	17080301	X	IV
21328743	21329754	13337500	13336514	1012	987	91.46	22220885	17080301	X	IV
21328743	21329818	13854190	13853100	1076	1091	91.60	22220885	17080301	X	IV
21370891	21372211	7868126	7866823	1321	1304	92.10	22220885	22220885	X	X
21372621	21373935	5045821	5044508	1315	1314	99.77	22220885	14810976	X	III
21372624	21373931	20834631	20833324	1308	1308	99.92	22220885	22220885	X	X
21407237	21408335	3660944	3659791	1099	1154	82.88	22220885	17080301	X	IV
21408425	21409743	3659789	3658468	1319	1322	89.13	22220885	17080301	X	IV
21410112	21411798	3906399	3904713	1687	1687	98.16	22220885	19933398	X	V
21410112	21411798	19630678	19628985	1687	1694	96.31	22220885	22220885	X	X
21414474	21415899	21423544	21422116	1426	1429	95.19	22220885	22220885	X	X
21416005	21417393	21422108	21420720	1389	1389	99.07	22220885	22220885	X	X
21417612	21423774	21461935	21455785	6163	6151	99.35	22220885	22220885	X	X
21420720	21422108	21417393	21416005	1389	1389	99.07	22220885	22220885	X	X
21422116	21423544	21415899	21414474	1429	1426	95.19	22220885	22220885	X	X
21423774	21426723	949350	946386	2950	2965	90.33	22220885	22220885	X	X
21424494	21427838	20852388	20849003	3345	3386	90.37	22220885	22220885	X	X
21451890	21455076	948888	945727	3187	3162	91.20	22220885	22220885	X	X
21451893	21454857	2439651	2436672	2965	2980	90.81	22220885	14810976	X	III
21452141	21455201	20852388	20849295	3061	3094	88.01	22220885	22220885	X	X
21454059	21455201	10487831	10486657	1143	1175	94.30	22220885	16595099	X	II
21455785	21461935	21423774	21417612	6151	6163	99.35	22220885	22220885	X	X
21469679	21470937	6662206	6660948	1259	1259	99.76	22220885	17080301	X	IV
21469679	21470936	15932232	15930975	1258	1258	99.92	22220885	19933398	X	V
21469679	21470938	20284695	20283436	1260	1260	99.68	22220885	22220885	X	X
21469680	21470944	3508307	3507044	1265	1264	99.84	22220885	16595099	X	II
21469680	21470938	4935540	4934282	1259	1259	99.60	22220885	14810976	X	III
21469680	21470936	13731490	13730234	1257	1257	99.92	22220885	17080301	X	IV
21469680	21470936	14890751	14889495	1257	1257	99.76	22220885	22220885	X	X
21469680	21470936	17031418	17030162	1257	1257	99.76	22220885	22220885	X	X
21517451	21518704	21915646	21914393	1254	1254	100.00	22220885	22220885	X	X
21528697	21530712	20903941	20901928	2016	2014	98.71	22220885	22220885	X	X
21528711	21530899	21981127	21978940	2189	2188	97.81	22220885	22220885	X	X
21559139	21560397	4593026	4591768	1259	1259	99.84	22220885	15540809	X	I
21559142	21560403	8031969	8030708	1262	1262	99.60	22220885	19933398	X	V
21559142	21560397	14734291	14733036	1256	1256	99.84	22220885	22220885	X	X
21565029	21567565	21302482	21299929	2537	2554	94.73	22220885	22220885	X	X
21579543	21581365	21606020	21604244	1823	1777	94.57	22220885	22220885	X	X
21583216	21585170	21604245	21602284	1955	1962	98.37	22220885	22220885	X	X
21585295	21593698	21602280	21593873	8404	8408	99.88	22220885	22220885	X	X
21593873	21602280	21593698	21585295	8408	8404	99.88	22220885	22220885	X	X
21602284	21604245	21585170	21583216	1962	1955	98.37	22220885	22220885	X	X
21604244	21606020	21581365	21579543	1777	1823	94.57	22220885	22220885	X	X
21608008	21610840	21614266	21611427	2833	2840	99.61	22220885	22220885	X	X
21611427	21614266	21610840	21608008	2840	2833	99.61	22220885	22220885	X	X
21645938	21647199	10313658	10312397	1262	1262	99.60	22220885	22220885	X	X
21645942	21647200	15053223	15051965	1259	1259	99.68	22220885	19933398	X	V
21645943	21647206	1734291	1733028	1264	1264	99.76	22220885	17080301	X	IV
21664572	21665845	20506613	20505346	1274	1268	96.40	22220885	22220885	X	X
21664573	21665841	1541522	1540261	1269	1262	96.15	22220885	17080301	X	IV
21664576	21665844	12495352	12494084	1269	1269	96.70	22220885	16595099	X	II
21664576	21665847	6102603	6101344	1272	1260	96.15	22220885	19933398	X	V
21664760	21665844	14461257	14460186	1085	1072	94.84	22220885	22220885	X	X
21794665	21795920	14611236	14609981	1256	1256	99.76	22220885	22220885	X	X
21805228	21808494	21811989	21808723	3267	3267	99.88	22220885	22220885	X	X
21808723	21811989	21808494	21805228	3267	3267	99.88	22220885	22220885	X	X
21815963	21817039	2440315	2439238	1077	1078	94.63	22220885	14810976	X	III
21815963	21817042	949541	948469	1080	1073	95.10	22220885	22220885	X	X
21815963	21817039	15912050	15910979	1077	1072	92.62	22220885	22220885	X	X
21817057	21819224	947619	945483	2168	2137	94.19	22220885	22220885	X	X
21817063	21818862	20851375	20849575	1800	1801	91.46	22220885	22220885	X	X
21817227	21819575	2438215	2435865	2349	2351	94.56	22220885	14810976	X	III
21824900	21826000	6088897	6087788	1101	1110	95.68	22220885	15540809	X	I
21854880	21855916	4961886	4960833	1037	1054	85.23	22220885	22220885	X	X
21865445	21866587	21883852	21882712	1143	1141	99.65	22220885	22220885	X	X
21865929	21867254	17505237	17503914	1326	1324	98.79	22220885	19933398	X	V
21865962	21867169	631018	629813	1208	1206	98.10	22220885	17080301	X	IV
21867616	21874883	21882720	21875453	7268	7268	99.94	22220885	22220885	X	X
21869956	21871214	6446006	6444747	1259	1260	99.76	22220885	22220885	X	X
21875453	21882720	21874883	21867616	7268	7268	99.94	22220885	22220885	X	X
21879128	21880380	4515304	4514052	1253	1253	100.00	22220885	22220885	X	X
21882712	21883852	21866587	21865445	1141	1143	99.65	22220885	22220885	X	X
21890915	21892054	21892054	21890915	1140	1140	80.30	22220885	22220885	X	X
21914390	21915646	6396665	6395409	1257	1257	99.76	22220885	16595099	X	II
21914392	21915650	3796136	3794878	1259	1259	99.76	22220885	17080301	X	IV
21914393	21915648	16860480	16859225	1256	1256	99.92	22220885	19933398	X	V
21914393	21915648	17450428	17449173	1256	1256	99.60	22220885	19933398	X	V
21914393	21915649	8104378	8103122	1257	1257	99.68	22220885	22220885	X	X
21914393	21915646	21518704	21517451	1254	1254	100.00	22220885	22220885	X	X
21915645	21916845	6885071	6883858	1201	1214	93.99	22220885	19933398	X	V
21929031	21930598	13202227	13200647	1568	1581	93.09	22220885	17080301	X	IV
21929126	21930478	5071104	5069769	1353	1336	88.95	22220885	19933398	X	V
21934803	21936436	16681135	16679541	1634	1595	94.88	22220885	19933398	X	V
21934803	21936435	5573122	5571513	1633	1610	95.67	22220885	22220885	X	X
21953511	21954644	10838540	10837392	1134	1149	98.00	22220885	14810976	X	III
21953518	21954679	403090	401913	1162	1178	97.80	22220885	16595099	X	II
21953518	21954679	13194833	13193656	1162	1178	97.71	22220885	19933398	X	V
21954711	21956752	2485422	2483382	2042	2041	99.46	22220885	16595099	X	II
21954711	21956861	10837693	10835525	2151	2169	98.43	22220885	14810976	X	III
21955047	21956855	401913	400087	1809	1827	98.25	22220885	16595099	X	II
21955047	21956855	13193656	13191830	1809	1827	98.25	22220885	19933398	X	V
21956856	21957988	5824214	5823081	1133	1134	93.59	22220885	19933398	X	V
21956856	21957916	6885258	6884196	1061	1063	95.40	22220885	19933398	X	V
21956856	21957929	8912854	8911779	1074	1076	93.78	22220885	19933398	X	V
21956856	21957988	4936493	4935357	1133	1137	93.60	22220885	22220885	X	X
21958259	21959700	12745539	12744151	1442	1389	91.26	22220885	16595099	X	II
21958460	21960972	6742209	6739682	2513	2528	96.17	22220885	22220885	X	X
21960975	21962210	10960424	10959187	1236	1238	95.97	22220885	15540809	X	I
21960975	21962032	6739542	6738491	1058	1052	96.51	22220885	22220885	X	X
21968050	21970426	3998198	3995818	2377	2381	99.08	22220885	17080301	X	IV
21971161	21972909	3995818	3994062	1749	1757	98.81	22220885	17080301	X	IV
21978940	21981127	21530899	21528711	2188	2189	97.81	22220885	22220885	X	X
21982719	21984002	12310473	12309187	1284	1287	98.91	22220885	17080301	X	IV
21990366	21992014	10986813	10985165	1649	1649	99.76	22220885	15540809	X	I
21996401	21997408	3445945	3444924	1008	1022	91.24	22220885	14810976	X	III
21997409	21999327	6943172	6941267	1919	1906	98.75	22220885	15540809	X	I
21997424	21999327	1300705	1298802	1904	1904	99.53	22220885	19933398	X	V
21997911	21999327	14463440	14462025	1417	1416	99.72	22220885	16595099	X	II
22000371	22001587	20900768	20899575	1217	1194	94.51	22220885	22220885	X	X
22005730	22006742	1696720	1695699	1013	1022	95.42	22220885	19933398	X	V
22029786	22034817	12608449	12603430	5032	5020	91.03	22220885	15540809	X	I
22032356	22033782	15661465	15660039	1427	1427	82.89	22220885	19933398	X	V
22037300	22043662	12601450	12595118	6363	6333	94.19	22220885	15540809	X	I
22049136	22050440	13223119	13221800	1305	1320	95.69	22220885	17080301	X	IV
22049762	22051002	22072823	22071581	1241	1243	97.19	22220885	22220885	X	X
22049762	22051002	22138374	22137132	1241	1243	97.11	22220885	22220885	X	X
22049762	22051002	22211943	22210701	1241	1243	97.19	22220885	22220885	X	X
22057581	22058837	15456023	15454767	1257	1257	99.76	22220885	16595099	X	II
22057581	22058837	2957538	2956282	1257	1257	99.60	22220885	19933398	X	V
22057581	22058839	19338938	19337680	1259	1259	99.68	22220885	22220885	X	X
22155361	22220885	22155361	22220885	65525	65525	100.00	22220885	22220885	X	X
